x,y,pixel_x,pixel_y,gap_before
0.09723302792900651,0.38998697985927216,666.0300450056301,1031.2832289949006,0
0.09723302792900651,0.38579401438228295,666.0300450056301,1032.3230844331938,0
0.09723302792900651,0.3810799733839653,666.0300450056301,1033.4921666007767,0
0.09723302792900651,0.37583665095059743,666.0300450056301,1034.7925105642519,0
0.09723302792900651,0.3737359370378401,666.0300450056301,1035.3134876146157,0
0.09723302792900651,0.3732148615165116,666.0300450056301,1035.4427143439052,0
0.09723302792900651,0.3711141476037543,666.0300450056301,1035.963691394269,0
0.09723302792900651,0.3700637906473756,666.0300450056301,1036.224179919451,0
0.09723302792900651,0.3695429715608509,666.0300450056301,1036.353343052909,0
0.09723302792900651,0.36849261460447225,666.0300450056301,1036.6138315780909,0
0.09723302792900651,0.36797153908314373,666.0300450056301,1036.7430583073804,0
0.09723302792900651,0.3658708251703864,666.0300450056301,1037.2640353577442,0
0.09723302792900651,0.3653415437353362,666.0300450056301,1037.3952971536366,0
0.09723302792900651,0.36377011125762904,666.0300450056301,1037.785012408108,0
0.09723302792900651,0.3585267888242612,666.0300450056301,1039.0853563715832,0
0.09723302792900651,0.3538127478259435,666.0300450056301,1040.2544385391661,0
0.09723302792900651,0.3522413153482364,666.0300450056301,1040.6441537936375,0
0.09723302792900651,0.35014060143547904,666.0300450056301,1041.1651308440012,0
0.09723302792900651,0.34435107287000993,666.0300450056301,1042.6009339282375,0
0.09723302792900651,0.34383025378348525,666.0300450056301,1042.7300970616957,0
0.09723302792900651,0.3391077504366421,666.0300450056301,1043.9012778917129,0
0.09723302792900651,0.3385866749153136,666.0300450056301,1044.0305046210024,0
0.09723302792900651,0.3370154988724102,666.0300450056301,1044.4201562796422,0
0.09723302792900651,0.33648596100255623,666.0300450056301,1044.5514816713662,0
0.09723302792900651,0.3312426385691884,666.0300450056301,1045.8518256348414,0
0.09723302792900651,0.32495742152796736,666.0300450056301,1047.4105594610642,0
0.09723302792900651,0.29821101505647024,666.0300450056301,1054.0436682659954,0
0.09723302792900651,0.28720329466840605,666.0300450056301,1056.7735829222354,0
0.09723302792900651,0.26412057223884794,666.0300450056301,1062.4980980847658,0
0.09723302792900651,0.2625493961959446,666.0300450056301,1062.8877497434057,0
0.09723302792900651,0.25311285185078375,666.0300450056301,1065.2280127410056,0
0.5221995181569604,0.402574595073569,666.1613596511105,1028.161500421755,0
0.5221995181569604,0.40152423811719035,666.1613596511105,1028.4219889469368,0
0.5221995181569604,0.4004738811608117,666.1613596511105,1028.6824774721188,0
0.5221995181569604,0.39838162959657986,666.1613596511105,1029.2013558600484,0
0.5221995181569604,0.395759840162494,666.1613596511105,1029.8515596397015,0
0.5221995181569604,0.39418840768478686,666.1613596511105,1030.2412748941729,0
0.5221995181569604,0.3920876937720295,666.1613596511105,1030.7622519445367,0
0.5221995181569604,0.39103733681565084,666.1613596511105,1031.0227404697187,0
0.5221995181569604,0.3894661607727475,666.1613596511105,1031.4123921283588,0
0.5221995181569604,0.38737365277371183,666.1613596511105,1031.9313341121194,0
0.5221995181569604,0.3852729388609545,666.1613596511105,1032.4523111624833,0
0.5221995181569604,0.382130330340344,666.1613596511105,1033.2316780755948,0
0.5221995181569604,0.38002961642758665,666.1613596511105,1033.7526551259587,0
0.5221995181569604,0.37950879734106197,666.1613596511105,1033.8818182594166,0
0.9541664253751033,0.39785209172672586,666.2948374254408,1029.332681251772,0
0.9541664253751033,0.39418840768478686,666.2948374254408,1030.2412748941729,0
0.9541664253751033,0.3926172316418835,666.2948374254408,1030.630926552813,0
0.9541664253751033,0.3920876937720295,666.2948374254408,1030.7622519445367,0
0.9541664253751033,0.38894508525141896,666.2948374254408,1031.5416188576482,0
0.9541664253751033,0.38632329581733316,666.2948374254408,1032.1918226373014,0
0.9541664253751033,0.3842225819045758,666.2948374254408,1032.7127996876652,0
0.9541664253751033,0.38317222494819714,666.2948374254408,1032.9732882128471,0
0.9541664253751033,0.3810799733839653,666.2948374254408,1033.4921666007767,0
1.3723383932302264,0.41674184867929476,666.4240525635081,1024.6480215275349,0
1.3723383932302264,0.41307816463735575,666.4240525635081,1025.5566151699359,0
1.3723383932302264,0.41253195850525454,666.4240525635081,1025.6920742906968,0
1.3723383932302264,0.40938934998464405,666.4240525635081,1026.4714412038084,0
1.3723383932302264,0.4062464850292297,666.4240525635081,1027.2508717127512,0
1.3723383932302264,0.40571720359417957,666.4240525635081,1027.3821335086436,0
1.3723383932302264,0.40152423811719035,666.4240525635081,1028.4219889469368,0
1.3723383932302264,0.3999528056394832,666.4240525635081,1028.8117042014082,0
1.3723383932302264,0.3962809156838225,666.4240525635081,1029.722332910412,0
1.3723383932302264,0.39523876464116553,666.4240525635081,1029.980786368991,0
1.804099405831011,0.4083389930282654,666.5574667164018,1026.7319297289903,0
1.804099405831011,0.40466684663780084,666.5574667164018,1027.6426220338255,0
1.804099405831011,0.4010031625958619,666.5574667164018,1028.5512156762263,0
1.804099405831011,0.39785209172672586,666.5574667164018,1029.332681251772,0
1.804099405831011,0.395759840162494,666.5574667164018,1029.8515596397015,0
1.804099405831011,0.39523876464116553,666.5574667164018,1029.980786368991,0
1.804099405831011,0.3947094832061153,666.5574667164018,1030.1120481648834,0
2.2292717906763233,0.4156914917229161,666.688844983319,1024.9085100527168,0
2.2292717906763233,0.4141285215937344,666.688844983319,1025.296126644754,0
2.2292717906763233,0.41359898372388043,666.688844983319,1025.4274520364777,0
2.2292717906763233,0.4114900638974014,666.688844983319,1025.9504641534445,0
2.2292717906763233,0.40991863141969426,666.688844983319,1026.340179407916,0
2.2292717906763233,0.4062464850292297,666.688844983319,1027.2508717127512,0
2.2292717906763233,0.40466684663780084,666.688844983319,1027.6426220338255,0
2.654238280904277,0.4120108829839261,666.8201596287994,1025.8213010199863,0
2.654238280904277,0.4114900638974014,666.8201596287994,1025.9504641534445,0
2.654238280904277,0.4109605260275474,666.8201596287994,1026.0817895451682,0
2.654238280904277,0.40938934998464405,666.8201596287994,1026.4714412038084,0
2.654238280904277,0.4083389930282654,666.8201596287994,1026.7319297289903,0
2.654238280904277,0.40571720359417957,666.8201596287994,1027.3821335086436,0
2.654238280904277,0.40519612807285105,666.8201596287994,1027.511360237933,0
3.079204771132231,0.4078179175069369,666.9514742742798,1026.8611564582798,0
3.079204771132231,0.4062464850292297,666.9514742742798,1027.2508717127512,0
3.079204771132231,0.40466684663780084,666.9514742742798,1027.6426220338255,0
3.079204771132231,0.402574595073569,666.9514742742798,1028.161500421755,0
3.079204771132231,0.40152423811719035,666.9514742742798,1028.4219889469368,0
3.079204771132231,0.3999528056394832,666.9514742742798,1028.8117042014082,0
3.5111716783503737,0.4010031625958619,667.0849520486103,1028.5512156762263,0
3.5111716783503737,0.39785209172672586,667.0849520486103,1029.332681251772,0
3.5111716783503737,0.3968017347703472,667.0849520486103,1029.593169776954,0
3.5111716783503737,0.395759840162494,667.0849520486103,1029.8515596397015,0
3.5111716783503737,0.39523876464116553,667.0849520486103,1029.980786368991,0
3.5111716783503737,0.39418840768478686,667.0849520486103,1030.2412748941729,0
3.936138168578327,0.39943198655295853,667.2162666940907,1028.9408673348664,0
3.936138168578327,0.39785209172672586,667.2162666940907,1029.332681251772,0
3.936138168578327,0.395759840162494,667.2162666940907,1029.8515596397015,0
3.936138168578327,0.39418840768478686,667.2162666940907,1030.2412748941729,0
4.361104658806282,0.4088682744633156,667.3475813395711,1026.6006679330978,0
4.361104658806282,0.40571720359417957,667.3475813395711,1027.3821335086436,0
4.361104658806282,0.4036249520299477,667.3475813395711,1027.901011896573,0
4.361104658806282,0.40152423811719035,667.3475813395711,1028.4219889469368,0
4.361104658806282,0.4004738811608117,667.3475813395711,1028.6824774721188,0
4.786277043651594,0.41307816463735575,667.4789596064883,1025.5566151699359,0
4.786277043651594,0.4114900638974014,667.4789596064883,1025.9504641534445,0
4.786277043651594,0.4104397069410227,667.4789596064883,1026.2109526786264,0
4.786277043651594,0.4062464850292297,667.4789596064883,1027.2508717127512,0
4.786277043651594,0.402574595073569,667.4789596064883,1028.161500421755,0
5.211243533879547,0.3999528056394832,667.6102742519688,1028.8117042014082,0
5.211243533879547,0.3968017347703472,667.6102742519688,1029.593169776954,0
5.211243533879547,0.39418840768478686,667.6102742519688,1030.2412748941729,0
5.211243533879547,0.3920876937720295,667.6102742519688,1030.7622519445367,0
5.211243533879547,0.39051651772912616,667.6102742519688,1031.1519036031768,0
5.63641591872486,0.38998697985927216,667.741652518886,1031.2832289949006,0
5.63641591872486,0.38894508525141896,667.741652518886,1031.5416188576482,0
5.63641591872486,0.3878947282950403,667.741652518886,1031.8021073828302,0
6.074765559081117,0.38737365277371183,667.8771025577561,1031.9313341121194,0
6.074765559081117,0.3868443713386616,667.8771025577561,1032.0625959080119,0
6.074765559081117,0.38632329581733316,667.8771025577561,1032.1918226373014,0
6.074765559081117,0.38579401438228295,667.8771025577561,1032.3230844331938,0
6.493143421553598,0.38998697985927216,668.0063813172601,1031.2832289949006,0
6.493143421553598,0.3884158038163688,668.0063813172601,1031.6728806535407,0
6.493143421553598,0.38737365277371183,668.0063813172601,1031.9313341121194,0
6.493143421553598,0.38579401438228295,668.0063813172601,1032.3230844331938,0
6.493143421553598,0.3847521197744298,668.0063813172601,1032.5814742959415,0
6.924904434154382,0.40205351955224056,668.1397954701537,1028.2907271510444,0
6.924904434154382,0.39943198655295853,668.1397954701537,1028.9408673348664,0
6.924904434154382,0.3962809156838225,668.1397954701537,1029.722332910412,0
6.924904434154382,0.3926172316418835,668.1397954701537,1030.630926552813,0
7.343282296626864,0.4088682744633156,668.2690742296577,1026.6006679330978,0
7.343282296626864,0.4072968419856084,668.2690742296577,1026.9903831875693,0
7.343282296626864,0.4036249520299477,668.2690742296577,1027.901011896573,0
7.775043309227648,0.40205351955224056,668.4024883825513,1028.2907271510444,0
7.775043309227648,0.39523876464116553,668.4024883825513,1029.980786368991,0
7.775043309227648,0.38998697985927216,668.4024883825513,1031.2832289949006,0
7.775043309227648,0.3868443713386616,668.4024883825513,1032.0625959080119,0
8.200009799455602,0.3931380507284082,668.5338030280318,1030.5017634193548,0
8.200009799455602,0.3894661607727475,668.5338030280318,1031.4123921283588,0
8.200009799455602,0.3868443713386616,668.5338030280318,1032.0625959080119,0
8.200009799455602,0.38632329581733316,668.5338030280318,1032.1918226373014,0
8.631976706673745,0.39890244868310454,668.6672808023621,1029.0721927265902,0
8.631976706673745,0.39785209172672586,668.6672808023621,1029.332681251772,0
8.631976706673745,0.395759840162494,668.6672808023621,1029.8515596397015,0
9.050148674528868,0.38998697985927216,668.7964959404294,1031.2832289949006,0
9.050148674528868,0.382130330340344,668.7964959404294,1033.2316780755948,0
9.050148674528868,0.3753073695155473,668.7964959404294,1034.9237723601443,0
9.050148674528868,0.36901343369099693,668.7964959404294,1036.484668444633,0
9.481909687129653,0.3695429715608509,668.9299100933231,1036.353343052909,0
9.481909687129653,0.3648204682140077,668.9299100933231,1037.5245238829261,0
9.907082071974965,0.39785209172672586,669.0612883602403,1029.332681251772,0
9.907082071974965,0.39365912624973665,669.0612883602403,1030.3725366900653,0
9.907082071974965,0.38737365277371183,669.0612883602403,1031.9313341121194,0
9.907082071974965,0.3784584403846833,669.0612883602403,1034.1423067845985,0
10.33204856220292,0.4004738811608117,669.1926030057207,1028.6824774721188,0
10.33204856220292,0.3999528056394832,669.1926030057207,1028.8117042014082,0
10.33204856220292,0.39890244868310454,669.1926030057207,1029.0721927265902,0
10.33204856220292,0.395759840162494,669.1926030057207,1029.8515596397015,0
10.757015052430873,0.39103733681565084,669.3239176512011,1031.0227404697187,0
10.757015052430873,0.38737365277371183,669.3239176512011,1031.9313341121194,0
10.757015052430873,0.382130330340344,669.3239176512011,1033.2316780755948,0
11.188981959649015,0.3784584403846833,669.4573954255316,1034.1423067845985,0
11.188981959649015,0.37478629399421876,669.4573954255316,1035.0529990894338,0
11.188981959649015,0.3726855800814614,669.4573954255316,1035.5739761397977,0
11.188981959649015,0.37216450456013295,669.4573954255316,1035.7032028690871,0
11.61394844987697,0.40571720359417957,669.588710071012,1027.3821335086436,0
11.61394844987697,0.3894661607727475,669.588710071012,1031.4123921283588,0
11.61394844987697,0.3779373648633548,669.588710071012,1034.271533513888,0
12.038914940104924,0.44505943119369523,669.7200247164924,1017.6252610639636,0
12.038914940104924,0.4419083603245592,669.7200247164924,1018.4067266395093,0
12.038914940104924,0.4340432484571055,669.7200247164924,1020.3572743826379,0
12.038914940104924,0.42198517111266265,669.7200247164924,1023.3476775640597,0
12.464087324950235,0.44243764175960937,669.8514029834096,1018.2754648436169,0
12.464087324950235,0.433522172935777,669.8514029834096,1020.4865011119274,0
12.464087324950235,0.42041373863495546,669.8514029834096,1023.7373928185311,0
12.88905381517819,0.40466684663780084,669.98271762889,1027.6426220338255,0
12.88905381517819,0.3920876937720295,669.98271762889,1030.7622519445367,0
12.88905381517819,0.38265140586167246,669.98271762889,1033.1024513463053,0
13.320814827778975,0.3779373648633548,670.1161317817837,1034.271533513888,0
13.320814827778975,0.37478629399421876,670.1161317817837,1035.0529990894338,0
13.320814827778975,0.3737359370378401,670.1161317817837,1035.3134876146157,0
13.739192690251455,0.37950879734106197,670.2454105412877,1033.8818182594166,0
13.739192690251455,0.3779373648633548,670.2454105412877,1034.271533513888,0
13.739192690251455,0.37583665095059743,670.2454105412877,1034.7925105642519,0
13.739192690251455,0.3742570125591686,670.2454105412877,1035.1842608853262,0
14.17095370285224,0.38737365277371183,670.3788246941813,1031.9313341121194,0
14.17095370285224,0.3847521197744298,670.3788246941813,1032.5814742959415,0
14.17095370285224,0.3816010489052938,670.3788246941813,1033.3629398714872,0
14.595920193080195,0.3878947282950403,670.5101393396618,1031.8021073828302,0
14.595920193080195,0.3852729388609545,670.5101393396618,1032.4523111624833,0
14.595920193080195,0.3816010489052938,670.5101393396618,1033.3629398714872,0
15.021092577925506,0.38002961642758665,670.641517606579,1033.7526551259587,0
15.021092577925506,0.378979259471208,670.641517606579,1034.0131436511406,0
15.021092577925506,0.3784584403846833,670.641517606579,1034.1423067845985,0
15.44605906815346,0.38370176281805113,670.7728322520594,1032.8419628211234,0
15.44605906815346,0.38265140586167246,670.7728322520594,1033.1024513463053,0
15.44605906815346,0.382130330340344,670.7728322520594,1033.2316780755948,0
15.44605906815346,0.3816010489052938,670.7728322520594,1033.3629398714872,0
15.877820080754244,0.3842225819045758,670.9062464049531,1032.7127996876652,0
15.877820080754244,0.38317222494819714,670.9062464049531,1032.9732882128471,0
15.877820080754244,0.382130330340344,670.9062464049531,1033.2316780755948,0
16.30299246559956,0.3842225819045758,671.0376246718703,1032.7127996876652,0
16.30299246559956,0.38265140586167246,671.0376246718703,1033.1024513463053,0
16.30299246559956,0.37950879734106197,671.0376246718703,1033.8818182594166,0
16.72795895582751,0.38002961642758665,671.1689393173507,1033.7526551259587,0
16.72795895582751,0.37950879734106197,671.1689393173507,1033.8818182594166,0
16.72795895582751,0.3784584403846833,671.1689393173507,1034.1423067845985,0
17.15313134067282,0.3768870079069761,671.3003175842679,1034.53202203907,0
17.15313134067282,0.3726855800814614,671.3003175842679,1035.5739761397977,0
17.15313134067282,0.3695429715608509,671.3003175842679,1036.353343052909,0
17.578097830900777,0.3732148615165116,671.4316322297483,1035.4427143439052,0
17.578097830900777,0.3711141476037543,671.4316322297483,1035.963691394269,0
17.578097830900777,0.3700637906473756,671.4316322297483,1036.224179919451,0
18.00306432112873,0.3779373648633548,671.5629468752287,1034.271533513888,0
18.00306432112873,0.3768870079069761,671.5629468752287,1034.53202203907,0
18.00306432112873,0.3753073695155473,671.5629468752287,1034.9237723601443,0
18.441619856102346,0.3847521197744298,671.6984605355356,1032.5814742959415,0
18.441619856102346,0.382130330340344,671.6984605355356,1033.2316780755948,0
18.441619856102346,0.38002961642758665,671.6984605355356,1033.7526551259587,0
18.859997718574828,0.3931380507284082,671.8277392950396,1030.5017634193548,0
18.859997718574828,0.38998697985927216,671.8277392950396,1031.2832289949006,0
18.859997718574828,0.3878947282950403,671.8277392950396,1031.8021073828302,0
19.291758731175612,0.39418840768478686,671.9611534479333,1030.2412748941729,0
19.291758731175612,0.39365912624973665,671.9611534479333,1030.3725366900653,0
19.71013659364809,0.3920876937720295,672.0904322074373,1030.7622519445367,0
19.71013659364809,0.3894661607727475,672.0904322074373,1031.4123921283588,0
19.71013659364809,0.38579401438228295,672.0904322074373,1032.3230844331938,0
20.141897606248875,0.3810799733839653,672.2238463603309,1033.4921666007767,0
20.141897606248875,0.3779373648633548,672.2238463603309,1034.271533513888,0
20.141897606248875,0.3768870079069761,672.2238463603309,1034.53202203907,0
20.56686409647683,0.37478629399421876,672.3551610058113,1035.0529990894338,0
20.998625109077615,0.382130330340344,672.488575158705,1033.2316780755948,0
20.998625109077615,0.38002961642758665,672.488575158705,1033.7526551259587,0
20.998625109077615,0.3774080834283046,672.488575158705,1034.4027953097805,0
21.417002971550097,0.38317222494819714,672.617853918209,1032.9732882128471,0
21.417002971550097,0.38265140586167246,672.617853918209,1033.1024513463053,0
21.417002971550097,0.382130330340344,672.617853918209,1033.2316780755948,0
21.84876398415088,0.38579401438228295,672.7512680711026,1032.3230844331938,0
21.84876398415088,0.3842225819045758,672.7512680711026,1032.7127996876652,0
22.273730474378837,0.3842225819045758,672.882582716583,1032.7127996876652,0
22.273730474378837,0.38265140586167246,672.882582716583,1033.1024513463053,0
22.273730474378837,0.3805506919489151,672.882582716583,1033.6234283966692,0
22.698902859224148,0.378979259471208,673.0139609835003,1034.0131436511406,0
22.698902859224148,0.37635772647192595,673.0139609835003,1034.6632838349624,0
22.698902859224148,0.3726855800814614,673.0139609835003,1035.5739761397977,0
23.1238693494521,0.3695429715608509,673.1452756289807,1036.353343052909,0
23.1238693494521,0.36849261460447225,673.1452756289807,1036.6138315780909,0
23.1238693494521,0.36797153908314373,673.1452756289807,1036.7430583073804,0
23.555630362052884,0.36901343369099693,673.2786897818743,1036.484668444633,0
23.9808027468982,0.3726855800814614,673.4100680487916,1035.5739761397977,0
23.9808027468982,0.37216450456013295,673.4100680487916,1035.7032028690871,0
23.9808027468982,0.3711141476037543,673.4100680487916,1035.963691394269,0
23.9808027468982,0.3695429715608509,673.4100680487916,1036.353343052909,0
24.405769237126155,0.3768870079069761,673.541382694272,1034.53202203907,0
24.405769237126155,0.3742570125591686,673.541382694272,1035.1842608853262,0
24.830735727354107,0.38265140586167246,673.6726973397524,1033.1024513463053,0
24.830735727354107,0.3810799733839653,673.6726973397524,1033.4921666007767,0
24.830735727354107,0.378979259471208,673.6726973397524,1034.0131436511406,0
25.255908112199418,0.3852729388609545,673.8040756066696,1032.4523111624833,0
25.255908112199418,0.3847521197744298,673.8040756066696,1032.5814742959415,0
25.255908112199418,0.3842225819045758,673.8040756066696,1032.7127996876652,0
25.687669124800202,0.38265140586167246,673.9374897595633,1033.1024513463053,0
25.687669124800202,0.38002961642758665,673.9374897595633,1033.7526551259587,0
25.687669124800202,0.37950879734106197,673.9374897595633,1033.8818182594166,0
26.106046987272684,0.3868443713386616,674.0667685190673,1032.0625959080119,0
26.106046987272684,0.38370176281805113,674.0667685190673,1032.8419628211234,0
26.106046987272684,0.3810799733839653,674.0667685190673,1033.4921666007767,0
26.53780799987347,0.3878947282950403,674.2001826719609,1031.8021073828302,0
26.53780799987347,0.38737365277371183,674.2001826719609,1031.9313341121194,0
26.962774490101424,0.3878947282950403,674.3314973174413,1031.8021073828302,0
26.962774490101424,0.38737365277371183,674.3314973174413,1031.9313341121194,0
26.962774490101424,0.38579401438228295,674.3314973174413,1032.3230844331938,0
27.387946874946735,0.382130330340344,674.4628755843585,1033.2316780755948,0
27.387946874946735,0.3779373648633548,674.4628755843585,1034.271533513888,0
27.387946874946735,0.3742570125591686,674.4628755843585,1035.1842608853262,0
27.812913365174687,0.37216450456013295,674.594190229839,1035.7032028690871,0
27.812913365174687,0.36901343369099693,674.594190229839,1036.484668444633,0
27.812913365174687,0.36849261460447225,674.594190229839,1036.6138315780909,0
28.244674377775475,0.3774080834283046,674.7276043827326,1034.4027953097805,0
28.244674377775475,0.3737359370378401,674.7276043827326,1035.3134876146157,0
28.244674377775475,0.3705933285172296,674.7276043827326,1036.092854527727,0
28.669640868003427,0.38370176281805113,674.858919028213,1032.8419628211234,0
28.669640868003427,0.382130330340344,674.858919028213,1033.2316780755948,0
28.669640868003427,0.3805506919489151,674.858919028213,1033.6234283966692,0
29.094813252848738,0.3847521197744298,674.9902972951303,1032.5814742959415,0
29.094813252848738,0.3842225819045758,674.9902972951303,1032.7127996876652,0
29.519779743076693,0.38317222494819714,675.1216119406107,1032.9732882128471,0
29.519779743076693,0.378979259471208,675.1216119406107,1034.0131436511406,0
29.519779743076693,0.3737359370378401,675.1216119406107,1035.3134876146157,0
29.944952127922008,0.3705933285172296,675.2529902075279,1036.092854527727,0
29.944952127922008,0.36901343369099693,675.2529902075279,1036.484668444633,0
30.369918618149956,0.3705933285172296,675.3843048530083,1036.092854527727,0
30.369918618149956,0.3695429715608509,675.3843048530083,1036.353343052909,0
30.369918618149956,0.36901343369099693,675.3843048530083,1036.484668444633,0
30.808474153123576,0.3742570125591686,675.5198185133152,1035.1842608853262,0
30.808474153123576,0.37216450456013295,675.5198185133152,1035.7032028690871,0
30.808474153123576,0.3700637906473756,675.5198185133152,1036.224179919451,0
31.226852015596055,0.382130330340344,675.6490972728192,1033.2316780755948,0
31.226852015596055,0.378979259471208,675.6490972728192,1034.0131436511406,0
31.226852015596055,0.3768870079069761,675.6490972728192,1034.53202203907,0
31.658613028196843,0.39418840768478686,675.7825114257128,1030.2412748941729,0
31.658613028196843,0.3878947282950403,675.7825114257128,1031.8021073828302,0
32.07678499605196,0.40205351955224056,675.91172656378,1028.2907271510444,0
32.07678499605196,0.40152423811719035,675.91172656378,1028.4219889469368,0
32.07678499605196,0.39890244868310454,675.91172656378,1029.0721927265902,0
32.52213505339841,0.39943198655295853,676.0493397315001,1028.9408673348664,0
32.52213505339841,0.395759840162494,676.0493397315001,1029.8515596397015,0
32.52213505339841,0.39103733681565084,676.0493397315001,1031.0227404697187,0
32.94710154362637,0.3852729388609545,676.1806543769806,1032.4523111624833,0
32.94710154362637,0.378979259471208,676.1806543769806,1034.0131436511406,0
32.94710154362637,0.37478629399421876,676.1806543769806,1035.0529990894338,0
33.37227392847168,0.3805506919489151,676.3120326438977,1033.6234283966692,0
33.37227392847168,0.3753073695155473,676.3120326438977,1034.9237723601443,0
33.79724041869963,0.395759840162494,676.4433472893782,1029.8515596397015,0
33.79724041869963,0.3931380507284082,676.4433472893782,1030.5017634193548,0
33.79724041869963,0.3878947282950403,676.4433472893782,1031.8021073828302,0
34.22900143130041,0.3962809156838225,676.5767614422718,1029.722332910412,0
34.22900143130041,0.3947094832061153,676.5767614422718,1030.1120481648834,0
34.22900143130041,0.3920876937720295,676.5767614422718,1030.7622519445367,0
34.65417381614572,0.38894508525141896,676.708139709189,1031.5416188576482,0
34.65417381614572,0.3847521197744298,676.708139709189,1032.5814742959415,0
34.65417381614572,0.3805506919489151,676.708139709189,1033.6234283966692,0
35.07914030637368,0.3768870079069761,676.8394543546694,1034.53202203907,0
35.07914030637368,0.3742570125591686,676.8394543546694,1035.1842608853262,0
35.07914030637368,0.3732148615165116,676.8394543546694,1035.4427143439052,0
35.50410679660163,0.37478629399421876,676.9707690001499,1035.0529990894338,0
35.50410679660163,0.3737359370378401,676.9707690001499,1035.3134876146157,0
35.92927918144695,0.38002961642758665,677.102147267067,1033.7526551259587,0
35.92927918144695,0.3779373648633548,677.102147267067,1034.271533513888,0
35.92927918144695,0.37635772647192595,677.102147267067,1034.6632838349624,0
36.354245671674896,0.39838162959657986,677.2334619125476,1029.2013558600484,0
36.354245671674896,0.39103733681565084,677.2334619125476,1031.0227404697187,0
36.354245671674896,0.3842225819045758,677.2334619125476,1032.7127996876652,0
36.779418056520214,0.4083389930282654,677.3648401794647,1026.7319297289903,0
36.779418056520214,0.40519612807285105,677.3648401794647,1027.511360237933,0
37.211179069120995,0.4088682744633156,677.4982543323583,1026.6006679330978,0
37.211179069120995,0.40676756055055824,677.4982543323583,1027.1216449834617,0
37.211179069120995,0.4036249520299477,677.4982543323583,1027.901011896573,0
37.636145559348954,0.39890244868310454,677.6295689778389,1029.0721927265902,0
37.636145559348954,0.3926172316418835,677.6295689778389,1030.630926552813,0
37.636145559348954,0.38579401438228295,677.6295689778389,1032.3230844331938,0
38.061317944194265,0.3784584403846833,677.760947244756,1034.1423067845985,0
38.061317944194265,0.3732148615165116,677.760947244756,1035.4427143439052,0
38.061317944194265,0.3711141476037543,677.760947244756,1035.963691394269,0
38.48628443442222,0.37216450456013295,677.8922618902365,1035.7032028690871,0
38.48628443442222,0.37163522312508274,677.8922618902365,1035.8344646649796,0
38.48628443442222,0.3705933285172296,677.8922618902365,1036.092854527727,0
38.918045447023,0.3753073695155473,678.02567604313,1034.9237723601443,0
38.918045447023,0.3732148615165116,678.02567604313,1035.4427143439052,0
39.34301193725096,0.3852729388609545,678.1569906886106,1032.4523111624833,0
39.34301193725096,0.382130330340344,678.1569906886106,1033.2316780755948,0
39.34301193725096,0.3784584403846833,678.1569906886106,1034.1423067845985,0
39.76818432209627,0.3852729388609545,678.2883689555277,1032.4523111624833,0
39.76818432209627,0.38265140586167246,678.2883689555277,1033.1024513463053,0
39.76818432209627,0.3805506919489151,678.2883689555277,1033.6234283966692,0
40.19315081232422,0.37950879734106197,678.4196836010082,1033.8818182594166,0
40.19315081232422,0.3784584403846833,678.4196836010082,1034.1423067845985,0
40.19315081232422,0.37635772647192595,678.4196836010082,1034.6632838349624,0
40.624911824925,0.3732148615165116,678.5530977539019,1035.4427143439052,0
40.624911824925,0.37163522312508274,678.5530977539019,1035.8344646649796,0
41.04328968739749,0.37163522312508274,678.6823765134058,1035.8344646649796,0
41.04328968739749,0.3711141476037543,678.6823765134058,1035.963691394269,0
41.04328968739749,0.3700637906473756,678.6823765134058,1036.224179919451,0
41.47505069999828,0.37216450456013295,678.8157906662994,1035.7032028690871,0
41.47505069999828,0.3695429715608509,678.8157906662994,1036.353343052909,0
41.90022308484358,0.39365912624973665,678.9471689332166,1030.3725366900653,0
41.90022308484358,0.3852729388609545,678.9471689332166,1032.4523111624833,0
41.90022308484358,0.3774080834283046,678.9471689332166,1034.4027953097805,0
42.33198409744437,0.40991863141969426,679.0805830861103,1026.340179407916,0
42.33198409744437,0.40205351955224056,679.0805830861103,1028.2907271510444,0
42.75015606529949,0.4146493406802591,679.2097982241776,1025.1669635112958,0
42.75015606529949,0.40991863141969426,679.2097982241776,1026.340179407916,0
43.18191707790027,0.4036249520299477,679.3432123770712,1027.901011896573,0
43.18191707790027,0.39785209172672586,679.3432123770712,1029.332681251772,0
43.18191707790027,0.39103733681565084,679.3432123770712,1031.0227404697187,0
43.600294940372756,0.38632329581733316,679.4724911365752,1032.1918226373014,0
43.600294940372756,0.3852729388609545,679.4724911365752,1032.4523111624833,0
43.600294940372756,0.3842225819045758,679.4724911365752,1032.7127996876652,0
44.03885047534637,0.39051651772912616,679.608004796882,1031.1519036031768,0
44.03885047534637,0.3884158038163688,679.608004796882,1031.6728806535407,0
44.45722833781885,0.395759840162494,679.737283556386,1029.8515596397015,0
44.45722833781885,0.3931380507284082,679.737283556386,1030.5017634193548,0
44.45722833781885,0.39156687468550483,679.737283556386,1030.891415077995,0
44.888989350419635,0.40310387650861923,679.8706977092796,1028.0302386258625,0
44.888989350419635,0.402574595073569,679.8706977092796,1028.161500421755,0
44.888989350419635,0.39943198655295853,679.8706977092796,1028.9408673348664,0
45.31395584064759,0.4010031625958619,680.00201235476,1028.5512156762263,0
45.31395584064759,0.39890244868310454,680.00201235476,1029.0721927265902,0
45.739128225492905,0.40205351955224056,680.1333906216773,1028.2907271510444,0
45.739128225492905,0.4004738811608117,680.1333906216773,1028.6824774721188,0
45.739128225492905,0.3999528056394832,680.1333906216773,1028.8117042014082,0
46.16409471572086,0.3947094832061153,680.2647052671578,1030.1120481648834,0
46.16409471572086,0.38894508525141896,680.2647052671578,1031.5416188576482,0
46.16409471572086,0.3847521197744298,680.2647052671578,1032.5814742959415,0
46.595855728321645,0.38370176281805113,680.3981194200513,1032.8419628211234,0
47.0208222185496,0.3847521197744298,680.5294340655319,1032.5814742959415,0
47.0208222185496,0.38370176281805113,680.5294340655319,1032.8419628211234,0
47.44599460339491,0.40466684663780084,680.660812332449,1027.6426220338255,0
47.44599460339491,0.39785209172672586,680.660812332449,1029.332681251772,0
47.44599460339491,0.39051651772912616,680.660812332449,1031.1519036031768,0
47.87096109362286,0.41307816463735575,680.7921269779295,1025.5566151699359,0
47.87096109362286,0.41253195850525454,680.7921269779295,1025.6920742906968,0
47.87096109362286,0.40991863141969426,680.7921269779295,1026.340179407916,0
48.29613347846817,0.40938934998464405,680.9235052448466,1026.4714412038084,0
48.29613347846817,0.40466684663780084,680.9235052448466,1027.6426220338255,0
48.29613347846817,0.4004738811608117,680.9235052448466,1028.6824774721188,0
48.72109996869613,0.3968017347703472,681.054819890327,1029.593169776954,0
48.72109996869613,0.39523876464116553,681.054819890327,1029.980786368991,0
49.15286098129691,0.3947094832061153,681.1882340432207,1030.1120481648834,0
49.15286098129691,0.39365912624973665,681.1882340432207,1030.3725366900653,0
49.15286098129691,0.3926172316418835,681.1882340432207,1030.630926552813,0
49.57803336614223,0.3973312726402012,681.3196123101379,1029.4618443852303,0
49.57803336614223,0.3947094832061153,681.3196123101379,1030.1120481648834,0
49.57803336614223,0.3926172316418835,681.3196123101379,1030.630926552813,0
50.00299985637018,0.3999528056394832,681.4509269556183,1028.8117042014082,0
50.42796634659813,0.4010031625958619,681.5822416010988,1028.5512156762263,0
50.42796634659813,0.3999528056394832,681.5822416010988,1028.8117042014082,0
50.42796634659813,0.39943198655295853,681.5822416010988,1028.9408673348664,0
50.853138731443444,0.40205351955224056,681.713619868016,1028.2907271510444,0
50.853138731443444,0.3999528056394832,681.713619868016,1028.8117042014082,0
51.28489974404423,0.3968017347703472,681.8470340209096,1029.593169776954,0
51.28489974404423,0.3931380507284082,681.8470340209096,1030.5017634193548,0
51.28489974404423,0.38998697985927216,681.8470340209096,1031.2832289949006,0
51.709866234272184,0.38632329581733316,681.97834866639,1032.1918226373014,0
51.709866234272184,0.38265140586167246,681.97834866639,1033.1024513463053,0
52.135038619117495,0.382130330340344,682.1097269333073,1033.2316780755948,0
52.135038619117495,0.378979259471208,682.1097269333073,1034.0131436511406,0
52.56000510934545,0.3968017347703472,682.2410415787878,1029.593169776954,0
52.56000510934545,0.3926172316418835,682.2410415787878,1030.630926552813,0
52.56000510934545,0.38737365277371183,682.2410415787878,1031.9313341121194,0
52.984971599573406,0.402574595073569,682.3723562242682,1028.161500421755,0
52.984971599573406,0.4004738811608117,682.3723562242682,1028.6824774721188,0
53.41014398441872,0.40205351955224056,682.5037344911854,1028.2907271510444,0
53.41014398441872,0.3999528056394832,682.5037344911854,1028.8117042014082,0
53.41014398441872,0.3973312726402012,682.5037344911854,1029.4618443852303,0
53.8419049970195,0.3931380507284082,682.637148644079,1030.5017634193548,0
53.8419049970195,0.39103733681565084,682.637148644079,1031.0227404697187,0
53.8419049970195,0.39051651772912616,682.637148644079,1031.1519036031768,0
54.26687148724745,0.39365912624973665,682.7684632895595,1030.3725366900653,0
54.26687148724745,0.3931380507284082,682.7684632895595,1030.5017634193548,0
54.26687148724745,0.3926172316418835,682.7684632895595,1030.630926552813,0
54.69863249984824,0.39103733681565084,682.901877442453,1031.0227404697187,0
54.69863249984824,0.39051651772912616,682.901877442453,1031.1519036031768,0
55.11701036232072,0.402574595073569,683.0311562019571,1028.161500421755,0
55.11701036232072,0.3968017347703472,683.0311562019571,1029.593169776954,0
55.11701036232072,0.3926172316418835,683.0311562019571,1030.630926552813,0
55.54877137492151,0.40991863141969426,683.1645703548508,1026.340179407916,0
55.54877137492151,0.40938934998464405,683.1645703548508,1026.4714412038084,0
55.54877137492151,0.4078179175069369,683.1645703548508,1026.8611564582798,0
55.96714923739399,0.4072968419856084,683.2938491143548,1026.9903831875693,0
55.96714923739399,0.40310387650861923,683.2938491143548,1028.0302386258625,0
56.4057047723676,0.3973312726402012,683.4293627746615,1029.4618443852303,0
56.4057047723676,0.39103733681565084,683.4293627746615,1031.0227404697187,0
56.4057047723676,0.38737365277371183,683.4293627746615,1031.9313341121194,0
56.82387674022272,0.3926172316418835,683.5585779127288,1030.630926552813,0
56.82387674022272,0.3884158038163688,683.5585779127288,1031.6728806535407,0
56.82387674022272,0.38632329581733316,683.5585779127288,1032.1918226373014,0
57.25563775282351,0.39890244868310454,683.6919920656225,1029.0721927265902,0
57.25563775282351,0.39838162959657986,683.6919920656225,1029.2013558600484,0
57.25563775282351,0.3973312726402012,683.6919920656225,1029.4618443852303,0
57.68081013766882,0.3947094832061153,683.8233703325396,1030.1120481648834,0
57.68081013766882,0.39051651772912616,683.8233703325396,1031.1519036031768,0
58.10577662789677,0.395759840162494,683.95468497802,1029.8515596397015,0
58.10577662789677,0.3926172316418835,683.95468497802,1030.630926552813,0
58.10577662789677,0.3894661607727475,683.95468497802,1031.4123921283588,0
58.530949012742084,0.39418840768478686,684.0860632449372,1030.2412748941729,0
58.530949012742084,0.3920876937720295,684.0860632449372,1030.7622519445367,0
58.530949012742084,0.39103733681565084,684.0860632449372,1031.0227404697187,0
58.96271002534287,0.3973312726402012,684.2194773978309,1029.4618443852303,0
58.96271002534287,0.39418840768478686,684.2194773978309,1030.2412748941729,0
59.387676515570824,0.402574595073569,684.3507920433113,1028.161500421755,0
59.387676515570824,0.4010031625958619,684.3507920433113,1028.5512156762263,0
59.81284890041614,0.4083389930282654,684.4821703102285,1026.7319297289903,0
59.81284890041614,0.4078179175069369,684.4821703102285,1026.8611564582798,0
59.81284890041614,0.40466684663780084,684.4821703102285,1027.6426220338255,0
60.237815390644094,0.4062464850292297,684.613484955709,1027.2508717127512,0
60.237815390644094,0.40310387650861923,684.613484955709,1028.0302386258625,0
60.662781880872046,0.39943198655295853,684.7447996011895,1028.9408673348664,0
60.662781880872046,0.3973312726402012,684.7447996011895,1029.4618443852303,0
61.08795426571736,0.40205351955224056,684.8761778681067,1028.2907271510444,0
61.08795426571736,0.4010031625958619,684.8761778681067,1028.5512156762263,0
61.08795426571736,0.39890244868310454,684.8761778681067,1029.0721927265902,0
61.519715278318145,0.4036249520299477,685.0095920210002,1027.901011896573,0
61.519715278318145,0.40310387650861923,685.0095920210002,1028.0302386258625,0
61.519715278318145,0.4010031625958619,685.0095920210002,1028.5512156762263,0
61.9446817685461,0.4004738811608117,685.1409066664808,1028.6824774721188,0
61.9446817685461,0.3999528056394832,685.1409066664808,1028.8117042014082,0
62.36985415339141,0.40205351955224056,685.2722849333979,1028.2907271510444,0
62.36985415339141,0.4010031625958619,685.2722849333979,1028.5512156762263,0
62.79482064361937,0.4010031625958619,685.4035995788784,1028.5512156762263,0
62.79482064361937,0.3968017347703472,685.4035995788784,1029.593169776954,0
62.79482064361937,0.3926172316418835,685.4035995788784,1030.630926552813,0
63.21978713384732,0.39103733681565084,685.5349142243588,1031.0227404697187,0
63.21978713384732,0.39051651772912616,685.5349142243588,1031.1519036031768,0
63.65175404106546,0.39051651772912616,685.6683919986892,1031.1519036031768,0
63.65175404106546,0.3894661607727475,685.6683919986892,1031.4123921283588,0
63.65175404106546,0.3884158038163688,685.6683919986892,1031.6728806535407,0
64.07672053129342,0.39785209172672586,685.7997066441696,1029.332681251772,0
64.07672053129342,0.39418840768478686,685.7997066441696,1030.2412748941729,0
64.07672053129342,0.39051651772912616,685.7997066441696,1031.1519036031768,0
64.50168702152138,0.39943198655295853,685.9310212896501,1028.9408673348664,0
64.50168702152138,0.39890244868310454,685.9310212896501,1029.0721927265902,0
64.92685940636667,0.402574595073569,686.0623995565672,1028.161500421755,0
64.92685940636667,0.39943198655295853,686.0623995565672,1028.9408673348664,0
64.92685940636667,0.3973312726402012,686.0623995565672,1029.4618443852303,0
65.35182589659463,0.4041457711164724,686.1937142020478,1027.7718487631148,0
65.35182589659463,0.402574595073569,686.1937142020478,1028.161500421755,0
65.35182589659463,0.4010031625958619,686.1937142020478,1028.5512156762263,0
65.77679238682259,0.4156914917229161,686.3250288475282,1024.9085100527168,0
65.77679238682259,0.40938934998464405,686.3250288475282,1026.4714412038084,0
65.77679238682259,0.40310387650861923,686.3250288475282,1028.0302386258625,0
66.20875929404073,0.4193633816785768,686.4585066218585,1023.9978813437131,0
66.20875929404073,0.4188425625920521,686.4585066218585,1024.1270444771712,0
66.63372578426868,0.4151704162015876,686.589821267339,1025.0377367820063,0
66.63372578426868,0.4120108829839261,686.589821267339,1025.8213010199863,0
66.63372578426868,0.4088682744633156,686.589821267339,1026.6006679330978,0
67.06548679686946,0.4041457711164724,686.7232354202326,1027.7718487631148,0
67.06548679686946,0.39943198655295853,686.7232354202326,1028.9408673348664,0
67.06548679686946,0.3947094832061153,686.7232354202326,1030.1120481648834,0
67.48386465934195,0.3947094832061153,686.8525141797367,1030.1120481648834,0
67.48386465934195,0.3926172316418835,686.8525141797367,1030.630926552813,0
67.48386465934195,0.3920876937720295,686.8525141797367,1030.7622519445367,0
67.91562567194273,0.40152423811719035,686.9859283326302,1028.4219889469368,0
67.91562567194273,0.39785209172672586,686.9859283326302,1029.332681251772,0
68.33400353441522,0.40991863141969426,687.1152070921343,1026.340179407916,0
68.33400353441522,0.4078179175069369,687.1152070921343,1026.8611564582798,0
68.33400353441522,0.40466684663780084,687.1152070921343,1027.6426220338255,0
68.77235317477147,0.4120108829839261,687.2506571310043,1025.8213010199863,0
68.77235317477147,0.4109605260275474,687.2506571310043,1026.0817895451682,0
68.77235317477147,0.40991863141969426,687.2506571310043,1026.340179407916,0
69.19073103724395,0.41359898372388043,687.3799358905084,1025.4274520364777,0
69.19073103724395,0.41307816463735575,687.3799358905084,1025.5566151699359,0
69.62249204984474,0.4198929195484308,687.513350043402,1023.8665559519892,0
69.62249204984474,0.4141285215937344,687.513350043402,1025.296126644754,0
69.62249204984474,0.41253195850525454,687.513350043402,1025.6920742906968,0
70.04766443469005,0.4576383276246628,687.6447283103192,1014.5056947490837,0
70.04766443469005,0.4461013258015484,687.6447283103192,1017.3668712012161,0
70.04766443469005,0.43142145902301965,687.6447283103192,1021.0074781622911,0
70.472630924918,0.47388962688089864,687.7760429557997,1010.4753725335372,0
70.472630924918,0.47074701836028815,687.7760429557997,1011.2547394466486,0
70.472630924918,0.4649826204055918,687.7760429557997,1012.6843101394132,0
70.89759741514595,0.475460802923802,687.9073576012801,1010.0857208748971,0
70.89759741514595,0.47388962688089864,687.9073576012801,1010.4753725335372,0
71.3295643223641,0.4996023446582643,688.0408353756105,1004.0986185247505,0
71.3295643223641,0.4807295124027464,688.0408353756105,1008.779080924119,0
74.31153606556732,0.48230094488045355,688.9622646442602,1008.3893656696475,0
74.31153606556732,0.4571175085381381,688.9622646442602,1014.6348578825418,0
74.31153606556732,0.43876575180394867,688.9622646442602,1019.1860935526208,0
74.73650255579528,0.42827885050240916,689.0935792897408,1021.7868450754025,0
74.73650255579528,0.42094327650480945,689.0935792897408,1023.6060674268073,0
74.73650255579528,0.4141285215937344,689.0935792897408,1025.296126644754,0
75.1616749406406,0.4088682744633156,689.224957556658,1026.6006679330978,0
75.1616749406406,0.4072968419856084,689.224957556658,1026.9903831875693,0
75.58664143086854,0.40571720359417957,689.3562722021384,1027.3821335086436,0
75.58664143086854,0.4036249520299477,689.3562722021384,1027.901011896573,0
75.58664143086854,0.402574595073569,689.3562722021384,1028.161500421755,0
76.01840244346933,0.4072968419856084,689.489686355032,1026.9903831875693,0
76.01840244346933,0.4041457711164724,689.489686355032,1027.7718487631148,0
76.01840244346933,0.402574595073569,689.489686355032,1028.161500421755,0
76.44357482831464,0.41359898372388043,689.6210646219492,1025.4274520364777,0
76.44357482831464,0.40938934998464405,689.6210646219492,1026.4714412038084,0
76.8685413185426,0.4146493406802591,689.7523792674297,1025.1669635112958,0
76.8685413185426,0.41253195850525454,689.7523792674297,1025.6920742906968,0
76.8685413185426,0.4078179175069369,689.7523792674297,1026.8611564582798,0
77.29350780877054,0.40205351955224056,689.8836939129101,1028.2907271510444,0
77.29350780877054,0.3973312726402012,689.8836939129101,1029.4618443852303,0
77.29350780877054,0.39418840768478686,689.8836939129101,1030.2412748941729,0
77.71868019361585,0.39365912624973665,690.0150721798273,1030.3725366900653,0
77.71868019361585,0.3926172316418835,690.0150721798273,1030.630926552813,0
77.71868019361585,0.3920876937720295,690.0150721798273,1030.7622519445367,0
78.14364668384381,0.39838162959657986,690.1463868253077,1029.2013558600484,0
78.14364668384381,0.39523876464116553,690.1463868253077,1029.980786368991,0
78.5754076964446,0.4062464850292297,690.2798009782014,1027.2508717127512,0
78.5754076964446,0.40466684663780084,690.2798009782014,1027.6426220338255,0
78.5754076964446,0.40152423811719035,690.2798009782014,1028.4219889469368,0
79.00058008128991,0.4083389930282654,690.4111792451185,1026.7319297289903,0
79.00058008128991,0.4078179175069369,690.4111792451185,1026.8611564582798,0
79.00058008128991,0.4072968419856084,690.4111792451185,1026.9903831875693,0
79.43234109389068,0.40519612807285105,690.5445933980122,1027.511360237933,0
79.43234109389068,0.40152423811719035,690.5445933980122,1028.4219889469368,0
79.85071895636318,0.39838162959657986,690.6738721575163,1029.2013558600484,0
79.85071895636318,0.3947094832061153,690.6738721575163,1030.1120481648834,0
79.85071895636318,0.3931380507284082,690.6738721575163,1030.5017634193548,0
80.28247996896397,0.40519612807285105,690.8072863104098,1027.511360237933,0
80.28247996896397,0.3999528056394832,690.8072863104098,1028.8117042014082,0
80.28247996896397,0.39523876464116553,690.8072863104098,1029.980786368991,0
80.70065193681909,0.4104397069410227,690.9365014484771,1026.2109526786264,0
80.70065193681909,0.40991863141969426,690.9365014484771,1026.340179407916,0
80.70065193681909,0.4083389930282654,690.9365014484771,1026.7319297289903,0
81.1392074717927,0.4109605260275474,691.072015108784,1026.0817895451682,0
81.1392074717927,0.4104397069410227,691.072015108784,1026.2109526786264,0
81.55758533426518,0.4109605260275474,691.201293868288,1026.0817895451682,0
81.55758533426518,0.40991863141969426,691.201293868288,1026.340179407916,0
81.55758533426518,0.4078179175069369,691.201293868288,1026.8611564582798,0
81.98934634686597,0.4072968419856084,691.3347080211815,1026.9903831875693,0
81.98934634686597,0.4062464850292297,691.3347080211815,1027.2508717127512,0
82.41431283709393,0.40676756055055824,691.466022666662,1027.1216449834617,0
82.41431283709393,0.4041457711164724,691.466022666662,1027.7718487631148,0
82.83948522193924,0.3999528056394832,691.5974009335793,1028.8117042014082,0
82.83948522193924,0.395759840162494,691.5974009335793,1029.8515596397015,0
82.83948522193924,0.3931380507284082,691.5974009335793,1030.5017634193548,0
83.26445171216719,0.40152423811719035,691.7287155790597,1028.4219889469368,0
83.26445171216719,0.3962809156838225,691.7287155790597,1029.722332910412,0
83.26445171216719,0.3931380507284082,691.7287155790597,1030.5017634193548,0
83.69621272476797,0.42250599019918733,691.8621297319532,1023.2185144306017,0
83.69621272476797,0.4156914917229161,691.8621297319532,1024.9085100527168,0
83.69621272476797,0.4083389930282654,691.8621297319532,1026.7319297289903,0
84.12138510961329,0.4277577749810807,691.9935079988704,1021.916071804692,0
84.12138510961329,0.4272284935460305,691.9935079988704,1022.0473336005845,0
84.54635159984124,0.4287999260237376,692.124822644351,1021.6576183461132,0
84.54635159984124,0.4277577749810807,692.124822644351,1021.916071804692,0
84.54635159984124,0.4272284935460305,692.124822644351,1022.0473336005845,0
84.97131809006919,0.4298502829801163,692.2561372898314,1021.3971298209312,0
84.97131809006919,0.42932920745878783,692.2561372898314,1021.5263565502207,0
84.97131809006919,0.4272284935460305,692.2561372898314,1022.0473336005845,0
85.3964904749145,0.4246067041119447,692.3875155567486,1022.6975373802378,0
85.3964904749145,0.42408588502542,692.3875155567486,1022.8267005136959,0
85.82825148751529,0.4246067041119447,692.5209297096422,1022.6975373802378,0
85.82825148751529,0.4230355280690413,692.5209297096422,1023.0871890388778,0
85.82825148751529,0.4188425625920521,692.5209297096422,1024.1270444771712,0
86.25321797774325,0.4120108829839261,692.6522443551227,1025.8213010199863,0
86.25321797774325,0.4062464850292297,692.6522443551227,1027.2508717127512,0
86.25321797774325,0.40152423811719035,692.6522443551227,1028.4219889469368,0
86.67839036258854,0.3973312726402012,692.7836226220398,1029.4618443852303,0
86.67839036258854,0.3931380507284082,692.7836226220398,1030.5017634193548,0
87.1033568528165,0.3894661607727475,692.9149372675203,1031.4123921283588,0
87.1033568528165,0.3868443713386616,692.9149372675203,1032.0625959080119,0
87.52832334304446,0.39523876464116553,693.0462519130007,1029.980786368991,0
87.52832334304446,0.39103733681565084,693.0462519130007,1031.0227404697187,0
87.52832334304446,0.3878947282950403,693.0462519130007,1031.8021073828302,0
87.95349572788977,0.41253195850525454,693.177630179918,1025.6920742906968,0
87.95349572788977,0.4078179175069369,693.177630179918,1026.8611564582798,0
87.95349572788977,0.4010031625958619,693.177630179918,1028.5512156762263,0
88.38525674049055,0.41307816463735575,693.3110443328115,1025.5566151699359,0
88.38525674049055,0.41253195850525454,693.3110443328115,1025.6920742906968,0
88.8102232307185,0.40938934998464405,693.442358978292,1026.4714412038084,0
88.8102232307185,0.4072968419856084,693.442358978292,1026.9903831875693,0
88.8102232307185,0.40466684663780084,693.442358978292,1027.6426220338255,0
89.23539561556383,0.4010031625958619,693.5737372452091,1028.5512156762263,0
89.23539561556383,0.3999528056394832,693.5737372452091,1028.8117042014082,0
89.23539561556383,0.39890244868310454,693.5737372452091,1029.0721927265902,0
89.66036210579178,0.40571720359417957,693.7050518906897,1027.3821335086436,0
89.66036210579178,0.40205351955224056,693.7050518906897,1028.2907271510444,0
90.0855344906371,0.41779220563567343,693.8364301576069,1024.387533002353,0
90.0855344906371,0.4156914917229161,693.8364301576069,1024.9085100527168,0
90.0855344906371,0.4114900638974014,693.8364301576069,1025.9504641534445,0
90.51050098086505,0.4156914917229161,693.9677448030873,1024.9085100527168,0
90.51050098086505,0.40991863141969426,693.9677448030873,1026.340179407916,0
90.51050098086505,0.4041457711164724,693.9677448030873,1027.7718487631148,0
90.94226199346583,0.39943198655295853,694.101158955981,1028.9408673348664,0
90.94226199346583,0.3968017347703472,694.101158955981,1029.593169776954,0
91.36743437831115,0.39365912624973665,694.2325372228981,1030.3725366900653,0
91.36743437831115,0.39156687468550483,694.2325372228981,1030.891415077995,0
91.36743437831115,0.39103733681565084,694.2325372228981,1031.0227404697187,0
91.79919539091193,0.4041457711164724,694.3659513757917,1027.7718487631148,0
91.79919539091193,0.39943198655295853,694.3659513757917,1028.9408673348664,0
91.79919539091193,0.39418840768478686,694.3659513757917,1030.2412748941729,0
92.21736735876705,0.4078179175069369,694.495166513859,1026.8611564582798,0
92.21736735876705,0.4072968419856084,694.495166513859,1026.9903831875693,0
92.64912837136784,0.4078179175069369,694.6285806667527,1026.8611564582798,0
92.64912837136784,0.40676756055055824,694.6285806667527,1027.1216449834617,0
93.06750623384032,0.4088682744633156,694.7578594262567,1026.6006679330978,0
93.06750623384032,0.4083389930282654,694.7578594262567,1026.7319297289903,0
93.06750623384032,0.4078179175069369,694.7578594262567,1026.8611564582798,0
93.50606176881394,0.4141285215937344,694.8933730865634,1025.296126644754,0
93.50606176881394,0.4114900638974014,694.8933730865634,1025.9504641534445,0
93.9244396312864,0.4156914917229161,695.0226518460674,1024.9085100527168,0
93.9244396312864,0.4151704162015876,695.0226518460674,1025.0377367820063,0
94.35620064388719,0.4156914917229161,695.1560659989611,1024.9085100527168,0
94.35620064388719,0.4146493406802591,695.1560659989611,1025.1669635112958,0
94.78116713411515,0.4151704162015876,695.2873806444416,1025.0377367820063,0
94.78116713411515,0.4141285215937344,695.2873806444416,1025.296126644754,0
95.20613362434311,0.4146493406802591,695.418695289922,1025.1669635112958,0
95.20613362434311,0.41253195850525454,695.418695289922,1025.6920742906968,0
95.6313060091884,0.40991863141969426,695.5500735568392,1026.340179407916,0
95.6313060091884,0.4062464850292297,695.5500735568392,1027.2508717127512,0
95.6313060091884,0.40519612807285105,695.5500735568392,1027.511360237933,0
96.0630670217892,0.4114900638974014,695.6834877097328,1025.9504641534445,0
96.0630670217892,0.40938934998464405,695.6834877097328,1026.4714412038084,0
96.0630670217892,0.40676756055055824,695.6834877097328,1027.1216449834617,0
96.48803351201715,0.41307816463735575,695.8148023552133,1025.5566151699359,0
96.48803351201715,0.41253195850525454,695.8148023552133,1025.6920742906968,0
96.91320589686246,0.41359898372388043,695.9461806221304,1025.4274520364777,0
96.91320589686246,0.41253195850525454,695.9461806221304,1025.6920742906968,0
96.91320589686246,0.4109605260275474,695.9461806221304,1026.0817895451682,0
97.33817238709041,0.4083389930282654,696.077495267611,1026.7319297289903,0
97.33817238709041,0.40676756055055824,696.077495267611,1027.1216449834617,0
97.3387900709425,0.40676909915938103,696.0776861319212,1027.1212634084736,0
97.3387900709425,0.40571874220300236,696.0776861319212,1027.3817519336556,0
97.75716793341498,0.40571874220300236,696.2069648914252,1027.3817519336556,0
97.75716793341498,0.403618028290245,696.2069648914252,1027.9027289840194,0
98.18892894601576,0.4009962388561592,696.3403790443189,1028.5529327636725,0
98.18892894601576,0.3983747058568772,696.3403790443189,1029.2030729474945,0
98.18892894601576,0.3957529164227913,696.3403790443189,1029.8532767271479,0
98.61389543624371,0.3936606648585595,696.4716936897993,1030.3721551150772,0
98.61389543624371,0.3920892323808523,696.4716936897993,1030.7618703695487,0
98.61389543624371,0.39155995094580215,696.4716936897993,1030.893132165441,0
99.0456564488445,0.3957529164227913,696.605107842693,1029.8532767271479,0
99.0456564488445,0.3926103079021808,696.605107842693,1030.6326436402592,0
99.47082883368981,0.4078194561157597,696.7364861096102,1026.8607748832917,0
99.47082883368981,0.4041473097252952,696.7364861096102,1027.7714671881267,0
99.47082883368981,0.39942506281325585,696.7364861096102,1028.9425844223126,0
99.89579532391777,0.4125334971140774,696.8678007550906,1025.6916927157088,0
99.89579532391777,0.4114916025062242,696.8678007550906,1025.9500825784564,0
99.89579532391777,0.4109620646363702,696.8678007550906,1026.0814079701802,0
100.32076181414571,0.40834053163708817,696.999115400571,1026.7315481540022,0
100.32076181414571,0.40676909915938103,696.999115400571,1027.1212634084736,0
100.75272872136385,0.41831456333102096,697.1325931749014,1024.257988293907,0
100.75272872136385,0.4125334971140774,697.1325931749014,1025.6916927157088,0
100.75272872136385,0.4078194561157597,697.1325931749014,1026.8607748832917,0
101.17769521159181,0.42880146463256047,697.2639078203819,1021.6572367711251,0
101.17769521159181,0.4267089566335248,697.2639078203819,1022.1761787548859,0
101.17769521159181,0.4230370666778641,697.2639078203819,1023.0868074638897,0
101.60266170181977,0.4309021785453178,697.3952224658623,1021.1362597207612,0
101.60266170181977,0.42985182158893914,697.3952224658623,1021.3967482459432,0
101.60266170181977,0.42460824272076747,697.3952224658623,1022.6971558052497,0
102.0278340866651,0.4162223117667891,697.5266007327795,1024.7768666818363,0
102.0278340866651,0.40939088859346684,697.5266007327795,1026.4710596288203,0
102.47297824939416,0.4088698130721384,697.6641502790628,1026.6002863581098,0
102.47297824939416,0.40676909915938103,697.6641502790628,1027.1212634084736,0
102.47297824939416,0.40624802363805257,697.6641502790628,1027.250490137763,0
102.89815063423949,0.4177937442444963,697.79552854598,1024.3871514273649,0
102.89815063423949,0.4151719548104104,697.79552854598,1025.0373552070182,0
102.89815063423949,0.4125334971140774,697.79552854598,1025.6916927157088,0
103.32991164684027,0.41884410120087495,697.9289426988736,1024.1266629021832,0
103.32991164684027,0.4177937442444963,697.9289426988736,1024.3871514273649,0
103.74828950931276,0.4167433872881176,698.0582214583776,1024.6476399525468,0
103.74828950931276,0.41412159785403174,698.0582214583776,1025.2978437322001,0
103.74828950931276,0.41201242159274887,698.0582214583776,1025.8209194449983,0
104.18005052191354,0.4088698130721384,698.1916356112713,1026.6002863581098,0
104.18005052191354,0.40676909915938103,698.1916356112713,1027.1212634084736,0
104.18005052191354,0.403618028290245,698.1916356112713,1027.9027289840194,0
104.60501701214149,0.4004754197696345,698.3229502567517,1028.6820958971307,0
104.60501701214149,0.39890398729192733,698.3229502567517,1029.071811151602,0
105.0301893969868,0.4009962388561592,698.4543285236689,1028.5529327636725,0
105.0301893969868,0.39942506281325585,698.4543285236689,1028.9425844223126,0
105.0301893969868,0.39890398729192733,698.4543285236689,1029.071811151602,0
105.46195040958759,0.4162223117667891,698.5877426765626,1024.7768666818363,0
105.46195040958759,0.40992017002851705,698.5877426765626,1026.3397978329278,0
105.46195040958759,0.4046683852466237,698.5877426765626,1027.6422404588375,0
105.88691689981555,0.4235578857643888,698.719057322043,1022.9576443304317,0
105.88691689981555,0.4209448151136323,698.719057322043,1023.6056858518192,0
106.31188339004349,0.4240874236342428,698.8503719675234,1022.8263189387078,0
106.31188339004349,0.4225075288080101,698.8503719675234,1023.2181328556136,0
106.31188339004349,0.4198944581572536,698.8503719675234,1023.8661743770011,0
106.7370557748888,0.41569303033173893,698.9817502344406,1024.9081284777287,0
106.7370557748888,0.4104412455498455,698.9817502344406,1026.2105711036384,0
106.7370557748888,0.40624802363805257,698.9817502344406,1027.250490137763,0
107.16202226511676,0.4072901746807095,699.113064879921,1026.9920366791841,0
107.16202226511676,0.4046683852466237,699.113064879921,1027.6422404588375,0
107.16202226511676,0.4041473097252952,699.113064879921,1027.7714671881267,0
107.59378327771755,0.4088698130721384,699.2464790328147,1026.6002863581098,0
107.59378327771755,0.40834053163708817,699.2464790328147,1026.7315481540022,0
108.01895566256285,0.4078194561157597,699.3778572997319,1026.8607748832917,0
108.01895566256285,0.4072901746807095,699.3778572997319,1026.9920366791841,0
108.01895566256285,0.4051976666816739,699.3778572997319,1027.510978662945,0
108.4439221527908,0.403618028290245,699.5091719452123,1027.9027289840194,0
108.4439221527908,0.40309695276891655,699.5091719452123,1028.0319557133087,0
108.86909453763612,0.4162223117667891,699.6405502121296,1024.7768666818363,0
108.86909453763612,0.4088698130721384,699.6405502121296,1026.6002863581098,0
109.29406102786407,0.4303726406754638,699.77186485761,1021.267585112485,0
109.29406102786407,0.42880146463256047,699.77186485761,1021.6572367711251,0
109.29406102786407,0.4235578857643888,699.77186485761,1022.9576443304317,0
109.71902751809202,0.42880146463256047,699.9031795030904,1021.6572367711251,0
109.71902751809202,0.42565859967714614,699.9031795030904,1022.4366672800678,0
109.71902751809202,0.42198670972148544,699.9031795030904,1023.3472959890717,0
110.14419990293733,0.4167433872881176,700.0345577700076,1024.6476399525468,0
110.14419990293733,0.4109620646363702,700.0345577700076,1026.0814079701802,0
110.57596091553812,0.40676909915938103,700.1679719229013,1027.1212634084736,0
110.57596091553812,0.4051976666816739,700.1679719229013,1027.510978662945,0
111.00092740576608,0.4114916025062242,700.2992865683817,1025.9500825784564,0
111.00092740576608,0.4109620646363702,700.2992865683817,1026.0814079701802,0
111.00092740576608,0.4088698130721384,700.2992865683817,1026.6002863581098,0
111.4260997906114,0.4114916025062242,700.4306648352989,1025.9500825784564,0
111.4260997906114,0.4109620646363702,700.4306648352989,1026.0814079701802,0
111.85106628083935,0.41464267337536026,700.5619794807793,1025.1686170029107,0
111.85106628083935,0.41412159785403174,700.5619794807793,1025.2978437322001,0
111.85106628083935,0.41201242159274887,700.5619794807793,1025.8209194449983,0
112.28282729344014,0.4151719548104104,700.695393633673,1025.0373552070182,0
112.28282729344014,0.41412159785403174,700.695393633673,1025.2978437322001,0
112.70799967828545,0.4177937442444963,700.8267719005902,1024.3871514273649,0
112.70799967828545,0.4167433872881176,700.8267719005902,1024.6476399525468,0
113.13976069088623,0.4177937442444963,700.9601860534838,1024.3871514273649,0
113.13976069088623,0.41727266872316776,700.9601860534838,1024.5163781566544,0
113.13976069088623,0.4167433872881176,700.9601860534838,1024.6476399525468,0
113.55793265874135,0.42198670972148544,701.089401191551,1023.3472959890717,0
113.55793265874135,0.4198944581572536,701.089401191551,1023.8661743770011,0
113.55793265874135,0.41831456333102096,701.089401191551,1024.257988293907,0
113.98969367134214,0.42460824272076747,701.2228153444447,1022.6971558052497,0
113.98969367134214,0.4235578857643888,701.2228153444447,1022.9576443304317,0
114.40807153381462,0.4225075288080101,701.3520941039487,1023.2181328556136,0
114.40807153381462,0.4198944581572536,701.3520941039487,1023.8661743770011,0
114.40807153381462,0.4167433872881176,701.3520941039487,1024.6476399525468,0
114.83983254641541,0.4109620646363702,701.4855082568423,1026.0814079701802,0
114.83983254641541,0.40676909915938103,701.4855082568423,1027.1212634084736,0
114.83983254641541,0.4046683852466237,701.4855082568423,1027.6422404588375,0
115.2650049312607,0.4041473097252952,701.6168865237595,1027.7714671881267,0
115.2650049312607,0.4015257767260132,701.6168865237595,1028.4216073719488,0
115.2650049312607,0.399954344248306,701.6168865237595,1028.8113226264202,0
115.6967659438615,0.4004754197696345,701.7503006766532,1028.6820958971307,0
115.6967659438615,0.39942506281325585,701.7503006766532,1028.9425844223126,0
116.11493791171662,0.40257613368239187,701.8795158147204,1028.1611188467668,0
116.11493791171662,0.4020465958125379,701.8795158147204,1028.2924442384906,0
116.11493791171662,0.4015257767260132,701.8795158147204,1028.4216073719488,0
116.54669892431741,0.4004754197696345,702.012929967614,1028.6820958971307,0
116.54669892431741,0.39890398729192733,702.012929967614,1029.071811151602,0
116.54669892431741,0.39785363033554866,702.012929967614,1029.332299676784,0
116.97187130916271,0.39942506281325585,702.1443082345313,1028.9425844223126,0
116.97187130916271,0.39890398729192733,702.1443082345313,1029.071811151602,0
117.39683779939067,0.4041473097252952,702.2756228800117,1027.7714671881267,0
117.39683779939067,0.40257613368239187,702.2756228800117,1028.1611188467668,0
117.39683779939067,0.4015257767260132,702.2756228800117,1028.4216073719488,0
117.82859881199145,0.4072901746807095,702.4090370329053,1026.9920366791841,0
117.82859881199145,0.4051976666816739,702.4090370329053,1027.510978662945,0
118.25377119683677,0.4177937442444963,702.5404152998225,1024.3871514273649,0
118.25377119683677,0.41201242159274887,702.5404152998225,1025.8209194449983,0
118.67873768706471,0.42460824272076747,702.671729945303,1022.6971558052497,0
118.67873768706471,0.4235578857643888,702.671729945303,1022.9576443304317,0
118.67873768706471,0.4225075288080101,702.671729945303,1023.2181328556136,0
119.10391007191002,0.4230370666778641,702.8031082122202,1023.0868074638897,0
119.10391007191002,0.4209448151136323,702.8031082122202,1023.6056858518192,0
119.10391007191002,0.41936492028739963,702.8031082122202,1023.997499768725,0
119.52887656213798,0.4167433872881176,702.9344228577006,1024.6476399525468,0
119.52887656213798,0.41307124089765307,702.9344228577006,1025.558332257382,0
119.96063757473877,0.4104412455498455,703.0678370105943,1026.2105711036384,0
119.96063757473877,0.40992017002851705,703.0678370105943,1026.3397978329278,0
119.96063757473877,0.4088698130721384,703.0678370105943,1026.6002863581098,0
120.38560406496671,0.41307124089765307,703.1991516560747,1025.558332257382,0
120.38560406496671,0.4125334971140774,703.1991516560747,1025.6916927157088,0
120.38560406496671,0.41201242159274887,703.1991516560747,1025.8209194449983,0
120.81077644981204,0.40939088859346684,703.3305299229919,1026.4710596288203,0
120.81077644981204,0.40624802363805257,703.3305299229919,1027.250490137763,0
121.23574294003998,0.4041473097252952,703.4618445684723,1027.7714671881267,0
121.23574294003998,0.4015257767260132,703.4618445684723,1028.4216073719488,0
121.66091532488531,0.40834053163708817,703.5932228353895,1026.7315481540022,0
121.66091532488531,0.4051976666816739,703.5932228353895,1027.510978662945,0
121.66091532488531,0.40257613368239187,703.5932228353895,1028.1611188467668,0
122.08588181511327,0.40992017002851705,703.72453748087,1026.3397978329278,0
122.51764282771404,0.4072901746807095,703.8579516337636,1026.9920366791841,0
122.51764282771404,0.4015257767260132,703.8579516337636,1028.4216073719488,0
122.51764282771404,0.3962824542926453,703.8579516337636,1029.721951335424,0
122.94281521255935,0.39418174037988796,703.9893299006808,1030.2429283857878,0
122.94281521255935,0.393139589337231,703.9893299006808,1030.5013818443667,0
122.94281521255935,0.39155995094580215,703.9893299006808,1030.893132165441,0
123.36778170278731,0.40571874220300236,704.1206445461612,1027.3817519336556,0
123.36778170278731,0.39942506281325585,704.1206445461612,1028.9425844223126,0
123.79274819301527,0.4277593135899035,704.2519591916417,1021.915690229704,0
123.79274819301527,0.4209448151136323,704.2519591916417,1023.6056858518192,0
123.79274819301527,0.41412159785403174,704.2519591916417,1025.2978437322001,0
124.21792057786057,0.4340447870659283,704.3833374585589,1020.3568928076498,0
124.21792057786057,0.43352371154459984,704.3833374585589,1020.4861195369393,0
124.21792057786057,0.4319525355016965,704.3833374585589,1020.8757711955793,0
124.64968159046136,0.4309021785453178,704.5167516114525,1021.1362597207612,0
124.64968159046136,0.4267089566335248,704.5167516114525,1022.1761787548859,0
125.0746480806893,0.4225075288080101,704.648066256933,1023.2181328556136,0
125.0746480806893,0.4198944581572536,704.648066256933,1023.8661743770011,0
125.0746480806893,0.4167433872881176,704.648066256933,1024.6476399525468,0
125.50640909329009,0.4125334971140774,704.7814804098266,1025.6916927157088,0
125.50640909329009,0.4078194561157597,704.7814804098266,1026.8607748832917,0
125.50640909329009,0.40309695276891655,704.7814804098266,1028.0319557133087,0
125.92478695576258,0.399954344248306,704.9107591693306,1028.8113226264202,0
126.35654796836337,0.4109620646363702,705.0441733222243,1026.0814079701802,0
126.35654796836337,0.40676909915938103,705.0441733222243,1027.1212634084736,0
126.35654796836337,0.40309695276891655,705.0441733222243,1028.0319557133087,0
126.77492583083585,0.4272300321548533,705.1734520817282,1022.0469520255964,0
126.77492583083585,0.4209448151136323,705.1734520817282,1023.6056858518192,0
126.77492583083585,0.41464267337536026,705.1734520817282,1025.1686170029107,0
127.20668684343664,0.43247335458822117,705.3068662346219,1020.7466080621213,0
127.20668684343664,0.4314229976318425,705.3068662346219,1021.0070965873031,0
127.63165333366457,0.42985182158893914,705.4381808801023,1021.3967482459432,0
127.63165333366457,0.42565859967714614,705.4381808801023,1022.4366672800678,0
127.63165333366457,0.421465634200157,705.4381808801023,1023.4765227183611,0
128.06341434626538,0.4177937442444963,705.571595032996,1024.3871514273649,0
128.06341434626538,0.41464267337536026,705.571595032996,1025.1686170029107,0
128.06341434626538,0.4114916025062242,705.571595032996,1025.9500825784564,0
128.48179220873786,0.4104412455498455,705.7008737924999,1026.2105711036384,0
128.48179220873786,0.40992017002851705,705.7008737924999,1026.3397978329278,0
128.91355322133862,0.4198944581572536,705.8342879453936,1023.8661743770011,0
128.91355322133862,0.4167433872881176,705.8342879453936,1024.6476399525468,0
128.91355322133862,0.4136005223327033,705.8342879453936,1025.4270704614896,0
129.33872560618394,0.4209448151136323,705.9656662123108,1023.6056858518192,0
129.33872560618394,0.41831456333102096,705.9656662123108,1024.257988293907,0
129.77048661878473,0.41412159785403174,706.0990803652045,1025.2978437322001,0
129.77048661878473,0.40834053163708817,706.0990803652045,1026.7315481540022,0
130.19545310901267,0.4015257767260132,706.2303950106849,1028.4216073719488,0
130.19545310901267,0.39732434890049845,706.2303950106849,1029.4635614726765,0
130.19545310901267,0.39523209733626663,706.2303950106849,1029.9824398606058,0
130.620625493858,0.40309695276891655,706.3617732776021,1028.0319557133087,0
130.620625493858,0.39942506281325585,706.3617732776021,1028.9425844223126,0
130.620625493858,0.39680327337917,706.3617732776021,1029.592788201966,0
131.04559198408595,0.41727266872316776,706.4930879230825,1024.5163781566544,0
131.04559198408595,0.40939088859346684,706.4930879230825,1026.4710596288203,0
131.47055847431392,0.42880146463256047,706.624402568563,1021.6572367711251,0
131.47055847431392,0.42460824272076747,706.624402568563,1022.6971558052497,0
131.89573085915922,0.42565859967714614,706.7557808354802,1022.4366672800678,0
131.89573085915922,0.4240874236342428,706.7557808354802,1022.8263189387078,0
132.32749187176,0.42828038911123195,706.8891949883738,1021.7864635004145,0
132.32749187176,0.4267089566335248,706.8891949883738,1022.1761787548859,0
132.75245836198795,0.4371958579350643,707.0205096338542,1019.5754272321041,0
132.75245836198795,0.43247335458822117,707.0205096338542,1020.7466080621213,0
132.75245836198795,0.42985182158893914,707.0205096338542,1021.3967482459432,0
133.17763074683324,0.445060969802518,707.1518879007715,1017.6248794889756,0
133.17763074683324,0.44453143193266403,707.1518879007715,1017.7562048806993,0
133.17763074683324,0.44138882341205354,707.1518879007715,1018.5355717938107,0
133.60259723706122,0.44453143193266403,707.2832025462519,1017.7562048806993,0
133.60259723706122,0.4392881094992962,707.2832025462519,1019.0565488441746,0
134.02756372728916,0.4340447870659283,707.4145171917323,1020.3568928076498,0
134.02756372728916,0.42828038911123195,707.4145171917323,1021.7864635004145,0
134.02756372728916,0.421465634200157,707.4145171917323,1023.4765227183611,0
134.4527361121345,0.41464267337536026,707.5458954586495,1025.1686170029107,0
134.4527361121345,0.40834053163708817,707.5458954586495,1026.7315481540022,0
134.4527361121345,0.40257613368239187,707.5458954586495,1028.1611188467668,0
134.88449712473528,0.39680327337917,707.6793096115432,1029.592788201966,0
134.88449712473528,0.3926103079021808,707.6793096115432,1030.6326436402592,0
135.30946361496322,0.3905095939894235,707.8106242570236,1031.153620690623,0
135.30946361496322,0.3894676993815703,707.8106242570236,1031.4120105533707,0
135.73463599980855,0.3878878045553376,707.9420025239408,1031.8038244702764,0
135.73463599980855,0.38684590994748447,707.9420025239408,1032.0622143330238,0
135.73463599980855,0.38631662851243426,707.9420025239408,1032.1934761289162,0
136.1596024900365,0.3826444821219698,708.0733171694212,1033.1041684337515,0
136.1596024900365,0.37845151664498056,708.0733171694212,1034.144023872045,0
136.58456898026444,0.3774096220371274,708.2046318149017,1034.4024137347924,0
136.58456898026444,0.37530890812437007,708.2046318149017,1034.9233907851562,0
136.58456898026444,0.3747878326030416,708.2046318149017,1035.0526175144457,0
137.01653588748258,0.393139589337231,708.3381095892321,1030.5013818443667,0
137.01653588748258,0.3878878045553376,708.3381095892321,1031.8038244702764,0
137.01653588748258,0.38212340660064126,708.3381095892321,1033.233395163041,0
137.44150237771055,0.40624802363805257,708.4694242347125,1027.250490137763,0
137.44150237771055,0.39890398729192733,708.4694242347125,1029.071811151602,0
137.87326339031134,0.41412159785403174,708.6028383876062,1025.2978437322001,0
137.87326339031134,0.4125334971140774,708.6028383876062,1025.6916927157088,0
138.29164125278382,0.4088698130721384,708.7321171471102,1026.6002863581098,0
138.29164125278382,0.4046683852466237,708.7321171471102,1027.6422404588375,0
138.29164125278382,0.39523209733626663,708.7321171471102,1029.9824398606058,0
138.7234022653846,0.3842241205133986,708.8655313000038,1032.7124181126771,0
138.7234022653846,0.3742585511679914,708.8655313000038,1035.1838793103382,0
139.1417801278571,0.3669227207355879,708.9948100595078,1037.0031652575742,0
139.1417801278571,0.365343082344159,708.9948100595078,1037.3949155786486,0
139.1417801278571,0.3637716498664519,708.9948100595078,1037.78463083312,0
139.57354114045788,0.37635926508074874,709.1282242124015,1034.6629022599743,0
139.57354114045788,0.3705948671260524,709.1282242124015,1036.0924729527392,0
139.57354114045788,0.36744379625691637,709.1282242124015,1036.8739385282847,0
139.9985076306858,0.3957529164227913,709.2595388578819,1029.8532767271479,0
139.9985076306858,0.38527447746977733,709.2595388578819,1032.4519295874952,0
140.43026864328658,0.4051976666816739,709.3929530107755,1027.510978662945,0
140.43026864328658,0.40309695276891655,709.3929530107755,1028.0319557133087,0
140.43026864328658,0.4020465958125379,709.3929530107755,1028.2924442384906,0
140.84864650575906,0.4272300321548533,709.5222317702795,1022.0469520255964,0
140.84864650575906,0.41727266872316776,709.5222317702795,1024.5163781566544,0
140.84864650575906,0.4088698130721384,709.5222317702795,1026.6002863581098,0
141.28040751835985,0.4387672904127715,709.6556459231732,1019.1857119776328,0
141.28040751835985,0.435095144022307,709.6556459231732,1020.0964042824679,0
141.70537400858782,0.4387672904127715,709.7869605686536,1019.1857119776328,0
141.70537400858782,0.4382377525429175,709.7869605686536,1019.3170373693565,0
142.13054639343312,0.4387672904127715,709.9183388355708,1019.1857119776328,0
142.13054639343312,0.4382377525429175,709.9183388355708,1019.3170373693565,0
142.5623074060339,0.43771693345639284,710.0517529884645,1019.4462005028146,0
142.5623074060339,0.43614550097868565,710.0517529884645,1019.835915757286,0
142.98727389626185,0.445060969802518,710.1830676339449,1017.6248794889756,0
142.98727389626185,0.4398176473691502,710.1830676339449,1018.9252234524508,0
142.98727389626185,0.4356244254573572,710.1830676339449,1019.9651424865755,0
143.41244628110715,0.4508253677572144,710.3144459008621,1016.1953087962108,0
143.41244628110715,0.4497750108008357,710.3144459008621,1016.4557973213928,0
143.41244628110715,0.44820357832312857,710.3144459008621,1016.8455125758642,0
143.83741277133512,0.44401061284613935,710.4457605463425,1017.8853680141575,0
143.83741277133512,0.4371958579350643,710.4457605463425,1019.5754272321041,0
144.26237926156307,0.4277593135899035,710.5770751918229,1021.915690229704,0
144.26237926156307,0.41936492028739963,710.5770751918229,1023.997499768725,0
144.26237926156307,0.4114916025062242,710.5770751918229,1025.9500825784564,0
144.69434616878124,0.40834053163708817,710.7105529661534,1026.7315481540022,0
144.69434616878124,0.40676909915938103,710.7105529661534,1027.1212634084736,0
145.11931265900918,0.44138882341205354,710.8418676116338,1018.5355717938107,0
145.11931265900918,0.42985182158893914,710.8418676116338,1021.3967482459432,0
145.11931265900918,0.4167433872881176,710.8418676116338,1024.6476399525468,0
145.55107367160997,0.4534469007564964,710.9752817645275,1015.5451686123889,0
145.55107367160997,0.4497750108008357,710.9752817645275,1016.4557973213928,0
145.96945153408245,0.44767429688807836,711.1045605240314,1016.9767743717566,0
145.96945153408245,0.4382377525429175,711.1045605240314,1019.3170373693565,0
146.39441802431043,0.4277593135899035,711.2358751695119,1021.915690229704,0
146.39441802431043,0.4177937442444963,711.2358751695119,1024.3871514273649,0
146.39441802431043,0.4104412455498455,711.2358751695119,1026.2105711036384,0
146.81959040915572,0.4151719548104104,711.3672534364291,1025.0373552070182,0
146.81959040915572,0.41201242159274887,711.3672534364291,1025.8209194449983,0
146.81959040915572,0.40992017002851705,711.3672534364291,1026.3397978329278,0
147.25135142175648,0.4162223117667891,711.5006675893227,1024.7768666818363,0
147.67631791198446,0.4167433872881176,711.6319822348032,1024.6476399525468,0
147.67631791198446,0.41569303033173893,711.6319822348032,1024.9081284777287,0
148.1012844022124,0.4125334971140774,711.7632968802836,1025.6916927157088,0
148.1012844022124,0.40939088859346684,711.7632968802836,1026.4710596288203,0
148.1012844022124,0.40676909915938103,711.7632968802836,1027.1212634084736,0
148.52645678705773,0.4078194561157597,711.8946751472008,1026.8607748832917,0
148.52645678705773,0.40624802363805257,711.8946751472008,1027.250490137763,0
148.95142327728567,0.41727266872316776,712.0259897926812,1024.5163781566544,0
148.95142327728567,0.4125334971140774,712.0259897926812,1025.6916927157088,0
148.95142327728567,0.40992017002851705,712.0259897926812,1026.3397978329278,0
149.38318428988646,0.4230370666778641,712.1594039455749,1023.0868074638897,0
149.38318428988646,0.42198670972148544,712.1594039455749,1023.3472959890717,0
149.80835667473178,0.42198670972148544,712.2907822124921,1023.3472959890717,0
149.80835667473178,0.41831456333102096,712.2907822124921,1024.257988293907,0
149.80835667473178,0.41727266872316776,712.2907822124921,1024.5163781566544,0
150.24011768733257,0.4267089566335248,712.4241963653857,1022.1761787548859,0
150.24011768733257,0.421465634200157,712.4241963653857,1023.4765227183611,0
150.24011768733257,0.4177937442444963,712.4241963653857,1024.3871514273649,0
150.65849554980502,0.435095144022307,712.5534751248897,1020.0964042824679,0
150.65849554980502,0.4309021785453178,712.5534751248897,1021.1362597207612,0
151.0902565624058,0.44033846645567487,712.6868892777834,1018.7960603189927,0
151.0902565624058,0.43771693345639284,712.6868892777834,1019.4462005028146,0
151.50842853026094,0.43771693345639284,712.8161044158506,1019.4462005028146,0
151.50842853026094,0.43299443010954963,712.8161044158506,1020.6173813328318,0
151.50842853026094,0.4272300321548533,712.8161044158506,1022.0469520255964,0
151.94018954286173,0.42198670972148544,712.9495185687442,1023.3472959890717,0
151.94018954286173,0.41831456333102096,712.9495185687442,1024.257988293907,0
152.36536192770703,0.4162223117667891,713.0808968356614,1024.7768666818363,0
152.36536192770703,0.41569303033173893,713.0808968356614,1024.9081284777287,0
152.36536192770703,0.41464267337536026,713.0808968356614,1025.1686170029107,0
152.79712294030782,0.41201242159274887,713.2143109885551,1025.8209194449983,0
152.79712294030782,0.40992017002851705,713.2143109885551,1026.3397978329278,0
152.79712294030782,0.40834053163708817,713.2143109885551,1026.7315481540022,0
153.21550080278033,0.41412159785403174,713.3435897480591,1025.2978437322001,0
153.21550080278033,0.40834053163708817,713.3435897480591,1026.7315481540022,0
153.6472618153811,0.4382377525429175,713.4770039009527,1019.3170373693565,0
153.6472618153811,0.4314229976318425,713.4770039009527,1021.0070965873031,0
153.6472618153811,0.4225075288080101,713.4770039009527,1023.2181328556136,0
154.07222830560903,0.44085954197700333,713.6083185464332,1018.6668335897032,0
154.07222830560903,0.44033846645567487,713.6083185464332,1018.7960603189927,0
154.07222830560903,0.43771693345639284,713.6083185464332,1019.4462005028146,0
154.497194795837,0.4309021785453178,713.7396331919136,1021.1362597207612,0
154.497194795837,0.42512931824209593,713.7396331919136,1022.5679290759603,0
154.92916170305514,0.4209448151136323,713.873110966244,1023.6056858518192,0
154.92916170305514,0.4198944581572536,713.873110966244,1023.8661743770011,0
154.92916170305514,0.41831456333102096,713.873110966244,1024.257988293907,0
155.3541281932831,0.4293307460676107,714.0044256117244,1021.5259749752327,0
155.3541281932831,0.4272300321548533,714.0044256117244,1022.0469520255964,0
155.3541281932831,0.4230370666778641,714.0044256117244,1023.0868074638897,0
155.77909468351106,0.4272300321548533,714.1357402572049,1022.0469520255964,0
155.77909468351106,0.4235578857643888,714.1357402572049,1022.9576443304317,0
156.20426706835636,0.4204152772437783,714.2671185241221,1023.7370112435431,0
156.20426706835636,0.41727266872316776,714.2671185241221,1024.5163781566544,0
156.20426706835636,0.4151719548104104,714.2671185241221,1025.0373552070182,0
156.62923355858433,0.4177937442444963,714.3984331696025,1024.3871514273649,0
156.62923355858433,0.4162223117667891,714.3984331696025,1024.7768666818363,0
157.06099457118512,0.43247335458822117,714.5318473224962,1020.7466080621213,0
157.06099457118512,0.4272300321548533,714.5318473224962,1022.0469520255964,0
157.06099457118512,0.4225075288080101,714.5318473224962,1023.2181328556136,0
157.48616695603042,0.43352371154459984,714.6632255894134,1020.4861195369393,0
157.48616695603042,0.4303726406754638,714.6632255894134,1021.267585112485,0
157.48616695603042,0.42512931824209593,714.6632255894134,1022.5679290759603,0
157.91792796863118,0.4272300321548533,714.796639742307,1022.0469520255964,0
157.91792796863118,0.4230370666778641,714.796639742307,1023.0868074638897,0
158.33630583110366,0.44820357832312857,714.925918501811,1016.8455125758642,0
158.33630583110366,0.4429602558897607,714.925918501811,1018.1458565393394,0
158.33630583110366,0.4345740685009785,714.925918501811,1020.2256310117574,0
158.76127232133163,0.45396797627782487,715.0572331472914,1015.4159418830994,0
158.76127232133163,0.45239654380011773,715.0572331472914,1015.8056571375708,0
158.76127232133163,0.4508253677572144,715.0572331472914,1016.1953087962108,0
159.18623881155958,0.4529260816699717,715.1885477927719,1015.6743317458471,0
159.18623881155958,0.445060969802518,715.1885477927719,1017.6248794889756,0
159.6114111964049,0.43247335458822117,715.3199260596891,1020.7466080621213,0
159.6114111964049,0.4204152772437783,715.3199260596891,1023.7370112435431,0
159.6114111964049,0.41464267337536026,715.3199260596891,1025.1686170029107,0
160.0431722090057,0.42828038911123195,715.4533402125827,1021.7864635004145,0
160.0431722090057,0.4198944581572536,715.4533402125827,1023.8661743770011,0
160.0431722090057,0.41464267337536026,715.4533402125827,1025.1686170029107,0
160.46813869923363,0.4429602558897607,715.5846548580631,1018.1458565393394,0
160.46813869923363,0.435095144022307,715.5846548580631,1020.0964042824679,0
160.89331108407896,0.45763986623348557,715.7160331249804,1014.5053131740956,0
160.89331108407896,0.4560686901905822,715.7160331249804,1014.8949648327357,0
160.89331108407896,0.4508253677572144,715.7160331249804,1016.1953087962108,0
161.31827757430688,0.4560686901905822,715.8473477704608,1014.8949648327357,0
161.31827757430688,0.45239654380011773,715.8473477704608,1015.8056571375708,0
161.31827757430688,0.44925393527950724,715.8473477704608,1016.5850240506823,0
161.75003858690766,0.44348107497628536,715.9807619233544,1018.0166934058813,0
161.75003858690766,0.43666657650001417,715.9807619233544,1019.7066890279965,0
162.17500507713564,0.4309021785453178,716.1120765688349,1021.1362597207612,0
162.17500507713564,0.4277593135899035,716.1120765688349,1021.915690229704,0
162.17500507713564,0.4261796751984746,716.1120765688349,1022.3074405507783,0
162.60697198435378,0.42512931824209593,716.2455543431653,1022.5679290759603,0
162.60697198435378,0.42460824272076747,716.2455543431653,1022.6971558052497,0
162.60697198435378,0.4240874236342428,716.2455543431653,1022.8263189387078,0
163.0251439522089,0.42880146463256047,716.3747694812325,1021.6572367711251,0
163.0251439522089,0.42565859967714614,716.3747694812325,1022.4366672800678,0
163.4569049648097,0.44033846645567487,716.5081836341262,1018.7960603189927,0
163.4569049648097,0.4392881094992962,716.5081836341262,1019.0565488441746,0
163.4569049648097,0.4345740685009785,716.5081836341262,1020.2256310117574,0
163.87528282728218,0.43771693345639284,716.6374623936301,1019.4462005028146,0
163.87528282728218,0.43247335458822117,716.6374623936301,1020.7466080621213,0
164.30704383988297,0.4267089566335248,716.7708765465238,1022.1761787548859,0
164.30704383988297,0.4209448151136323,716.7708765465238,1023.6056858518192,0
164.30704383988297,0.41727266872316776,716.7708765465238,1024.5163781566544,0
164.7322162247283,0.41727266872316776,716.902254813441,1024.5163781566544,0
164.7322162247283,0.41569303033173893,716.902254813441,1024.9081284777287,0
164.7322162247283,0.4151719548104104,716.902254813441,1025.0373552070182,0
165.16397723732905,0.41936492028739963,717.0356689663347,1023.997499768725,0
165.16397723732905,0.41884410120087495,717.0356689663347,1024.1266629021832,0
165.58214920518418,0.4204152772437783,717.1648841044018,1023.7370112435431,0
165.58214920518418,0.4198944581572536,717.1648841044018,1023.8661743770011,0
165.58214920518418,0.41936492028739963,717.1648841044018,1023.997499768725,0
166.01391021778497,0.41936492028739963,717.2982982572955,1023.997499768725,0
166.01391021778497,0.41727266872316776,717.2982982572955,1024.5163781566544,0
166.01391021778497,0.4167433872881176,717.2982982572955,1024.6476399525468,0
166.43908260263026,0.42565859967714614,717.4296765242127,1022.4366672800678,0
166.43908260263026,0.4198944581572536,717.4296765242127,1023.8661743770011,0
166.87084361523105,0.43771693345639284,717.5630906771064,1019.4462005028146,0
166.87084361523105,0.43666657650001417,717.5630906771064,1019.7066890279965,0
166.87084361523105,0.43247335458822117,717.5630906771064,1020.7466080621213,0
167.29581010545903,0.4371958579350643,717.6944053225868,1019.5754272321041,0
167.29581010545903,0.43614550097868565,717.6944053225868,1019.835915757286,0
167.72098249030432,0.43614550097868565,717.825783589504,1019.835915757286,0
167.72098249030432,0.435095144022307,717.825783589504,1020.0964042824679,0
167.72098249030432,0.4319525355016965,717.825783589504,1020.8757711955793,0
168.1459489805323,0.4309021785453178,717.9570982349844,1021.1362597207612,0
168.1459489805323,0.4303726406754638,717.9570982349844,1021.267585112485,0
168.1459489805323,0.42985182158893914,717.9570982349844,1021.3967482459432,0
168.5711213653776,0.4356244254573572,718.0884765019016,1019.9651424865755,0
168.5711213653776,0.43299443010954963,718.0884765019016,1020.6173813328318,0
168.99608785560554,0.44820357832312857,718.2197911473821,1016.8455125758642,0
168.99608785560554,0.44453143193266403,718.2197911473821,1017.7562048806993,0
168.99608785560554,0.4398176473691502,718.2197911473821,1018.9252234524508,0
169.42784886820633,0.44925393527950724,718.3532053002757,1016.5850240506823,0
169.42784886820633,0.4471532213667499,718.3532053002757,1017.1060011010461,0
169.42784886820633,0.4424391803684322,718.3532053002757,1018.2750832686289,0
169.85281535843427,0.43666657650001417,718.4845199457561,1019.7066890279965,0
169.85281535843427,0.4293307460676107,718.4845199457561,1021.5259749752327,0
170.2847822656524,0.4235578857643888,718.6179977200866,1022.9576443304317,0
170.2847822656524,0.41884410120087495,718.6179977200866,1024.1266629021832,0
170.2847822656524,0.41464267337536026,718.6179977200866,1025.1686170029107,0
170.70295423350754,0.4114916025062242,718.7472128581538,1025.9500825784564,0
171.13471524610833,0.41936492028739963,718.8806270110474,1023.997499768725,0
171.13471524610833,0.41727266872316776,718.8806270110474,1024.5163781566544,0
171.13471524610833,0.41412159785403174,718.8806270110474,1025.2978437322001,0
171.5530931085808,0.42512931824209593,719.0099057705514,1022.5679290759603,0
171.5530931085808,0.4240874236342428,719.0099057705514,1022.8263189387078,0
171.5530931085808,0.421465634200157,719.0099057705514,1023.4765227183611,0
171.97805959880876,0.4277593135899035,719.1412204160318,1021.915690229704,0
171.97805959880876,0.42565859967714614,719.1412204160318,1022.4366672800678,0
172.4234096561552,0.43352371154459984,719.278833583752,1020.4861195369393,0
172.4234096561552,0.4314229976318425,719.278833583752,1021.0070965873031,0
172.84178751862768,0.43299443010954963,719.4081123432559,1020.6173813328318,0
173.27354853122847,0.4455817888890427,719.5415264961496,1017.4957163555174,0
173.27354853122847,0.44138882341205354,719.5415264961496,1018.5355717938107,0
173.27354853122847,0.43666657650001417,719.5415264961496,1019.7066890279965,0
173.69851502145644,0.44925393527950724,719.67284114163,1016.5850240506823,0
173.69851502145644,0.44872465384445703,719.67284114163,1016.7162858465747,0
173.69851502145644,0.44767429688807836,719.67284114163,1016.9767743717566,0
174.13027603405723,0.4461028644103712,719.8062552945237,1017.366489626228,0
174.13027603405723,0.441909898933382,719.8062552945237,1018.4063450645214,0
174.54865389652971,0.43352371154459984,719.9355340540277,1020.4861195369393,0
174.54865389652971,0.4230370666778641,719.9355340540277,1023.0868074638897,0
174.54865389652971,0.4125334971140774,719.9355340540277,1025.6916927157088,0
174.9804149091305,0.41201242159274887,720.0689482069213,1025.8209194449983,0
174.9804149091305,0.40834053163708817,720.0689482069213,1026.7315481540022,0
174.9804149091305,0.4078194561157597,720.0689482069213,1026.8607748832917,0
175.4055872939758,0.4293307460676107,720.2003264738385,1021.5259749752327,0
175.4055872939758,0.4198944581572536,720.2003264738385,1023.8661743770011,0
175.8373483065766,0.44348107497628536,720.3337406267322,1018.0166934058813,0
175.8373483065766,0.4429602558897607,720.3337406267322,1018.1458565393394,0
175.8373483065766,0.43771693345639284,720.3337406267322,1019.4462005028146,0
176.26231479680453,0.44085954197700333,720.4650552722126,1018.6668335897032,0
176.26231479680453,0.43614550097868565,720.4650552722126,1019.835915757286,0
176.26231479680453,0.4314229976318425,720.4650552722126,1021.0070965873031,0
176.68728128703248,0.42828038911123195,720.596369917693,1021.7864635004145,0
176.68728128703248,0.4267089566335248,720.596369917693,1022.1761787548859,0
177.1124536718778,0.4382377525429175,720.7277481846102,1019.3170373693565,0
177.1124536718778,0.4314229976318425,720.7277481846102,1021.0070965873031,0
177.1124536718778,0.4272300321548533,720.7277481846102,1022.0469520255964,0
177.53742016210575,0.45501833323420354,720.8590628300907,1015.1554533579175,0
177.53742016210575,0.4466321458454214,720.8590628300907,1017.2352278303356,0
177.96259254695107,0.45869022318986424,720.9904410970079,1014.2448246489137,0
177.96259254695107,0.4544972577128751,720.9904410970079,1015.284680087207,0
178.39435355955186,0.44767429688807836,721.1238552499015,1016.9767743717566,0
178.39435355955186,0.44138882341205354,721.1238552499015,1018.5355717938107,0
178.39435355955186,0.43247335458822117,721.1238552499015,1020.7466080621213,0
178.8193200497798,0.4240874236342428,721.255169895382,1022.8263189387078,0
178.8193200497798,0.41569303033173893,721.255169895382,1024.9081284777287,0
179.24449243462513,0.4104412455498455,721.3865481622992,1026.2105711036384,0
179.24449243462513,0.40992017002851705,721.3865481622992,1026.3397978329278,0
179.24449243462513,0.4088698130721384,721.3865481622992,1026.6002863581098,0
179.66945892485305,0.41936492028739963,721.5178628077796,1023.997499768725,0
179.66945892485305,0.41412159785403174,721.5178628077796,1025.2978437322001,0
180.10121993745383,0.43299443010954963,721.6512769606733,1020.6173813328318,0
180.10121993745383,0.42828038911123195,721.6512769606733,1021.7864635004145,0
180.10121993745383,0.4235578857643888,721.6512769606733,1022.9576443304317,0
180.51959779992632,0.4356244254573572,721.7805557201772,1019.9651424865755,0
180.51959779992632,0.435095144022307,721.7805557201772,1020.0964042824679,0
180.51959779992632,0.4340447870659283,721.7805557201772,1020.3568928076498,0
180.95815333489995,0.43352371154459984,721.916069380484,1020.4861195369393,0
181.37632530275508,0.43247335458822117,722.0452845185513,1020.7466080621213,0
181.37632530275508,0.42985182158893914,722.0452845185513,1021.3967482459432,0
181.37632530275508,0.4267089566335248,722.0452845185513,1022.1761787548859,0
181.80808631535587,0.42512931824209593,722.178698671445,1022.5679290759603,0
181.80808631535587,0.42460824272076747,722.178698671445,1022.6971558052497,0
182.22646417782835,0.4240874236342428,722.3079774309489,1022.8263189387078,0
182.65822519042914,0.435095144022307,722.4413915838426,1020.0964042824679,0
182.65822519042914,0.4303726406754638,722.4413915838426,1021.267585112485,0
182.65822519042914,0.4261796751984746,722.4413915838426,1022.3074405507783,0
183.08319168065708,0.441909898933382,722.572706229323,1018.4063450645214,0
183.08319168065708,0.44033846645567487,722.572706229323,1018.7960603189927,0
183.50836406550238,0.44872465384445703,722.7040844962402,1016.7162858465747,0
183.50836406550238,0.4471532213667499,722.7040844962402,1017.1060011010461,0
183.50836406550238,0.44401061284613935,722.7040844962402,1017.8853680141575,0
183.93333055573035,0.4466321458454214,722.8353991417207,1017.2352278303356,0
183.93333055573035,0.44085954197700333,722.8353991417207,1018.6668335897032,0
183.93333055573035,0.43352371154459984,722.8353991417207,1020.4861195369393,0
184.35850294057565,0.4261796751984746,722.9667774086379,1022.3074405507783,0
184.35850294057565,0.421465634200157,722.9667774086379,1023.4765227183611,0
184.79026395317644,0.41727266872316776,723.1001915615315,1024.5163781566544,0
184.79026395317644,0.4151719548104104,723.1001915615315,1025.0373552070182,0
184.79026395317644,0.41307124089765307,723.1001915615315,1025.558332257382,0
185.20843592103157,0.41936492028739963,723.2294066995987,1023.997499768725,0
185.20843592103157,0.41569303033173893,723.2294066995987,1024.9081284777287,0
185.20843592103157,0.41307124089765307,723.2294066995987,1025.558332257382,0
185.6404028282497,0.4267089566335248,723.3628844739292,1022.1761787548859,0
185.6404028282497,0.4225075288080101,723.3628844739292,1023.2181328556136,0
186.06536931847768,0.43352371154459984,723.4941991194096,1020.4861195369393,0
186.06536931847768,0.4314229976318425,723.4941991194096,1021.0070965873031,0
186.06536931847768,0.4293307460676107,723.4941991194096,1021.5259749752327,0
186.49713033107847,0.4398176473691502,723.6276132723032,1018.9252234524508,0
186.49713033107847,0.43614550097868565,723.6276132723032,1019.835915757286,0
186.91550819355092,0.4429602558897607,723.7568920318072,1018.1458565393394,0
186.91550819355092,0.441909898933382,723.7568920318072,1018.4063450645214,0
187.3472692061517,0.44085954197700333,723.8903061847009,1018.6668335897032,0
187.3472692061517,0.4398176473691502,723.8903061847009,1018.9252234524508,0
187.77223569637965,0.4382377525429175,724.0216208301813,1019.3170373693565,0
187.77223569637965,0.43352371154459984,724.0216208301813,1020.4861195369393,0
188.20399670898044,0.4293307460676107,724.155034983075,1021.5259749752327,0
188.20399670898044,0.4261796751984746,724.155034983075,1022.3074405507783,0
188.20399670898044,0.42460824272076747,724.155034983075,1022.6971558052497,0
188.62916909382577,0.4230370666778641,724.2864132499922,1023.0868074638897,0
188.62916909382577,0.421465634200157,724.2864132499922,1023.4765227183611,0
189.0541355840537,0.42880146463256047,724.4177278954726,1021.6572367711251,0
189.0541355840537,0.4230370666778641,724.4177278954726,1023.0868074638897,0
189.0541355840537,0.4209448151136323,724.4177278954726,1023.6056858518192,0
189.47930796889904,0.44401061284613935,724.5491061623898,1017.8853680141575,0
189.47930796889904,0.44138882341205354,724.5491061623898,1018.5355717938107,0
189.47930796889904,0.4356244254573572,724.5491061623898,1019.9651424865755,0
189.90427445912698,0.44348107497628536,724.6804208078702,1018.0166934058813,0
189.90427445912698,0.4398176473691502,724.6804208078702,1018.9252234524508,0
190.32924094935493,0.4340447870659283,724.8117354533507,1020.3568928076498,0
190.32924094935493,0.42985182158893914,724.8117354533507,1021.3967482459432,0
190.32924094935493,0.42565859967714614,724.8117354533507,1022.4366672800678,0
190.7610019619557,0.4267089566335248,724.9451496062443,1022.1761787548859,0
190.7610019619557,0.42565859967714614,724.9451496062443,1022.4366672800678,0
191.18617434680104,0.4314229976318425,725.0765278731615,1021.0070965873031,0
191.18617434680104,0.42985182158893914,725.0765278731615,1021.3967482459432,0
191.18617434680104,0.4277593135899035,725.0765278731615,1021.915690229704,0
191.61114083702898,0.435095144022307,725.2078425186419,1020.0964042824679,0
191.61114083702898,0.4340447870659283,725.2078425186419,1020.3568928076498,0
191.61114083702898,0.43352371154459984,725.2078425186419,1020.4861195369393,0
192.0363132218743,0.4303726406754638,725.3392207855592,1021.267585112485,0
192.0363132218743,0.4272300321548533,725.3392207855592,1022.0469520255964,0
192.4680742344751,0.42512931824209593,725.4726349384528,1022.5679290759603,0
192.4680742344751,0.42460824272076747,725.4726349384528,1022.6971558052497,0
192.88624620233023,0.4293307460676107,725.60185007652,1021.5259749752327,0
192.88624620233023,0.4261796751984746,725.60185007652,1022.3074405507783,0
193.32480173730383,0.4340447870659283,725.7373637368269,1020.3568928076498,0
193.32480173730383,0.43352371154459984,725.7373637368269,1020.4861195369393,0
193.32480173730383,0.4314229976318425,725.7373637368269,1021.0070965873031,0
193.7431795997763,0.43247335458822117,725.8666424963309,1020.7466080621213,0
193.7431795997763,0.4319525355016965,725.8666424963309,1020.8757711955793,0
193.7431795997763,0.4309021785453178,725.8666424963309,1021.1362597207612,0
194.17494061237707,0.44085954197700333,726.0000566492245,1018.6668335897032,0
194.17494061237707,0.4371958579350643,726.0000566492245,1019.5754272321041,0
194.59331847484955,0.44085954197700333,726.1293354087285,1018.6668335897032,0
194.59331847484955,0.4392881094992962,726.1293354087285,1019.0565488441746,0
194.59331847484955,0.4382377525429175,726.1293354087285,1019.3170373693565,0
195.02507948745034,0.4371958579350643,726.2627495616222,1019.5754272321041,0
195.02507948745034,0.435095144022307,726.2627495616222,1020.0964042824679,0
195.02507948745034,0.4309021785453178,726.2627495616222,1021.1362597207612,0
195.45004597767831,0.4261796751984746,726.3940642071026,1022.3074405507783,0
195.45004597767831,0.4235578857643888,726.3940642071026,1022.9576443304317,0
195.8752183625236,0.4429602558897607,726.5254424740198,1018.1458565393394,0
195.8752183625236,0.43247335458822117,726.5254424740198,1020.7466080621213,0
195.8752183625236,0.42512931824209593,726.5254424740198,1022.5679290759603,0
196.30018485275158,0.4565895092771069,726.6567571195002,1014.7658016992775,0
196.30018485275158,0.45239654380011773,726.6567571195002,1015.8056571375708,0
196.72515134297953,0.46026165566757143,726.7880717649806,1013.8551093944424,0
196.72515134297953,0.4597405801462429,726.7880717649806,1013.9843361237319,0
196.72515134297953,0.45869022318986424,726.7880717649806,1014.2448246489137,0
197.15711825019767,0.4581609417548141,726.9215495393111,1014.3760864448061,0
197.15711825019767,0.45501833323420354,726.9215495393111,1015.1554533579175,0
197.15711825019767,0.44925393527950724,726.9215495393111,1016.5850240506823,0
197.57529021805277,0.44033846645567487,727.0507646773783,1018.7960603189927,0
197.57529021805277,0.42985182158893914,727.0507646773783,1021.3967482459432,0
198.00705123065356,0.4198944581572536,727.1841788302719,1023.8661743770011,0
198.00705123065356,0.4114916025062242,727.1841788302719,1025.9500825784564,0
198.00705123065356,0.4046683852466237,727.1841788302719,1027.6422404588375,0
198.43222361549888,0.4041473097252952,727.3155570971892,1027.7714671881267,0
198.43222361549888,0.4009962388561592,727.3155570971892,1028.5529327636725,0
198.86398462809967,0.42828038911123195,727.4489712500828,1021.7864635004145,0
198.86398462809967,0.421465634200157,727.4489712500828,1023.4765227183611,0
198.86398462809967,0.4125334971140774,727.4489712500828,1025.6916927157088,0
199.2821565959548,0.4340447870659283,727.57818638815,1020.3568928076498,0
199.2821565959548,0.43247335458822117,727.57818638815,1020.7466080621213,0
199.2821565959548,0.4319525355016965,727.57818638815,1020.8757711955793,0
199.71412350317294,0.4277593135899035,727.7116641624804,1021.915690229704,0
199.71412350317294,0.4209448151136323,727.7116641624804,1023.6056858518192,0
200.13908999340092,0.41884410120087495,727.8429788079609,1024.1266629021832,0
200.13908999340092,0.4151719548104104,727.8429788079609,1025.0373552070182,0
200.13908999340092,0.41307124089765307,727.8429788079609,1025.558332257382,0
200.5708510060017,0.44085954197700333,727.9763929608545,1018.6668335897032,0
200.5708510060017,0.4303726406754638,727.9763929608545,1021.267585112485,0
200.98922886847419,0.4471532213667499,728.1056717203585,1017.1060011010461,0
200.98922886847419,0.4461028644103712,728.1056717203585,1017.366489626228,0
200.98922886847419,0.4455817888890427,728.1056717203585,1017.4957163555174,0
201.42098988107495,0.4471532213667499,728.2390858732522,1017.1060011010461,0
201.42098988107495,0.4466321458454214,728.2390858732522,1017.2352278303356,0
201.42098988107495,0.445060969802518,728.2390858732522,1017.6248794889756,0
201.8459563713029,0.44033846645567487,728.3704005187326,1018.7960603189927,0
201.8459563713029,0.435095144022307,728.3704005187326,1020.0964042824679,0
202.27112875614822,0.435095144022307,728.5017787856498,1020.0964042824679,0
202.27112875614822,0.43352371154459984,728.5017787856498,1020.4861195369393,0
202.27112875614822,0.43299443010954963,728.5017787856498,1020.6173813328318,0
202.69609524637616,0.4424391803684322,728.6330934311302,1018.2750832686289,0
202.69609524637616,0.43771693345639284,728.6330934311302,1019.4462005028146,0
203.12785625897695,0.47494152244610016,728.7665075840239,1010.2145024333672,0
203.12785625897695,0.46550497810093927,728.7665075840239,1012.5547654309671,0
203.12785625897695,0.4529260816699717,728.7665075840239,1015.6743317458471,0
203.55302864382227,0.48020997549024075,728.8978858509411,1008.9079260784204,0
203.55302864382227,0.47705890462110473,728.8978858509411,1009.689391653966,0
203.97799513405022,0.47284080853334276,729.0292004964215,1010.7354794837311,0
203.97799513405022,0.4660260536222678,729.0292004964215,1012.4255387016776,0
204.4029616242782,0.45763986623348557,729.1605151419019,1014.5053131740956,0
204.4029616242782,0.4508253677572144,729.1605151419019,1016.1953087962108,0
204.4029616242782,0.4466321458454214,729.1605151419019,1017.2352278303356,0
204.83492853149633,0.445060969802518,729.2939929162324,1017.6248794889756,0
204.83492853149633,0.44085954197700333,729.2939929162324,1018.6668335897032,0
205.25989502172425,0.4314229976318425,729.4253075617128,1021.0070965873031,0
205.25989502172425,0.41831456333102096,729.4253075617128,1024.257988293907,0
205.25989502172425,0.40624802363805257,729.4253075617128,1027.250490137763,0
205.69165603432504,0.39680327337917,729.5587217146065,1029.592788201966,0
205.69165603432504,0.38998851846809496,729.5587217146065,1031.2828474199125,0
205.69165603432504,0.38317376355701993,729.5587217146065,1032.972906637859,0
206.11003389679752,0.38527447746977733,729.6880004741104,1032.4519295874952,0
206.11003389679752,0.3800226926878839,729.6880004741104,1033.7543722134048,0
206.5417949093983,0.4177937442444963,729.8214146270041,1024.3871514273649,0
206.5417949093983,0.4072901746807095,729.8214146270041,1026.9920366791841,0
206.5417949093983,0.39523209733626663,729.8214146270041,1029.9824398606058,0
206.95996687725344,0.4277593135899035,729.9506297650713,1021.915690229704,0
206.95996687725344,0.42512931824209593,729.9506297650713,1022.5679290759603,0
207.39193378447158,0.4371958579350643,730.0841075394017,1019.5754272321041,0
207.39193378447158,0.43352371154459984,730.0841075394017,1020.4861195369393,0
207.39193378447158,0.4303726406754638,730.0841075394017,1021.267585112485,0
207.81690027469955,0.4382377525429175,730.2154221848822,1019.3170373693565,0
207.81690027469955,0.43614550097868565,730.2154221848822,1019.835915757286,0
207.81690027469955,0.4319525355016965,730.2154221848822,1020.8757711955793,0
208.2418667649275,0.4303726406754638,730.3467368303626,1021.267585112485,0
208.2418667649275,0.42985182158893914,730.3467368303626,1021.3967482459432,0
208.6670391497728,0.4303726406754638,730.4781150972798,1021.267585112485,0
208.6670391497728,0.42985182158893914,730.4781150972798,1021.3967482459432,0
208.6670391497728,0.42565859967714614,730.4781150972798,1022.4366672800678,0
209.09200564000074,0.41727266872316776,730.6094297427602,1024.5163781566544,0
209.09200564000074,0.40834053163708817,730.6094297427602,1026.7315481540022,0
209.52376665260152,0.4015257767260132,730.7428438956539,1028.4216073719488,0
209.52376665260152,0.3983747058568772,730.7428438956539,1029.2030729474945,0
209.52376665260152,0.39785363033554866,730.7428438956539,1029.332299676784,0
209.94214451507403,0.4104412455498455,730.8721226551578,1026.2105711036384,0
209.94214451507403,0.4046683852466237,730.8721226551578,1027.6422404588375,0
209.94214451507403,0.4015257767260132,730.8721226551578,1028.4216073719488,0
210.38070005004764,0.4319525355016965,731.0076363154647,1020.8757711955793,0
210.38070005004764,0.4204152772437783,731.0076363154647,1023.7370112435431,0
210.79887201790277,0.44138882341205354,731.1368514535319,1018.5355717938107,0
210.79887201790277,0.44085954197700333,731.1368514535319,1018.6668335897032,0
210.79887201790277,0.43614550097868565,731.1368514535319,1019.835915757286,0
211.2308389251209,0.4293307460676107,731.2703292278624,1021.5259749752327,0
211.2308389251209,0.4235578857643888,731.2703292278624,1022.9576443304317,0
211.64901089297604,0.4272300321548533,731.3995443659296,1022.0469520255964,0
211.64901089297604,0.4240874236342428,731.3995443659296,1022.8263189387078,0
211.64901089297604,0.421465634200157,731.3995443659296,1023.4765227183611,0
212.0807719055768,0.445060969802518,731.5329585188232,1017.6248794889756,0
212.0807719055768,0.4382377525429175,731.5329585188232,1019.3170373693565,0
212.0807719055768,0.4319525355016965,731.5329585188232,1020.8757711955793,0
212.50594429042212,0.4471532213667499,731.6643367857404,1017.1060011010461,0
212.50594429042212,0.44348107497628536,731.6643367857404,1018.0166934058813,0
212.9377053030229,0.435095144022307,731.7977509386341,1020.0964042824679,0
212.9377053030229,0.4272300321548533,731.7977509386341,1022.0469520255964,0
212.9377053030229,0.42198670972148544,731.7977509386341,1023.3472959890717,0
213.35587727087804,0.421465634200157,731.9269660767013,1023.4765227183611,0
213.35587727087804,0.4198944581572536,731.9269660767013,1023.8661743770011,0
213.78784417809618,0.45134618684373906,732.0604438510317,1016.0661456627528,0
213.78784417809618,0.4392881094992962,732.0604438510317,1019.0565488441746,0
213.78784417809618,0.4277593135899035,732.0604438510317,1021.915690229704,0
214.21281066832412,0.4613120126239501,732.1917584965121,1013.5946208692604,0
214.21281066832412,0.46079093710262164,732.1917584965121,1013.7238475985499,0
214.2148696144977,0.46130970471071586,732.1923947108797,1013.5951932317425,0
214.2148696144977,0.456066382277348,732.1923947108797,1014.8955371952178,0
214.63324747697018,0.44715091345351565,732.3216734703838,1017.1065734635282,0
214.63324747697018,0.43928580158606195,732.3216734703838,1019.0571212066567,0
215.06500848957097,0.4335214036313656,732.4550876232774,1020.4866918994214,0
215.06500848957097,0.42775700567666924,732.4550876232774,1021.9162625921861,0
215.06500848957097,0.42303475876462987,732.4550876232774,1023.0873798263718,0
215.48997497979894,0.4198921502440194,732.5864022687579,1023.8667467394832,0
215.92173599239973,0.43457176058774427,732.7198164216514,1020.2262033742395,0
215.92173599239973,0.4298495136757049,732.7198164216514,1021.3973206084253,0
215.92173599239973,0.4246059348075332,732.7198164216514,1022.6977281677318,0
216.34011385487221,0.5294905903459605,732.8490951811555,996.6863335942019,0
216.34011385487221,0.4387647260647335,732.8490951811555,1019.1863479359462,0
220.18581351789436,0.4193626123741654,734.0374163770293,1023.998072131207,0
220.18581351789436,0.41148929459299,734.0374163770293,1025.9506549409386,0
220.18581351789436,0.3989016793786931,734.0374163770293,1029.072383514084,0
220.6107800081223,0.42932843815437643,734.1687310225097,1021.5265473377146,0
220.6107800081223,0.4287991567193262,734.1687310225097,1021.6578091336072,0
220.6107800081223,0.4246059348075332,734.1687310225097,1022.6977281677318,0
221.03574649835025,0.4272277242416191,734.3000456679902,1022.0475243880785,0
221.03574649835025,0.42355557785115455,734.3000456679902,1022.9582166929138,0
221.46091888319557,0.4246059348075332,734.4314239349075,1022.6977281677318,0
221.46091888319557,0.4219844018082512,734.4314239349075,1023.3478683515538,0
221.46091888319557,0.42146332628692273,734.4314239349075,1023.4770950808432,0
221.89267989579636,0.4298495136757049,734.564838087801,1021.3973206084253,0
221.89267989579636,0.4272277242416191,734.564838087801,1022.0475243880785,0
222.31105775826884,0.4403361585424406,734.694116847305,1018.7966326814748,0
222.31105775826884,0.43719355002183014,734.694116847305,1019.5759995945862,0
222.31105775826884,0.4335214036313656,734.694116847305,1020.4866918994214,0
222.74961329324245,0.4403361585424406,734.8296305076119,1018.7966326814748,0
223.16778526109758,0.43928580158606195,734.9588456456792,1019.0571212066567,0
223.16778526109758,0.4387647260647335,734.9588456456792,1019.1863479359462,0
223.16778526109758,0.4382354446296833,734.9588456456792,1019.3176097318386,0
223.59954627369837,0.43666401215197614,735.0922597985727,1019.70732498631,0
223.59954627369837,0.4335214036313656,735.0922597985727,1020.4866918994214,0
224.01792413617082,0.42932843815437643,735.2215385580768,1021.5265473377146,0
224.01792413617082,0.4246059348075332,735.2215385580768,1022.6977281677318,0
224.01792413617082,0.4225052208947759,735.2215385580768,1023.2187052180956,0
224.4496851487716,0.42041296933054406,735.3549527109705,1023.7375836060252,0
224.4496851487716,0.4188417932876407,735.3549527109705,1024.1272352646652,0
224.4496851487716,0.4183122554177867,735.3549527109705,1024.258560656389,0
224.87465163899958,0.4193626123741654,735.4862673564509,1023.998072131207,0
224.87465163899958,0.4188417932876407,735.4862673564509,1024.1272352646652,0
225.30661854621772,0.4198921502440194,735.6197451307812,1023.8667467394832,0
225.30661854621772,0.4188417932876407,735.6197451307812,1024.1272352646652,0
225.72479051407285,0.4193626123741654,735.7489602688485,1023.998072131207,0
225.72479051407285,0.4162200038535549,735.7489602688485,1024.7774390443185,0
225.72479051407285,0.41359821441946903,735.7489602688485,1025.4276428239718,0
226.15655152667364,0.4156907224185047,735.8823744217422,1024.908700840211,0
226.15655152667364,0.41359821441946903,735.8823744217422,1025.4276428239718,0
226.58172391151896,0.42146332628692273,736.0137526886593,1023.4770950808432,0
226.58172391151896,0.42094250720039805,736.0137526886593,1023.6062582143013,0
226.58172391151896,0.4198921502440194,736.0137526886593,1023.8667467394832,0
227.0066904017469,0.4219844018082512,736.1450673341398,1023.3478683515538,0
227.0066904017469,0.4198921502440194,736.1450673341398,1023.8667467394832,0
227.43186278659223,0.4303703327622296,736.2764456010569,1021.2681574749671,0
227.43186278659223,0.42932843815437643,736.2764456010569,1021.5265473377146,0
227.43186278659223,0.4261773672852404,736.2764456010569,1022.3080129132604,0
227.85682927682015,0.42827808119799776,736.4077602465374,1021.7870358628966,0
227.85682927682015,0.4256562917639119,736.4077602465374,1022.4372396425499,0
228.28859028942094,0.42775700567666924,736.541174399431,1021.9162625921861,0
228.28859028942094,0.42670664872029057,736.541174399431,1022.176751117368,0
228.28859028942094,0.42408511572100854,736.541174399431,1022.8268913011899,0
228.70696815189342,0.42827808119799776,736.6704531589351,1021.7870358628966,0
228.70696815189342,0.4272277242416191,736.6704531589351,1022.0475243880785,0
229.1387291644942,0.4298495136757049,736.8038673118286,1021.3973206084253,0
229.1387291644942,0.4287991567193262,736.8038673118286,1021.6578091336072,0
229.56369565472218,0.4303703327622296,736.9351819573092,1021.2681574749671,0
229.56369565472218,0.42775700567666924,736.9351819573092,1021.9162625921861,0
229.99545666732297,0.42408511572100854,737.0685961102027,1022.8268913011899,0
229.99545666732297,0.4219844018082512,737.0685961102027,1023.3478683515538,0
230.42062905216827,0.4261773672852404,737.1999743771199,1022.3080129132604,0
230.42062905216827,0.42408511572100854,737.1999743771199,1022.8268913011899,0
230.42062905216827,0.42146332628692273,737.1999743771199,1023.4770950808432,0
230.84559554239624,0.43299212219631544,737.3312890226005,1020.6179536953139,0
230.84559554239624,0.4303703327622296,737.3312890226005,1021.2681574749671,0
230.84559554239624,0.42827808119799776,737.3312890226005,1021.7870358628966,0
231.2707679272415,0.43719355002183014,737.4626672895176,1019.5759995945862,0
231.2707679272415,0.43614319306545146,737.4626672895176,1019.8364881197681,0
231.69573441746948,0.43562211754412294,737.593981934998,1019.9657148490576,0
231.69573441746948,0.43142068971860825,737.593981934998,1021.0076689497852,0
231.69573441746948,0.4256562917639119,737.593981934998,1022.4372396425499,0
232.12070090769743,0.4193626123741654,737.7252965804785,1023.998072131207,0
232.12070090769743,0.41253118920084314,737.7252965804785,1025.692265078191,0
232.5524619202982,0.40466607733338944,737.8587107333722,1027.6428128213195,0
232.5524619202982,0.3983806038573646,737.8587107333722,1029.2016102433736,0
232.5524619202982,0.3957590708580826,737.8587107333722,1029.8517504271956,0
232.97763430514354,0.40152346881277895,737.9900890002893,1028.422179734431,0
232.97763430514354,0.39733024690098595,737.9900890002893,1029.4620987685555,0
233.40260079537148,0.41359821441946903,738.1214036457698,1025.4276428239718,0
233.40260079537148,0.40938858068023265,738.1214036457698,1026.4716319913023,0
233.40260079537148,0.4057164342897681,738.1214036457698,1027.3823242961375,0
233.8277731802168,0.4272277242416191,738.2527819126869,1022.0475243880785,0
233.8277731802168,0.42512701032886174,738.2527819126869,1022.5685014384424,0
233.8277731802168,0.4198921502440194,738.2527819126869,1023.8667467394832,0
234.2595341928176,0.42775700567666924,738.3861960655806,1021.9162625921861,0
234.2595341928176,0.4272277242416191,738.3861960655806,1022.0475243880785,0
234.6777061606727,0.44243687245519797,738.5154112036479,1018.2756556311109,0
234.6777061606727,0.43719355002183014,738.5154112036479,1019.5759995945862,0
234.6777061606727,0.43142068971860825,738.5154112036479,1021.0076689497852,0
235.1162616956463,0.4476719889748441,738.6509248639547,1016.9773467342387,0
235.1162616956463,0.446100556497137,738.6509248639547,1017.3670619887101,0
235.53463955811878,0.4482012704098943,738.7802036234586,1016.8460849383463,0
235.53463955811878,0.44662983793218713,738.7802036234586,1017.2358001928176,0
235.53463955811878,0.44243687245519797,738.7802036234586,1018.2756556311109,0
235.9664005707196,0.43299212219631544,738.9136177763523,1020.6179536953139,0
235.9664005707196,0.42303475876462987,738.9136177763523,1023.0873798263718,0
236.38477843319208,0.41516964689717617,739.0428965358564,1025.0379275695004,0
236.38477843319208,0.41148929459299,739.0428965358564,1025.9506549409386,0
236.38477843319208,0.410959756723136,739.0428965358564,1026.0819803326624,0
236.81653944579287,0.42408511572100854,739.1763106887499,1022.8268913011899,0
236.81653944579287,0.4188417932876407,739.1763106887499,1024.1272352646652,0
236.81653944579287,0.41307739533294435,739.1763106887499,1025.5568059574298,0
237.24150593602081,0.4272277242416191,739.3076253342304,1022.0475243880785,0
237.24150593602081,0.4261773672852404,739.3076253342304,1022.3080129132604,0
237.6732669486216,0.42094250720039805,739.441039487124,1023.6062582143013,0
237.6732669486216,0.41253118920084314,739.441039487124,1025.692265078191,0
237.6732669486216,0.4036241827255363,739.441039487124,1027.9012026840671,0
238.09164481109408,0.3962798899446073,739.5703182466281,1029.7225872937374,0
238.09164481109408,0.39156610538109343,739.5703182466281,1030.8916058654888,0
238.52340582369484,0.40310310720420783,739.7037323995216,1028.0304294133566,0
238.52340582369484,0.39365835694532525,739.7037323995216,1030.3727274775595,0
238.52340582369484,0.39051574842471476,739.7037323995216,1031.1520943906708,0
238.94837231392282,0.4225052208947759,739.8350470450022,1023.2187052180956,0
238.94837231392282,0.41307739533294435,739.8350470450022,1025.5568059574298,0
239.37354469876811,0.4445291240194298,739.9664253119194,1017.7567772431814,0
239.37354469876811,0.4382354446296833,739.9664253119194,1019.3176097318386,0
239.37354469876811,0.4303703327622296,739.9664253119194,1021.2681574749671,0
239.7985111889961,0.4487223459312228,740.0977399573998,1016.7168582090568,0
239.7985111889961,0.4482012704098943,740.0977399573998,1016.8460849383463,0
239.7985111889961,0.446100556497137,740.0977399573998,1017.3670619887101,0
240.22368357384138,0.4413865154988193,740.229118224317,1018.5361441562928,0
240.22368357384138,0.43457176058774427,740.229118224317,1020.2262033742395,0
240.65544458644217,0.4287991567193262,740.3625323772106,1021.6578091336072,0
240.65544458644217,0.4225052208947759,740.3625323772106,1023.2187052180956,0
240.65544458644217,0.4183122554177867,740.3625323772106,1024.258560656389,0
241.0736165542973,0.4225052208947759,740.4917475152779,1023.2187052180956,0
241.0736165542973,0.4198921502440194,740.4917475152779,1023.8667467394832,0
241.0736165542973,0.41779143633126203,740.4917475152779,1024.387723789847,0
241.50558346151544,0.42827808119799776,740.6252252896082,1021.7870358628966,0
241.50558346151544,0.4256562917639119,740.6252252896082,1022.4372396425499,0
241.9305499517434,0.4298495136757049,740.7565399350887,1021.3973206084253,0
241.9305499517434,0.42932843815437643,740.7565399350887,1021.5265473377146,0
241.9305499517434,0.42827808119799776,740.7565399350887,1021.7870358628966,0
242.36231096434418,0.4256562917639119,740.8899540879823,1022.4372396425499,0
242.36231096434418,0.42355557785115455,740.8899540879823,1022.9582166929138,0
242.80086649931778,0.42670664872029057,741.0254677482892,1022.176751117368,0
242.80086649931778,0.4261773672852404,741.0254677482892,1022.3080129132604,0
242.80086649931778,0.42355557785115455,741.0254677482892,1022.9582166929138,0
243.22583298954575,0.42512701032886174,741.1567823937696,1022.5685014384424,0
243.22583298954575,0.4219844018082512,741.1567823937696,1023.3478683515538,0
243.65100537439105,0.4183122554177867,741.2881606606868,1024.258560656389,0
243.65100537439105,0.41516964689717617,741.2881606606868,1025.0379275695004,0
243.65100537439105,0.41148929459299,741.2881606606868,1025.9506549409386,0
244.08276638699184,0.4104389376366113,741.4215748135805,1026.2111434661203,0
244.08276638699184,0.408338223723854,741.4215748135805,1026.7321205164842,0
244.08276638699184,0.407296072681197,741.4215748135805,1026.9905739750632,0
244.5077328772198,0.42355557785115455,741.5528894590609,1022.9582166929138,0
244.5077328772198,0.41727036080993357,741.5528894590609,1024.5169505191366,0
244.9394938898206,0.43089987063208357,741.6863036119545,1021.1368320832433,0
244.9394938898206,0.4303703327622296,741.6863036119545,1021.2681574749671,0
244.9394938898206,0.4272277242416191,741.6863036119545,1022.0475243880785,0
245.35787175229308,0.43089987063208357,741.8155823714585,1021.1368320832433,0
245.35787175229308,0.4298495136757049,741.8155823714585,1021.3973206084253,0
245.78963276489384,0.42775700567666924,741.9489965243522,1021.9162625921861,0
245.78963276489384,0.42512701032886174,741.9489965243522,1022.5685014384424,0
245.78963276489384,0.4198921502440194,741.9489965243522,1023.8667467394832,0
246.20801062736632,0.41253118920084314,742.0782752838562,1025.692265078191,0
246.20801062736632,0.40519535876843965,742.0782752838562,1027.511551025427,0
246.64656616233995,0.3989016793786931,742.2137889441631,1029.072383514084,0
246.64656616233995,0.39365835694532525,742.2137889441631,1030.3727274775595,0
246.64656616233995,0.39051574842471476,742.2137889441631,1031.1520943906708,0
247.06473813019508,0.39523799533675413,742.3430040822302,1029.980977156485,0
247.06473813019508,0.39156610538109343,742.3430040822302,1030.8916058654888,0
247.06473813019508,0.38998621055486077,742.3430040822302,1031.2834197823945,0
247.49670503741322,0.41253118920084314,742.4764818565607,1025.692265078191,0
247.49670503741322,0.4025738257691576,742.4764818565607,1028.161691209249,0
247.92167152764117,0.42408511572100854,742.6077965020411,1022.8268913011899,0
247.92167152764117,0.42303475876462987,742.6077965020411,1023.0873798263718,0
247.92167152764117,0.42094250720039805,742.6077965020411,1023.6062582143013,0
248.34663801786914,0.4188417932876407,742.7391111475215,1024.1272352646652,0
248.34663801786914,0.41516964689717617,742.7391111475215,1025.0379275695004,0
248.77181040271444,0.4183122554177867,742.8704894144387,1024.258560656389,0
248.77181040271444,0.41727036080993357,742.8704894144387,1024.5169505191366,0
248.77181040271444,0.41516964689717617,742.8704894144387,1025.0379275695004,0
249.20357141531522,0.41779143633126203,743.0039035673324,1024.387723789847,0
249.20357141531522,0.41516964689717617,743.0039035673324,1025.0379275695004,0
249.20357141531522,0.414127752289323,743.0039035673324,1025.2963174322479,0
249.62853790554317,0.41516964689717617,743.1352182128128,1025.0379275695004,0
250.05371029038847,0.4156907224185047,743.26659647973,1024.908700840211,0
250.05371029038847,0.41516964689717617,743.26659647973,1025.0379275695004,0
250.4786767806164,0.4198921502440194,743.3979111252105,1023.8667467394832,0
250.4786767806164,0.41674107937488336,743.3979111252105,1024.648212315029,0
250.89705464308892,0.4261773672852404,743.5271898847144,1022.3080129132604,0
250.89705464308892,0.42408511572100854,743.5271898847144,1022.8268913011899,0
251.3288156556897,0.42041296933054406,743.6606040376081,1023.7375836060252,0
251.3288156556897,0.41779143633126203,743.6606040376081,1024.387723789847,0
251.75378214591765,0.4225052208947759,743.7919186830885,1023.2187052180956,0
251.75378214591765,0.4193626123741654,743.7919186830885,1023.998072131207,0
251.75378214591765,0.41779143633126203,743.7919186830885,1024.387723789847,0
252.18554315851844,0.4256562917639119,743.9253328359822,1022.4372396425499,0
252.18554315851844,0.4246059348075332,743.9253328359822,1022.6977281677318,0
252.61071554336374,0.4256562917639119,744.0567111028994,1022.4372396425499,0
252.61071554336374,0.4246059348075332,744.0567111028994,1022.6977281677318,0
253.0356820335917,0.42408511572100854,744.1880257483798,1022.8268913011899,0
253.0356820335917,0.42355557785115455,744.1880257483798,1022.9582166929138,0
253.0356820335917,0.4225052208947759,744.1880257483798,1023.2187052180956,0
253.46064852381966,0.4225052208947759,744.3193403938602,1023.2187052180956,0
253.8926154310378,0.4219844018082512,744.4528181681907,1023.3478683515538,0
253.8926154310378,0.42094250720039805,744.4528181681907,1023.6062582143013,0
253.8926154310378,0.41727036080993357,744.4528181681907,1024.5169505191366,0
254.31758192126574,0.4120101136795147,744.5841328136711,1025.8214918074805,0
254.31758192126574,0.40781714820252546,744.5841328136711,1026.8613472457737,0
254.7425484114937,0.408338223723854,744.7154474591515,1026.7321205164842,0
254.7425484114937,0.4062457157248183,744.7154474591515,1027.251062500245,0
254.7425484114937,0.4057164342897681,744.7154474591515,1027.3823242961375,0
255.16772079633904,0.414127752289323,744.8468257260687,1025.2963174322479,0
255.16772079633904,0.41307739533294435,744.8468257260687,1025.5568059574298,0
255.16772079633904,0.410959756723136,744.8468257260687,1026.0819803326624,0
255.59268728656698,0.4146485713758477,744.9781403715492,1025.16715429879,0
255.59268728656698,0.414127752289323,744.9781403715492,1025.2963174322479,0
256.0178596714123,0.4146485713758477,745.1095186384664,1025.16715429879,0
256.0178596714123,0.4120101136795147,745.1095186384664,1025.8214918074805,0
256.0178596714123,0.40886750515890413,745.1095186384664,1026.6008587205918,0
256.44962068401304,0.4099178621152828,745.24293279136,1026.3403701954098,0
256.44962068401304,0.40781714820252546,745.24293279136,1026.8613472457737,0
256.87458717424107,0.42355557785115455,745.3742474368405,1022.9582166929138,0
256.87458717424107,0.42041296933054406,745.3742474368405,1023.7375836060252,0
256.87458717424107,0.4156907224185047,745.3742474368405,1024.908700840211,0
257.30634818684183,0.42408511572100854,745.5076615897341,1022.8268913011899,0
257.30634818684183,0.42303475876462987,745.5076615897341,1023.0873798263718,0
257.30634818684183,0.4225052208947759,745.5076615897341,1023.2187052180956,0
257.7247260493143,0.42827808119799776,745.6369403492381,1021.7870358628966,0
257.7247260493143,0.42512701032886174,745.6369403492381,1022.5685014384424,0
258.1564870619151,0.42827808119799776,745.7703545021317,1021.7870358628966,0
258.1564870619151,0.42512701032886174,745.7703545021317,1022.5685014384424,0
258.1564870619151,0.4225052208947759,745.7703545021317,1023.2187052180956,0
258.57486492438755,0.4246059348075332,745.8996332616357,1022.6977281677318,0
258.57486492438755,0.42303475876462987,745.8996332616357,1023.0873798263718,0
259.00662593698837,0.42512701032886174,746.0330474145294,1022.5685014384424,0
259.00662593698837,0.42303475876462987,746.0330474145294,1023.0873798263718,0
259.00662593698837,0.4193626123741654,746.0330474145294,1023.998072131207,0
259.4315924272163,0.41674107937488336,746.1643620600098,1024.648212315029,0
259.8633534398171,0.4188417932876407,746.2977762129035,1024.1272352646652,0
259.8633534398171,0.4183122554177867,746.2977762129035,1024.258560656389,0
259.8633534398171,0.41779143633126203,746.2977762129035,1024.387723789847,0
260.2885258246624,0.4162200038535549,746.4291544798207,1024.7774390443185,0
260.71349231489035,0.4183122554177867,746.5604691253011,1024.258560656389,0
260.71349231489035,0.41779143633126203,746.5604691253011,1024.387723789847,0
260.71349231489035,0.41727036080993357,746.5604691253011,1024.5169505191366,0
261.1384588051183,0.414127752289323,746.6917837707815,1025.2963174322479,0
261.1384588051183,0.4099178621152828,746.6917837707815,1026.3403701954098,0
261.5704257123365,0.4057164342897681,746.825261545112,1027.3823242961375,0
261.5704257123365,0.4036241827255363,746.825261545112,1027.9012026840671,0
261.5704257123365,0.40205275024782916,746.825261545112,1028.2909179385385,0
261.9953922025644,0.39995203633507176,746.9565761905924,1028.8118949889022,0
261.9953922025644,0.3978513224223144,746.9565761905924,1029.332872039266,0
261.9953922025644,0.39733024690098595,746.9565761905924,1029.4620987685555,0
262.4203586927923,0.40466607733338944,747.0878908360728,1027.6428128213195,0
262.4203586927923,0.3994309608137433,747.0878908360728,1028.9411217181917,0
262.84553107763765,0.4219844018082512,747.21926910299,1023.3478683515538,0
262.84553107763765,0.41727036080993357,747.21926910299,1024.5169505191366,0
262.84553107763765,0.41148929459299,747.21926910299,1025.9506549409386,0
263.2704975678656,0.4335214036313656,747.3505837484704,1020.4866918994214,0
263.2704975678656,0.4272277242416191,747.3505837484704,1022.0475243880785,0
263.69566995271094,0.446100556497137,747.4819620153877,1017.3670619887101,0
263.69566995271094,0.4450586618892838,747.4819620153877,1017.6254518514577,0
263.69566995271094,0.4408572340637691,747.4819620153877,1018.6674059521853,0
264.12063644293886,0.4434787670630511,747.6132766608681,1018.0172657683634,0
264.12063644293886,0.4403361585424406,747.6132766608681,1018.7966326814748,0
264.5523974555397,0.43614319306545146,747.7466908137617,1019.8364881197681,0
264.5523974555397,0.43195022758846224,747.7466908137617,1020.8763435580614,0
264.5523974555397,0.42512701032886174,747.7466908137617,1022.5685014384424,0
264.97736394576765,0.4156907224185047,747.8780054592422,1024.908700840211,0
264.97736394576765,0.40519535876843965,747.8780054592422,1027.511551025427,0
264.97736394576765,0.39523799533675413,747.8780054592422,1029.980977156485,0
265.402536330613,0.38632252651292176,748.0093837261594,1032.1920134247955,0
265.402536330613,0.3805499226445037,748.0093837261594,1033.623619184163,0
265.8275028208409,0.37740731412389317,748.1406983716398,1034.4029860972746,0
265.8275028208409,0.3768862386025647,748.1406983716398,1034.532212826564,0
265.8275028208409,0.3753066002111358,748.1406983716398,1034.9239631476385,0
266.25926383344165,0.39418763838037546,748.2741125245335,1030.241465681667,0
266.25926383344165,0.38370099351363973,748.2741125245335,1032.8421536086173,0
266.684436218287,0.4193626123741654,748.4054907914507,1023.998072131207,0
266.684436218287,0.414127752289323,748.4054907914507,1025.2963174322479,0
266.684436218287,0.4057164342897681,748.4054907914507,1027.3823242961375,0
267.10940270851495,0.4219844018082512,748.5368054369311,1023.3478683515538,0
267.10940270851495,0.42041296933054406,748.5368054369311,1023.7375836060252,0
267.5345750933603,0.41779143633126203,748.6681837038483,1024.387723789847,0
267.5345750933603,0.41516964689717617,748.6681837038483,1025.0379275695004,0
267.5345750933603,0.4120101136795147,748.6681837038483,1025.8214918074805,0
267.9595415835882,0.40781714820252546,748.7994983493287,1026.8613472457737,0
267.9595415835882,0.4036241827255363,748.7994983493287,1027.9012026840671,0
268.38450807381616,0.404145001812061,748.9308129948091,1027.772039550609,0
268.38450807381616,0.4036241827255363,748.9308129948091,1027.9012026840671,0
268.38450807381616,0.40205275024782916,748.9308129948091,1028.2909179385385,0
268.8162690864169,0.40466607733338944,749.0642271477028,1027.6428128213195,0
268.8162690864169,0.4036241827255363,749.0642271477028,1027.9012026840671,0
268.8162690864169,0.40310310720420783,749.0642271477028,1028.0304294133566,0
269.2414414712623,0.4146485713758477,749.19560541462,1025.16715429879,0
269.2414414712623,0.40938858068023265,749.19560541462,1026.4716319913023,0
269.67320248386307,0.42303475876462987,749.3290195675137,1023.0873798263718,0
269.67320248386307,0.4225052208947759,749.3290195675137,1023.2187052180956,0
269.67320248386307,0.4198921502440194,749.3290195675137,1023.8667467394832,0
270.0915803463355,0.4198921502440194,749.4582983270177,1023.8667467394832,0
270.0915803463355,0.4183122554177867,749.4582983270177,1024.258560656389,0
270.5233413589363,0.42041296933054406,749.5917124799113,1023.7375836060252,0
270.5233413589363,0.4183122554177867,749.5917124799113,1024.258560656389,0
270.5233413589363,0.41727036080993357,749.5917124799113,1024.5169505191366,0
270.94151332679144,0.42670664872029057,749.7209276179785,1022.176751117368,0
270.94151332679144,0.42355557785115455,749.7209276179785,1022.9582166929138,0
271.37327433939225,0.4340424791526941,749.8543417708722,1020.357465170132,0
271.37327433939225,0.43195022758846224,749.8543417708722,1020.8763435580614,0
271.37327433939225,0.42932843815437643,749.8543417708722,1021.5265473377146,0
271.7984467242375,0.43089987063208357,749.9857200377894,1021.1368320832433,0
271.7984467242375,0.42408511572100854,749.9857200377894,1022.8268913011899,0
271.7984467242375,0.41516964689717617,749.9857200377894,1025.0379275695004,0
272.23020773683834,0.4057164342897681,750.119134190683,1027.3823242961375,0
272.23020773683834,0.3989016793786931,750.119134190683,1029.072383514084,0
272.65517422706625,0.3962798899446073,750.2504488361634,1029.7225872937374,0
272.65517422706625,0.39523799533675413,750.2504488361634,1029.980977156485,0
273.0803466119116,0.3957590708580826,750.3818271030807,1029.8517504271956,0
273.0803466119116,0.39418763838037546,750.3818271030807,1030.241465681667,0
273.50531310213955,0.4156907224185047,750.5131417485611,1024.908700840211,0
273.50531310213955,0.408338223723854,750.5131417485611,1026.7321205164842,0
273.50531310213955,0.40152346881277895,750.5131417485611,1028.422179734431,0
273.9370741147403,0.42303475876462987,750.6465559014547,1023.0873798263718,0
273.9370741147403,0.42094250720039805,750.6465559014547,1023.6062582143013,0
274.36224649958564,0.42146332628692273,750.777934168372,1023.4770950808432,0
274.36224649958564,0.41727036080993357,750.777934168372,1024.5169505191366,0
274.36224649958564,0.4104389376366113,750.777934168372,1026.2111434661203,0
274.78721298981355,0.404145001812061,750.9092488138524,1027.772039550609,0
274.78721298981355,0.3962798899446073,750.9092488138524,1029.7225872937374,0
274.78721298981355,0.38894431594700757,750.9092488138524,1031.5418096451422,0
275.21238537465894,0.3847513504700184,751.0406270807696,1032.5816650834354,0
275.21238537465894,0.38370099351363973,751.0406270807696,1032.8421536086173,0
275.63735186488685,0.3947087139017039,751.17194172625,1030.1122389523775,0
275.63735186488685,0.3894653914683361,751.17194172625,1031.4125829158527,0
275.63735186488685,0.38579324507787155,751.17194172625,1032.323275220688,0
276.0623183551148,0.39995203633507176,751.3032563717304,1028.8118949889022,0
276.0623183551148,0.3978513224223144,751.3032563717304,1029.332872039266,0
276.4874907399601,0.39995203633507176,751.4346346386476,1028.8118949889022,0
276.4874907399601,0.3994309608137433,751.4346346386476,1028.9411217181917,0
276.4874907399601,0.3989016793786931,751.4346346386476,1029.072383514084,0
276.91925175256085,0.3994309608137433,751.5680487915413,1028.9411217181917,0
276.91925175256085,0.3983806038573646,751.5680487915413,1029.2016102433736,0
277.3442182427889,0.40466607733338944,751.6993634370217,1027.6428128213195,0
277.3442182427889,0.40310310720420783,751.6993634370217,1028.0304294133566,0
277.3442182427889,0.40152346881277895,751.6993634370217,1028.422179734431,0
277.76939062763415,0.4057164342897681,751.8307417039389,1027.3823242961375,0
277.76939062763415,0.40519535876843965,751.8307417039389,1027.511551025427,0
278.1943571178621,0.404145001812061,751.9620563494194,1027.772039550609,0
278.1943571178621,0.4025738257691576,751.9620563494194,1028.161691209249,0
278.6261181304629,0.4120101136795147,752.095470502313,1025.8214918074805,0
278.6261181304629,0.40938858068023265,752.095470502313,1026.4716319913023,0
278.6261181304629,0.4067667912461468,752.095470502313,1027.1218357709556,0
279.05108462069086,0.41516964689717617,752.2267851477934,1025.0379275695004,0
279.05108462069086,0.41359821441946903,752.2267851477934,1025.4276428239718,0
279.4762570055362,0.41674107937488336,752.3581634147107,1024.648212315029,0
279.4762570055362,0.4162200038535549,752.3581634147107,1024.7774390443185,0
279.90122349576416,0.4146485713758477,752.4894780601911,1025.16715429879,0
279.90122349576416,0.41359821441946903,752.4894780601911,1025.4276428239718,0
280.3263958806094,0.4261773672852404,752.6208563271083,1022.3080129132604,0
280.3263958806094,0.4193626123741654,752.6208563271083,1023.998072131207,0
280.3263958806094,0.41516964689717617,752.6208563271083,1025.0379275695004,0
280.75136237083734,0.4303703327622296,752.7521709725887,1021.2681574749671,0
280.75136237083734,0.4298495136757049,752.7521709725887,1021.3973206084253,0
281.18312338343816,0.4287991567193262,752.8855851254824,1021.6578091336072,0
281.18312338343816,0.42670664872029057,752.8855851254824,1022.176751117368,0
281.18312338343816,0.42408511572100854,752.8855851254824,1022.8268913011899,0
281.6082957682835,0.42146332628692273,753.0169633923996,1023.4770950808432,0
281.6082957682835,0.41779143633126203,753.0169633923996,1024.387723789847,0
281.6082957682835,0.41148929459299,753.0169633923996,1025.9506549409386,0
282.0400567808843,0.4057164342897681,753.1503775452932,1027.3823242961375,0
282.0400567808843,0.4025738257691576,753.1503775452932,1028.161691209249,0
282.4582287487394,0.40100239329145043,753.2795926833604,1028.5514064637202,0
282.4582287487394,0.3994309608137433,753.2795926833604,1028.9411217181917,0
282.4582287487394,0.3978513224223144,753.2795926833604,1029.332872039266,0
282.8899897613402,0.39995203633507176,753.4130068362541,1028.8118949889022,0
282.8899897613402,0.39733024690098595,753.4130068362541,1029.4620987685555,0
283.30836762381267,0.4225052208947759,753.5422855957581,1023.2187052180956,0
283.30836762381267,0.4146485713758477,753.5422855957581,1025.16715429879,0
283.30836762381267,0.4067667912461468,753.5422855957581,1027.1218357709556,0
283.7469231587863,0.42670664872029057,753.677799256065,1022.176751117368,0
283.7469231587863,0.4261773672852404,753.677799256065,1022.3080129132604,0
284.16530102125876,0.42512701032886174,753.8070780155689,1022.5685014384424,0
284.16530102125876,0.42146332628692273,753.8070780155689,1023.4770950808432,0
284.16530102125876,0.41674107937488336,753.8070780155689,1024.648212315029,0
284.5970620338595,0.41148929459299,753.9404921684626,1025.9506549409386,0
284.5970620338595,0.4062457157248183,753.9404921684626,1027.251062500245,0
285.0220285240875,0.40310310720420783,754.071806813943,1028.0304294133566,0
285.0220285240875,0.4025738257691576,754.071806813943,1028.161691209249,0
285.0220285240875,0.40205275024782916,754.071806813943,1028.2909179385385,0
285.4472009089328,0.410959756723136,754.2031850808602,1026.0819803326624,0
285.4472009089328,0.4099178621152828,754.2031850808602,1026.3403701954098,0
285.4472009089328,0.4057164342897681,754.2031850808602,1027.3823242961375,0
285.8721673991608,0.40938858068023265,754.3344997263406,1026.4716319913023,0
285.8721673991608,0.40519535876843965,754.3344997263406,1027.511551025427,0
286.30392841176155,0.40205275024782916,754.4679138792343,1028.2909179385385,0
286.30392841176155,0.39995203633507176,754.4679138792343,1028.8118949889022,0
286.30392841176155,0.3989016793786931,754.4679138792343,1029.072383514084,0
286.7288949019895,0.3962798899446073,754.5992285247147,1029.7225872937374,0
286.7288949019895,0.39365835694532525,754.5992285247147,1030.3727274775595,0
287.1540672868348,0.3994309608137433,754.7306067916319,1028.9411217181917,0
287.1540672868348,0.3962798899446073,754.7306067916319,1029.7225872937374,0
287.1540672868348,0.39365835694532525,754.7306067916319,1030.3727274775595,0
287.57903377706276,0.40100239329145043,754.8619214371124,1028.5514064637202,0
288.0042061619081,0.3989016793786931,754.9932997040296,1029.072383514084,0
288.0042061619081,0.3983806038573646,754.9932997040296,1029.2016102433736,0
288.0042061619081,0.39680096546593574,754.9932997040296,1029.593360564448,0
288.429172652136,0.3957590708580826,755.12461434951,1029.8517504271956,0
288.429172652136,0.39365835694532525,755.12461434951,1030.3727274775595,0
288.8609336647368,0.3931372814239968,755.2580285024037,1030.501954206849,0
288.8609336647368,0.3920869244676181,755.2580285024037,1030.7624427320309,0
288.8609336647368,0.39156610538109343,755.2580285024037,1030.8916058654888,0
289.2861060495821,0.39733024690098595,755.3894067693209,1029.4620987685555,0
289.2861060495821,0.3957590708580826,755.3894067693209,1029.8517504271956,0
289.7110725398101,0.3947087139017039,755.5207214148013,1030.1122389523775,0
289.7110725398101,0.39418763838037546,755.5207214148013,1030.241465681667,0
290.13603903003803,0.41148929459299,755.6520360602817,1025.9506549409386,0
290.13603903003803,0.404145001812061,755.6520360602817,1027.772039550609,0
290.13603903003803,0.3978513224223144,755.6520360602817,1029.332872039266,0
290.56121141488336,0.4198921502440194,755.7834143271989,1023.8667467394832,0
290.56121141488336,0.41727036080993357,755.7834143271989,1024.5169505191366,0
290.9929724274841,0.4272277242416191,755.9168284800926,1022.0475243880785,0
290.9929724274841,0.42512701032886174,755.9168284800926,1022.5685014384424,0
290.9929724274841,0.42146332628692273,755.9168284800926,1023.4770950808432,0
291.41793891771204,0.4261773672852404,756.048143125573,1022.3080129132604,0
291.41793891771204,0.4193626123741654,756.048143125573,1023.998072131207,0
291.8431113025574,0.41307739533294435,756.1795213924902,1025.5568059574298,0
291.8431113025574,0.41148929459299,756.1795213924902,1025.9506549409386,0
291.8431113025574,0.4104389376366113,756.1795213924902,1026.2111434661203,0
292.26807779278533,0.41779143633126203,756.3108360379706,1024.387723789847,0
292.26807779278533,0.41516964689717617,756.3108360379706,1025.0379275695004,0
292.6930442830133,0.41779143633126203,756.4421506834511,1024.387723789847,0
292.6930442830133,0.4156907224185047,756.4421506834511,1024.908700840211,0
292.6930442830133,0.41516964689717617,756.4421506834511,1025.0379275695004,0
293.11821666785863,0.4146485713758477,756.5735289503683,1025.16715429879,0
293.11821666785863,0.41148929459299,756.5735289503683,1025.9506549409386,0
293.54997768045945,0.4062457157248183,756.7069431032619,1027.251062500245,0
293.54997768045945,0.4004731118564003,756.7069431032619,1028.6826682596127,0
293.54997768045945,0.39680096546593574,756.7069431032619,1029.593360564448,0
293.97494417068737,0.39418763838037546,756.8382577487424,1030.241465681667,0
293.97494417068737,0.39365835694532525,756.8382577487424,1030.3727274775595,0
294.4067051832882,0.39995203633507176,756.971671901636,1028.8118949889022,0
294.4067051832882,0.39733024690098595,756.971671901636,1029.4620987685555,0
294.4067051832882,0.39523799533675413,756.971671901636,1029.980977156485,0
294.8250830457606,0.408338223723854,757.10095066114,1026.7321205164842,0
294.8250830457606,0.4062457157248183,757.10095066114,1027.251062500245,0
294.8250830457606,0.40310310720420783,757.10095066114,1028.0304294133566,0
295.25684405836137,0.408338223723854,757.2343648140336,1026.7321205164842,0
295.25684405836137,0.4067667912461468,757.2343648140336,1027.1218357709556,0
295.68201644320675,0.40466607733338944,757.3657430809509,1027.6428128213195,0
295.68201644320675,0.40205275024782916,757.3657430809509,1028.2909179385385,0
295.68201644320675,0.3994309608137433,757.3657430809509,1028.9411217181917,0
296.1137774558075,0.3983806038573646,757.4991572338445,1029.2016102433736,0
296.1137774558075,0.39733024690098595,757.4991572338445,1029.4620987685555,0
296.53194942366264,0.39680096546593574,757.6283723719117,1029.593360564448,0
296.53194942366264,0.39523799533675413,757.6283723719117,1029.980977156485,0
296.96391633088075,0.3989016793786931,757.7618501462422,1029.072383514084,0
296.96391633088075,0.39680096546593574,757.7618501462422,1029.593360564448,0
297.3888828211087,0.404145001812061,757.8931647917226,1027.772039550609,0
297.3888828211087,0.40100239329145043,757.8931647917226,1028.5514064637202,0
297.3888828211087,0.39995203633507176,757.8931647917226,1028.8118949889022,0
297.8138493113367,0.41779143633126203,758.024479437203,1024.387723789847,0
297.8138493113367,0.4146485713758477,758.024479437203,1025.16715429879,0
297.8138493113367,0.40938858068023265,758.024479437203,1026.4716319913023,0
298.239021696182,0.41674107937488336,758.1558577041202,1024.648212315029,0
298.239021696182,0.4156907224185047,758.1558577041202,1024.908700840211,0
298.6707827087828,0.4146485713758477,758.2892718570139,1025.16715429879,0
298.6707827087828,0.41359821441946903,758.2892718570139,1025.4276428239718,0
298.6707827087828,0.4120101136795147,758.2892718570139,1025.8214918074805,0
299.0957491990107,0.410959756723136,758.4205865024943,1026.0819803326624,0
299.0957491990107,0.40938858068023265,758.4205865024943,1026.4716319913023,0
299.520921583856,0.408338223723854,758.5519647694115,1026.7321205164842,0
299.520921583856,0.4067667912461468,758.5519647694115,1027.1218357709556,0
299.520921583856,0.4062457157248183,758.5519647694115,1027.251062500245,0
299.945888074084,0.40781714820252546,758.6832794148919,1026.8613472457737,0
300.37085456431197,0.408338223723854,758.8145940603723,1026.7321205164842,0
300.37085456431197,0.407296072681197,758.8145940603723,1026.9905739750632,0
300.37085456431197,0.4057164342897681,758.8145940603723,1027.3823242961375,0
300.79602694915724,0.4036241827255363,758.9459723272896,1027.9012026840671,0
300.79602694915724,0.40100239329145043,758.9459723272896,1028.5514064637202,0
301.22778796175805,0.3978513224223144,759.0793864801832,1029.332872039266,0
301.22778796175805,0.3926164623374721,759.0793864801832,1030.631117340307,0
301.22778796175805,0.38579324507787155,759.0793864801832,1032.323275220688,0
301.652754451986,0.38212956103593254,759.2107011256636,1033.2318688630887,0
301.652754451986,0.3816002796008824,759.2107011256636,1033.3631306589812,0
302.0779268368313,0.39733024690098595,759.3420793925809,1029.4620987685555,0
302.0779268368313,0.3920869244676181,759.3420793925809,1030.7624427320309,0
302.0779268368313,0.38632252651292176,759.3420793925809,1032.1920134247955,0
302.50289332705927,0.41253118920084314,759.4733940380613,1025.692265078191,0
302.50289332705927,0.40781714820252546,759.4733940380613,1026.8613472457737,0
302.50289332705927,0.4025738257691576,759.4733940380613,1028.161691209249,0
302.9278598172872,0.41516964689717617,759.6047086835417,1025.0379275695004,0
302.9278598172872,0.41307739533294435,759.6047086835417,1025.5568059574298,0
303.35982672450535,0.407296072681197,759.7381864578721,1026.9905739750632,0
303.35982672450535,0.40152346881277895,759.7381864578721,1028.422179734431,0
303.35982672450535,0.3994309608137433,759.7381864578721,1028.9411217181917,0
303.7847932147333,0.4036241827255363,759.8695011033526,1027.9012026840671,0
303.7847932147333,0.4004731118564003,759.8695011033526,1028.6826682596127,0
304.2097597049613,0.40781714820252546,760.000815748833,1026.8613472457737,0
304.2097597049613,0.407296072681197,760.000815748833,1026.9905739750632,0
304.2097597049613,0.4057164342897681,760.000815748833,1027.3823242961375,0
304.63493208980657,0.4120101136795147,760.1321940157502,1025.8214918074805,0
304.63493208980657,0.40886750515890413,760.1321940157502,1026.6008587205918,0
305.05989858003454,0.41307739533294435,760.2635086612306,1025.5568059574298,0
305.05989858003454,0.410959756723136,760.2635086612306,1026.0819803326624,0
305.05989858003454,0.4057164342897681,760.2635086612306,1027.3823242961375,0
305.48507096487987,0.39995203633507176,760.3948869281478,1028.8118949889022,0
305.48507096487987,0.3962798899446073,760.3948869281478,1029.7225872937374,0
305.9168319774806,0.3931372814239968,760.5283010810415,1030.501954206849,0
305.9168319774806,0.3926164623374721,760.5283010810415,1030.631117340307,0
305.9168319774806,0.3920869244676181,760.5283010810415,1030.7624427320309,0
306.3417984677086,0.3957590708580826,760.6596157265219,1029.8517504271956,0
306.3417984677086,0.39365835694532525,760.6596157265219,1030.3727274775595,0
306.77355948030936,0.3989016793786931,760.7930298794156,1029.072383514084,0
306.77355948030936,0.3983806038573646,760.7930298794156,1029.2016102433736,0
306.77355948030936,0.3978513224223144,760.7930298794156,1029.332872039266,0
307.19193734278184,0.39733024690098595,760.9223086389196,1029.4620987685555,0
307.19193734278184,0.39680096546593574,760.9223086389196,1029.593360564448,0
307.19193734278184,0.3957590708580826,760.9223086389196,1029.8517504271956,0
307.6236983553826,0.3947087139017039,761.0557227918132,1030.1122389523775,0
307.6236983553826,0.39418763838037546,761.0557227918132,1030.241465681667,0
308.04207621785514,0.40781714820252546,761.1850015513172,1026.8613472457737,0
308.04207621785514,0.40205275024782916,761.1850015513172,1028.2909179385385,0
308.04207621785514,0.39680096546593574,761.1850015513172,1029.593360564448,0
308.4804258582114,0.4193626123741654,761.3204515901873,1023.998072131207,0
308.4804258582114,0.41359821441946903,761.3204515901873,1025.4276428239718,0
308.8988037206839,0.42355557785115455,761.4497303496913,1022.9582166929138,0
308.8988037206839,0.4219844018082512,761.4497303496913,1023.3478683515538,0
309.33056473328463,0.42146332628692273,761.5831445025849,1023.4770950808432,0
309.33056473328463,0.41779143633126203,761.5831445025849,1024.387723789847,0
309.75573711812996,0.41307739533294435,761.7145227695021,1025.5568059574298,0
309.75573711812996,0.408338223723854,761.7145227695021,1026.7321205164842,0
309.75573711812996,0.4062457157248183,761.7145227695021,1027.251062500245,0
310.18070360835793,0.4036241827255363,761.8458374149826,1027.9012026840671,0
310.18070360835793,0.40205275024782916,761.8458374149826,1028.2909179385385,0
310.60567009858585,0.40519535876843965,761.977152060463,1027.511551025427,0
310.60567009858585,0.4036241827255363,761.977152060463,1027.9012026840671,0
310.60567009858585,0.40205275024782916,761.977152060463,1028.2909179385385,0
311.037637005804,0.4062457157248183,762.1106298347934,1027.251062500245,0
311.037637005804,0.40466607733338944,762.1106298347934,1027.6428128213195,0
311.46260349603193,0.40310310720420783,762.2419444802739,1028.0304294133566,0
311.46260349603193,0.40100239329145043,762.2419444802739,1028.5514064637202,0
311.46260349603193,0.3989016793786931,762.2419444802739,1029.072383514084,0
311.88756998625996,0.3978513224223144,762.3732591257543,1029.332872039266,0
311.88756998625996,0.39523799533675413,762.3732591257543,1029.980977156485,0
311.88756998625996,0.39365835694532525,762.3732591257543,1030.3727274775595,0
312.31274237110523,0.3920869244676181,762.5046373926715,1030.7624427320309,0
312.31274237110523,0.39051574842471476,762.5046373926715,1031.1520943906708,0
312.7512979060789,0.3894653914683361,762.6401510529784,1031.4125829158527,0
312.7512979060789,0.3884150345119574,762.6401510529784,1031.6730714410346,0
312.7512979060789,0.3868436020342502,762.6401510529784,1032.062786695506,0
313.1762643963068,0.3884150345119574,762.7714656984588,1031.6730714410346,0
313.1762643963068,0.3868436020342502,762.7714656984588,1032.062786695506,0
313.6012308865347,0.39523799533675413,762.9027803439392,1029.980977156485,0
313.6012308865347,0.3926164623374721,762.9027803439392,1030.631117340307,0
313.6012308865347,0.39051574842471476,762.9027803439392,1031.1520943906708,0
314.02640327138005,0.4036241827255363,763.0341586108564,1027.9012026840671,0
314.02640327138005,0.3994309608137433,763.0341586108564,1028.9411217181917,0
314.451369761608,0.407296072681197,763.1654732563369,1026.9905739750632,0
314.451369761608,0.4062457157248183,763.1654732563369,1027.251062500245,0
314.88313077420884,0.4062457157248183,763.2988874092305,1027.251062500245,0
314.88313077420884,0.4057164342897681,763.2988874092305,1027.3823242961375,0
315.3083031590541,0.4067667912461468,763.4302656761477,1027.1218357709556,0
315.3083031590541,0.40519535876843965,763.4302656761477,1027.511551025427,0
315.7400641716549,0.404145001812061,763.5636798290413,1027.772039550609,0
315.7400641716549,0.4025738257691576,763.5636798290413,1028.161691209249,0
316.15823613951,0.40100239329145043,763.6928949671086,1028.5514064637202,0
316.15823613951,0.4004731118564003,763.6928949671086,1028.6826682596127,0
316.15823613951,0.3989016793786931,763.6928949671086,1029.072383514084,0
316.59020304672816,0.3957590708580826,763.826372741439,1029.8517504271956,0
316.59020304672816,0.3920869244676181,763.826372741439,1030.7624427320309,0
316.59020304672816,0.38894431594700757,763.826372741439,1031.5418096451422,0
317.0083750145833,0.38632252651292176,763.9555878795062,1032.1920134247955,0
317.0083750145833,0.3847513504700184,763.9555878795062,1032.5816650834354,0
317.4469305495569,0.38265063655726106,764.091101539813,1033.1026421337992,0
317.4469305495569,0.3800288471231752,764.091101539813,1033.7528459134526,0
317.4469305495569,0.3753066002111358,764.091101539813,1034.9239631476385,0
317.8653084120294,0.3705925592128182,764.2203802993171,1036.0930453152212,0
317.8653084120294,0.3700714836914897,764.2203802993171,1036.2222720445106,0
318.29706942463014,0.3768862386025647,764.3537944522106,1034.532212826564,0
318.29706942463014,0.3742644491684789,764.3537944522106,1035.1824166062172,0
318.29706942463014,0.37216373525572155,764.3537944522106,1035.703393656581,0
318.7154472871027,0.3847513504700184,764.4830732117147,1032.5816650834354,0
318.7154472871027,0.3805499226445037,764.4830732117147,1033.623619184163,0
319.14720829970344,0.3962798899446073,764.6164873646084,1029.7225872937374,0
319.14720829970344,0.3926164623374721,764.6164873646084,1030.631117340307,0
319.14720829970344,0.38894431594700757,764.6164873646084,1031.5418096451422,0
319.5721747899314,0.39995203633507176,764.7478020100888,1028.8118949889022,0
319.5721747899314,0.3989016793786931,764.7478020100888,1029.072383514084,0
320.00393580253217,0.40519535876843965,764.8812161629825,1027.511551025427,0
320.00393580253217,0.404145001812061,764.8812161629825,1027.772039550609,0
320.00393580253217,0.40152346881277895,764.8812161629825,1028.422179734431,0
320.42910818737744,0.404145001812061,765.0125944298997,1027.772039550609,0
320.42910818737744,0.40205275024782916,765.0125944298997,1028.2909179385385,0
320.85407467760547,0.40152346881277895,765.1439090753801,1028.422179734431,0
320.85407467760547,0.40100239329145043,765.1439090753801,1028.5514064637202,0
321.2790411678334,0.3989016793786931,765.2752237208605,1029.072383514084,0
321.2790411678334,0.3947087139017039,765.2752237208605,1030.1122389523775,0
321.7042135526787,0.39051574842471476,765.4066019877777,1031.1520943906708,0
321.7042135526787,0.38998621055486077,765.4066019877777,1031.2834197823945,0
321.7042135526787,0.3884150345119574,765.4066019877777,1031.6730714410346,0
322.13597456527947,0.4036241827255363,765.5400161406714,1027.9012026840671,0
322.13597456527947,0.3962798899446073,765.5400161406714,1029.7225872937374,0
322.56094105550744,0.4256562917639119,765.6713307861518,1022.4372396425499,0
322.56094105550744,0.41779143633126203,765.6713307861518,1024.387723789847,0
322.56094105550744,0.4104389376366113,765.6713307861518,1026.2111434661203,0
322.98611344035277,0.43666401215197614,765.802709053069,1019.70732498631,0
322.98611344035277,0.4324710466749869,765.802709053069,1020.7471804246032,0
323.41107993058074,0.43614319306545146,765.9340236985494,1019.8364881197681,0
323.41107993058074,0.43089987063208357,765.9340236985494,1021.1368320832433,0
323.41107993058074,0.42355557785115455,765.9340236985494,1022.9582166929138,0
323.83604642080866,0.41727036080993357,766.0653383440299,1024.5169505191366,0
323.83604642080866,0.41253118920084314,766.0653383440299,1025.692265078191,0
323.83604642080866,0.4104389376366113,766.0653383440299,1026.2111434661203,0
324.26801332802677,0.4099178621152828,766.1988161183602,1026.3403701954098,0
324.26801332802677,0.407296072681197,766.1988161183602,1026.9905739750632,0
324.69297981825474,0.4036241827255363,766.3301307638407,1027.9012026840671,0
324.69297981825474,0.39995203633507176,766.3301307638407,1028.8118949889022,0
324.69297981825474,0.3957590708580826,766.3301307638407,1029.8517504271956,0
325.1179463084827,0.39156610538109343,766.4614454093212,1030.8916058654888,0
325.1179463084827,0.38632252651292176,766.4614454093212,1032.1920134247955,0
325.54311869332804,0.3805499226445037,766.5928236762384,1033.623619184163,0
325.54311869332804,0.37583588164618603,766.5928236762384,1034.792701351746,0
325.54311869332804,0.3742644491684789,766.5928236762384,1035.1824166062172,0
325.96808518355596,0.3763569571675145,766.7241383217188,1034.6634746224565,0
325.96808518355596,0.37478552468980736,766.7241383217188,1035.053189876928,0
326.3932575684013,0.38212956103593254,766.855516588636,1033.2318688630887,0
326.3932575684013,0.37845767108027184,766.855516588636,1034.1424975720927,0
326.3932575684013,0.3768862386025647,766.855516588636,1034.532212826564,0
326.81822405862926,0.39523799533675413,766.9868312341164,1029.980977156485,0
326.81822405862926,0.38737288346930043,766.9868312341164,1031.9315248996136,0
327.24998507123007,0.41727036080993357,767.1202453870101,1024.5169505191366,0
327.24998507123007,0.41148929459299,767.1202453870101,1025.9506549409386,0
327.24998507123007,0.4036241827255363,767.1202453870101,1027.9012026840671,0
327.674951561458,0.42355557785115455,767.2515600324905,1022.9582166929138,0
327.674951561458,0.42146332628692273,767.2515600324905,1023.4770950808432,0
328.1069184686761,0.4193626123741654,767.385037806821,1023.998072131207,0
328.1069184686761,0.41253118920084314,767.385037806821,1025.692265078191,0
328.52509043653123,0.4057164342897681,767.5142529448881,1027.3823242961375,0
328.52509043653123,0.39995203633507176,767.5142529448881,1028.8118949889022,0
328.52509043653123,0.3962798899446073,767.5142529448881,1029.7225872937374,0
328.956851449132,0.39680096546593574,767.6476670977818,1029.593360564448,0
328.956851449132,0.39523799533675413,767.6476670977818,1029.980977156485,0
329.38202383397737,0.4057164342897681,767.779045364699,1027.3823242961375,0
329.38202383397737,0.40310310720420783,767.779045364699,1028.0304294133566,0
329.38202383397737,0.39995203633507176,767.779045364699,1028.8118949889022,0
329.81378484657813,0.407296072681197,767.9124595175927,1026.9905739750632,0
329.81378484657813,0.4062457157248183,767.9124595175927,1027.251062500245,0
330.23195681443326,0.4036241827255363,768.0416746556599,1027.9012026840671,0
330.23195681443326,0.40100239329145043,768.0416746556599,1028.5514064637202,0
330.23195681443326,0.3989016793786931,768.0416746556599,1029.072383514084,0
330.6639237216514,0.3978513224223144,768.1751524299902,1029.332872039266,0
330.6639237216514,0.39523799533675413,768.1751524299902,1029.980977156485,0
331.0820956895065,0.3926164623374721,768.3043675680575,1030.631117340307,0
331.0820956895065,0.3884150345119574,768.3043675680575,1031.6730714410346,0
331.0820956895065,0.38579324507787155,768.3043675680575,1032.323275220688,0
331.5138567021073,0.38212956103593254,768.4377817209511,1033.2318688630887,0
331.5138567021073,0.3800288471231752,768.4377817209511,1033.7528459134526,0
331.9390290869526,0.3763569571675145,768.5691599878684,1034.6634746224565,0
331.9390290869526,0.3737351677334287,768.5691599878684,1035.3136784021096,0
332.3707900995534,0.39051574842471476,768.702574140762,1031.1520943906708,0
332.3707900995534,0.38370099351363973,768.702574140762,1032.8421536086173,0
332.3707900995534,0.37740731412389317,768.702574140762,1034.4029860972746,0
332.7957565897813,0.3983806038573646,768.8338887862424,1029.2016102433736,0
332.7957565897813,0.39523799533675413,768.8338887862424,1029.980977156485,0
333.2209289746267,0.3994309608137433,768.9652670531597,1028.9411217181917,0
333.2209289746267,0.3983806038573646,768.9652670531597,1029.2016102433736,0
333.2209289746267,0.39680096546593574,768.9652670531597,1029.593360564448,0
333.6458954648546,0.39051574842471476,769.0965816986401,1031.1520943906708,0
333.6458954648546,0.3847513504700184,769.0965816986401,1032.5816650834354,0
334.07106784969994,0.3878939589906289,769.2279599655573,1031.802298170324,0
334.07106784969994,0.38317145564378574,769.2279599655573,1032.9734790003413,0
334.07106784969994,0.3816002796008824,769.2279599655573,1033.3631306589812,0
334.5028288623007,0.3978513224223144,769.3613741184508,1029.332872039266,0
334.5028288623007,0.39418763838037546,769.3613741184508,1030.241465681667,0
334.9277953525286,0.3989016793786931,769.4926887639314,1029.072383514084,0
334.9277953525286,0.39523799533675413,769.4926887639314,1029.980977156485,0
334.9277953525286,0.39103656751123944,769.4926887639314,1031.0229312572126,0
335.35276184275665,0.3884150345119574,769.6240034094118,1031.6730714410346,0
335.35276184275665,0.3868436020342502,769.6240034094118,1032.062786695506,0
335.7779342276019,0.38737288346930043,769.755381676329,1031.9315248996136,0
335.7779342276019,0.3868436020342502,769.755381676329,1032.062786695506,0
335.7779342276019,0.38632252651292176,769.755381676329,1032.1920134247955,0
336.2029007178299,0.3962798899446073,769.8866963218094,1029.7225872937374,0
336.2029007178299,0.39103656751123944,769.8866963218094,1031.0229312572126,0
336.63466173043065,0.40205275024782916,770.0201104747031,1028.2909179385385,0
336.63466173043065,0.40100239329145043,770.0201104747031,1028.5514064637202,0
336.63466173043065,0.3994309608137433,770.0201104747031,1028.9411217181917,0
337.059834115276,0.39523799533675413,770.1514887416203,1029.980977156485,0
337.059834115276,0.3920869244676181,770.1514887416203,1030.7624427320309,0
337.48480060550395,0.38894431594700757,770.2828033871007,1031.5418096451422,0
337.48480060550395,0.38370099351363973,770.2828033871007,1032.8421536086173,0
337.48480060550395,0.3768862386025647,770.2828033871007,1034.532212826564,0
337.48830081399905,0.3768836742545267,770.2838849515257,1034.5328487848774,0
337.90667867647153,0.37006891934345165,770.4131637110297,1036.222908002824,0
337.90667867647153,0.36639702938779095,770.4131637110297,1037.133536711828,0
338.3384396890723,0.3632541644323766,770.5465778639233,1037.9129672207707,0
338.3384396890723,0.3601030935632406,770.5465778639233,1038.6944327963163,0
338.3384396890723,0.3569604850426301,770.5465778639233,1039.4737997094278,0
338.7566116569274,0.3753122417768195,770.6757930019905,1034.9225640393488,0
338.7566116569274,0.36586749151793696,770.6757930019905,1037.2648621035516,0
338.7566116569274,0.35905273660686193,770.6757930019905,1038.9549213214982,0
339.1885785641456,0.38579914307835905,770.809270776321,1032.321812516567,0
339.1885785641456,0.3821269966878945,770.809270776321,1033.2325048214022,0
339.6135450543735,0.3989075773791806,770.9405854218014,1029.0709208099634,0
339.6135450543735,0.39314317942448423,770.9405854218014,1030.500491502728,0
339.6135450543735,0.38947103303401975,770.9405854218014,1031.4111838075632,0
340.0453060669743,0.4062431513767803,771.073999574695,1027.2516984585586,0
340.0453060669743,0.40414243746402295,771.073999574695,1027.7726755089225,0
340.46368392944674,0.40729350833315897,771.203278334199,1026.9912099333767,0
340.46368392944674,0.4062431513767803,771.203278334199,1027.2516984585586,0
340.89544494204756,0.4099152977672448,771.3366924870927,1026.3410061537234,0
340.89544494204756,0.4093942222459163,771.3366924870927,1026.4702328830128,0
341.32041143227553,0.40729350833315897,771.4680071325731,1026.9912099333767,0
341.32041143227553,0.40414243746402295,771.4680071325731,1027.7726755089225,0
341.32041143227553,0.4015293668132664,771.4680071325731,1028.42071703031,0
341.75217244487635,0.3989075773791806,771.6014212854667,1029.0709208099634,0
341.75217244487635,0.3962857879450948,771.6014212854667,1029.7211245896165,0
342.1773448297216,0.39366425494581275,771.732799552384,1030.3712647734385,0
342.1773448297216,0.3915635410330554,771.732799552384,1030.8922418238024,0
342.1773448297216,0.3884206760776411,771.732799552384,1031.6716723327452,0
342.60231131994954,0.38422771060065186,771.8641141978644,1032.7115277710384,0
342.60231131994954,0.38055582064499116,771.8641141978644,1033.6221564800423,0
343.0274837047949,0.38527806755703053,771.9954924647816,1032.4510392458565,0
343.0274837047949,0.3821269966878945,771.9954924647816,1033.2325048214022,0
343.0274837047949,0.38002628277513717,771.9954924647816,1033.753481871766,0
343.45245019502283,0.3899921085553482,772.126807110262,1031.2819570782738,0
343.45245019502283,0.38789139464259087,772.126807110262,1031.8029341286376,0
343.8774166852508,0.3973279389877517,772.2581217557424,1029.4626711310377,0
343.8774166852508,0.39418507403233743,772.2581217557424,1030.2421016399803,0
343.8774166852508,0.39209282246810556,772.2581217557424,1030.76098002791,0
344.30917769785157,0.4009998289434124,772.3915359086361,1028.5520424220338,0
344.30917769785157,0.39995793433555926,772.3915359086361,1028.8104322847814,0
344.30917769785157,0.3983782959441304,772.3915359086361,1029.2021826058558,0
344.7343500826969,0.39418507403233743,772.5229141755533,1030.2421016399803,0
344.7343500826969,0.38894175159896954,772.5229141755533,1031.5424456034557,0
345.16611109529765,0.38264807220922303,772.656328328447,1033.1032780921128,0
345.16611109529765,0.3768836742545267,772.656328328447,1034.5328487848774,0
345.5844889577702,0.37321152786406214,772.785607087951,1035.4435410897127,0
345.5844889577702,0.372682246429012,772.785607087951,1035.574802885605,0
345.5844889577702,0.37216117090768347,772.785607087951,1035.7040296148946,0
346.01624997037095,0.372682246429012,772.9190212408446,1035.574802885605,0
346.01624997037095,0.37216117090768347,772.9190212408446,1035.7040296148946,0
346.434421938226,0.38160617760136983,773.0482363789118,1033.3616679548604,0
346.434421938226,0.38002628277513717,773.0482363789118,1033.753481871766,0
346.434421938226,0.375833317298148,773.0482363789118,1034.7933373100593,0
346.8663888454442,0.38160617760136983,773.1817141532422,1033.3616679548604,0
346.8663888454442,0.37740474977585514,773.1817141532422,1034.403622055588,0
346.8663888454442,0.3742618848204408,773.1817141532422,1035.1830525645307,0
347.29135533567216,0.37478296034176933,773.3130287987227,1035.0538258352412,0
347.29135533567216,0.372682246429012,773.3130287987227,1035.574802885605,0
347.723116348273,0.3847487861219804,773.4464429516163,1032.582301041749,0
347.723116348273,0.38264807220922303,773.4464429516163,1033.1032780921128,0
347.723116348273,0.3795054636886125,773.4464429516163,1033.882645005224,0
348.1414942107454,0.38894175159896954,773.5757217111203,1031.5424456034557,0
348.1414942107454,0.38631996216488373,773.5757217111203,1032.1926493831088,0
348.5732552233462,0.39209282246810556,773.709135864014,1030.76098002791,0
348.5732552233462,0.3915635410330554,773.709135864014,1030.8922418238024,0
348.5732552233462,0.3899921085553482,773.709135864014,1031.2819570782738,0
348.99822171357414,0.38631996216488373,773.8404505094944,1032.1926493831088,0
348.99822171357414,0.38055582064499116,773.8404505094944,1033.6221564800423,0
349.4299827261749,0.37636259873319816,773.973864662388,1034.6620755141669,0
349.4299827261749,0.3753122417768195,773.973864662388,1034.9225640393488,0
349.4299827261749,0.3742618848204408,773.973864662388,1035.1830525645307,0
349.8551551110203,0.37636259873319816,774.1052429293053,1034.6620755141669,0
350.2801216012482,0.37478296034176933,774.2365575747857,1035.0538258352412,0
350.2801216012482,0.37321152786406214,774.2365575747857,1035.4435410897127,0
350.2801216012482,0.37216117090768347,774.2365575747857,1035.7040296148946,0
350.7052939860935,0.37321152786406214,774.3679358417029,1035.4435410897127,0
350.7052939860935,0.3716403518211588,774.3679358417029,1035.8331927483528,0
351.12346595394865,0.3821269966878945,774.4971509797701,1033.2325048214022,0
351.12346595394865,0.378984388167284,774.4971509797701,1034.0118717345135,0
351.12346595394865,0.375833317298148,774.4971509797701,1034.7933373100593,0
351.55522696654947,0.3910424655117269,774.6305651326637,1031.0214685530918,0
351.55522696654947,0.38631996216488373,774.6305651326637,1032.1926493831088,0
351.98039935139474,0.4015293668132664,774.7619433995809,1028.42071703031,0
351.98039935139474,0.39942865290050905,774.7619433995809,1028.9416940806739,0
351.98039935139474,0.39575650651004457,774.7619433995809,1029.852386385509,0
352.41216036399555,0.3989075773791806,774.8953575524746,1029.0709208099634,0
352.41216036399555,0.3926138979894341,774.8953575524746,1030.6317532986204,0
352.8303323318507,0.38631996216488373,775.0245726905418,1032.1926493831088,0
352.8303323318507,0.3831773536442732,775.0245726905418,1032.9720162962203,0
352.8303323318507,0.3821269966878945,775.0245726905418,1033.2325048214022,0
353.2622992390688,0.38160617760136983,775.1580504648722,1033.3616679548604,0
353.2622992390688,0.38002628277513717,775.1580504648722,1033.753481871766,0
353.68726572929677,0.3768836742545267,775.2893651103527,1034.5328487848774,0
353.68726572929677,0.3742618848204408,775.2893651103527,1035.1830525645307,0
353.68726572929677,0.37373260338539066,775.2893651103527,1035.3143143604232,0
354.1190267418975,0.3768836742545267,775.4227792632463,1034.5328487848774,0
354.1190267418975,0.375833317298148,775.4227792632463,1034.7933373100593,0
354.54419912674285,0.3821269966878945,775.5541575301635,1033.2325048214022,0
354.54419912674285,0.3795054636886125,775.5541575301635,1033.882645005224,0
354.54419912674285,0.37740474977585514,775.5541575301635,1034.403622055588,0
354.96916561697077,0.38789139464259087,775.6854721756439,1031.8029341286376,0
354.96916561697077,0.38527806755703053,775.6854721756439,1032.4510392458565,0
355.3941321071988,0.39209282246810556,775.8167868211244,1030.76098002791,0
355.3941321071988,0.3910424655117269,775.8167868211244,1031.0214685530918,0
355.3941321071988,0.3905131840766767,775.8167868211244,1031.1527303489843,0
355.81930449204407,0.3873703191212624,775.9481650880416,1031.9321608579269,0
355.81930449204407,0.3847487861219804,775.9481650880416,1032.582301041749,0
355.81930449204407,0.38107663973151584,775.9481650880416,1033.4929933465842,0
356.24427098227204,0.37793403121090535,776.079479733522,1034.2723602596955,0
356.24427098227204,0.3753122417768195,776.079479733522,1034.9225640393488,0
356.6760319948728,0.37478296034176933,776.2128938864157,1035.0538258352412,0
356.6760319948728,0.37373260338539066,776.2128938864157,1035.3143143604232,0
356.6760319948728,0.37321152786406214,776.2128938864157,1035.4435410897127,0
357.10120437971807,0.38002628277513717,776.3442721533329,1033.753481871766,0
357.10120437971807,0.37740474977585514,776.3442721533329,1034.403622055588,0
357.5329653923189,0.3795054636886125,776.4776863062265,1033.882645005224,0
357.5329653923189,0.378984388167284,776.4776863062265,1034.0118717345135,0
357.951137360174,0.38002628277513717,776.6069014442937,1033.753481871766,0
357.951137360174,0.37740474977585514,776.6069014442937,1034.403622055588,0
358.38289837277483,0.3742618848204408,776.7403155971874,1035.1830525645307,0
358.38289837277483,0.372682246429012,776.7403155971874,1035.574802885605,0
358.38289837277483,0.3716403518211588,776.7403155971874,1035.8331927483528,0
358.80127623524726,0.3784551067322338,776.8695943566914,1034.143133530406,0
358.80127623524726,0.37636259873319816,776.8695943566914,1034.6620755141669,0
359.2330372478481,0.3784551067322338,777.003008509585,1034.143133530406,0
359.2330372478481,0.37740474977585514,777.003008509585,1034.403622055588,0
359.2330372478481,0.3768836742545267,777.003008509585,1034.5328487848774,0
359.6582096326934,0.3847487861219804,777.1343867765022,1032.582301041749,0
359.6582096326934,0.38107663973151584,777.1343867765022,1033.4929933465842,0
360.0899706452942,0.38422771060065186,777.2678009293959,1032.7115277710384,0
360.0899706452942,0.38055582064499116,777.2678009293959,1033.6221564800423,0
360.0899706452942,0.3768836742545267,777.2678009293959,1034.5328487848774,0
360.5081426131493,0.3768836742545267,777.3970160674631,1034.5328487848774,0
360.5081426131493,0.37636259873319816,777.3970160674631,1034.6620755141669,0
360.5081426131493,0.3753122417768195,777.3970160674631,1034.9225640393488,0
360.9401095203674,0.3753122417768195,777.5304938417935,1034.9225640393488,0
360.9401095203674,0.3716403518211588,777.5304938417935,1035.8331927483528,0
361.36507601059543,0.37006891934345165,777.6618084872739,1036.222908002824,0
361.36507601059543,0.36848928095202277,777.6618084872739,1036.6146583238983,0
361.7968370231962,0.36953963790840144,777.7952226401676,1036.3541697987164,0
361.7968370231962,0.36586749151793696,777.7952226401676,1037.2648621035516,0
362.22180351342416,0.36167452604094774,777.926537285648,1038.304717541845,0
362.22180351342416,0.3611534505196193,777.926537285648,1038.4339442711346,0
362.22180351342416,0.35853191752033725,777.926537285648,1039.0840844549564,0
362.64697589826943,0.3716403518211588,778.0579155525652,1035.8331927483528,0
362.64697589826943,0.36639702938779095,778.0579155525652,1037.133536711828,0
363.0719423884974,0.3868495000347377,778.1892301980457,1032.061323991385,0
363.0719423884974,0.3821269966878945,778.1892301980457,1033.2325048214022,0
363.0719423884974,0.37740474977585514,778.1892301980457,1034.403622055588,0
363.4903202509699,0.3899921085553482,778.3185089575496,1031.2819570782738,0
363.92208126357065,0.3873703191212624,778.4519231104433,1031.9321608579269,0
363.92208126357065,0.38264807220922303,778.4519231104433,1033.1032780921128,0
363.92208126357065,0.37636259873319816,778.4519231104433,1034.6620755141669,0
364.3470477537986,0.37216117090768347,778.5832377559237,1035.7040296148946,0
364.3470477537986,0.36848928095202277,778.5832377559237,1036.6146583238983,0
364.77901466101673,0.3674473863441696,778.7167155302542,1036.873048186646,0
364.77901466101673,0.36691784847431563,778.7167155302542,1037.0043735783697,0
365.1971866288719,0.3705899948647801,778.8459306683213,1036.0936812735347,0
365.1971866288719,0.369018562387073,778.8459306683213,1036.4833965280059,0
365.6289476414727,0.375833317298148,778.979344821215,1034.7933373100593,0
365.6289476414727,0.37478296034176933,778.979344821215,1035.0538258352412,0
365.6289476414727,0.37216117090768347,778.979344821215,1035.7040296148946,0
366.054120026318,0.375833317298148,779.1107230881322,1034.7933373100593,0
366.054120026318,0.37321152786406214,779.1107230881322,1035.4435410897127,0
366.48588103891876,0.36953963790840144,779.2441372410259,1036.3541697987164,0
366.48588103891876,0.3653466724314123,779.2441372410259,1037.3940252370098,0
366.48588103891876,0.36272488299732647,779.2441372410259,1038.0442290166632,0
366.91084752914674,0.3642963154750336,779.3754518865063,1037.6545137621918,0
366.91084752914674,0.36220380747599795,779.3754518865063,1038.1734557459527,0
367.336019913992,0.3679682054306943,779.5068301534235,1036.7438850531878,0
367.336019913992,0.36691784847431563,779.5068301534235,1037.0043735783697,0
367.336019913992,0.36586749151793696,779.5068301534235,1037.2648621035516,0
367.76098640422,0.37006891934345165,779.6381447989039,1036.222908002824,0
367.76098640422,0.3679682054306943,779.6381447989039,1036.7438850531878,0
368.18595289444795,0.3705899948647801,779.7694594443844,1036.0936812735347,0
368.18595289444795,0.3674473863441696,779.7694594443844,1036.873048186646,0
368.6111252792932,0.36377523995370514,779.9008377113016,1037.7837404914812,0
368.6111252792932,0.3611534505196193,779.9008377113016,1038.4339442711346,0
369.04288629189404,0.3653466724314123,780.0342518641952,1037.3940252370098,0
369.04288629189404,0.36272488299732647,780.0342518641952,1038.0442290166632,0
369.04288629189404,0.36167452604094774,780.0342518641952,1038.304717541845,0
369.46785278212195,0.369018562387073,780.1655665096756,1036.4833965280059,0
369.46785278212195,0.3674473863441696,780.1655665096756,1036.873048186646,0
369.46785278212195,0.36691784847431563,780.1655665096756,1037.0043735783697,0
369.89961379472277,0.37216117090768347,780.2989806625693,1035.7040296148946,0
369.89961379472277,0.37006891934345165,780.2989806625693,1036.222908002824,0
370.31799165719525,0.3711108139513048,780.4282594220733,1035.9645181400765,0
370.31799165719525,0.36639702938779095,780.4282594220733,1037.133536711828,0
370.31799165719525,0.36220380747599795,780.4282594220733,1038.1734557459527,0
370.74975266979607,0.35853191752033725,780.5616735749669,1039.0840844549564,0
370.74975266979607,0.3538094141734941,780.5616735749669,1040.2552652849736,0
371.17492505464134,0.34749881008669653,780.6930518418842,1041.8202950984994,0
371.17492505464134,0.3406840551756215,780.6930518418842,1043.510354316446,0
371.17492505464134,0.33596180826358213,780.6930518418842,1044.6814715506316,0
371.6066860672421,0.334919913655729,780.8264659947778,1044.9398614133793,0
371.6066860672421,0.334390375785875,780.8264659947778,1045.071186805103,0
372.0248580350973,0.33858334126286416,780.955681132845,1044.0313313668098,0
372.0248580350973,0.33596180826358213,780.955681132845,1044.6814715506316,0
372.0248580350973,0.33544073274225367,780.955681132845,1044.810698279921,0
372.4568249423154,0.35485977112987277,781.0891589071755,1039.9947767597916,0
372.4568249423154,0.3459276340437932,781.0891589071755,1042.2099467571393,0
372.8749969101705,0.3611534505196193,781.2183740452426,1038.4339442711346,0
372.8749969101705,0.3601030935632406,781.2183740452426,1038.6944327963163,0
372.8749969101705,0.35591012808625144,781.2183740452426,1039.7342882346097,0
373.3067579227713,0.3522379816957869,781.3517881981363,1040.644980539445,0
373.3067579227713,0.3517171626092622,781.3517881981363,1040.774143672903,0
373.73193030761666,0.3532883386521656,781.4831664650535,1040.384492014263,0
373.73193030761666,0.3527675195656409,781.4831664650535,1040.513655147721,0
373.73193030761666,0.35118762473940823,781.4831664650535,1040.905469064627,0
374.1636913202174,0.3517171626092622,781.6165806179472,1040.774143672903,0
374.1636913202174,0.35066680565288355,781.6165806179472,1041.0346321980849,0
374.5886578104454,0.35800237965048326,781.7478952634276,1039.2154098466801,0
374.5886578104454,0.3569604850426301,781.7478952634276,1039.4737997094278,0
374.5886578104454,0.35433869560854425,781.7478952634276,1040.1240034890811,0
375.01383019529067,0.35800237965048326,781.8792735303448,1039.2154098466801,0
375.01383019529067,0.3574815605639586,781.8792735303448,1039.3445729801383,0
375.4387966855186,0.3711108139513048,782.0105881758252,1035.9645181400765,0
375.4387966855186,0.3642963154750336,782.0105881758252,1037.6545137621918,0
375.4387966855186,0.3595822744767159,782.0105881758252,1038.8235959297745,0
375.8571745479911,0.38160617760136983,782.1398669353292,1033.3616679548604,0
375.8571745479911,0.37793403121090535,782.1398669353292,1034.2723602596955,0
376.2889355605919,0.38160617760136983,782.2732810882229,1033.3616679548604,0
376.2889355605919,0.37793403121090535,782.2732810882229,1034.2723602596955,0
376.2889355605919,0.37216117090768347,782.2732810882229,1035.7040296148946,0
376.71390205081985,0.36377523995370514,782.4045957337033,1037.7837404914812,0
376.71390205081985,0.35485977112987277,782.4045957337033,1039.9947767597916,0
377.1456630634206,0.3459276340437932,782.5380098865969,1042.2099467571393,0
377.1456630634206,0.3401632360890968,782.5380098865969,1043.6395174499041,0
377.1456630634206,0.33911287913271815,782.5380098865969,1043.900005975086,0
377.56404092589315,0.3517171626092622,782.6672886461009,1040.774143672903,0
377.56404092589315,0.3453980961739392,782.6672886461009,1042.3412721488633,0
377.56404092589315,0.3401632360890968,782.6672886461009,1043.6395174499041,0
377.9958019384939,0.3653466724314123,782.8007027989946,1037.3940252370098,0
377.9958019384939,0.3595822744767159,782.8007027989946,1038.8235959297745,0
378.42076842872183,0.36639702938779095,782.932017444475,1037.133536711828,0
378.42076842872183,0.36220380747599795,782.932017444475,1038.1734557459527,0
378.42076842872183,0.35800237965048326,782.932017444475,1039.2154098466801,0
378.85273533594,0.3538094141734941,783.0654952188054,1040.2552652849736,0
378.85273533594,0.3501457301315551,783.0654952188054,1041.1638589273743,0
379.2777018261679,0.34749881008669653,783.1968098642859,1041.8202950984994,0
379.2777018261679,0.34382692013103583,783.1968098642859,1042.7309238075031,0
379.2777018261679,0.3406840551756215,783.1968098642859,1043.510354316446,0
379.70266831639594,0.3459276340437932,783.3281245097663,1042.2099467571393,0
379.70266831639594,0.3406840551756215,783.3281245097663,1043.510354316446,0
380.1278407012412,0.35433869560854425,783.4595027766835,1040.1240034890811,0
380.1278407012412,0.3522379816957869,783.4595027766835,1040.644980539445,0
380.1278407012412,0.35118762473940823,783.4595027766835,1040.905469064627,0
380.5528071914692,0.34644845313031786,783.5908174221639,1042.0807836236813,0
380.5528071914692,0.3417344121320002,783.5908174221639,1043.249865791264,0
380.97797957631445,0.3401632360890968,783.7221956890811,1043.6395174499041,0
380.97797957631445,0.33911287913271815,783.7221956890811,1043.900005975086,0
380.97797957631445,0.3380625221763395,783.7221956890811,1044.160494500268,0
381.40974058891527,0.33596180826358213,783.8556098419748,1044.6814715506316,0
381.40974058891527,0.33544073274225367,783.8556098419748,1044.810698279921,0
381.83470707914324,0.34907024256440367,783.9869244874552,1041.430579844028,0
381.83470707914324,0.34382692013103583,783.9869244874552,1042.7309238075031,0
381.83470707914324,0.33858334126286416,783.9869244874552,1044.0313313668098,0
382.266468091744,0.3501457301315551,784.1203386403489,1041.1638589273743,0
382.266468091744,0.3485491670430752,784.1203386403489,1041.5598065733175,0
382.6982291043448,0.3453980961739392,784.2537527932425,1042.3412721488633,0
382.6982291043448,0.3433058446097073,784.2537527932425,1042.8601505367926,0
382.6982291043448,0.34278476908837885,784.2537527932425,1042.989377266082,0
383.13019601156293,0.344356201566086,784.3872305675729,1042.5996620116107,0
383.13019601156293,0.34382692013103583,784.3872305675729,1042.7309238075031,0
383.56195702416375,0.3532883386521656,784.5206447204665,1040.384492014263,0
383.56195702416375,0.34697799100017185,784.5206447204665,1041.9494582319574,0
383.56195702416375,0.344356201566086,784.5206447204665,1042.5996620116107,0
383.98692351439166,0.3601030935632406,784.651959365947,1038.6944327963163,0
383.98692351439166,0.35905273660686193,784.651959365947,1038.9549213214982,0
384.41189000461964,0.3564312036075799,784.7832740114275,1039.6050615053202,0
384.41189000461964,0.35118762473940823,784.7832740114275,1040.905469064627,0
384.41189000461964,0.348019885608025,784.7832740114275,1041.69106836921,0
384.8370623894649,0.34697799100017185,784.9146522783446,1041.9494582319574,0
385.26202887969293,0.3459276340437932,785.0459669238251,1042.2099467571393,0
385.26202887969293,0.34382692013103583,785.0459669238251,1042.7309238075031,0
385.26202887969293,0.3433058446097073,785.0459669238251,1042.8601505367926,0
385.6937898922937,0.3433058446097073,785.1793810767188,1042.8601505367926,0
385.6937898922937,0.34120513069694997,785.1793810767188,1043.3811275871565,0
385.6937898922937,0.3338695566993503,785.1793810767188,1045.2003499385612,0
386.11896227713896,0.3218114793549074,785.3107593436359,1048.1907531199831,0
386.11896227713896,0.3081819695327574,785.3107593436359,1051.5708715558762,0
386.54392876736694,0.2987372192738748,785.4420739891164,1053.913169620079,0
386.54392876736694,0.29664471127483916,785.4420739891164,1054.43211160384,0
386.54392876736694,0.2950735352319358,785.4420739891164,1054.82176326248,0
386.96910115221226,0.30922386414061054,785.5734522560335,1051.3124816931286,0
386.96910115221226,0.30135875227315684,785.5734522560335,1053.2630294362573,0
387.39406764244023,0.337541446655011,785.704766901514,1044.2897212295572,0
387.39406764244023,0.3301974103088858,785.704766901514,1046.1110422433965,0
387.39406764244023,0.31971076544215005,785.704766901514,1048.7117301703468,0
387.81903413266815,0.348019885608025,785.8360815469945,1041.69106836921,0
387.81903413266815,0.3433058446097073,785.8360815469945,1042.8601505367926,0
388.25079514526897,0.3496164486965049,785.9694956998881,1041.2951207232668,0
388.25079514526897,0.3485491670430752,785.9694956998881,1041.5598065733175,0
388.25079514526897,0.34697799100017185,785.9694956998881,1041.9494582319574,0
388.67596753011424,0.3453980961739392,786.1008739668052,1042.3412721488633,0
388.67596753011424,0.3448772770874145,786.1008739668052,1042.4704352823212,0
389.10093402034227,0.344356201566086,786.2321886122858,1042.5996620116107,0
389.10093402034227,0.34278476908837885,786.2321886122858,1042.989377266082,0
389.10093402034227,0.34120513069694997,786.2321886122858,1043.3811275871565,0
389.52610640518753,0.34120513069694997,786.363566879203,1043.3811275871565,0
389.52610640518753,0.33963369821924283,786.363566879203,1043.7708428416279,0
389.95107289541545,0.3569604850426301,786.4948815246834,1039.4737997094278,0
389.95107289541545,0.35118762473940823,786.4948815246834,1040.905469064627,0
389.95107289541545,0.3459276340437932,786.4948815246834,1042.2099467571393,0
390.3760393856434,0.35800237965048326,786.6261961701638,1039.2154098466801,0
390.3760393856434,0.3564312036075799,786.6261961701638,1039.6050615053202,0
390.8078003982442,0.3527675195656409,786.7596103230575,1040.513655147721,0
390.8078003982442,0.3501457301315551,786.7596103230575,1041.1638589273743,0
390.8078003982442,0.34697799100017185,786.7596103230575,1041.9494582319574,0
391.23976730546235,0.34120513069694997,786.8930880973878,1043.3811275871565,0
391.23976730546235,0.3338695566993503,786.8930880973878,1045.2003499385612,0
391.6579392733175,0.32809669639612843,787.0223032354551,1046.6320192937603,0
391.6579392733175,0.3265252639184213,787.0223032354551,1047.0217345482315,0
391.6579392733175,0.3260044448318966,787.0223032354551,1047.1508976816897,0
392.0897002859183,0.3270548017882753,787.1557173883488,1046.8904091565078,0
392.0897002859183,0.3254833693105681,787.1557173883488,1047.2801244109792,0
392.5080781483907,0.3218114793549074,787.2849961478527,1048.1907531199831,0
392.5080781483907,0.31971076544215005,787.2849961478527,1048.7117301703468,0
392.5080781483907,0.3186604084857714,787.2849961478527,1048.9722186955287,0
392.9398391609915,0.33596180826358213,787.4184103007464,1044.6814715506316,0
392.9398391609915,0.33124776726526445,787.4184103007464,1045.8505537182145,0
392.9398391609915,0.3254833693105681,787.4184103007464,1047.2801244109792,0
393.36501154583686,0.33963369821924283,787.5497885676635,1043.7708428416279,0
393.36501154583686,0.3380625221763395,787.5497885676635,1044.160494500268,0
393.7967725584376,0.3417344121320002,787.6832027205572,1043.249865791264,0
393.7967725584376,0.3401632360890968,787.6832027205572,1043.6395174499041,0
393.7967725584376,0.33649108969863234,787.6832027205572,1044.5502097547392,0
394.21494452629275,0.32862597783117864,787.8124178586245,1046.5007574978677,0
394.21494452629275,0.3223322984414321,787.8124178586245,1048.061589986525,0
394.64691143351087,0.3181393329644429,787.9458956329548,1049.1014454248182,0
394.64691143351087,0.3176182574431144,787.9458956329548,1049.2306721541077,0
395.06508340136605,0.3181393329644429,788.0751107710221,1049.1014454248182,0
395.4968444139668,0.3228533739627606,788.2085249239157,1047.9323632572355,0
395.4968444139668,0.3218114793549074,788.2085249239157,1048.1907531199831,0
395.4968444139668,0.3191896899208216,788.2085249239157,1048.8409568996362,0
395.92860542656763,0.3228533739627606,788.3419390768094,1047.9323632572355,0
395.92860542656763,0.3218114793549074,788.3419390768094,1048.1907531199831,0
396.3537778114129,0.3322981242216431,788.4733173437265,1045.5900651930326,0
396.3537778114129,0.3265252639184213,788.4733173437265,1047.0217345482315,0
396.3537778114129,0.3228533739627606,788.4733173437265,1047.9323632572355,0
396.7787443016408,0.33596180826358213,788.604631989207,1044.6814715506316,0
396.7787443016408,0.33544073274225367,788.604631989207,1044.810698279921,0
397.2039166864862,0.3333484811780218,788.7360102561242,1045.3295766678507,0
397.2039166864862,0.33124776726526445,788.7360102561242,1045.8505537182145,0
397.2039166864862,0.3291470533525071,788.7360102561242,1046.3715307685784,0
397.6288831767141,0.3265252639184213,788.8673249016047,1047.0217345482315,0
397.6288831767141,0.3223322984414321,788.8673249016047,1048.061589986525,0
398.0606441893149,0.3181393329644429,789.0007390544982,1049.1014454248182,0
398.0606441893149,0.31551754353035705,789.0007390544982,1049.7516492044715,0
398.0606441893149,0.3144671865739784,789.0007390544982,1050.0121377296534,0
398.48561067954284,0.31708897600806424,789.1320536999788,1049.36193395,0
398.48561067954284,0.31499672444383237,789.1320536999788,1049.8808123379297,0
398.91078306438817,0.31971076544215005,789.263431966896,1048.7117301703468,0
398.91078306438817,0.3186604084857714,789.263431966896,1048.9722186955287,0
399.33574955461614,0.3296763347875573,789.3947466123764,1046.240268972686,0
399.33574955461614,0.3254833693105681,789.3947466123764,1047.2801244109792,0
399.33574955461614,0.3218114793549074,789.3947466123764,1048.1907531199831,0
399.76092193946147,0.3370121652199608,789.5261248792935,1044.4209830254497,0
399.76092193946147,0.334919913655729,789.5261248792935,1044.9398614133793,0
400.1858884296894,0.337541446655011,789.657439524774,1044.2897212295572,0
400.1858884296894,0.33544073274225367,789.657439524774,1044.810698279921,0
400.1858884296894,0.3322981242216431,789.657439524774,1045.5900651930326,0
400.6108549199173,0.3254833693105681,789.7887541702544,1047.2801244109792,0
400.6108549199173,0.3165679004867357,789.7887541702544,1049.4911606792896,0
401.04282182713547,0.30922386414061054,789.9222319445848,1051.3124816931286,0
401.04282182713547,0.30450982314229286,789.9222319445848,1052.4815638607115,0
401.04282182713547,0.3029386470993895,789.9222319445848,1052.8712155193514,0
401.46778831736344,0.3076524316629034,790.0535465900653,1051.7021969476,0
401.46778831736344,0.30450982314229286,790.0535465900653,1052.4815638607115,0
401.8927548075914,0.3181393329644429,790.1848612355457,1049.1014454248182,0
401.8927548075914,0.31499672444383237,790.1848612355457,1049.8808123379297,0
401.8927548075914,0.3108035025320394,790.1848612355457,1050.9207313720542,0
402.3179271924367,0.3218114793549074,790.316239502463,1048.1907531199831,0
402.3179271924367,0.3207611223985287,790.316239502463,1048.4512416451648,0
402.74289368266466,0.3218114793549074,790.4475541479434,1048.1907531199831,0
402.74289368266466,0.3207611223985287,790.4475541479434,1048.4512416451648,0
402.74289368266466,0.3191896899208216,790.4475541479434,1048.8409568996362,0
403.1746546952654,0.31603861905168557,790.580968300837,1049.622422475182,0
403.1746546952654,0.31237493500974656,790.580968300837,1050.531016117583,0
403.60641570786623,0.31184565357469635,790.7143824537307,1050.6622779134755,0
403.60641570786623,0.3108035025320394,790.7143824537307,1050.9207313720542,0
403.60641570786623,0.3102742210969892,790.7143824537307,1051.0519931679466,0
404.0247935703387,0.31499672444383237,790.8436612132347,1049.8808123379297,0
404.0247935703387,0.312896010531075,790.8436612132347,1050.4017893882935,0
404.4565545829395,0.3228533739627606,790.9770753661282,1047.9323632572355,0
404.4565545829395,0.3212819414850534,790.9770753661282,1048.3220785117069,0
404.4565545829395,0.3186604084857714,790.9770753661282,1048.9722186955287,0
404.87493244541196,0.3212819414850534,791.1063541256323,1048.3220785117069,0
404.87493244541196,0.3181393329644429,791.1063541256323,1049.1014454248182,0
405.3066934580127,0.31237493500974656,791.239768278526,1050.531016117583,0
405.3066934580127,0.3076524316629034,791.239768278526,1051.7021969476,0
405.3066934580127,0.3034594661859142,791.239768278526,1052.7420523858934,0
405.73165994824075,0.2997875762302535,791.3710829240064,1053.6526810948972,0
405.73165994824075,0.29664471127483916,791.3710829240064,1054.43211160384,0
406.1634209608415,0.29664471127483916,791.5044970769,1054.43211160384,0
406.1634209608415,0.2945439973620818,791.5044970769,1054.9530886542038,0
406.581798823314,0.3087027886192821,791.633775836404,1051.441708422418,0
406.581798823314,0.30450982314229286,791.633775836404,1052.4815638607115,0
406.581798823314,0.3003168576653037,791.633775836404,1053.5214192990047,0
407.01355983591475,0.3218114793549074,791.7671899892977,1048.1907531199831,0
407.01355983591475,0.3144671865739784,791.7671899892977,1050.0121377296534,0
407.4319376983873,0.3291470533525071,791.8964687488017,1046.3715307685784,0
407.4319376983873,0.32862597783117864,791.8964687488017,1046.5007574978677,0
407.4319376983873,0.3270548017882753,791.8964687488017,1046.8904091565078,0
407.8704932333609,0.3254833693105681,792.0319824091084,1047.2801244109792,0
407.8704932333609,0.32023158452867473,792.0319824091084,1048.5825670368888,0
408.2954597235888,0.3144671865739784,792.163297054589,1050.0121377296534,0
408.2954597235888,0.3108035025320394,792.163297054589,1050.9207313720542,0
408.2954597235888,0.3081819695327574,792.163297054589,1051.5708715558762,0
408.72063210843413,0.30922386414061054,792.2946753215061,1051.3124816931286,0
408.72063210843413,0.3076524316629034,792.2946753215061,1051.7021969476,0
409.14559859866205,0.312896010531075,792.4259899669865,1050.4017893882935,0
409.14559859866205,0.31184565357469635,792.4259899669865,1050.6622779134755,0
409.14559859866205,0.3108035025320394,792.4259899669865,1050.9207313720542,0
409.5705650888901,0.3071316125763787,792.557304612467,1051.8313600810582,0
409.5705650888901,0.3034594661859142,792.557304612467,1052.7420523858934,0
409.99573747373535,0.2987372192738748,792.6886828793841,1053.913169620079,0
409.99573747373535,0.2955943543184605,792.6886828793841,1054.692600129022,0
409.99573747373535,0.29350210275422867,792.6886828793841,1055.2114785169513,0
410.42749848633616,0.29768686231749614,792.8220970322778,1054.173658145261,0
410.42749848633616,0.2955943543184605,792.8220970322778,1054.692600129022,0
410.8524649765641,0.3071316125763787,792.9534116777583,1051.8313600810582,0
410.8524649765641,0.3029386470993895,792.9534116777583,1052.8712155193514,0
410.8524649765641,0.2997875762302535,792.9534116777583,1053.6526810948972,0
411.2776373614094,0.31237493500974656,793.0847899446754,1050.531016117583,0
411.2776373614094,0.3113245780533679,793.0847899446754,1050.7915046427647,0
411.7026038516374,0.312896010531075,793.216104590156,1050.4017893882935,0
411.7026038516374,0.31184565357469635,793.216104590156,1050.6622779134755,0
412.1275703418653,0.31603861905168557,793.3474192356364,1049.622422475182,0
412.1275703418653,0.3139463674874537,793.3474192356364,1050.1413008631116,0
412.5527427267106,0.31499672444383237,793.4787975025536,1049.8808123379297,0
412.5527427267106,0.31237493500974656,793.4787975025536,1050.531016117583,0
412.5527427267106,0.3108035025320394,793.4787975025536,1050.9207313720542,0
412.9845037393114,0.312896010531075,793.6122116554471,1050.4017893882935,0
412.9845037393114,0.3113245780533679,793.6122116554471,1050.7915046427647,0
413.40947022953935,0.3181393329644429,793.7435263009277,1049.1014454248182,0
413.40947022953935,0.3165679004867357,793.7435263009277,1049.4911606792896,0
413.40947022953935,0.31551754353035705,793.7435263009277,1049.7516492044715,0
413.8346426143847,0.3207611223985287,793.8749045678449,1048.4512416451648,0
413.8346426143847,0.31971076544215005,793.8749045678449,1048.7117301703468,0
414.25960910461265,0.32023158452867473,794.0062192133253,1048.5825670368888,0
414.25960910461265,0.3191896899208216,794.0062192133253,1048.8409568996362,0
414.68457559484057,0.3218114793549074,794.1375338588057,1048.1907531199831,0
414.68457559484057,0.32023158452867473,794.1375338588057,1048.5825670368888,0
415.1165425020587,0.3218114793549074,794.2710116331361,1048.1907531199831,0
415.1165425020587,0.3207611223985287,794.2710116331361,1048.4512416451648,0
415.54150899228665,0.3207611223985287,794.4023262786166,1048.4512416451648,0
415.54150899228665,0.3186604084857714,794.4023262786166,1048.9722186955287,0
415.97327000488747,0.312896010531075,794.5357404315102,1050.4017893882935,0
415.97327000488747,0.3071316125763787,794.5357404315102,1051.8313600810582,0
415.97327000488747,0.3024091092295355,794.5357404315102,1053.0025409110754,0
416.39164786735995,0.3024091092295355,794.6650191910142,1053.0025409110754,0
416.39164786735995,0.30135875227315684,794.6650191910142,1053.2630294362573,0
416.8234088799607,0.2997875762302535,794.7984333439078,1053.6526810948972,0
416.8234088799607,0.29821614375254635,794.7984333439078,1054.0423963493686,0
416.8234088799607,0.296115429839789,794.7984333439078,1054.5633733997324,0
417.24178674243325,0.30450982314229286,794.9277121034119,1052.4815638607115,0
417.24178674243325,0.2987372192738748,794.9277121034119,1053.913169620079,0
417.673547755034,0.3139463674874537,795.0611262563054,1050.1413008631116,0
417.673547755034,0.312896010531075,795.0611262563054,1050.4017893882935,0
417.673547755034,0.3102742210969892,795.0611262563054,1051.0519931679466,0
418.098514245262,0.3207611223985287,795.1924409017859,1048.4512416451648,0
418.098514245262,0.31603861905168557,795.1924409017859,1049.622422475182,0
418.53027525786274,0.3244330123541894,795.3258550546796,1047.540612936161,0
418.53027525786274,0.32338265539781075,795.3258550546796,1047.801101461343,0
418.94865312033517,0.3254833693105681,795.4551338141836,1047.2801244109792,0
418.94865312033517,0.3228533739627606,795.4551338141836,1047.9323632572355,0
419.380414132936,0.3291470533525071,795.5885479670771,1046.3715307685784,0
419.380414132936,0.32757562087479997,795.5885479670771,1046.7612460230496,0
419.79879199540846,0.32809669639612843,795.7178267265812,1046.6320192937603,0
419.79879199540846,0.32757562087479997,795.7178267265812,1046.7612460230496,0
420.2373475303821,0.3254833693105681,795.853340386888,1047.2801244109792,0
420.2373475303821,0.3207611223985287,795.853340386888,1048.4512416451648,0
420.2373475303821,0.3134168296175997,795.853340386888,1050.2726262548354,0
420.66231402061004,0.30660207470652473,795.9846550323684,1051.962685472782,0
420.66231402061004,0.3029386470993895,795.9846550323684,1052.8712155193514,0
421.087280510838,0.3087027886192821,796.115969677849,1051.441708422418,0
421.087280510838,0.30608125562000005,796.115969677849,1052.09184860624,0
421.087280510838,0.3034594661859142,796.115969677849,1052.7420523858934,0
421.5124528956833,0.32495408787551794,796.2473479447661,1047.4113862068716,0
421.5124528956833,0.3176182574431144,796.2473479447661,1049.2306721541077,0
421.5124528956833,0.31184565357469635,796.2473479447661,1050.6622779134755,0
421.93741938591126,0.33124776726526445,796.3786625902466,1045.8505537182145,0
421.93741938591126,0.3301974103088858,796.3786625902466,1046.1110422433965,0
422.36238587613923,0.32809669639612843,796.509977235727,1046.6320192937603,0
422.36238587613923,0.3212819414850534,796.509977235727,1048.3220785117069,0
422.36238587613923,0.31551754353035705,796.509977235727,1049.7516492044715,0
422.79435278335734,0.31237493500974656,796.6434550100574,1050.531016117583,0
422.79435278335734,0.3113245780533679,796.6434550100574,1050.7915046427647,0
423.2193192735853,0.3134168296175997,796.7747696555379,1050.2726262548354,0
423.2193192735853,0.31237493500974656,796.7747696555379,1050.531016117583,0
423.2193192735853,0.31184565357469635,796.7747696555379,1050.6622779134755,0
423.64428576381323,0.31603861905168557,796.9060843010183,1049.622422475182,0
423.64428576381323,0.31499672444383237,796.9060843010183,1049.8808123379297,0
424.0694581486586,0.31551754353035705,797.0374625679354,1049.7516492044715,0
424.0694581486586,0.3134168296175997,797.0374625679354,1050.2726262548354,0
424.0694581486586,0.31184565357469635,797.0374625679354,1050.6622779134755,0
424.4944246388865,0.31603861905168557,797.1687772134159,1049.622422475182,0
424.4944246388865,0.312896010531075,797.1687772134159,1050.4017893882935,0
424.91959702373185,0.33124776726526445,797.3001554803332,1045.8505537182145,0
424.91959702373185,0.3270548017882753,797.3001554803332,1046.8904091565078,0
424.91959702373185,0.3218114793549074,797.3001554803332,1048.1907531199831,0
425.3445635139598,0.3338695566993503,797.4314701258136,1045.2003499385612,0
425.3445635139598,0.3333484811780218,797.4314701258136,1045.3295766678507,0
425.7763245265606,0.33124776726526445,797.5648842787072,1045.8505537182145,0
425.7763245265606,0.32809669639612843,797.5648842787072,1046.6320192937603,0
426.20129101678856,0.3254833693105681,797.6961989241877,1047.2801244109792,0
426.20129101678856,0.3244330123541894,797.6961989241877,1047.540612936161,0
426.20129101678856,0.32390373091913927,797.6961989241877,1047.6718747320535,0
426.6264634016338,0.33281919974297164,797.8275771911049,1045.4608384637431,0
426.6264634016338,0.32809669639612843,797.8275771911049,1046.6320192937603,0
427.0514298918618,0.34225548765332864,797.9588918365853,1043.1206390619745,0
427.0514298918618,0.33911287913271815,797.9588918365853,1043.900005975086,0
427.0514298918618,0.33544073274225367,797.9588918365853,1044.810698279921,0
427.48319090446256,0.34382692013103583,798.0923059894789,1042.7309238075031,0
427.48319090446256,0.3433058446097073,798.0923059894789,1042.8601505367926,0
427.90836328930794,0.34225548765332864,798.2236842563962,1043.1206390619745,0
427.90836328930794,0.3406840551756215,798.2236842563962,1043.510354316446,0
427.90836328930794,0.33963369821924283,798.2236842563962,1043.7708428416279,0
428.3401243019087,0.33963369821924283,798.3570984092897,1043.7708428416279,0
428.3401243019087,0.33911287913271815,798.3570984092897,1043.900005975086,0
428.75829626976383,0.33911287913271815,798.486313547357,1043.900005975086,0
428.75829626976383,0.337541446655011,798.486313547357,1044.2897212295572,0
428.75829626976383,0.3370121652199608,798.486313547357,1044.4209830254497,0
429.19026317698194,0.33649108969863234,798.6197913216874,1044.5502097547392,0
429.19026317698194,0.33596180826358213,798.6197913216874,1044.6814715506316,0
429.19026317698194,0.334390375785875,798.6197913216874,1045.071186805103,0
429.6084351448371,0.33071848583021424,798.7490064597546,1045.981815514107,0
429.6084351448371,0.3270548017882753,798.7490064597546,1046.8904091565078,0
430.0401961574379,0.3254833693105681,798.8824206126483,1047.2801244109792,0
430.0401961574379,0.3244330123541894,798.8824206126483,1047.540612936161,0
430.46536854228316,0.3244330123541894,799.0137988795655,1047.540612936161,0
430.46536854228316,0.32338265539781075,799.0137988795655,1047.801101461343,0
430.897129554884,0.33124776726526445,799.1472130324591,1045.8505537182145,0
430.897129554884,0.3296763347875573,799.1472130324591,1046.240268972686,0
430.897129554884,0.3270548017882753,799.1472130324591,1046.8904091565078,0
431.3155074173564,0.33176884278659297,799.2764917919632,1045.721326988925,0
431.3155074173564,0.3296763347875573,799.2764917919632,1046.240268972686,0
431.7472684299572,0.3270548017882753,799.4099059448567,1046.8904091565078,0
431.7472684299572,0.3244330123541894,799.4099059448567,1047.540612936161,0
432.16544039781235,0.3218114793549074,799.539121082924,1048.1907531199831,0
432.16544039781235,0.3181393329644429,799.539121082924,1049.1014454248182,0
432.16544039781235,0.31603861905168557,799.539121082924,1049.622422475182,0
432.603995932786,0.3218114793549074,799.6746347432309,1048.1907531199831,0
432.603995932786,0.3186604084857714,799.6746347432309,1048.9722186955287,0
432.603995932786,0.31603861905168557,799.6746347432309,1049.622422475182,0
433.0291683176313,0.3270548017882753,799.806013010148,1046.8904091565078,0
433.0291683176313,0.3244330123541894,799.806013010148,1047.540612936161,0
433.4541348078592,0.337541446655011,799.9373276556285,1044.2897212295572,0
433.4541348078592,0.334390375785875,799.9373276556285,1045.071186805103,0
433.4541348078592,0.3296763347875573,799.9373276556285,1046.240268972686,0
433.87910129808716,0.33963369821924283,800.0686423011089,1043.7708428416279,0
433.87910129808716,0.337541446655011,800.0686423011089,1044.2897212295572,0
434.3042736829325,0.334390375785875,800.2000205680262,1045.071186805103,0
434.3042736829325,0.33124776726526445,800.2000205680262,1045.8505537182145,0
434.72924017316046,0.3291470533525071,800.3313352135066,1046.3715307685784,0
434.72924017316046,0.32757562087479997,800.3313352135066,1046.7612460230496,0
434.72924017316046,0.3260044448318966,800.3313352135066,1047.1508976816897,0
435.1610011857612,0.3380625221763395,800.4647493664002,1044.160494500268,0
435.1610011857612,0.3301974103088858,800.4647493664002,1046.1110422433965,0
435.1610011857612,0.3260044448318966,800.4647493664002,1047.1508976816897,0
435.58617357060655,0.3522379816957869,800.5961276333173,1040.644980539445,0
435.58617357060655,0.3459276340437932,800.5961276333173,1042.2099467571393,0
436.0111400608345,0.3574815605639586,800.7274422787979,1039.3445729801383,0
436.0111400608345,0.3553890525649229,800.7274422787979,1039.8635149638992,0
436.43610655106244,0.35485977112987277,800.8587569242783,1039.9947767597916,0
436.43610655106244,0.35066680565288355,800.8587569242783,1041.0346321980849,0
436.86127893590776,0.3453980961739392,800.9901351911955,1042.3412721488633,0
436.86127893590776,0.3401632360890968,800.9901351911955,1043.6395174499041,0
436.86127893590776,0.33649108969863234,800.9901351911955,1044.5502097547392,0
437.2862454261357,0.3333484811780218,801.1214498366759,1045.3295766678507,0
437.2862454261357,0.33176884278659297,801.1214498366759,1045.721326988925,0
437.71141781098106,0.33911287913271815,801.2528281035931,1043.900005975086,0
437.71141781098106,0.334390375785875,801.2528281035931,1045.071186805103,0
437.71141781098106,0.33176884278659297,801.2528281035931,1045.721326988925,0
438.1431788235818,0.34225548765332864,801.3862422564868,1043.1206390619745,0
438.5681453138098,0.3448772770874145,801.5175569019672,1042.4704352823212,0
438.5681453138098,0.34225548765332864,801.5175569019672,1043.1206390619745,0
438.5681453138098,0.3417344121320002,801.5175569019672,1043.249865791264,0
438.99331769865506,0.3459276340437932,801.6489351688843,1042.2099467571393,0
438.99331769865506,0.34278476908837885,801.6489351688843,1042.989377266082,0
439.41828418888304,0.3406840551756215,801.7802498143649,1043.510354316446,0
439.41828418888304,0.3401632360890968,801.7802498143649,1043.6395174499041,0
439.8500452014838,0.3406840551756215,801.9136639672585,1043.510354316446,0
439.8500452014838,0.33911287913271815,801.9136639672585,1043.900005975086,0
440.27501169171177,0.34749881008669653,802.0449786127389,1041.8202950984994,0
440.27501169171177,0.34225548765332864,802.0449786127389,1043.1206390619745,0
440.27501169171177,0.33911287913271815,802.0449786127389,1043.900005975086,0
440.70697859892994,0.36377523995370514,802.1784563870693,1037.7837404914812,0
440.70697859892994,0.35591012808625144,802.1784563870693,1039.7342882346097,0
441.125150566785,0.37793403121090535,802.3076715251366,1034.2723602596955,0
441.125150566785,0.3742618848204408,802.3076715251366,1035.1830525645307,0
441.125150566785,0.369018562387073,802.3076715251366,1036.4833965280059,0
441.5569115793858,0.3768836742545267,802.4410856780302,1034.5328487848774,0
441.5569115793858,0.3705899948647801,802.4410856780302,1036.0936812735347,0
441.9752894418583,0.36220380747599795,802.5703644375342,1038.1734557459527,0
441.9752894418583,0.3569604850426301,802.5703644375342,1039.4737997094278,0
441.9752894418583,0.35591012808625144,802.5703644375342,1039.7342882346097,0
442.4070504544591,0.3601030935632406,802.7037785904279,1038.6944327963163,0
442.4070504544591,0.35800237965048326,802.7037785904279,1039.2154098466801,0
442.8322228393044,0.36691784847431563,802.835156857345,1037.0043735783697,0
442.8322228393044,0.3642963154750336,802.835156857345,1037.6545137621918,0
442.8322228393044,0.36167452604094774,802.835156857345,1038.304717541845,0
443.2639838519052,0.36953963790840144,802.9685710102386,1036.3541697987164,0
443.6821558197603,0.36691784847431563,803.0977861483059,1037.0043735783697,0
443.6821558197603,0.3611534505196193,803.0977861483059,1038.4339442711346,0
443.6821558197603,0.3569604850426301,803.0977861483059,1039.4737997094278,0
444.11391683236104,0.3532883386521656,803.2312003011996,1040.384492014263,0
444.11391683236104,0.35066680565288355,803.2312003011996,1041.0346321980849,0
444.5322946948336,0.34749881008669653,803.3604790607036,1041.8202950984994,0
444.5322946948336,0.344356201566086,803.3604790607036,1042.5996620116107,0
444.5322946948336,0.34278476908837885,803.3604790607036,1042.989377266082,0
444.9708502298072,0.348019885608025,803.4959927210103,1041.69106836921,0
444.9708502298072,0.34382692013103583,803.4959927210103,1042.7309238075031,0
445.39581672003516,0.36220380747599795,803.6273073664909,1038.1734557459527,0
445.39581672003516,0.35800237965048326,803.6273073664909,1039.2154098466801,0
445.39581672003516,0.3527675195656409,803.6273073664909,1040.513655147721,0
445.8209891048804,0.369018562387073,803.758685633408,1036.4833965280059,0
445.8209891048804,0.36586749151793696,803.758685633408,1037.2648621035516,0
446.24595559510846,0.37216117090768347,803.8900002788885,1035.7040296148946,0
446.24595559510846,0.3705899948647801,803.8900002788885,1036.0936812735347,0
446.6711279799537,0.36848928095202277,804.0213785458056,1036.6146583238983,0
446.6711279799537,0.36691784847431563,804.0213785458056,1037.0043735783697,0
447.0960944701817,0.3653466724314123,804.1526931912861,1037.3940252370098,0
447.0960944701817,0.3642963154750336,804.1526931912861,1037.6545137621918,0
447.0960944701817,0.3632541644323766,804.1526931912861,1037.9129672207707,0
447.52785548278246,0.36167452604094774,804.2861073441798,1038.304717541845,0
447.52785548278246,0.3611534505196193,804.2861073441798,1038.4339442711346,0
447.9528219730104,0.36220380747599795,804.4174219896602,1038.1734557459527,0
447.9528219730104,0.36167452604094774,804.4174219896602,1038.304717541845,0
447.9528219730104,0.36062416908456907,804.4174219896602,1038.565206067027,0
448.37799435785575,0.3595822744767159,804.5488002565774,1038.8235959297745,0
448.37799435785575,0.35853191752033725,804.5488002565774,1039.0840844549564,0
448.80296084808367,0.3595822744767159,804.6801149020579,1038.8235959297745,0
448.80296084808367,0.35853191752033725,804.6801149020579,1039.0840844549564,0
449.228133232929,0.36062416908456907,804.8114931689751,1038.565206067027,0
449.65989424552976,0.36272488299732647,804.9449073218686,1038.0442290166632,0
449.65989424552976,0.3611534505196193,804.9449073218686,1038.4339442711346,0
449.65989424552976,0.36062416908456907,804.9449073218686,1038.565206067027,0
450.08486073575773,0.36953963790840144,805.076221967349,1036.3541697987164,0
450.08486073575773,0.36586749151793696,805.076221967349,1037.2648621035516,0
450.51003312060305,0.3795054636886125,805.2076002342664,1033.882645005224,0
450.51003312060305,0.37636259873319816,805.2076002342664,1034.6620755141669,0
450.51003312060305,0.37321152786406214,805.2076002342664,1035.4435410897127,0
450.934999610831,0.38527806755703053,805.3389148797468,1032.4510392458565,0
450.934999610831,0.38264807220922303,805.3389148797468,1033.1032780921128,0
451.35996610105894,0.38631996216488373,805.4702295252272,1032.1926493831088,0
451.7851384859042,0.38422771060065186,805.6016077921444,1032.7115277710384,0
451.7851384859042,0.38002628277513717,805.6016077921444,1033.753481871766,0
452.21689949850503,0.3742618848204408,805.735021945038,1035.1830525645307,0
452.21689949850503,0.369018562387073,805.735021945038,1036.4833965280059,0
452.21689949850503,0.36586749151793696,805.735021945038,1037.2648621035516,0
452.641865988733,0.3653466724314123,805.8663365905185,1037.3940252370098,0
452.641865988733,0.3648171345615583,805.8663365905185,1037.5253506287336,0
453.08042152370666,0.375833317298148,806.0018502508253,1034.7933373100593,0
453.08042152370666,0.3711108139513048,806.0018502508253,1035.9645181400765,0
453.08042152370666,0.36691784847431563,806.0018502508253,1037.0043735783697,0
453.50559390855193,0.3821269966878945,806.1332285177425,1033.2325048214022,0
453.50559390855193,0.38055582064499116,806.1332285177425,1033.6221564800423,0
453.93735492115275,0.3795054636886125,806.2666426706362,1033.882645005224,0
453.93735492115275,0.37321152786406214,806.2666426706362,1035.4435410897127,0
453.93735492115275,0.36639702938779095,806.2666426706362,1037.133536711828,0
454.3555268890078,0.3632541644323766,806.3958578087033,1037.9129672207707,0
454.3555268890078,0.36272488299732647,806.3958578087033,1038.0442290166632,0
454.7872879016086,0.3653466724314123,806.529271961597,1037.3940252370098,0
454.7872879016086,0.3632541644323766,806.529271961597,1037.9129672207707,0
454.7872879016086,0.36272488299732647,806.529271961597,1038.0442290166632,0
455.21246028645396,0.369018562387073,806.6606502285142,1036.4833965280059,0
455.21246028645396,0.3679682054306943,806.6606502285142,1036.7438850531878,0
455.6374267766819,0.36691784847431563,806.7919648739946,1037.0043735783697,0
455.6374267766819,0.36377523995370514,806.7919648739946,1037.7837404914812,0
455.6374267766819,0.3611534505196193,806.7919648739946,1038.4339442711346,0
456.0625991615272,0.3648171345615583,806.9233431409119,1037.5253506287336,0
456.0625991615272,0.3611534505196193,806.9233431409119,1038.4339442711346,0
456.49436017412796,0.39680686346642324,807.0567572938055,1029.591897860327,0
456.49436017412796,0.38579914307835905,807.0567572938055,1032.321812516567,0
456.49436017412796,0.37478296034176933,807.0567572938055,1035.0538258352412,0
456.91932666435594,0.40834386528953764,807.1880719392859,1026.7307214081948,0
456.91932666435594,0.40414243746402295,807.1880719392859,1027.7726755089225,0
457.3442931545839,0.40729350833315897,807.3193865847664,1026.9912099333767,0
457.3442931545839,0.40257972376964507,807.3193865847664,1028.160228505128,0
457.3442931545839,0.3962857879450948,807.3193865847664,1029.7211245896165,0
457.76946553942923,0.38789139464259087,807.4507648516836,1031.8029341286376,0
457.76946553942923,0.378984388167284,807.4507648516836,1034.0118717345135,0
458.20122655203,0.3705899948647801,807.5841790045772,1036.0936812735347,0
458.20122655203,0.3679682054306943,807.5841790045772,1036.7438850531878,0
458.20122655203,0.36691784847431563,807.5841790045772,1037.0043735783697,0
458.6261930422579,0.37478296034176933,807.7154936500576,1035.0538258352412,0
458.6261930422579,0.3705899948647801,807.7154936500576,1036.0936812735347,0
459.0581599494761,0.38264807220922303,807.8489714243881,1033.1032780921128,0
459.0581599494761,0.38107663973151584,807.8489714243881,1033.4929933465842,0
459.0581599494761,0.3784551067322338,807.8489714243881,1034.143133530406,0
459.4763319173312,0.3836984291656017,807.9781865624553,1032.8427895669308,0
459.4763319173312,0.38160617760136983,807.9781865624553,1033.3616679548604,0
459.908092929932,0.378984388167284,808.1116007153489,1034.0118717345135,0
459.908092929932,0.37478296034176933,808.1116007153489,1035.0538258352412,0
460.32647079240445,0.3726855800814614,808.2408794748529,1035.5739761397977,0
460.32647079240445,0.372682246429012,808.2408794748529,1035.574802885605,0
460.32647079240445,0.37163522312508274,808.2408794748529,1035.8344646649796,0
460.32647079240445,0.3705933285172296,808.2408794748529,1036.092854527727,0
460.7514372826324,0.3700637906473756,808.3721941203333,1036.224179919451,0
461.1834041898506,0.3805506919489151,808.5056718946638,1033.6234283966692,0
461.1834041898506,0.3768870079069761,808.5056718946638,1034.53202203907,0
461.1834041898506,0.3726855800814614,808.5056718946638,1035.5739761397977,0
461.60837068007856,0.38737365277371183,808.6369865401442,1031.9313341121194,0
461.60837068007856,0.38370176281805113,808.6369865401442,1032.8419628211234,0
462.0333371703065,0.4062464850292297,808.7683011856246,1027.2508717127512,0
462.0333371703065,0.4004738811608117,808.7683011856246,1028.6824774721188,0
462.0333371703065,0.3931380507284082,808.7683011856246,1030.5017634193548,0
462.45850955515175,0.40991863141969426,808.8996794525418,1026.340179407916,0
462.45850955515175,0.4088682744633156,808.8996794525418,1026.6006679330978,0
462.45850955515175,0.4072968419856084,808.8996794525418,1026.9903831875693,0
462.8834760453798,0.40466684663780084,809.0309940980223,1027.6426220338255,0
462.8834760453798,0.40205351955224056,809.0309940980223,1028.2907271510444,0
463.3084425356077,0.39785209172672586,809.1623087435028,1029.332681251772,0
463.3084425356077,0.39418840768478686,809.1623087435028,1030.2412748941729,0
463.74699807058136,0.4078179175069369,809.2978224038096,1026.8611564582798,0
463.74699807058136,0.39943198655295853,809.2978224038096,1028.9408673348664,0
463.74699807058136,0.39418840768478686,809.2978224038096,1030.2412748941729,0
464.1653759330538,0.42198517111266265,809.4271011633136,1023.3476775640597,0
464.1653759330538,0.4162207731579663,809.4271011633136,1024.7772482568244,0
464.5971369456546,0.42512777963327314,809.5605153162072,1022.5683106509483,0
464.5971369456546,0.42408588502542,809.5605153162072,1022.8267005136959,0
464.5971369456546,0.42041373863495546,809.5605153162072,1023.7373928185311,0
465.0155148081271,0.4120108829839261,809.6897940757112,1025.8213010199863,0
465.0155148081271,0.4004738811608117,809.6897940757112,1028.6824774721188,0
465.4472758207279,0.39051651772912616,809.8232082286049,1031.1519036031768,0
465.4472758207279,0.3842225819045758,809.8232082286049,1032.7127996876652,0
465.4472758207279,0.382130330340344,809.8232082286049,1033.2316780755948,0
465.8722423109558,0.38265140586167246,809.9545228740853,1033.1024513463053,0
465.8722423109558,0.382130330340344,809.9545228740853,1033.2316780755948,0
466.30400332355657,0.38632329581733316,810.0879370269789,1032.1918226373014,0
466.30400332355657,0.3852729388609545,810.0879370269789,1032.4523111624833,0
466.72238118602905,0.38632329581733316,810.2172157864829,1032.1918226373014,0
466.72238118602905,0.382130330340344,810.2172157864829,1033.2316780755948,0
466.72238118602905,0.3779373648633548,810.2172157864829,1034.271533513888,0
467.1541421986298,0.3779373648633548,810.3506299393766,1034.271533513888,0
467.1541421986298,0.37583665095059743,810.3506299393766,1034.7925105642519,0
467.5793145834752,0.39103733681565084,810.4820082062938,1031.0227404697187,0
467.5793145834752,0.38737365277371183,810.4820082062938,1031.9313341121194,0
467.5793145834752,0.382130330340344,810.4820082062938,1033.2316780755948,0
468.0042810737031,0.3968017347703472,810.6133228517742,1029.593169776954,0
468.0042810737031,0.39365912624973665,810.6133228517742,1030.3725366900653,0
468.4292475639311,0.39943198655295853,810.7446374972546,1028.9408673348664,0
468.4292475639311,0.39890244868310454,810.7446374972546,1029.0721927265902,0
468.4292475639311,0.39838162959657986,810.7446374972546,1029.2013558600484,0
468.8612144711492,0.4004738811608117,810.8781152715851,1028.6824774721188,0
468.8612144711492,0.39943198655295853,810.8781152715851,1028.9408673348664,0
469.28618096137717,0.4041457711164724,811.0094299170655,1027.7718487631148,0
469.28618096137717,0.402574595073569,811.0094299170655,1028.161500421755,0
469.28618096137717,0.40205351955224056,811.0094299170655,1028.2907271510444,0
469.71114745160514,0.40519612807285105,811.1407445625459,1027.511360237933,0
469.71114745160514,0.4041457711164724,811.1407445625459,1027.7718487631148,0
470.1363198364504,0.402574595073569,811.2721228294631,1028.161500421755,0
470.1363198364504,0.39943198655295853,811.2721228294631,1028.9408673348664,0
470.1363198364504,0.3968017347703472,811.2721228294631,1029.593169776954,0
470.5680808490512,0.39523876464116553,811.4055369823568,1029.980786368991,0
470.5680808490512,0.3947094832061153,811.4055369823568,1030.1120481648834,0
470.99304733927914,0.4088682744633156,811.5368516278372,1026.6006679330978,0
470.99304733927914,0.40466684663780084,811.5368516278372,1027.6426220338255,0
470.99304733927914,0.3999528056394832,811.5368516278372,1028.8117042014082,0
471.42480835187996,0.4198929195484308,811.6702657807309,1023.8665559519892,0
471.42480835187996,0.4141285215937344,811.6702657807309,1025.296126644754,0
471.84318621435244,0.42408588502542,811.7995445402348,1022.8267005136959,0
471.84318621435244,0.42146409559133413,811.7995445402348,1023.4769042933492,0
472.27494722695326,0.4146493406802591,811.9329586931285,1025.1669635112958,0
472.27494722695326,0.4078179175069369,811.9329586931285,1026.8611564582798,0
472.6933250894257,0.40152423811719035,812.0622374526325,1028.4219889469368,0
472.6933250894257,0.39785209172672586,812.0622374526325,1029.332681251772,0
472.6933250894257,0.395759840162494,812.0622374526325,1029.8515596397015,0
473.11829157965366,0.3931380507284082,812.193552098113,1030.5017634193548,0
473.5500525922545,0.3968017347703472,812.3269662510066,1029.593169776954,0
473.5500525922545,0.39523876464116553,812.3269662510066,1029.980786368991,0
473.97522497709974,0.3999528056394832,812.4583445179238,1028.8117042014082,0
473.97522497709974,0.39943198655295853,812.4583445179238,1028.9408673348664,0
473.97522497709974,0.39785209172672586,812.4583445179238,1029.332681251772,0
474.4001914673277,0.40466684663780084,812.5896591634042,1027.6426220338255,0
474.4001914673277,0.40310387650861923,812.5896591634042,1028.0302386258625,0
474.4001914673277,0.40205351955224056,812.5896591634042,1028.2907271510444,0
474.82515795755563,0.4104397069410227,812.7209738088847,1026.2109526786264,0
474.82515795755563,0.4078179175069369,812.7209738088847,1026.8611564582798,0
475.250330342401,0.42146409559133413,812.8523520758018,1023.4769042933492,0
475.250330342401,0.4188425625920521,812.8523520758018,1024.1270444771712,0
475.250330342401,0.4151704162015876,812.8523520758018,1025.0377367820063,0
475.67529683262893,0.426707418024702,812.9836667212824,1022.176560329874,0
475.67529683262893,0.4246067041119447,812.9836667212824,1022.6975373802378,0
476.1138523676026,0.4277577749810807,813.1191803815891,1021.916071804692,0
476.1138523676026,0.4261781365896518,813.1191803815891,1022.3078221257664,0
476.532230230075,0.42250599019918733,813.2484591410931,1023.2185144306017,0
476.532230230075,0.4183130247221981,813.2484591410931,1024.258369868895,0
476.532230230075,0.4109605260275474,813.2484591410931,1026.0817895451682,0
476.9639912426758,0.4036249520299477,813.3818732939868,1027.901011896573,0
476.9639912426758,0.39838162959657986,813.3818732939868,1029.2013558600484,0
477.3823691051483,0.39418840768478686,813.5111520534908,1030.2412748941729,0
477.3823691051483,0.39156687468550483,813.5111520534908,1030.891415077995,0
477.8141301177491,0.4004738811608117,813.6445662063844,1028.6824774721188,0
477.8141301177491,0.39523876464116553,813.6445662063844,1029.980786368991,0
478.23909660797705,0.4156914917229161,813.7758808518648,1024.9085100527168,0
478.23909660797705,0.4109605260275474,813.7758808518648,1026.0817895451682,0
478.23909660797705,0.40571720359417957,813.7758808518648,1027.3821335086436,0
478.6708576205778,0.42041373863495546,813.9092950047585,1023.7373928185311,0
478.6708576205778,0.41779220563567343,813.9092950047585,1024.387533002353,0
479.0892354830503,0.42146409559133413,814.0385737642625,1023.4769042933492,0
479.0892354830503,0.4188425625920521,814.0385737642625,1024.1270444771712,0
479.52099649565105,0.4141285215937344,814.1719879171561,1025.296126644754,0
479.52099649565105,0.40991863141969426,814.1719879171561,1026.340179407916,0
479.9393743581236,0.41359898372388043,814.3012666766601,1025.4274520364777,0
479.9393743581236,0.4104397069410227,814.3012666766601,1026.2109526786264,0
479.9393743581236,0.40938934998464405,814.3012666766601,1026.4714412038084,0
480.37113537072435,0.4151704162015876,814.4346808295538,1025.0377367820063,0
480.37113537072435,0.4146493406802591,814.4346808295538,1025.1669635112958,0
480.79610186095226,0.4141285215937344,814.5659954750342,1025.296126644754,0
480.79610186095226,0.41359898372388043,814.5659954750342,1025.4274520364777,0
480.79610186095226,0.41307816463735575,814.5659954750342,1025.5566151699359,0
481.2278628735531,0.4198929195484308,814.6994096279278,1023.8665559519892,0
481.2278628735531,0.4183130247221981,814.6994096279278,1024.258369868895,0
481.2278628735531,0.41674184867929476,814.6994096279278,1024.6480215275349,0
481.6530352583984,0.4151704162015876,814.8307878948451,1025.0377367820063,0
481.6530352583984,0.4104397069410227,814.8307878948451,1026.2109526786264,0
482.0780017486264,0.4083389930282654,814.9621025403255,1026.7319297289903,0
482.0780017486264,0.40571720359417957,814.9621025403255,1027.3821335086436,0
482.5029682388543,0.40205351955224056,815.093417185806,1028.2907271510444,0
482.5029682388543,0.3973312726402012,815.093417185806,1029.4618443852303,0
482.5029682388543,0.39365912624973665,815.093417185806,1030.3725366900653,0
482.93493514607246,0.4036249520299477,815.2268949601364,1027.901011896573,0
482.93493514607246,0.395759840162494,815.2268949601364,1029.8515596397015,0
483.3599016363004,0.42932920745878783,815.3582096056168,1021.5263565502207,0
483.3599016363004,0.42512777963327314,815.3582096056168,1022.5683106509483,0
483.3599016363004,0.4151704162015876,815.3582096056168,1025.0377367820063,0
483.79166264890114,0.4287999260237376,815.4916237585104,1021.6576183461132,0
483.79166264890114,0.4272284935460305,815.4916237585104,1022.0473336005845,0
484.2100405113737,0.42512777963327314,815.6209025180144,1022.5683106509483,0
484.2100405113737,0.42041373863495546,815.6209025180144,1023.7373928185311,0
484.2100405113737,0.41359898372388043,815.6209025180144,1025.4274520364777,0
484.64180152397444,0.4078179175069369,815.7543166709081,1026.8611564582798,0
484.64180152397444,0.40571720359417957,815.7543166709081,1027.3821335086436,0
485.05997349182957,0.40676756055055824,815.8835318089754,1027.1216449834617,0
485.05997349182957,0.4062464850292297,815.8835318089754,1027.2508717127512,0
485.05997349182957,0.40571720359417957,815.8835318089754,1027.3821335086436,0
485.4851458766749,0.40571720359417957,816.0149100758925,1027.3821335086436,0
485.4851458766749,0.40466684663780084,816.0149100758925,1027.6426220338255,0
485.9169068892757,0.4072968419856084,816.1483242287861,1026.9903831875693,0
485.9169068892757,0.4062464850292297,816.1483242287861,1027.2508717127512,0
485.9169068892757,0.40519612807285105,816.1483242287861,1027.511360237933,0
486.3418733795036,0.40938934998464405,816.2796388742665,1026.4714412038084,0
486.3418733795036,0.4083389930282654,816.2796388742665,1026.7319297289903,0
486.76704576434895,0.4183130247221981,816.4110171411838,1024.258369868895,0
486.76704576434895,0.41727113011434497,816.4110171411838,1024.5167597316424,0
486.76704576434895,0.4141285215937344,816.4110171411838,1025.296126644754,0
487.19201225457687,0.4156914917229161,816.5423317866642,1024.9085100527168,0
487.19201225457687,0.4120108829839261,816.5423317866642,1025.8213010199863,0
487.6171846394222,0.4078179175069369,816.6737100535814,1026.8611564582798,0
487.6171846394222,0.40519612807285105,816.6737100535814,1027.511360237933,0
487.6171846394222,0.40310387650861923,816.6737100535814,1028.0302386258625,0
488.04215112965016,0.402574595073569,816.8050246990618,1028.161500421755,0
488.04215112965016,0.40205351955224056,816.8050246990618,1028.2907271510444,0
488.48070666462377,0.4141285215937344,816.9405383593687,1025.296126644754,0
488.48070666462377,0.4083389930282654,816.9405383593687,1026.7319297289903,0
488.48070666462377,0.4036249520299477,816.9405383593687,1027.901011896573,0
488.8988786324789,0.4230355280690413,817.069753497436,1023.0871890388778,0
488.8988786324789,0.4193633816785768,817.069753497436,1023.9978813437131,0
489.330845539697,0.42565706106832335,817.2032312717663,1022.4370488550559,0
489.330845539697,0.42512777963327314,817.2032312717663,1022.5683106509483,0
489.7490175075522,0.42565706106832335,817.3324464098336,1022.4370488550559,0
489.7490175075522,0.4246067041119447,817.3324464098336,1022.6975373802378,0
490.18077852015296,0.4246067041119447,817.4658605627272,1022.6975373802378,0
490.18077852015296,0.42408588502542,817.4658605627272,1022.8267005136959,0
490.18077852015296,0.423556347155566,817.4658605627272,1022.9580259054197,0
490.6059509049983,0.42146409559133413,817.5972388296444,1023.4769042933492,0
490.6059509049983,0.42041373863495546,817.5972388296444,1023.7373928185311,0
491.03771191759904,0.4183130247221981,817.7306529825381,1024.258369868895,0
491.03771191759904,0.4162207731579663,817.7306529825381,1024.7772482568244,0
491.03771191759904,0.41253195850525454,817.7306529825381,1025.6920742906968,0
491.4560897800715,0.4083389930282654,817.859931742042,1026.7319297289903,0
491.4560897800715,0.40519612807285105,817.859931742042,1027.511360237933,0
491.88785079267234,0.40991863141969426,817.9933458949357,1026.340179407916,0
491.88785079267234,0.40571720359417957,817.9933458949357,1027.3821335086436,0
491.88785079267234,0.4036249520299477,817.9933458949357,1027.901011896573,0
492.3060227605274,0.4146493406802591,818.122561033003,1025.1669635112958,0
492.3060227605274,0.41253195850525454,818.122561033003,1025.6920742906968,0
492.7377837731282,0.4193633816785768,818.2559751858965,1023.9978813437131,0
492.7377837731282,0.4183130247221981,818.2559751858965,1024.258369868895,0
492.7377837731282,0.4162207731579663,818.2559751858965,1024.7772482568244,0
493.16975068034634,0.4188425625920521,818.389452960227,1024.1270444771712,0
493.16975068034634,0.41674184867929476,818.389452960227,1024.6480215275349,0
493.5947171705743,0.4156914917229161,818.5207676057074,1024.9085100527168,0
493.5947171705743,0.4151704162015876,818.5207676057074,1025.0377367820063,0
493.5947171705743,0.4141285215937344,818.5207676057074,1025.296126644754,0
494.0196836608023,0.4162207731579663,818.6520822511878,1024.7772482568244,0
494.4448560456476,0.4141285215937344,818.783460518105,1025.296126644754,0
494.4448560456476,0.4109605260275474,818.783460518105,1026.0817895451682,0
494.4448560456476,0.40938934998464405,818.783460518105,1026.4714412038084,0
494.8698225358755,0.4078179175069369,818.9147751635855,1026.8611564582798,0
494.8698225358755,0.4062464850292297,818.9147751635855,1027.2508717127512,0
495.2949949207208,0.4036249520299477,819.0461534305027,1027.901011896573,0
495.2949949207208,0.40205351955224056,819.0461534305027,1028.2907271510444,0
495.2949949207208,0.4010031625958619,819.0461534305027,1028.5512156762263,0
495.7267559333216,0.4062464850292297,819.1795675833963,1027.2508717127512,0
495.7267559333216,0.402574595073569,819.1795675833963,1028.161500421755,0
496.1517224235496,0.41727113011434497,819.3108822288768,1024.5167597316424,0
496.1517224235496,0.4141285215937344,819.3108822288768,1025.296126644754,0
496.1517224235496,0.4104397069410227,819.3108822288768,1026.2109526786264,0
496.57668891377756,0.4272284935460305,819.4421968743573,1022.0473336005845,0
496.57668891377756,0.42094327650480945,819.4421968743573,1023.6060674268073,0
497.00865582099567,0.43457252989215567,819.5756746486876,1020.2260125867455,0
497.00865582099567,0.4324718159793983,819.5756746486876,1020.7469896371092,0
497.00865582099567,0.43090063993649497,819.5756746486876,1021.1366412957493,0
497.4268277888508,0.42512777963327314,819.7048897867548,1022.5683106509483,0
497.4268277888508,0.4193633816785768,819.7048897867548,1023.9978813437131,0
497.8520001736961,0.4146493406802591,819.836268053672,1025.1669635112958,0
497.8520001736961,0.4088682744633156,819.836268053672,1026.6006679330978,0
497.8520001736961,0.40152423811719035,819.836268053672,1028.4219889469368,0
498.28376118629694,0.3962809156838225,819.9696822065657,1029.722332910412,0
498.70872767652486,0.4151704162015876,820.1009968520461,1025.0377367820063,0
498.70872767652486,0.40938934998464405,820.1009968520461,1026.4714412038084,0
498.70872767652486,0.40152423811719035,820.1009968520461,1028.4219889469368,0
499.1339000613701,0.42146409559133413,820.2323751189633,1023.4769042933492,0
499.1339000613701,0.4188425625920521,820.2323751189633,1024.1270444771712,0
499.55886655159816,0.42932920745878783,820.3636897644437,1021.5263565502207,0
499.55886655159816,0.4261781365896518,820.3636897644437,1022.3078221257664,0
499.9838330418261,0.42408588502542,820.4950044099243,1022.8267005136959,0
499.9838330418261,0.41779220563567343,820.4950044099243,1024.387533002353,0
500.41559405442683,0.4151704162015876,820.6284185628178,1025.0377367820063,0
500.41559405442683,0.4146493406802591,820.6284185628178,1025.1669635112958,0
500.84756096164494,0.4162207731579663,820.7618963371483,1024.7772482568244,0
500.84756096164494,0.41307816463735575,820.7618963371483,1025.5566151699359,0
501.2657329295002,0.4088682744633156,820.8911114752156,1026.6006679330978,0
501.2657329295002,0.4041457711164724,820.8911114752156,1027.7718487631148,0
501.69749394210095,0.39943198655295853,821.0245256281091,1028.9408673348664,0
501.69749394210095,0.39365912624973665,821.0245256281091,1030.3725366900653,0
501.69749394210095,0.38737365277371183,821.0245256281091,1031.9313341121194,0
502.1158718045734,0.38317222494819714,821.1538043876131,1032.9732882128471,0
502.1158718045734,0.38265140586167246,821.1538043876131,1033.1024513463053,0
502.5476328171742,0.4109605260275474,821.2872185405068,1026.0817895451682,0
502.5476328171742,0.39943198655295853,821.2872185405068,1028.9408673348664,0
502.5476328171742,0.38998697985927216,821.2872185405068,1031.2832289949006,0
502.97280520201946,0.4261781365896518,821.418596807424,1022.3078221257664,0
502.97280520201946,0.4198929195484308,821.418596807424,1023.8665559519892,0
503.4045662146203,0.42827885050240916,821.5520109603176,1021.7868450754025,0
503.4045662146203,0.42408588502542,821.5520109603176,1022.8267005136959,0
503.82273818247535,0.4183130247221981,821.6812260983849,1024.258369868895,0
503.82273818247535,0.41307816463735575,821.6812260983849,1025.5566151699359,0
503.82273818247535,0.4104397069410227,821.6812260983849,1026.2109526786264,0
504.25449919507616,0.4146493406802591,821.8146402512785,1025.1669635112958,0
504.25449919507616,0.4114900638974014,821.8146402512785,1025.9504641534445,0
504.6728770575487,0.4230355280690413,821.9439190107825,1023.0871890388778,0
504.6728770575487,0.42250599019918733,821.9439190107825,1023.2185144306017,0
504.6728770575487,0.4188425625920521,821.9439190107825,1024.1270444771712,0
505.1046380701495,0.4198929195484308,822.0773331636761,1023.8665559519892,0
505.1046380701495,0.4146493406802591,822.0773331636761,1025.1669635112958,0
505.5363990827503,0.4120108829839261,822.2107473165698,1025.8213010199863,0
505.5363990827503,0.40938934998464405,822.2107473165698,1026.4714412038084,0
505.5363990827503,0.4088682744633156,822.2107473165698,1026.6006679330978,0
505.96157146759555,0.43195099689287364,822.342125583487,1020.8761527705674,0
505.96157146759555,0.42041373863495546,822.342125583487,1023.7373928185311,0
506.3865379578235,0.46235236862298046,822.4734402289674,1013.3366125815008,0
506.3865379578235,0.45553761371190543,822.4734402289674,1015.0266717994475,0
506.3865379578235,0.44505943119369523,822.4734402289674,1017.6252610639636,0
506.8117103426688,0.4602601170587486,822.6048184958846,1013.8554909694304,0
506.8117103426688,0.4513446482349162,822.6048184958846,1016.0665272377408,0
507.23667683289676,0.43719431932624153,822.736133141365,1019.5758088070921,0
507.23667683289676,0.4246067041119447,822.736133141365,1022.6975373802378,0
507.23667683289676,0.41359898372388043,822.736133141365,1025.4274520364777,0
507.6616433231247,0.40571720359417957,822.8674477868456,1027.3821335086436,0
507.6616433231247,0.40152423811719035,822.8674477868456,1028.4219889469368,0
508.0934043357255,0.4036249520299477,823.0008619397391,1027.901011896573,0
508.0934043357255,0.4010031625958619,823.0008619397391,1028.5512156762263,0
508.0934043357255,0.39890244868310454,823.0008619397391,1029.0721927265902,0
508.51857672057076,0.40676756055055824,823.1322402066563,1027.1216449834617,0
508.51857672057076,0.4062464850292297,823.1322402066563,1027.2508717127512,0
508.9435432107988,0.41359898372388043,823.2635548521367,1025.4274520364777,0
508.9435432107988,0.4083389930282654,823.2635548521367,1026.7319297289903,0
508.9435432107988,0.40571720359417957,823.2635548521367,1027.3821335086436,0
509.3753042233996,0.42408588502542,823.3969690050304,1022.8267005136959,0
509.3753042233996,0.4198929195484308,823.3969690050304,1023.8665559519892,0
509.79368208587204,0.4261781365896518,823.5262477645344,1022.3078221257664,0
509.79368208587204,0.42408588502542,823.5262477645344,1022.8267005136959,0
509.79368208587204,0.42041373863495546,823.5262477645344,1023.7373928185311,0
510.22544309847285,0.4162207731579663,823.659661917428,1024.7772482568244,0
510.22544309847285,0.41253195850525454,823.659661917428,1025.6920742906968,0
510.6506154833181,0.40938934998464405,823.7910401843453,1026.4714412038084,0
510.6506154833181,0.40676756055055824,823.7910401843453,1027.1216449834617,0
510.6506154833181,0.40571720359417957,823.7910401843453,1027.3821335086436,0
511.0755819735461,0.4062464850292297,823.9223548298257,1027.2508717127512,0
511.0755819735461,0.40571720359417957,823.9223548298257,1027.3821335086436,0
511.500548463774,0.40571720359417957,824.0536694753062,1027.3821335086436,0
511.500548463774,0.4041457711164724,824.0536694753062,1027.7718487631148,0
511.92572084861933,0.40310387650861923,824.1850477422233,1028.0302386258625,0
511.92572084861933,0.402574595073569,824.1850477422233,1028.161500421755,0
511.92572084861933,0.40205351955224056,824.1850477422233,1028.2907271510444,0
512.3506873388473,0.4072968419856084,824.3163623877037,1026.9903831875693,0
512.3506873388473,0.4041457711164724,824.3163623877037,1027.7718487631148,0
512.7756538290753,0.4162207731579663,824.4476770331843,1024.7772482568244,0
512.7756538290753,0.41359898372388043,824.4476770331843,1025.4274520364777,0
512.7756538290753,0.4104397069410227,824.4476770331843,1026.2109526786264,0
513.2142093640488,0.4198929195484308,824.583190693491,1023.8665559519892,0
513.2142093640488,0.4188425625920521,824.583190693491,1024.1270444771712,0
513.6325872265214,0.4198929195484308,824.712469452995,1023.8665559519892,0
513.6325872265214,0.4183130247221981,824.712469452995,1024.258369868895,0
513.6325872265214,0.41779220563567343,824.712469452995,1024.387533002353,0
514.0643482391222,0.42146409559133413,824.8458836058887,1023.4769042933492,0
514.0643482391222,0.4188425625920521,824.8458836058887,1024.1270444771712,0
514.4827261015946,0.4246067041119447,824.9751623653927,1022.6975373802378,0
514.4827261015946,0.42408588502542,824.9751623653927,1022.8267005136959,0
514.4827261015946,0.423556347155566,824.9751623653927,1022.9580259054197,0
514.9144871141954,0.4246067041119447,825.1085765182863,1022.6975373802378,0
514.9144871141954,0.42408588502542,825.1085765182863,1022.8267005136959,0
515.3394536044234,0.4246067041119447,825.2398911637667,1022.6975373802378,0
515.3394536044234,0.4230355280690413,825.2398911637667,1023.0871890388778,0
515.3394536044234,0.4193633816785768,825.2398911637667,1023.9978813437131,0
515.7712146170242,0.4146493406802591,825.3733053166604,1025.1669635112958,0
515.7712146170242,0.4114900638974014,825.3733053166604,1025.9504641534445,0
516.1895924794966,0.4109605260275474,825.5025840761645,1026.0817895451682,0
516.6213534920973,0.4120108829839261,825.635998229058,1025.8213010199863,0
516.6213534920973,0.4109605260275474,825.635998229058,1026.0817895451682,0
517.0397313545699,0.4141285215937344,825.765276988562,1025.296126644754,0
517.0397313545699,0.41307816463735575,825.765276988562,1025.5566151699359,0
517.0397313545699,0.41253195850525454,825.765276988562,1025.6920742906968,0
517.4714923671708,0.42041373863495546,825.8986911414557,1023.7373928185311,0
517.4714923671708,0.41727113011434497,825.8986911414557,1024.5167597316424,0
517.9032533797715,0.430371102066641,826.0321052943493,1021.2679666874731,0
517.9032533797715,0.42932920745878783,826.0321052943493,1021.5263565502207,0
517.9032533797715,0.42565706106832335,826.0321052943493,1022.4370488550559,0
518.3282198699994,0.426707418024702,826.1634199398297,1022.176560329874,0
518.3282198699994,0.42250599019918733,826.1634199398297,1023.2185144306017,0
518.7533922548447,0.4193633816785768,826.294798206747,1023.9978813437131,0
518.7533922548447,0.4162207731579663,826.294798206747,1024.7772482568244,0
518.7533922548447,0.40938934998464405,826.294798206747,1026.4714412038084,0
519.1783587450727,0.40205351955224056,826.4261128522274,1028.2907271510444,0
519.1783587450727,0.39890244868310454,826.4261128522274,1029.0721927265902,0
519.603531129918,0.4162207731579663,826.5574911191446,1024.7772482568244,0
519.603531129918,0.4072968419856084,826.5574911191446,1026.9903831875693,0
519.603531129918,0.4010031625958619,826.5574911191446,1028.5512156762263,0
520.0284976201459,0.43299289150072684,826.688805764625,1020.6177629078198,0
520.0284976201459,0.42565706106832335,826.688805764625,1022.4370488550559,0
520.4602586327467,0.4413872848032307,826.8222199175187,1018.5359533687988,0
520.4602586327467,0.43981610876032734,826.8222199175187,1018.9256050274389,0
520.4602586327467,0.43876575180394867,826.8222199175187,1019.1860935526208,0
520.8854310175919,0.43299289150072684,826.9535981844359,1020.6177629078198,0
520.8854310175919,0.42408588502542,826.9535981844359,1022.8267005136959,0
521.3103975078201,0.4162207731579663,827.0849128299163,1024.7772482568244,0
521.3103975078201,0.41253195850525454,827.0849128299163,1025.6920742906968,0
521.3103975078201,0.4120108829839261,827.0849128299163,1025.8213010199863,0
521.7421585204208,0.42041373863495546,827.21832698281,1023.7373928185311,0
521.7421585204208,0.4156914917229161,827.21832698281,1024.9085100527168,0
522.1605363828933,0.4382362139340947,827.3476057423139,1019.3174189443446,0
522.1605363828933,0.433522172935777,827.3476057423139,1020.4865011119274,0
522.1605363828933,0.426707418024702,827.3476057423139,1022.176560329874,0
522.592297395494,0.43981610876032734,827.4810198952076,1018.9256050274389,0
522.592297395494,0.43771539484757,827.4810198952076,1019.4465820778026,0
523.0376474528406,0.43614396236986286,827.6186330629276,1019.8362973322741,0
523.0376474528406,0.433522172935777,827.6186330629276,1020.4865011119274,0
523.0376474528406,0.43142145902301965,827.6186330629276,1021.0074781622911,0
523.4558194206957,0.43090063993649497,827.7478482009949,1021.1366412957493,0
523.4558194206957,0.430371102066641,827.7478482009949,1021.2679666874731,0
523.8875804332964,0.4298502829801163,827.8812623538886,1021.3971298209312,0
523.8875804332964,0.426707418024702,827.8812623538886,1022.176560329874,0
523.8875804332964,0.42408588502542,827.8812623538886,1022.8267005136959,0
524.3059582957688,0.42041373863495546,828.0105411133926,1023.7373928185311,0
524.3059582957688,0.41779220563567343,828.0105411133926,1024.387533002353,0
524.7377193083696,0.4298502829801163,828.1439552662862,1021.3971298209312,0
524.7377193083696,0.42408588502542,828.1439552662862,1022.8267005136959,0
524.7377193083696,0.4188425625920521,828.1439552662862,1024.1270444771712,0
525.1626857985976,0.43719431932624153,828.2752699117666,1019.5758088070921,0
525.1626857985976,0.43457252989215567,828.2752699117666,1020.2260125867455,0
525.5946527058157,0.43457252989215567,828.4087476860971,1020.2260125867455,0
525.5946527058157,0.4287999260237376,828.4087476860971,1021.6576183461132,0
525.5946527058157,0.42041373863495546,828.4087476860971,1023.7373928185311,0
526.0128246736708,0.41307816463735575,828.5379628241643,1025.5566151699359,0
526.0128246736708,0.4072968419856084,828.5379628241643,1026.9903831875693,0
526.4445856862716,0.4041457711164724,828.6713769770579,1027.7718487631148,0
526.4445856862716,0.40310387650861923,828.6713769770579,1028.0302386258625,0
526.8697580711171,0.41359898372388043,828.8027552439751,1025.4274520364777,0
526.8697580711171,0.4072968419856084,828.8027552439751,1026.9903831875693,0
527.3015190837178,0.4350936054134842,828.9361693968688,1020.096785857456,0
527.3015190837178,0.430371102066641,828.9361693968688,1021.2679666874731,0
527.3015190837178,0.42250599019918733,828.9361693968688,1023.2185144306017,0
527.7264855739458,0.43928657089047335,829.0674840423492,1019.0569304191627,0
527.7264855739458,0.4382362139340947,829.0674840423492,1019.3174189443446,0
528.151657958791,0.43928657089047335,829.1988623092664,1019.0569304191627,0
528.151657958791,0.4366650378911913,829.1988623092664,1019.7070706029846,0
528.151657958791,0.42932920745878783,829.1988623092664,1021.5263565502207,0
528.5766244490189,0.42041373863495546,829.3301769547469,1023.7373928185311,0
528.5766244490189,0.41253195850525454,829.3301769547469,1025.6920742906968,0
529.001590939247,0.4072968419856084,829.4614916002273,1026.9903831875693,0
529.001590939247,0.40310387650861923,829.4614916002273,1028.0302386258625,0
529.001590939247,0.4004738811608117,829.4614916002273,1028.6824774721188,0
529.4267633240922,0.40310387650861923,829.5928698671445,1028.0302386258625,0
529.4267633240922,0.3999528056394832,829.5928698671445,1028.8117042014082,0
529.858524336693,0.41727113011434497,829.7262840200381,1024.5167597316424,0
529.858524336693,0.4146493406802591,829.7262840200381,1025.1669635112958,0
529.858524336693,0.4088682744633156,829.7262840200381,1026.6006679330978,0
530.2834908269209,0.4162207731579663,829.8575986655186,1024.7772482568244,0
530.2834908269209,0.4156914917229161,829.8575986655186,1024.9085100527168,0
530.7154577341391,0.42408588502542,829.9910764398489,1022.8267005136959,0
530.7154577341391,0.42146409559133413,829.9910764398489,1023.4769042933492,0
530.7154577341391,0.41779220563567343,829.9910764398489,1024.387533002353,0
531.1336297019943,0.4246067041119447,830.1202915779162,1022.6975373802378,0
531.1336297019943,0.42408588502542,830.1202915779162,1022.8267005136959,0
531.5653907145951,0.42565706106832335,830.2537057308099,1022.4370488550559,0
531.9905630994404,0.4246067041119447,830.3850839977271,1022.6975373802378,0
531.9905630994404,0.42408588502542,830.3850839977271,1022.8267005136959,0
532.4223241120411,0.42146409559133413,830.5184981506206,1023.4769042933492,0
532.4223241120411,0.4162207731579663,830.5184981506206,1024.7772482568244,0
532.4223241120411,0.4083389930282654,830.5184981506206,1026.7319297289903,0
532.8404960798963,0.40310387650861923,830.6477132886879,1028.0302386258625,0
532.8404960798963,0.3999528056394832,830.6477132886879,1028.8117042014082,0
533.2724629871144,0.40152423811719035,830.7811910630184,1028.4219889469368,0
533.2724629871144,0.3999528056394832,830.7811910630184,1028.8117042014082,0
533.2724629871144,0.39943198655295853,830.7811910630184,1028.9408673348664,0
533.6906349549695,0.41253195850525454,830.9104062010856,1025.6920742906968,0
533.6906349549695,0.40571720359417957,830.9104062010856,1027.3821335086436,0
534.1223959675702,0.42827885050240916,831.0438203539792,1021.7868450754025,0
534.1223959675702,0.4277577749810807,831.0438203539792,1021.916071804692,0
534.1223959675702,0.42146409559133413,831.0438203539792,1023.4769042933492,0
534.5475683524156,0.42408588502542,831.1751986208964,1022.8267005136959,0
534.5475683524156,0.4198929195484308,831.1751986208964,1023.8665559519892,0
534.9725348426437,0.4162207731579663,831.3065132663768,1024.7772482568244,0
534.9725348426437,0.4146493406802591,831.3065132663768,1025.1669635112958,0
534.9725348426437,0.4120108829839261,831.3065132663768,1025.8213010199863,0
535.4042958552444,0.4083389930282654,831.4399274192705,1026.7319297289903,0
535.4042958552444,0.4062464850292297,831.4399274192705,1027.2508717127512,0
535.8226737177168,0.4088682744633156,831.5692061787745,1026.6006679330978,0
535.8226737177168,0.4078179175069369,831.5692061787745,1026.8611564582798,0
535.8226737177168,0.4062464850292297,831.5692061787745,1027.2508717127512,0
536.2544347303176,0.4120108829839261,831.7026203316681,1025.8213010199863,0
536.2544347303176,0.4104397069410227,831.7026203316681,1026.2109526786264,0
536.6794012205456,0.41779220563567343,831.8339349771486,1024.387533002353,0
536.6794012205456,0.41674184867929476,831.8339349771486,1024.6480215275349,0
536.6794012205456,0.4151704162015876,831.8339349771486,1025.0377367820063,0
537.1113681277637,0.4230355280690413,831.967412751479,1023.0871890388778,0
537.1113681277637,0.42041373863495546,831.967412751479,1023.7373928185311,0
537.5295400956188,0.42408588502542,832.0966278895462,1022.8267005136959,0
537.5295400956188,0.42198517111266265,832.0966278895462,1023.3476775640597,0
537.5295400956188,0.41779220563567343,832.0966278895462,1024.387533002353,0
537.9613011082196,0.41253195850525454,832.2300420424399,1025.6920742906968,0
537.9613011082196,0.4083389930282654,832.2300420424399,1026.7319297289903,0
538.3796789706921,0.4062464850292297,832.3593208019438,1027.2508717127512,0
538.3796789706921,0.40571720359417957,832.3593208019438,1027.3821335086436,0
538.811439983293,0.4041457711164724,832.4927349548375,1027.7718487631148,0
538.811439983293,0.40310387650861923,832.4927349548375,1028.0302386258625,0
539.2366123681383,0.4078179175069369,832.6241132217547,1026.8611564582798,0
539.2366123681383,0.4062464850292297,832.6241132217547,1027.2508717127512,0
539.2366123681383,0.4036249520299477,832.6241132217547,1027.901011896573,0
539.668373380739,0.40938934998464405,832.7575273746484,1026.4714412038084,0
539.668373380739,0.4088682744633156,832.7575273746484,1026.6006679330978,0
540.0933398709669,0.42250599019918733,832.8888420201288,1023.2185144306017,0
540.0933398709669,0.4162207731579663,832.8888420201288,1024.7772482568244,0
540.0933398709669,0.4120108829839261,832.8888420201288,1025.8213010199863,0
540.518306361195,0.43195099689287364,833.0201566656092,1020.8761527705674,0
540.518306361195,0.42932920745878783,833.0201566656092,1021.5263565502207,0
540.9434787460402,0.43090063993649497,833.1515349325264,1021.1366412957493,0
540.9434787460402,0.4277577749810807,833.1515349325264,1021.916071804692,0
541.3684452362681,0.4261781365896518,833.2828495780068,1022.3078221257664,0
541.3684452362681,0.42408588502542,833.2828495780068,1022.8267005136959,0
541.3684452362681,0.42146409559133413,833.2828495780068,1023.4769042933492,0
541.7936176211134,0.41779220563567343,833.4142278449241,1024.387533002353,0
541.7936176211134,0.4156914917229161,833.4142278449241,1024.9085100527168,0
541.7936176211134,0.4151704162015876,833.4142278449241,1025.0377367820063,0
542.2253786337142,0.4156914917229161,833.5476419978177,1024.9085100527168,0
542.2253786337142,0.4151704162015876,833.5476419978177,1025.0377367820063,0
542.6503451239422,0.4120108829839261,833.6789566432981,1025.8213010199863,0
542.6503451239422,0.4062464850292297,833.6789566432981,1027.2508717127512,0
542.6503451239422,0.3999528056394832,833.6789566432981,1028.8117042014082,0
543.082106136543,0.3962809156838225,833.8123707961918,1029.722332910412,0
543.082106136543,0.3947094832061153,833.8123707961918,1030.1120481648834,0
543.5004839990155,0.395759840162494,833.9416495556958,1029.8515596397015,0
543.5004839990155,0.39418840768478686,833.9416495556958,1030.2412748941729,0
543.9322450116163,0.41253195850525454,834.0750637085894,1025.6920742906968,0
543.9322450116163,0.40466684663780084,834.0750637085894,1027.6426220338255,0
543.9322450116163,0.39890244868310454,834.0750637085894,1029.0721927265902,0
544.3572115018443,0.4272284935460305,834.2063783540698,1022.0473336005845,0
544.3572115018443,0.42094327650480945,834.2063783540698,1023.6060674268073,0
544.7891784090624,0.43299289150072684,834.3398561284002,1020.6177629078198,0
544.7891784090624,0.43090063993649497,834.3398561284002,1021.1366412957493,0
544.7891784090624,0.4298502829801163,834.3398561284002,1021.3971298209312,0
545.2073503769175,0.43771539484757,834.4690712664675,1019.4465820778026,0
545.2073503769175,0.43562288684853434,834.4690712664675,1019.9655240615635,0
545.6391113895182,0.4366650378911913,834.6024854193611,1019.7070706029846,0
545.6391113895182,0.4324718159793983,834.6024854193611,1020.7469896371092,0
545.6391113895182,0.42827885050240916,834.6024854193611,1021.7868450754025,0
546.0574892519907,0.42512777963327314,834.7317641788651,1022.5683106509483,0
546.0574892519907,0.423556347155566,834.7317641788651,1022.9580259054197,0
546.4892502645915,0.42094327650480945,834.8651783317588,1023.6060674268073,0
546.4892502645915,0.4162207731579663,834.8651783317588,1024.7772482568244,0
546.4892502645915,0.41253195850525454,834.8651783317588,1025.6920742906968,0
546.9142167548196,0.41674184867929476,834.9964929772392,1024.6480215275349,0
546.9142167548196,0.41307816463735575,834.9964929772392,1025.5566151699359,0
547.3393891396648,0.42146409559133413,835.1278712441564,1023.4769042933492,0
547.3393891396648,0.4193633816785768,835.1278712441564,1023.9978813437131,0
547.7711501522656,0.41674184867929476,835.2612853970501,1024.6480215275349,0
547.7711501522656,0.4156914917229161,835.2612853970501,1024.9085100527168,0
548.1895280147381,0.4146493406802591,835.390564156554,1025.1669635112958,0
548.1895280147381,0.4114900638974014,835.390564156554,1025.9504641534445,0
548.1895280147381,0.40676756055055824,835.390564156554,1027.1216449834617,0
548.6212890273389,0.4041457711164724,835.5239783094477,1027.7718487631148,0
549.039460995194,0.4109605260275474,835.6531934475149,1026.0817895451682,0
549.039460995194,0.4104397069410227,835.6531934475149,1026.2109526786264,0
549.039460995194,0.4072968419856084,835.6531934475149,1026.9903831875693,0
549.4780165301676,0.40991863141969426,835.7887071078218,1026.340179407916,0
549.4780165301676,0.40938934998464405,835.7887071078218,1026.4714412038084,0
549.89639439264,0.41779220563567343,835.9179858673258,1024.387533002353,0
549.89639439264,0.41359898372388043,835.9179858673258,1025.4274520364777,0
549.89639439264,0.4104397069410227,835.9179858673258,1026.2109526786264,0
550.3281554052409,0.42512777963327314,836.0514000202194,1022.5683106509483,0
550.3281554052409,0.42250599019918733,836.0514000202194,1023.2185144306017,0
550.7465332677134,0.4261781365896518,836.1806787797234,1022.3078221257664,0
550.7465332677134,0.42512777963327314,836.1806787797234,1022.5683106509483,0
550.7465332677134,0.42250599019918733,836.1806787797234,1023.2185144306017,0
551.1782942803142,0.4183130247221981,836.3140929326171,1024.258369868895,0
551.1782942803142,0.41359898372388043,836.3140929326171,1025.4274520364777,0
551.6032607705421,0.40938934998464405,836.4454075780975,1026.4714412038084,0
551.6032607705421,0.4083389930282654,836.4454075780975,1026.7319297289903,0
551.6032607705421,0.40571720359417957,836.4454075780975,1027.3821335086436,0
552.035021783143,0.4183130247221981,836.5788217309911,1024.258369868895,0
552.035021783143,0.41253195850525454,836.5788217309911,1025.6920742906968,0
552.4601941679882,0.42250599019918733,836.7101999979083,1023.2185144306017,0
552.4601941679882,0.42198517111266265,836.7101999979083,1023.3476775640597,0
552.4601941679882,0.42146409559133413,836.7101999979083,1023.4769042933492,0
552.8851606582161,0.4193633816785768,836.8415146433888,1023.9978813437131,0
552.8851606582161,0.41727113011434497,836.8415146433888,1024.5167597316424,0
553.3103330430614,0.41359898372388043,836.972892910306,1025.4274520364777,0
553.3103330430614,0.4088682744633156,836.972892910306,1026.6006679330978,0
553.3103330430614,0.40519612807285105,836.972892910306,1027.511360237933,0
553.7352995332893,0.4104397069410227,837.1042075557864,1026.2109526786264,0
553.7352995332893,0.4062464850292297,837.1042075557864,1027.2508717127512,0
554.1602660235174,0.4162207731579663,837.2355222012668,1024.7772482568244,0
554.1602660235174,0.4151704162015876,837.2355222012668,1025.0377367820063,0
554.1602660235174,0.4146493406802591,837.2355222012668,1025.1669635112958,0
554.5920270361181,0.4141285215937344,837.3689363541605,1025.296126644754,0
554.5920270361181,0.41253195850525454,837.3689363541605,1025.6920742906968,0
555.0171994209635,0.41359898372388043,837.5003146210777,1025.4274520364777,0
555.0171994209635,0.4120108829839261,837.5003146210777,1025.8213010199863,0
555.4489604335643,0.40991863141969426,837.6337287739714,1026.340179407916,0
555.4489604335643,0.4088682744633156,837.6337287739714,1026.6006679330978,0
555.8673382960368,0.41359898372388043,837.7630075334753,1025.4274520364777,0
555.8673382960368,0.4120108829839261,837.7630075334753,1025.8213010199863,0
555.8673382960368,0.40991863141969426,837.7630075334753,1026.340179407916,0
556.2990993086376,0.4141285215937344,837.896421686369,1025.296126644754,0
556.2990993086376,0.41307816463735575,837.896421686369,1025.5566151699359,0
556.7240657988655,0.42146409559133413,838.0277363318494,1023.4769042933492,0
556.7240657988655,0.4183130247221981,838.0277363318494,1024.258369868895,0
556.7240657988655,0.4162207731579663,838.0277363318494,1024.7772482568244,0
557.1558268114662,0.4298502829801163,838.1611504847431,1021.3971298209312,0
557.1558268114662,0.42565706106832335,838.1611504847431,1022.4370488550559,0
557.5742046739387,0.4366650378911913,838.290429244247,1019.7070706029846,0
557.5742046739387,0.43562288684853434,838.290429244247,1019.9655240615635,0
557.5742046739387,0.433522172935777,838.290429244247,1020.4865011119274,0
558.0059656865395,0.43457252989215567,838.4238433971407,1020.2260125867455,0
558.0059656865395,0.42827885050240916,838.4238433971407,1021.7868450754025,0
558.424343549012,0.4230355280690413,838.5531221566447,1023.0871890388778,0
558.424343549012,0.4193633816785768,838.5531221566447,1023.9978813437131,0
558.424343549012,0.41674184867929476,838.5531221566447,1024.6480215275349,0
558.8561045616127,0.4146493406802591,838.6865363095383,1025.1669635112958,0
558.8561045616127,0.4120108829839261,838.6865363095383,1025.8213010199863,0
559.2810710518407,0.41307816463735575,838.8178509550188,1025.5566151699359,0
559.2810710518407,0.4120108829839261,838.8178509550188,1025.8213010199863,0
559.7062434366861,0.41359898372388043,838.949229221936,1025.4274520364777,0
559.7062434366861,0.41253195850525454,838.949229221936,1025.6920742906968,0
560.1380044492869,0.4120108829839261,839.0826433748296,1025.8213010199863,0
560.1380044492869,0.4114900638974014,839.0826433748296,1025.9504641534445,0
560.556176417142,0.41359898372388043,839.2118585128968,1025.4274520364777,0
560.556176417142,0.41307816463735575,839.2118585128968,1025.5566151699359,0
560.9881433243601,0.4109605260275474,839.3453362872273,1026.0817895451682,0
560.9881433243601,0.40991863141969426,839.3453362872273,1026.340179407916,0
560.9881433243601,0.40938934998464405,839.3453362872273,1026.4714412038084,0
561.4063152922151,0.4104397069410227,839.4745514252945,1026.2109526786264,0
561.4063152922151,0.40938934998464405,839.4745514252945,1026.4714412038084,0
561.8448708271889,0.4072968419856084,839.6100650856013,1026.9903831875693,0
561.8448708271889,0.4062464850292297,839.6100650856013,1027.2508717127512,0
562.2632486896613,0.4120108829839261,839.7393438451053,1025.8213010199863,0
562.2632486896613,0.40991863141969426,839.7393438451053,1026.340179407916,0
562.2632486896613,0.4083389930282654,839.7393438451053,1026.7319297289903,0
562.695009702262,0.4120108829839261,839.872757997999,1025.8213010199863,0
562.695009702262,0.4114900638974014,839.872757997999,1025.9504641534445,0
562.695009702262,0.40938934998464405,839.872757997999,1026.4714412038084,0
563.1131816701172,0.40571720359417957,840.0019731360662,1027.3821335086436,0
563.1131816701172,0.4036249520299477,840.0019731360662,1027.901011896573,0
563.5451485773355,0.40571720359417957,840.1354509103966,1027.3821335086436,0
563.5451485773355,0.4041457711164724,840.1354509103966,1027.7718487631148,0
563.5451485773355,0.40310387650861923,840.1354509103966,1028.0302386258625,0
563.9701150675634,0.4083389930282654,840.266765555877,1026.7319297289903,0
563.9701150675634,0.40676756055055824,840.266765555877,1027.1216449834617,0
564.4018760801641,0.4104397069410227,840.4001797087707,1026.2109526786264,0
564.4018760801641,0.40991863141969426,840.4001797087707,1026.340179407916,0
564.4018760801641,0.40938934998464405,840.4001797087707,1026.4714412038084,0
564.8270484650094,0.40571720359417957,840.5315579756879,1027.3821335086436,0
564.8270484650094,0.4004738811608117,840.5315579756879,1028.6824774721188,0
565.2520149552373,0.4088682744633156,840.6628726211683,1026.6006679330978,0
565.2520149552373,0.4004738811608117,840.6628726211683,1028.6824774721188,0
565.2520149552373,0.3973312726402012,840.6628726211683,1029.4618443852303,0
565.6769814454653,0.42565706106832335,840.7941872666488,1022.4370488550559,0
565.6769814454653,0.4188425625920521,840.7941872666488,1024.1270444771712,0
566.1021538303106,0.4287999260237376,840.925565533566,1021.6576183461132,0
566.5271203205385,0.426707418024702,841.0568801790464,1022.176560329874,0
566.5271203205385,0.4230355280690413,841.0568801790464,1023.0871890388778,0
566.5271203205385,0.4156914917229161,841.0568801790464,1024.9085100527168,0
566.9588813331393,0.4078179175069369,841.19029433194,1026.8611564582798,0
566.9588813331393,0.4036249520299477,841.19029433194,1027.901011896573,0
566.9588813331393,0.40205351955224056,841.19029433194,1028.2907271510444,0
567.3840537179847,0.42041373863495546,841.3216725988573,1023.7373928185311,0
567.3840537179847,0.4104397069410227,841.3216725988573,1026.2109526786264,0
567.8158147305855,0.43562288684853434,841.4550867517509,1019.9655240615635,0
567.8158147305855,0.42932920745878783,841.4550867517509,1021.5263565502207,0
568.2339866984406,0.43876575180394867,841.5843018898181,1019.1860935526208,0
568.2339866984406,0.43719431932624153,841.5843018898181,1019.5758088070921,0
568.6659536056587,0.433522172935777,841.7177796641486,1020.4865011119274,0
568.6659536056587,0.4277577749810807,841.7177796641486,1021.916071804692,0
569.0909200958866,0.42041373863495546,841.849094309629,1023.7373928185311,0
569.0909200958866,0.4109605260275474,841.849094309629,1026.0817895451682,0
569.0909200958866,0.40310387650861923,841.849094309629,1028.0302386258625,0
569.5226811084875,0.3962809156838225,841.9825084625226,1029.722332910412,0
569.5226811084875,0.3931380507284082,841.9825084625226,1030.5017634193548,0
569.94105897096,0.39943198655295853,842.1117872220266,1028.9408673348664,0
569.94105897096,0.3947094832061153,842.1117872220266,1030.1120481648834,0
569.94105897096,0.3926172316418835,842.1117872220266,1030.630926552813,0
570.3728199835607,0.41253195850525454,842.2452013749203,1025.6920742906968,0
570.3728199835607,0.40571720359417957,842.2452013749203,1027.3821335086436,0
570.7909919514158,0.42932920745878783,842.3744165129875,1021.5263565502207,0
570.7909919514158,0.426707418024702,842.3744165129875,1022.176560329874,0
570.7909919514158,0.4198929195484308,842.3744165129875,1023.8665559519892,0
571.222958858634,0.4298502829801163,842.5078942873179,1021.3971298209312,0
571.222958858634,0.4277577749810807,842.5078942873179,1021.916071804692,0
571.647925348862,0.4246067041119447,842.6392089327983,1022.6975373802378,0
571.647925348862,0.4198929195484308,842.6392089327983,1023.8665559519892,0
571.647925348862,0.4162207731579663,842.6392089327983,1024.7772482568244,0
572.07289183909,0.4151704162015876,842.7705235782787,1025.0377367820063,0
572.07289183909,0.4146493406802591,842.7705235782787,1025.1669635112958,0
572.5048587463081,0.4156914917229161,842.9040013526092,1024.9085100527168,0
572.5048587463081,0.4151704162015876,842.9040013526092,1025.0377367820063,0
572.5048587463081,0.4146493406802591,842.9040013526092,1025.1669635112958,0
572.9230307141631,0.4198929195484308,843.0332164906764,1023.8665559519892,0
572.9230307141631,0.41727113011434497,843.0332164906764,1024.5167597316424,0
573.354791726764,0.42041373863495546,843.16663064357,1023.7373928185311,0
573.354791726764,0.41727113011434497,843.16663064357,1024.5167597316424,0
573.354791726764,0.4109605260275474,843.16663064357,1026.0817895451682,0
573.7731695892364,0.40676756055055824,843.295909403074,1027.1216449834617,0
573.7731695892364,0.40571720359417957,843.295909403074,1027.3821335086436,0
574.21172512421,0.4109605260275474,843.4314230633809,1026.0817895451682,0
574.21172512421,0.4104397069410227,843.4314230633809,1026.2109526786264,0
574.21172512421,0.4083389930282654,843.4314230633809,1026.7319297289903,0
574.6298970920651,0.4146493406802591,843.5606382014481,1025.1669635112958,0
574.6298970920651,0.41253195850525454,843.5606382014481,1025.6920742906968,0
575.0618639992832,0.4193633816785768,843.6941159757785,1023.9978813437131,0
575.0618639992832,0.41727113011434497,843.6941159757785,1024.5167597316424,0
575.0618639992832,0.41674184867929476,843.6941159757785,1024.6480215275349,0
575.4800359671385,0.4114900638974014,843.8233311138457,1025.9504641534445,0
575.4800359671385,0.40571720359417957,843.8233311138457,1027.3821335086436,0
575.9117969797393,0.4041457711164724,843.9567452667394,1027.7718487631148,0
575.9117969797393,0.40310387650861923,843.9567452667394,1028.0302386258625,0
575.9117969797393,0.402574595073569,843.9567452667394,1028.161500421755,0
576.3369693645845,0.4109605260275474,844.0881235336566,1026.0817895451682,0
576.3369693645845,0.4072968419856084,844.0881235336566,1026.9903831875693,0
576.7687303771853,0.4188425625920521,844.2215376865503,1024.1270444771712,0
576.7687303771853,0.41674184867929476,844.2215376865503,1024.6480215275349,0
576.7687303771853,0.4141285215937344,844.2215376865503,1025.296126644754,0
577.1936968674133,0.4188425625920521,844.3528523320307,1024.1270444771712,0
577.1936968674133,0.41779220563567343,844.3528523320307,1024.387533002353,0
577.6188692522586,0.4146493406802591,844.4842305989479,1025.1669635112958,0
577.6188692522586,0.41359898372388043,844.4842305989479,1025.4274520364777,0
578.0438357424865,0.42146409559133413,844.6155452444283,1023.4769042933492,0
578.0438357424865,0.41779220563567343,844.6155452444283,1024.387533002353,0
578.4688022327144,0.43195099689287364,844.7468598899087,1020.8761527705674,0
578.4688022327144,0.4287999260237376,844.7468598899087,1021.6576183461132,0
578.4688022327144,0.4246067041119447,844.7468598899087,1022.6975373802378,0
578.8939746175597,0.43457252989215567,844.878238156826,1020.2260125867455,0
579.3257356301606,0.43457252989215567,845.0116523097196,1020.2260125867455,0
579.3257356301606,0.43195099689287364,845.0116523097196,1020.8761527705674,0
579.3257356301606,0.430371102066641,845.0116523097196,1021.2679666874731,0
579.7507021203886,0.426707418024702,845.1429669552,1022.176560329874,0
579.7507021203886,0.4230355280690413,845.1429669552,1023.0871890388778,0
580.1826690276067,0.41727113011434497,845.2764447295305,1024.5167597316424,0
580.1826690276067,0.40938934998464405,845.2764447295305,1026.4714412038084,0
580.1826690276067,0.4004738811608117,845.2764447295305,1028.6824774721188,0
580.6008409954618,0.38998697985927216,845.4056598675977,1031.2832289949006,0
580.6008409954618,0.38265140586167246,845.4056598675977,1033.1024513463053,0
581.0326020080627,0.38317222494819714,845.5390740204913,1032.9732882128471,0
581.0326020080627,0.3784584403846833,845.5390740204913,1034.1423067845985,0
581.0326020080627,0.3774080834283046,845.5390740204913,1034.4027953097805,0
581.4577743929079,0.3931380507284082,845.6704522874085,1030.5017634193548,0
581.4577743929079,0.3894661607727475,845.6704522874085,1031.4123921283588,0
581.8895354055087,0.40310387650861923,845.8038664403022,1028.0302386258625,0
581.8895354055087,0.3999528056394832,845.8038664403022,1028.8117042014082,0
581.8895354055087,0.3968017347703472,845.8038664403022,1029.593169776954,0
582.3077073733638,0.40676756055055824,845.9330815783694,1027.1216449834617,0
582.3077073733638,0.40571720359417957,845.9330815783694,1027.3821335086436,0
582.7396742805819,0.4162207731579663,846.0665593526998,1024.7772482568244,0
582.7396742805819,0.4120108829839261,846.0665593526998,1025.8213010199863,0
582.7396742805819,0.40938934998464405,846.0665593526998,1026.4714412038084,0
583.1578462484372,0.42146409559133413,846.195774490767,1023.4769042933492,0
583.1578462484372,0.4198929195484308,846.195774490767,1023.8665559519892,0
583.5896072610379,0.42041373863495546,846.3291886436607,1023.7373928185311,0
584.0147796458832,0.4198929195484308,846.4605669105779,1023.8665559519892,0
584.0147796458832,0.4162207731579663,846.4605669105779,1024.7772482568244,0
584.4397461361111,0.4109605260275474,846.5918815560583,1026.0817895451682,0
584.4430404499889,0.4130714973324569,846.5928994990466,1025.5582686615508,0
584.4430404499889,0.41096232107117403,846.5928994990466,1026.0813443743489,0
584.4430404499889,0.40939088859346684,846.5928994990466,1026.4710596288203,0
584.8680069402168,0.4188358952871532,846.724214144527,1024.1286979687861,0
584.8680069402168,0.4167433872881176,846.724214144527,1024.6476399525468,0
585.293179325062,0.4188358952871532,846.8555924114441,1024.1286979687861,0
585.293179325062,0.41726446280944607,846.8555924114441,1024.5184132232575,0
585.293179325062,0.4167433872881176,846.8555924114441,1024.6476399525468,0
585.7181458152901,0.42985182158893914,846.9869070569246,1021.3967482459432,0
585.7181458152901,0.42512957467689977,846.9869070569246,1022.567865480129,0
586.1433182001355,0.4309021785453178,847.1182853238419,1021.1362597207612,0
586.1433182001355,0.4282806455460358,847.1182853238419,1021.7863999045832,0
586.1433182001355,0.4240876800690466,847.1182853238419,1022.8262553428765,0
586.5750792127362,0.42146589063496076,847.2516994767354,1023.4764591225298,0
586.5750792127362,0.41726446280944607,847.2516994767354,1024.5184132232575,0
587.0000457029641,0.4104412455498455,847.3830141222159,1026.2105711036384,0
587.0000457029641,0.40204685224734166,847.3830141222159,1028.2923806426593,0
587.0000457029641,0.3968035298139738,847.3830141222159,1029.5927246061347,0
587.4250121931921,0.4004756762044383,847.5143287676963,1028.6820323012994,0
587.4250121931921,0.39575317285759515,847.5143287676963,1029.8532131313166,0
587.8501845780374,0.4204155336785821,847.6457070346136,1023.7369476477116,0
587.8501845780374,0.41464267337536026,847.6457070346136,1025.1686170029107,0
587.8501845780374,0.4067693555941848,847.6457070346136,1027.1211998126423,0
588.2751510682654,0.4256588561119499,847.777021680094,1022.4366036842365,0
588.7069120808661,0.42146589063496076,847.9104358329876,1023.4764591225298,0
588.7069120808661,0.41569303033173893,847.9104358329876,1024.9081284777287,0
588.7069120808661,0.40991196411479536,847.9104358329876,1026.3418328995308,0
589.1320844657114,0.40571899863780614,848.0418140999049,1027.381688337824,0
589.1320844657114,0.4041391038115735,848.0418140999049,1027.77350225473,0
589.5638454783121,0.4188358952871532,848.1752282527984,1024.1286979687861,0
589.5638454783121,0.4114833965925025,848.1752282527984,1025.9521176450594,0
589.5638454783121,0.4062398177243308,848.1752282527984,1027.252525204366,0
589.9822233407848,0.42617993163327844,848.3045070123025,1022.307376954947,0
589.9822233407848,0.4235581421991926,848.3045070123025,1022.9575807346002,0
590.4139843533856,0.4240876800690466,848.4379211651961,1022.8262553428765,0
590.4139843533856,0.4188358952871532,848.4379211651961,1024.1286979687861,0
590.4139843533856,0.41464267337536026,848.4379211651961,1025.1686170029107,0
590.8321563212406,0.4141218542888356,848.5671363032633,1025.2977801363688,0
590.8321563212406,0.41360077876750706,848.5671363032633,1025.4270068656583,0
591.2639173338414,0.42617993163327844,848.700550456157,1022.307376954947,0
591.2639173338414,0.4204155336785821,848.700550456157,1023.7369476477116,0
591.2639173338414,0.4162141058530674,848.700550456157,1024.7789017484392,0
591.6890897186868,0.43404504350073214,848.8319287230742,1020.3568292118185,0
591.6890897186868,0.4319525355016965,848.8319287230742,1020.8757711955793,0
592.1208507312875,0.4319525355016965,848.9653428759678,1020.8757711955793,0
592.1208507312875,0.42617993163327844,848.9653428759678,1022.307376954947,0
592.1208507312875,0.4162141058530674,848.9653428759678,1024.7789017484392,0
592.5458172215154,0.407811250202038,849.0966575214483,1026.8628099498947,0
592.5458172215154,0.39890424372673117,849.0966575214483,1029.0717475557708,0
592.984372756489,0.39471127824974195,849.2321711817551,1030.111602994064,0
592.984372756489,0.3936609212933633,849.2321711817551,1030.372091519246,0
592.984372756489,0.39208948881565614,849.2321711817551,1030.7618067737174,0
593.4095451413343,0.40309720920372033,849.3635494486723,1028.0318921174774,0
593.4095451413343,0.39890424372673117,849.3635494486723,1029.0717475557708,0
593.8345116315623,0.42146589063496076,849.4948640941527,1023.4764591225298,0
593.8345116315623,0.41464267337536026,849.4948640941527,1025.1686170029107,0
593.8345116315623,0.40834053163708817,849.4948640941527,1026.7315481540022,0
594.2594781217903,0.4282806455460358,849.6261787396331,1021.7863999045832,0
594.2594781217903,0.42670921306832865,849.6261787396331,1022.1761151590546,0
594.6914450290084,0.4282806455460358,849.7596565139636,1021.7863999045832,0
594.6914450290084,0.42617993163327844,849.7596565139636,1022.307376954947,0
594.6914450290084,0.42460849915557125,849.7596565139636,1022.6970922094184,0
595.1164115192364,0.4204155336785821,849.890971159444,1023.7369476477116,0
595.1164115192364,0.41464267337536026,849.890971159444,1025.1686170029107,0
595.5481725318373,0.4072901746807095,850.0243853123377,1026.9920366791841,0
595.5481725318373,0.4036182847250488,850.0243853123377,1027.9026653881879,0
595.5481725318373,0.40309720920372033,850.0243853123377,1028.0318921174774,0
595.9665503943097,0.4067693555941848,850.1536640718416,1027.1211998126423,0
595.9665503943097,0.40518946076795215,850.1536640718416,1027.513013729548,0
596.3915168845376,0.41096232107117403,850.2849787173221,1026.0813443743489,0
596.3915168845376,0.40834053163708817,850.2849787173221,1026.7315481540022,0
596.3915168845376,0.4072901746807095,850.2849787173221,1026.9920366791841,0
596.8166892693829,0.41360077876750706,850.4163569842393,1025.4270068656583,0
596.8166892693829,0.41253375354888117,850.4163569842393,1025.6916291198775,0
597.2416557596108,0.41096232107117403,850.5476716297197,1026.0813443743489,0
597.2416557596108,0.40939088859346684,850.5476716297197,1026.4710596288203,0
597.6734167722117,0.41569303033173893,850.6810857826134,1024.9081284777287,0
597.6734167722117,0.4120126780275527,850.6810857826134,1025.820855849167,0
598.0983832624396,0.42460849915557125,850.8124004280938,1022.6970922094184,0
598.0983832624396,0.42093660919991055,850.8124004280938,1023.6077209184223,0
598.0983832624396,0.4188358952871532,850.8124004280938,1024.1286979687861,0
598.5303501696577,0.43719611436986816,850.9458782024242,1019.5753636362728,0
598.5303501696577,0.4309021785453178,850.9458782024242,1021.1362597207612,0
598.9485221375129,0.44085979841180717,851.0750933404914,1018.6667699938719,0
598.9485221375129,0.4398176473691502,851.0750933404914,1018.9252234524508,0
599.3802831501138,0.4361457574134895,851.2085074933851,1019.8358521614547,0
599.3802831501138,0.4282806455460358,851.2085074933851,1021.7863999045832,0
599.3802831501138,0.4193651767222034,851.2085074933851,1023.9974361728936,0
599.7986610125862,0.40939088859346684,851.3377862528891,1026.4710596288203,0
599.7986610125862,0.401526033160817,851.3377862528891,1028.4215437761175,0
600.230422025187,0.39523209733626663,851.4712004057827,1029.9824398606058,0
600.230422025187,0.3931398457720348,851.4712004057827,1030.5013182485354,0
600.6555944100322,0.40309720920372033,851.6025786726999,1028.0318921174774,0
600.6555944100322,0.39890424372673117,851.6025786726999,1029.0717475557708,0
601.087355422633,0.41096232107117403,851.7359928255936,1026.0813443743489,0
601.087355422633,0.4104412455498455,851.7359928255936,1026.2105711036384,0
601.087355422633,0.4067693555941848,851.7359928255936,1027.1211998126423,0
601.5055273904882,0.4120126780275527,851.8652079636609,1025.820855849167,0
601.5055273904882,0.4114833965925025,851.8652079636609,1025.9521176450594,0
601.9372884030889,0.4309021785453178,851.9986221165544,1021.1362597207612,0
601.9372884030889,0.42146589063496076,851.9986221165544,1023.4764591225298,0
601.9372884030889,0.41464267337536026,851.9986221165544,1025.1686170029107,0
602.3624607879342,0.44191015536818584,852.1300003834716,1018.4062814686899,0
602.3624607879342,0.4387672904127715,852.1300003834716,1019.1857119776328,0
602.794221800535,0.44085979841180717,852.2634145363653,1018.6667699938719,0
602.794221800535,0.4350954004571108,852.2634145363653,1020.0963406866366,0
602.794221800535,0.42670921306832865,852.2634145363653,1022.1761151590546,0
603.219188290763,0.41726446280944607,852.3947291818457,1024.5184132232575,0
603.219188290763,0.40991196411479536,852.3947291818457,1026.3418328995308,0
603.6443606756084,0.40518946076795215,852.5261074487629,1027.513013729548,0
603.6443606756084,0.40309720920372033,852.5261074487629,1028.0318921174774,0
604.0693271658363,0.4067693555941848,852.6574220942433,1027.1211998126423,0
604.0693271658363,0.4041391038115735,852.6574220942433,1027.77350225473,0
604.4942936560642,0.41096232107117403,852.7887367397238,1026.0813443743489,0
604.4942936560642,0.40939088859346684,852.7887367397238,1026.4710596288203,0
604.9194660409095,0.40834053163708817,852.920115006641,1026.7315481540022,0
604.9194660409095,0.4036182847250488,852.920115006641,1027.9026653881879,0
605.3512270535103,0.40939088859346684,853.0535291595346,1026.4710596288203,0
605.3512270535103,0.4041391038115735,853.0535291595346,1027.77350225473,0
605.3512270535103,0.40204685224734166,853.0535291595346,1028.2923806426593,0
605.7761935437383,0.4193651767222034,853.1848438050151,1023.9974361728936,0
605.7761935437383,0.41569303033173893,853.1848438050151,1024.9081284777287,0
606.2013659285835,0.4235581421991926,853.3162220719323,1022.9575807346002,0
606.2013659285835,0.4230373231126679,853.3162220719323,1023.0867438680584,0
606.6263324188114,0.42146589063496076,853.4475367174127,1023.4764591225298,0
606.6263324188114,0.4204155336785821,853.4475367174127,1023.7369476477116,0
607.0580934314123,0.42093660919991055,853.5809508703064,1023.6077209184223,0
607.0580934314123,0.4204155336785821,853.5809508703064,1023.7369476477116,0
607.0580934314123,0.41726446280944607,853.5809508703064,1024.5184132232575,0
607.4832658162577,0.4141218542888356,853.7123291372236,1025.2977801363688,0
607.4832658162577,0.4114833965925025,853.7123291372236,1025.9521176450594,0
607.9150268288585,0.4204155336785821,853.8457432901172,1023.7369476477116,0
607.9150268288585,0.41726446280944607,853.8457432901172,1024.5184132232575,0
607.9150268288585,0.41253375354888117,853.8457432901172,1025.6916291198775,0
608.3331987967135,0.42146589063496076,853.9749584281844,1023.4764591225298,0
608.3331987967135,0.4204155336785821,853.9749584281844,1023.7369476477116,0
608.7583711815588,0.4256588561119499,854.1063366951016,1022.4366036842365,0
608.7583711815588,0.42093660919991055,854.1063366951016,1023.6077209184223,0
608.7583711815588,0.4188358952871532,854.1063366951016,1024.1286979687861,0
609.1833376717868,0.4240876800690466,854.237651340582,1022.8262553428765,0
609.1833376717868,0.41831481976582474,854.237651340582,1024.2579246980756,0
609.6085100566321,0.4104412455498455,854.3690296074993,1026.2105711036384,0
609.6085100566321,0.40309720920372033,854.3690296074993,1028.0318921174774,0
609.6085100566321,0.3968035298139738,854.3690296074993,1029.5927246061347,0
610.0402710692329,0.39050985042422726,854.5024437603929,1031.1535570947917,0
610.0402710692329,0.3857958094259096,854.5024437603929,1032.3226392623744,0
610.4652375594608,0.39890424372673117,854.6337584058733,1029.0717475557708,0
610.4652375594608,0.3889384179465201,854.6337584058733,1031.5432723492631,0
610.4652375594608,0.3847454524695309,854.6337584058733,1032.5831277875564,0
610.8969985720615,0.42093660919991055,854.767172558767,1023.6077209184223,0
610.8969985720615,0.41096232107117403,854.767172558767,1026.0813443743489,0
611.3153764345342,0.43299468654435347,854.896451318271,1020.6173177370003,0
611.3153764345342,0.42670921306832865,854.896451318271,1022.1761151590546,0
611.747137447135,0.43719611436986816,855.0298654711646,1019.5753636362728,0
611.747137447135,0.43666657650001417,855.0298654711646,1019.7066890279965,0
611.747137447135,0.4303728971102676,855.0298654711646,1021.2675215166537,0
612.1721039373629,0.4219869661562892,855.1611801166451,1023.3472323932403,0
612.1721039373629,0.4162141058530674,855.1611801166451,1024.7789017484392,0
612.604070844581,0.4225077852428139,855.2946578909755,1023.2180692597822,0
612.604070844581,0.4198862522435319,855.2946578909755,1023.8682094436041,0
612.604070844581,0.4162141058530674,855.2946578909755,1024.7789017484392,0
613.0222428124362,0.4230373231126679,855.4238730290427,1023.0867438680584,0
613.0222428124362,0.4198862522435319,855.4238730290427,1023.8682094436041,0
613.4540038250369,0.4162141058530674,855.5572871819363,1024.7789017484392,0
613.4540038250369,0.41096232107117403,855.5572871819363,1026.0813443743489,0
613.4540038250369,0.4036182847250488,855.5572871819363,1027.9026653881879,0
613.8723816875093,0.3962824542926453,855.6865659414403,1029.721951335424,0
613.8723816875093,0.39156020738060593,855.6865659414403,1030.8930685696098,0
614.3041427001101,0.39471127824974195,855.819980094334,1030.111602994064,0
614.3041427001101,0.39208948881565614,855.819980094334,1030.7618067737174,0
614.3041427001101,0.39050985042422726,855.819980094334,1031.1535570947917,0
614.7293150849554,0.401526033160817,855.9513583612512,1028.4215437761175,0
614.7293150849554,0.3978538867703525,855.9513583612512,1029.3322360809527,0
615.1610760975562,0.407811250202038,856.0847725141449,1026.8628099498947,0
615.1610760975562,0.4072901746807095,856.0847725141449,1026.9920366791841,0
615.1610760975562,0.40466864168142747,856.0847725141449,1027.642176863006,0
615.5860425877843,0.40571899863780614,856.2160871596253,1027.381688337824,0
615.5860425877843,0.4041391038115735,856.2160871596253,1027.77350225473,0
616.0110090780122,0.4120126780275527,856.3474018051057,1025.820855849167,0
616.0110090780122,0.40939088859346684,856.3474018051057,1026.4710596288203,0
616.0110090780122,0.40571899863780614,856.3474018051057,1027.381688337824,0
616.4361814628575,0.41253375354888117,856.4787800720229,1025.6916291198775,0
616.4361814628575,0.4114833965925025,856.4787800720229,1025.9521176450594,0
616.8611479530855,0.4088616071584167,856.6100947175033,1026.6023214247127,0
616.8611479530855,0.4062398177243308,856.6100947175033,1027.252525204366,0
616.8611479530855,0.40571899863780614,856.6100947175033,1027.381688337824,0
617.2863203379308,0.4041391038115735,856.7414729844206,1027.77350225473,0
617.2863203379308,0.40309720920372033,856.7414729844206,1028.0318921174774,0
617.7180813505315,0.40309720920372033,856.8748871373142,1028.0318921174774,0
617.7180813505315,0.40257639011719565,856.8748871373142,1028.1610552509355,0
618.1430478407594,0.4062398177243308,857.0062017827946,1027.252525204366,0
618.1430478407594,0.40309720920372033,857.0062017827946,1028.0318921174774,0
618.1430478407594,0.40204685224734166,857.0062017827946,1028.2923806426593,0
618.5682202256047,0.4141218542888356,857.1375800497118,1025.2977801363688,0
618.5682202256047,0.40991196411479536,857.1375800497118,1026.3418328995308,0
618.9931867158328,0.4219869661562892,857.2688946951923,1023.3472323932403,0
618.9931867158328,0.42146589063496076,857.2688946951923,1023.4764591225298,0
618.9931867158328,0.4188358952871532,857.2688946951923,1024.1286979687861,0
619.4249477284336,0.42146589063496076,857.4023088480859,1023.4764591225298,0
619.4249477284336,0.4188358952871532,857.4023088480859,1024.1286979687861,0
619.8499142186615,0.41464267337536026,857.5336234935663,1025.1686170029107,0
619.8499142186615,0.40571899863780614,857.5336234935663,1027.381688337824,0
619.8499142186615,0.3962824542926453,857.5336234935663,1029.721951335424,0
620.2818811258796,0.39050985042422726,857.6671012678968,1031.1535570947917,0
620.7000530937348,0.41253375354888117,857.796316405964,1025.6916291198775,0
620.7000530937348,0.4041391038115735,857.796316405964,1027.77350225473,0
620.7000530937348,0.39575317285759515,857.796316405964,1029.8532131313166,0
621.1252254785801,0.4235581421991926,857.9276946728812,1022.9575807346002,0
621.1252254785801,0.4188358952871532,857.9276946728812,1024.1286979687861,0
621.550191968808,0.4272302885896571,858.0590093183616,1022.0468884297651,0
621.550191968808,0.4256588561119499,858.0590093183616,1022.4366036842365,0
621.9751584590359,0.4204155336785821,858.190323963842,1023.7369476477116,0
621.9751584590359,0.41360077876750706,858.190323963842,1025.4270068656583,0
622.407125366254,0.40991196411479536,858.3238017381725,1026.3418328995308,0
622.407125366254,0.40939088859346684,858.3238017381725,1026.4710596288203,0
622.8320918564821,0.4088616071584167,858.4551163836529,1026.6023214247127,0
622.8320918564821,0.40834053163708817,858.4551163836529,1026.7315481540022,0
623.2638528690828,0.4072901746807095,858.5885305365466,1026.9920366791841,0
623.2638528690828,0.4036182847250488,858.5885305365466,1027.9026653881879,0
623.6822307315554,0.39942531924805963,858.7178092960505,1028.9425208264813,0
623.6822307315554,0.3962824542926453,858.7178092960505,1029.721951335424,0
623.6822307315554,0.39471127824974195,858.7178092960505,1030.111602994064,0
624.1139917441561,0.3973246053353023,858.8512234489442,1029.4634978768452,0
624.1139917441561,0.39523209733626663,858.8512234489442,1029.9824398606058,0
624.5389582343842,0.4141218542888356,858.9825380944246,1025.2977801363688,0
624.5389582343842,0.40939088859346684,858.9825380944246,1026.4710596288203,0
624.5389582343842,0.4041391038115735,858.9825380944246,1027.77350225473,0
624.9707192469849,0.4198862522435319,859.1159522473183,1023.8682094436041,0
624.9707192469849,0.4188358952871532,859.1159522473183,1024.1286979687861,0
624.9707192469849,0.4162141058530674,859.1159522473183,1024.7789017484392,0
625.3890971094573,0.4188358952871532,859.2452310068223,1024.1286979687861,0
625.3890971094573,0.4162141058530674,859.2452310068223,1024.7789017484392,0
625.8208581220581,0.41464267337536026,859.3786451597159,1025.1686170029107,0
625.8208581220581,0.4141218542888356,859.3786451597159,1025.2977801363688,0
626.2392359845305,0.41253375354888117,859.5079239192199,1025.6916291198775,0
626.2392359845305,0.4120126780275527,859.5079239192199,1025.820855849167,0
626.2392359845305,0.41096232107117403,859.5079239192199,1026.0813443743489,0
626.6709969971314,0.40991196411479536,859.6413380721135,1026.3418328995308,0
626.6709969971314,0.4072901746807095,859.6413380721135,1026.9920366791841,0
627.0959634873594,0.40466864168142747,859.772652717594,1027.642176863006,0
627.0959634873594,0.40309720920372033,859.772652717594,1028.0318921174774,0
627.0959634873594,0.401526033160817,859.772652717594,1028.4215437761175,0
627.5277244999602,0.40571899863780614,859.9060668704876,1027.381688337824,0
627.5277244999602,0.40309720920372033,859.9060668704876,1028.0318921174774,0
627.9528968848055,0.40834053163708817,860.0374451374048,1026.7315481540022,0
627.9528968848055,0.40466864168142747,860.0374451374048,1027.642176863006,0
628.3778633750335,0.4004756762044383,860.1687597828853,1028.6820323012994,0
628.3778633750335,0.3968035298139738,860.1687597828853,1029.5927246061347,0
628.8030357598788,0.39523209733626663,860.3001380498025,1029.9824398606058,0
628.8030357598788,0.3931398457720348,860.3001380498025,1030.5013182485354,0
628.8030357598788,0.39103913185927747,860.3001380498025,1031.0222952988993,0
629.2280022501067,0.3899887749028988,860.4314526952829,1031.2827838240812,0
629.2280022501067,0.3884173424251916,860.4314526952829,1031.6724990785526,0
629.6529687403346,0.4041391038115735,860.5627673407633,1027.77350225473,0
629.6529687403346,0.4004756762044383,860.5627673407633,1028.6820323012994,0
629.6529687403346,0.39418174037988796,860.5627673407633,1030.2429283857878,0
630.0849356475527,0.4041391038115735,860.6962451150938,1027.77350225473,0
630.0849356475527,0.4036182847250488,860.6962451150938,1027.9026653881879,0
630.5099021377807,0.4088616071584167,860.8275597605742,1026.6023214247127,0
630.5099021377807,0.4062398177243308,860.8275597605742,1027.252525204366,0
630.5099021377807,0.4041391038115735,860.8275597605742,1027.77350225473,0
630.9348686280086,0.4177937442444963,860.9588744060546,1024.3871514273649,0
630.9348686280086,0.41360077876750706,860.9588744060546,1025.4270068656583,0
631.360041012854,0.4235581421991926,861.0902526729718,1022.9575807346002,0
631.360041012854,0.4230373231126679,861.0902526729718,1023.0867438680584,0
631.360041012854,0.4219869661562892,861.0902526729718,1023.3472323932403,0
631.7918020254548,0.4188358952871532,861.2236668258655,1024.1286979687861,0
631.7918020254548,0.4151637488966887,861.2236668258655,1025.0393902736212,0
632.2167685156828,0.4114833965925025,861.3549814713459,1025.9521176450594,0
632.2167685156828,0.4067693555941848,861.3549814713459,1027.1211998126423,0
632.2167685156828,0.401526033160817,861.3549814713459,1028.4215437761175,0
632.6485295282836,0.3978538867703525,861.4883956242396,1029.3322360809527,0
632.6485295282836,0.3968035298139738,861.4883956242396,1029.5927246061347,0
633.066907390756,0.40257639011719565,861.6176743837435,1028.1610552509355,0
633.066907390756,0.401526033160817,861.6176743837435,1028.4215437761175,0
633.066907390756,0.39995460068310984,861.6176743837435,1028.8112590305889,0
633.4986684033568,0.400996495290963,861.7510885366372,1028.5528691678412,0
633.4986684033568,0.4004756762044383,861.7510885366372,1028.6820323012994,0
633.9170462658292,0.4072901746807095,861.8803672961412,1026.9920366791841,0
633.9170462658292,0.40571899863780614,861.8803672961412,1027.381688337824,0
633.9170462658292,0.40257639011719565,861.8803672961412,1028.1610552509355,0
634.3420127560572,0.41726446280944607,862.0116819416216,1024.5184132232575,0
634.3420127560572,0.4114833965925025,862.0116819416216,1025.9521176450594,0
634.773773768658,0.42512957467689977,862.1450960945153,1022.567865480129,0
634.773773768658,0.4235581421991926,862.1450960945153,1022.9575807346002,0
634.773773768658,0.4219869661562892,862.1450960945153,1023.3472323932403,0
635.1989461535034,0.4193651767222034,862.2764743614325,1023.9974361728936,0
635.1989461535034,0.41569303033173893,862.2764743614325,1024.9081284777287,0
635.6307071661041,0.4120126780275527,862.4098885143261,1025.820855849167,0
635.6307071661041,0.407811250202038,862.4098885143261,1026.8628099498947,0
635.6307071661041,0.40309720920372033,862.4098885143261,1028.0318921174774,0
636.0488791339592,0.3978538867703525,862.5391036523934,1029.3322360809527,0
636.0488791339592,0.3962824542926453,862.5391036523934,1029.721951335424,0
636.4808460411774,0.39890424372673117,862.6725814267238,1029.0717475557708,0
636.4808460411774,0.3978538867703525,862.6725814267238,1029.3322360809527,0
636.4808460411774,0.3962824542926453,862.6725814267238,1029.721951335424,0
636.9058125314053,0.3978538867703525,862.8038960722042,1029.3322360809527,0
636.9058125314053,0.3973246053353023,862.8038960722042,1029.4634978768452,0
637.3375735440061,0.39837496229168096,862.9373102250978,1029.2030093516632,0
637.3375735440061,0.3968035298139738,862.9373102250978,1029.5927246061347,0
637.3375735440061,0.3962824542926453,862.9373102250978,1029.721951335424,0
637.7559514064785,0.401526033160817,863.0665889846018,1028.4215437761175,0
637.7559514064785,0.39995460068310984,863.0665889846018,1028.8112590305889,0
638.1877124190794,0.40257639011719565,863.2000031374955,1028.1610552509355,0
638.1877124190794,0.4004756762044383,863.2000031374955,1028.6820323012994,0
638.6060902815518,0.41569303033173893,863.3292818969995,1024.9081284777287,0
638.6060902815518,0.407811250202038,863.3292818969995,1026.8628099498947,0
639.0378512941526,0.43666657650001417,863.4626960498931,1019.7066890279965,0
639.0378512941526,0.4309021785453178,863.4626960498931,1021.1362597207612,0
639.0378512941526,0.4235581421991926,863.4626960498931,1022.9575807346002,0
639.4628177843806,0.44191015536818584,863.5940106953735,1018.4062814686899,0
639.4628177843806,0.4413890798468573,863.5940106953735,1018.5355081979794,0
639.8945787969814,0.43666657650001417,863.7274248482672,1019.7066890279965,0
639.8945787969814,0.4256588561119499,863.7274248482672,1022.4366036842365,0
639.8945787969814,0.4141218542888356,863.7274248482672,1025.2977801363688,0
640.3197511818267,0.4041391038115735,863.8588031151844,1027.77350225473,0
640.3197511818267,0.39575317285759515,863.8588031151844,1029.8532131313166,0
640.7447176720547,0.39208948881565614,863.9901177606648,1030.7618067737174,0
640.7447176720547,0.39103913185927747,863.9901177606648,1031.0222952988993,0
640.7447176720547,0.3899887749028988,863.9901177606648,1031.2827838240812,0
641.1696841622826,0.400996495290963,864.1214324061452,1028.5528691678412,0
641.1696841622826,0.3962824542926453,864.1214324061452,1029.721951335424,0
641.5948565471278,0.40309720920372033,864.2528106730625,1028.0318921174774,0
641.5948565471278,0.40204685224734166,864.2528106730625,1028.2923806426593,0
641.5948565471278,0.4004756762044383,864.2528106730625,1028.6820323012994,0
642.0198230373559,0.4041391038115735,864.3841253185429,1027.77350225473,0
642.0198230373559,0.401526033160817,864.3841253185429,1028.4215437761175,0
642.4515840499566,0.40466864168142747,864.5175394714365,1027.642176863006,0
642.4515840499566,0.40257639011719565,864.5175394714365,1028.1610552509355,0
642.4515840499566,0.4004756762044383,864.5175394714365,1028.6820323012994,0
642.8767564348019,0.39890424372673117,864.6489177383538,1029.0717475557708,0
642.8767564348019,0.3978538867703525,864.6489177383538,1029.3322360809527,0
643.3017229250298,0.39575317285759515,864.7802323838342,1029.8532131313166,0
643.3017229250298,0.39103913185927747,864.7802323838342,1031.0222952988993,0
643.3017229250298,0.38736698546881293,864.7802323838342,1031.9329876037345,0
643.7266894152579,0.3894676993815703,864.9115470293146,1031.4120105533707,0
643.7266894152579,0.3857958094259096,864.9115470293146,1032.3226392623744,0
644.1586563224761,0.4114833965925025,865.0450248036451,1025.9521176450594,0
644.1586563224761,0.40466864168142747,865.0450248036451,1027.642176863006,0
644.1586563224761,0.3973246053353023,865.0450248036451,1029.4634978768452,0
644.583622812704,0.4235581421991926,865.1763394491255,1022.9575807346002,0
644.583622812704,0.41726446280944607,865.1763394491255,1024.5184132232575,0
645.0153838253048,0.42880146463256047,865.3097536020191,1021.6572367711251,0
645.0153838253048,0.4282806455460358,865.3097536020191,1021.7863999045832,0
645.0153838253048,0.4277595700247073,865.3097536020191,1021.9156266338726,0
645.4337616877772,0.42617993163327844,865.4390323615231,1022.307376954947,0
645.4337616877772,0.4240876800690466,865.4390323615231,1022.8262553428765,0
645.865522700378,0.4204155336785821,865.5724465144168,1023.7369476477116,0
645.865522700378,0.4167433872881176,865.5724465144168,1024.6476399525468,0
645.865522700378,0.4120126780275527,865.5724465144168,1025.820855849167,0
646.2839005628505,0.4062398177243308,865.7017252739207,1027.252525204366,0
646.2839005628505,0.401526033160817,865.7017252739207,1028.4215437761175,0
646.7088670530784,0.400996495290963,865.8330399194012,1028.5528691678412,0
646.7088670530784,0.39942531924805963,865.8330399194012,1028.9425208264813,0
646.7088670530784,0.39890424372673117,865.8330399194012,1029.0717475557708,0
647.1406280656792,0.4167433872881176,865.9664540722948,1024.6476399525468,0
647.1406280656792,0.4072901746807095,865.9664540722948,1026.9920366791841,0
647.5655945559072,0.4309021785453178,866.0977687177752,1021.1362597207612,0
647.5655945559072,0.42985182158893914,866.0977687177752,1021.3967482459432,0
647.5655945559072,0.4256588561119499,866.0977687177752,1022.4366036842365,0
647.9975614631254,0.42670921306832865,866.2312464921057,1022.1761151590546,0
647.9975614631254,0.41726446280944607,866.2312464921057,1024.5184132232575,0
648.4157334309805,0.407811250202038,866.360461630173,1026.8628099498947,0
648.4157334309805,0.39942531924805963,866.360461630173,1028.9425208264813,0
648.4157334309805,0.39471127824974195,866.360461630173,1030.111602994064,0
648.8474944435812,0.39523209733626663,866.4938757830665,1029.9824398606058,0
648.8474944435812,0.3931398457720348,866.4938757830665,1030.5013182485354,0
649.2726668284265,0.4062398177243308,866.6252540499838,1027.252525204366,0
649.2726668284265,0.4041391038115735,866.6252540499838,1027.77350225473,0
649.2726668284265,0.39942531924805963,866.6252540499838,1028.9425208264813,0
649.7044278410274,0.40939088859346684,866.7586682028774,1026.4710596288203,0
649.7044278410274,0.4088616071584167,866.7586682028774,1026.6023214247127,0
650.1225998088825,0.4088616071584167,866.8878833409447,1026.6023214247127,0
650.1225998088825,0.4067693555941848,866.8878833409447,1027.1211998126423,0
650.1225998088825,0.4041391038115735,866.8878833409447,1027.77350225473,0
650.5545667161006,0.4036182847250488,867.021361115275,1027.9026653881879,0
650.9727386839556,0.4067693555941848,867.1505762533423,1027.1211998126423,0
650.9727386839556,0.4062398177243308,867.1505762533423,1027.252525204366,0
650.9727386839556,0.40571899863780614,867.1505762533423,1027.381688337824,0
651.4044996965564,0.4072901746807095,867.283990406236,1026.9920366791841,0
651.4044996965564,0.40571899863780614,867.283990406236,1027.381688337824,0
651.8296720814019,0.41831481976582474,867.4153686731531,1024.2579246980756,0
651.8296720814019,0.41569303033173893,867.4153686731531,1024.9081284777287,0
651.8296720814019,0.41096232107117403,867.4153686731531,1026.0813443743489,0
652.2614330940027,0.4193651767222034,867.5487828260468,1023.9974361728936,0
652.2614330940027,0.4177937442444963,867.5487828260468,1024.3871514273649,0
652.6863995842306,0.4141218542888356,867.6800974715272,1025.2977801363688,0
652.6863995842306,0.40991196411479536,867.6800974715272,1026.3418328995308,0
652.6863995842306,0.4041391038115735,867.6800974715272,1027.77350225473,0
653.1115719690758,0.39942531924805963,867.8114757384444,1028.9425208264813,0
653.1115719690758,0.39471127824974195,867.8114757384444,1030.111602994064,0
653.5365384593039,0.3973246053353023,867.9427903839248,1029.4634978768452,0
653.5365384593039,0.3936609212933633,867.9427903839248,1030.372091519246,0
653.5365384593039,0.3926105643369846,867.9427903839248,1030.6325800444279,0
653.9615049495318,0.40834053163708817,868.0741050294052,1026.7315481540022,0
653.9615049495318,0.40309720920372033,868.0741050294052,1028.0318921174774,0
654.3934718567499,0.4130714973324569,868.2075828037357,1025.5582686615508,0
654.3934718567499,0.4120126780275527,868.2075828037357,1025.820855849167,0
654.8184383469778,0.4120126780275527,868.3388974492161,1025.820855849167,0
654.8184383469778,0.40991196411479536,868.3388974492161,1026.3418328995308,0
654.8184383469778,0.4067693555941848,868.3388974492161,1027.1211998126423,0
655.2434048372057,0.40257639011719565,868.4702120946965,1028.1610552509355,0
655.2434048372057,0.3962824542926453,868.4702120946965,1029.721951335424,0
655.2434048372057,0.39050985042422726,868.4702120946965,1031.1535570947917,0
655.6685772220512,0.38631662851243426,868.6015903616137,1032.1934761289162,0
655.6685772220512,0.3857958094259096,868.6015903616137,1032.3226392623744,0
656.0935437122791,0.38736698546881293,868.7329050070942,1031.9329876037345,0
656.0935437122791,0.38684616638228825,868.7329050070942,1032.0621507371925,0
656.0935437122791,0.3852747339045811,868.7329050070942,1032.451865991664,0
656.5253047248799,0.3821236630354451,868.8663191599878,1033.2333315672097,0
656.5253047248799,0.3810733060790664,868.8663191599878,1033.4938200923916,0
656.9504771097252,0.3899887749028988,868.997697426905,1031.2827838240812,0
656.9504771097252,0.3847454524695309,868.997697426905,1032.5831277875564,0
656.9504771097252,0.3816028439489204,868.997697426905,1033.3624947006679,0
657.382238122326,0.4072901746807095,869.1311115797987,1026.9920366791841,0
657.382238122326,0.3978538867703525,869.1311115797987,1029.3322360809527,0
657.8004100901811,0.4361457574134895,869.260326717866,1019.8358521614547,0
657.8004100901811,0.4272302885896571,869.260326717866,1022.0468884297651,0
657.8004100901811,0.4167433872881176,869.260326717866,1024.6476399525468,0
658.2323769973992,0.4398176473691502,869.3938044921963,1018.9252234524508,0
658.2323769973992,0.43666657650001417,869.3938044921963,1019.7066890279965,0
658.6505489652543,0.4256588561119499,869.5230196302635,1022.4366036842365,0
658.6505489652543,0.4141218542888356,869.5230196302635,1025.2977801363688,0
658.6505489652543,0.40466864168142747,869.5230196302635,1027.642176863006,0
659.0823099778551,0.3978538867703525,869.6564337831572,1029.3322360809527,0
659.0823099778551,0.3926105643369846,869.6564337831572,1030.6325800444279,0
659.5074823627004,0.3899887749028988,869.7878120500744,1031.2827838240812,0
659.5074823627004,0.3894676993815703,869.7878120500744,1031.4120105533707,0
659.5074823627004,0.38736698546881293,869.7878120500744,1031.9329876037345,0
659.9324488529285,0.4036182847250488,869.9191266955548,1027.9026653881879,0
659.9324488529285,0.3968035298139738,869.9191266955548,1029.5927246061347,0
660.3642098655292,0.41360077876750706,870.0525408484485,1025.4270068656583,0
660.3642098655292,0.41096232107117403,870.0525408484485,1026.0813443743489,0
660.3642098655292,0.4088616071584167,870.0525408484485,1026.6023214247127,0
660.7825877280017,0.4188358952871532,870.1818196079524,1024.1286979687861,0
660.7825877280017,0.4167433872881176,870.1818196079524,1024.6476399525468,0
661.2143487406025,0.41726446280944607,870.3152337608461,1024.5184132232575,0
661.2143487406025,0.41360077876750706,870.3152337608461,1025.4270068656583,0
661.2143487406025,0.4088616071584167,870.3152337608461,1026.6023214247127,0
661.6393152308304,0.40518946076795215,870.4465484063265,1027.513013729548,0
661.6393152308304,0.40309720920372033,870.4465484063265,1028.0318921174774,0
662.0712821380486,0.40204685224734166,870.580026180657,1028.2923806426593,0
662.0712821380486,0.4004756762044383,870.580026180657,1028.6820323012994,0
662.0712821380486,0.39942531924805963,870.580026180657,1028.9425208264813,0
662.4894541059036,0.39890424372673117,870.7092413187243,1029.0717475557708,0
662.4894541059036,0.39837496229168096,870.7092413187243,1029.2030093516632,0
662.9212151185044,0.4041391038115735,870.8426554716178,1027.77350225473,0
662.9212151185044,0.39995460068310984,870.8426554716178,1028.8112590305889,0
663.3597706534781,0.42146589063496076,870.9781691319247,1023.4764591225298,0
663.3597706534781,0.41569303033173893,870.9781691319247,1024.9081284777287,0
663.3597706534781,0.4104412455498455,870.9781691319247,1026.2105711036384,0
663.7915316660789,0.4335239679794036,871.1115832848184,1020.4860559411079,0
663.7915316660789,0.43247361102302495,871.1115832848184,1020.7465444662898,0
663.7915316660789,0.42670921306832865,871.1115832848184,1022.1761151590546,0
664.2167040509241,0.4303728971102676,871.2429615517356,1021.2675215166537,0
664.2167040509241,0.42512957467689977,871.2429615517356,1022.567865480129,0
664.641670541152,0.4204155336785821,871.374276197216,1023.7369476477116,0
664.641670541152,0.4167433872881176,871.374276197216,1024.6476399525468,0
665.0668429259975,0.4141218542888356,871.5056544641332,1025.2977801363688,0
665.0668429259975,0.4104412455498455,871.5056544641332,1026.2105711036384,0
665.0668429259975,0.4072901746807095,871.5056544641332,1026.9920366791841,0
665.4986039385983,0.4036182847250488,871.6390686170269,1027.9026653881879,0
665.4986039385983,0.4004756762044383,871.6390686170269,1028.6820323012994,0
665.9167759064534,0.39837496229168096,871.7682837550941,1029.2030093516632,0
665.9167759064534,0.39523209733626663,871.7682837550941,1029.9824398606058,0
665.9167759064534,0.3926105643369846,871.7682837550941,1030.6325800444279,0
666.3487428136715,0.39837496229168096,871.9017615294244,1029.2030093516632,0
666.3487428136715,0.3931398457720348,871.9017615294244,1030.5013182485354,0
666.7737093038994,0.41569303033173893,872.0330761749049,1024.9081284777287,0
666.7737093038994,0.41096232107117403,872.0330761749049,1026.0813443743489,0
666.7737093038994,0.40466864168142747,872.0330761749049,1027.642176863006,0
667.2054703165003,0.4204155336785821,872.1664903277986,1023.7369476477116,0
667.2054703165003,0.4193651767222034,872.1664903277986,1023.9974361728936,0
667.6238481789727,0.4177937442444963,872.2957690873026,1024.3871514273649,0
667.6238481789727,0.4130714973324569,872.2957690873026,1025.5582686615508,0
667.6238481789727,0.4067693555941848,872.2957690873026,1027.1211998126423,0
668.0556091915735,0.40204685224734166,872.4291832401962,1028.2923806426593,0
668.0556091915735,0.3978538867703525,872.4291832401962,1029.3322360809527,0
668.4805756818014,0.39523209733626663,872.5604978856766,1029.9824398606058,0
668.4805756818014,0.39050985042422726,872.5604978856766,1031.1535570947917,0
668.4805756818014,0.38684616638228825,872.5604978856766,1032.0621507371925,0
668.9123366944021,0.3857958094259096,872.6939120385703,1032.3226392623744,0
668.9123366944021,0.3847454524695309,872.6939120385703,1032.5831277875564,0
669.3307145568748,0.3962824542926453,872.8231907980743,1029.721951335424,0
669.3307145568748,0.39156020738060593,872.8231907980743,1030.8930685696098,0
669.3307145568748,0.38788806099014145,872.8231907980743,1031.803760874445,0
669.7624755694756,0.40939088859346684,872.9566049509679,1026.4710596288203,0
669.7624755694756,0.40257639011719565,872.9566049509679,1028.1610552509355,0
670.1874420597035,0.41726446280944607,873.0879195964484,1024.5184132232575,0
670.1874420597035,0.4141218542888356,873.0879195964484,1025.2977801363688,0
670.6058199221759,0.4162141058530674,873.2171983559523,1024.7789017484392,0
670.6058199221759,0.4130714973324569,873.2171983559523,1025.5582686615508,0
671.0375809347768,0.40991196411479536,873.350612508846,1026.3418328995308,0
671.0375809347768,0.4062398177243308,873.350612508846,1027.252525204366,0
671.0375809347768,0.40518946076795215,873.350612508846,1027.513013729548,0
671.462753319622,0.40518946076795215,873.4819907757632,1027.513013729548,0
671.462753319622,0.40466864168142747,873.4819907757632,1027.642176863006,0
671.8945143322228,0.40257639011719565,873.6154049286569,1028.1610552509355,0
671.8945143322228,0.39995460068310984,873.6154049286569,1028.8112590305889,0
671.8945143322228,0.39837496229168096,873.6154049286569,1029.2030093516632,0
672.3126863000779,0.39942531924805963,873.744620066724,1028.9425208264813,0
672.3126863000779,0.3978538867703525,873.744620066724,1029.3322360809527,0
672.7446532072961,0.4151637488966887,873.8780978410545,1025.0393902736212,0
672.7446532072961,0.41096232107117403,873.8780978410545,1026.0813443743489,0
672.7446532072961,0.40466864168142747,873.8780978410545,1027.642176863006,0
673.1628251751513,0.4204155336785821,874.0073129791217,1023.7369476477116,0
673.1628251751513,0.41831481976582474,874.0073129791217,1024.2579246980756,0
673.6013807101249,0.4225077852428139,874.1428266394286,1023.2180692597822,0
673.6013807101249,0.4188358952871532,874.1428266394286,1024.1286979687861,0
674.0197585725973,0.41096232107117403,874.2721053989326,1026.0813443743489,0
674.0197585725973,0.40204685224734166,874.2721053989326,1028.2923806426593,0
674.4515195851981,0.401526033160817,874.4055195518262,1028.4215437761175,0
674.4515195851981,0.3978538867703525,874.4055195518262,1029.3322360809527,0
674.4515195851981,0.3973246053353023,874.4055195518262,1029.4634978768452,0
674.8764860754261,0.40257639011719565,874.5368341973066,1028.1610552509355,0
674.8764860754261,0.4004756762044383,874.5368341973066,1028.6820323012994,0
675.3016584602714,0.3968035298139738,874.6682124642239,1029.5927246061347,0
675.3016584602714,0.3962824542926453,874.6682124642239,1029.721951335424,0
675.3016584602714,0.39523209733626663,874.6682124642239,1029.9824398606058,0
675.7266249504993,0.400996495290963,874.7995271097043,1028.5528691678412,0
675.7266249504993,0.39995460068310984,874.7995271097043,1028.8112590305889,0
676.1583859631,0.39995460068310984,874.9329412625979,1028.8112590305889,0
676.5835583479453,0.4041391038115735,875.064319529515,1027.77350225473,0
676.5835583479453,0.40257639011719565,875.064319529515,1028.1610552509355,0
677.0085248381733,0.4041391038115735,875.1956341749956,1027.77350225473,0
677.0085248381733,0.401526033160817,875.1956341749956,1028.4215437761175,0
677.0085248381733,0.39890424372673117,875.1956341749956,1029.0717475557708,0
677.4334913284014,0.39995460068310984,875.326948820476,1028.8112590305889,0
677.4334913284014,0.39890424372673117,875.326948820476,1029.0717475557708,0
677.8652523410021,0.40466864168142747,875.4603629733696,1027.642176863006,0
677.8652523410021,0.4041391038115735,875.4603629733696,1027.77350225473,0
677.8652523410021,0.40257639011719565,875.4603629733696,1028.1610552509355,0
678.2836302034746,0.4062398177243308,875.5896417328736,1027.252525204366,0
678.2836302034746,0.40518946076795215,875.5896417328736,1027.513013729548,0
678.7153912160754,0.41253375354888117,875.7230558857673,1025.6916291198775,0
678.7153912160754,0.41096232107117403,875.7230558857673,1026.0813443743489,0
678.7153912160754,0.407811250202038,875.7230558857673,1026.8628099498947,0
679.1405636009207,0.4120126780275527,875.8544341526845,1025.820855849167,0
679.1405636009207,0.40991196411479536,875.8544341526845,1026.3418328995308,0
679.5723246135215,0.4072901746807095,875.987848305578,1026.9920366791841,0
679.5723246135215,0.40466864168142747,875.987848305578,1027.642176863006,0
679.5723246135215,0.4036182847250488,875.987848305578,1027.9026653881879,0
679.9904965813765,0.40257639011719565,876.1170634436453,1028.1610552509355,0
680.4224634885946,0.40204685224734166,876.2505412179758,1028.2923806426593,0
680.4224634885946,0.4004756762044383,876.2505412179758,1028.6820323012994,0
680.8474299788227,0.401526033160817,876.3818558634562,1028.4215437761175,0
681.2791909914234,0.39837496229168096,876.5152700163499,1029.2030093516632,0
681.2791909914234,0.39208948881565614,876.5152700163499,1030.7618067737174,0
681.2791909914234,0.38684616638228825,876.5152700163499,1032.0621507371925,0
681.697568853896,0.38369509551315223,876.6445487758538,1032.8436163127383,0
681.697568853896,0.38317401999182377,876.6445487758538,1032.9728430420278,0
682.1293298664967,0.3899887749028988,876.7779629287475,1031.2827838240812,0
682.1293298664967,0.38631662851243426,876.7779629287475,1032.1934761289162,0
682.1293298664967,0.38369509551315223,876.7779629287475,1032.8436163127383,0
682.5542963567248,0.3962824542926453,876.9092775742279,1029.721951335424,0
682.5542963567248,0.3931398457720348,876.9092775742279,1030.5013182485354,0
682.9726742191972,0.40939088859346684,877.0385563337319,1026.4710596288203,0
682.9726742191972,0.40466864168142747,877.0385563337319,1027.642176863006,0
682.9726742191972,0.4004756762044383,877.0385563337319,1028.6820323012994,0
683.404435231798,0.4162141058530674,877.1719704866256,1024.7789017484392,0
683.404435231798,0.41360077876750706,877.1719704866256,1025.4270068656583,0
683.8294017220259,0.4167433872881176,877.303285132106,1024.6476399525468,0
683.8294017220259,0.41569303033173893,877.303285132106,1024.9081284777287,0
683.8294017220259,0.4130714973324569,877.303285132106,1025.5582686615508,0
684.261368629244,0.4088616071584167,877.4367629064363,1026.6023214247127,0
684.261368629244,0.40309720920372033,877.4367629064363,1028.0318921174774,0
684.6795405970992,0.39575317285759515,877.5659780445036,1029.8532131313166,0
684.6795405970992,0.3931398457720348,877.5659780445036,1030.5013182485354,0
685.1113016096999,0.3973246053353023,877.6993921973973,1029.4634978768452,0
685.1113016096999,0.39575317285759515,877.6993921973973,1029.8532131313166,0
685.5296794721725,0.40257639011719565,877.8286709569012,1028.1610552509355,0
685.5296794721725,0.39995460068310984,877.8286709569012,1028.8112590305889,0
685.9682350071461,0.4067693555941848,877.964184617208,1027.1211998126423,0
685.9682350071461,0.40571899863780614,877.964184617208,1027.381688337824,0
685.9682350071461,0.4041391038115735,877.964184617208,1027.77350225473,0
686.3864069750013,0.4004756762044383,878.0933997552753,1028.6820323012994,0
686.3864069750013,0.39575317285759515,878.0933997552753,1029.8532131313166,0
686.8183738822194,0.39418174037988796,878.2268775296058,1030.2429283857878,0
686.8183738822194,0.3926105643369846,878.2268775296058,1030.6325800444279,0
687.2433403724473,0.39208948881565614,878.3581921750862,1030.7618067737174,0
687.2433403724473,0.39156020738060593,878.3581921750862,1030.8930685696098,0
687.6683068626752,0.39837496229168096,878.4895068205666,1029.2030093516632,0
687.6683068626752,0.3962824542926453,878.4895068205666,1029.721951335424,0
687.6683068626752,0.3931398457720348,878.4895068205666,1030.5013182485354,0
688.0934792475205,0.400996495290963,878.6208850874838,1028.5528691678412,0
688.0934792475205,0.39942531924805963,878.6208850874838,1028.9425208264813,0
688.5252402601213,0.407811250202038,878.7542992403775,1026.8628099498947,0
688.5252402601213,0.40466864168142747,878.7542992403775,1027.642176863006,0
688.5252402601213,0.40257639011719565,878.7542992403775,1028.1610552509355,0
688.9502067503493,0.4114833965925025,878.8856138858579,1025.9521176450594,0
688.9502067503493,0.40991196411479536,878.8856138858579,1026.3418328995308,0
689.3753791351945,0.41253375354888117,879.0169921527751,1025.6916291198775,0
689.3753791351945,0.4120126780275527,879.0169921527751,1025.820855849167,0
689.3753791351945,0.41096232107117403,879.0169921527751,1026.0813443743489,0
689.8003456254226,0.407811250202038,879.1483067982555,1026.8628099498947,0
689.8003456254226,0.40309720920372033,879.1483067982555,1028.0318921174774,0
690.2253121156505,0.3962824542926453,879.279621443736,1029.721951335424,0
690.2253121156505,0.3894676993815703,879.279621443736,1031.4120105533707,0
690.2253121156505,0.3852747339045811,879.279621443736,1032.451865991664,0
690.6504845004958,0.39050985042422726,879.4109997106532,1031.1535570947917,0
690.6504845004958,0.3857958094259096,879.4109997106532,1032.3226392623744,0
691.0822455130966,0.4062398177243308,879.5444138635468,1027.252525204366,0
691.0822455130966,0.401526033160817,879.5444138635468,1028.4215437761175,0
691.0822455130966,0.3962824542926453,879.5444138635468,1029.721951335424,0
691.5072120033245,0.4114833965925025,879.6757285090273,1025.9521176450594,0
691.5072120033245,0.40939088859346684,879.6757285090273,1026.4710596288203,0
691.9391789105426,0.4104412455498455,879.8092062833576,1026.2105711036384,0
691.9391789105426,0.407811250202038,879.8092062833576,1026.8628099498947,0
691.9391789105426,0.4036182847250488,879.8092062833576,1027.9026653881879,0
692.3573508783978,0.400996495290963,879.9384214214249,1028.5528691678412,0
692.3573508783978,0.4004756762044383,879.9384214214249,1028.6820323012994,0
692.7891118909986,0.40571899863780614,880.0718355743186,1027.381688337824,0
692.7891118909986,0.40518946076795215,880.0718355743186,1027.513013729548,0
692.7891118909986,0.4041391038115735,880.0718355743186,1027.77350225473,0
693.2142842758439,0.40466864168142747,880.2032138412358,1027.642176863006,0
693.2142842758439,0.400996495290963,880.2032138412358,1028.5528691678412,0
693.6460452884446,0.3978538867703525,880.3366279941293,1029.3322360809527,0
693.6460452884446,0.3936609212933633,880.3366279941293,1030.372091519246,0
693.6460452884446,0.3899887749028988,880.3366279941293,1031.2827838240812,0
694.0642172562998,0.38684616638228825,880.4658431321966,1032.0621507371925,0
694.0642172562998,0.38631662851243426,880.4658431321966,1032.1934761289162,0
694.496184163518,0.3931398457720348,880.599320906527,1030.5013182485354,0
694.496184163518,0.39103913185927747,880.599320906527,1031.0222952988993,0
694.496184163518,0.38736698546881293,880.599320906527,1031.9329876037345,0
694.9211506537459,0.39156020738060593,880.7306355520075,1030.8930685696098,0
694.9211506537459,0.3894676993815703,880.7306355520075,1031.4120105533707,0
695.3395285162184,0.38684616638228825,880.8599143115115,1032.0621507371925,0
695.3395285162184,0.3857958094259096,880.8599143115115,1032.3226392623744,0
695.3395285162184,0.3847454524695309,880.8599143115115,1032.5831277875564,0
695.7712895288191,0.3899887749028988,880.9933284644051,1031.2827838240812,0
695.7712895288191,0.3857958094259096,880.9933284644051,1032.3226392623744,0
696.1962560190472,0.39942531924805963,881.1246431098855,1028.9425208264813,0
696.1962560190472,0.3978538867703525,881.1246431098855,1029.3322360809527,0
696.1962560190472,0.39523209733626663,881.1246431098855,1029.9824398606058,0
696.6280170316479,0.3978538867703525,881.2580572627792,1029.3322360809527,0
696.6280170316479,0.39575317285759515,881.2580572627792,1029.8532131313166,0
697.0463948941203,0.39890424372673117,881.3873360222832,1029.0717475557708,0
697.0463948941203,0.39575317285759515,881.3873360222832,1029.8532131313166,0
697.0463948941203,0.39471127824974195,881.3873360222832,1030.111602994064,0
697.4781559067211,0.40571899863780614,881.5207501751768,1027.381688337824,0
697.4781559067211,0.401526033160817,881.5207501751768,1028.4215437761175,0
697.9031223969491,0.4177937442444963,881.6520648206573,1024.3871514273649,0
697.9031223969491,0.4104412455498455,881.6520648206573,1026.2105711036384,0
698.3350893041674,0.42460849915557125,881.7855425949876,1022.6970922094184,0
698.3350893041674,0.4235581421991926,881.7855425949876,1022.9575807346002,0
698.3350893041674,0.4230373231126679,881.7855425949876,1023.0867438680584,0
698.7532612720224,0.4193651767222034,881.9147577330549,1023.9974361728936,0
698.7532612720224,0.4151637488966887,881.9147577330549,1025.0393902736212,0
698.7532612720224,0.4114833965925025,881.9147577330549,1025.9521176450594,0
699.1850222846232,0.40939088859346684,882.0481718859485,1026.4710596288203,0
699.1850222846232,0.4067693555941848,882.0481718859485,1027.1211998126423,0
699.6101946694685,0.40257639011719565,882.1795501528658,1028.1610552509355,0
699.6101946694685,0.3962824542926453,882.1795501528658,1029.721951335424,0
699.6101946694685,0.3899887749028988,882.1795501528658,1031.2827838240812,0
700.0351611596965,0.3852747339045811,882.3108647983462,1032.451865991664,0
700.0351611596965,0.38317401999182377,882.3108647983462,1032.9728430420278,0
700.4601276499244,0.39156020738060593,882.4421794438266,1030.8930685696098,0
700.4601276499244,0.3884173424251916,882.4421794438266,1031.6724990785526,0
700.4601276499244,0.38631662851243426,882.4421794438266,1032.1934761289162,0
700.8920945571425,0.39471127824974195,882.5756572181571,1030.111602994064,0
700.8920945571425,0.3931398457720348,882.5756572181571,1030.5013182485354,0
701.3170610473704,0.401526033160817,882.7069718636375,1028.4215437761175,0
701.3170610473704,0.4004756762044383,882.7069718636375,1028.6820323012994,0
701.3170610473704,0.3978538867703525,882.7069718636375,1029.3322360809527,0
701.7420275375985,0.40204685224734166,882.8382865091179,1028.2923806426593,0
701.7420275375985,0.400996495290963,882.8382865091179,1028.5528691678412,0
702.1671999224438,0.4120126780275527,882.9696647760351,1025.820855849167,0
702.1671999224438,0.40991196411479536,882.9696647760351,1026.3418328995308,0
702.1671999224438,0.40466864168142747,882.9696647760351,1027.642176863006,0
702.5921664126718,0.4088616071584167,883.1009794215155,1026.6023214247127,0
702.5921664126718,0.4036182847250488,883.1009794215155,1027.9026653881879,0
703.0239274252725,0.3973246053353023,883.2343935744092,1029.4634978768452,0
703.0239274252725,0.3931398457720348,883.2343935744092,1030.5013182485354,0
703.0239274252725,0.39208948881565614,883.2343935744092,1030.7618067737174,0
703.4558943324906,0.39156020738060593,883.3678713487395,1030.8930685696098,0
703.4558943324906,0.39103913185927747,883.3678713487395,1031.0222952988993,0
703.8740663003458,0.4072901746807095,883.4970864868068,1026.9920366791841,0
703.8740663003458,0.4004756762044383,883.4970864868068,1028.6820323012994,0
703.8740663003458,0.39471127824974195,883.4970864868068,1030.111602994064,0
704.3058273129466,0.4120126780275527,883.6305006397005,1025.820855849167,0
704.3058273129466,0.41096232107117403,883.6305006397005,1026.0813443743489,0
704.724205175419,0.4067693555941848,883.7597793992045,1027.1211998126423,0
704.724205175419,0.401526033160817,883.7597793992045,1028.4215437761175,0
704.724205175419,0.39575317285759515,883.7597793992045,1029.8532131313166,0
705.1559661880198,0.3926105643369846,883.8931935520981,1030.6325800444279,0
705.5809326782477,0.4067693555941848,884.0245081975785,1027.1211998126423,0
705.5809326782477,0.40257639011719565,884.0245081975785,1028.1610552509355,0
705.5809326782477,0.3962824542926453,884.0245081975785,1029.721951335424,0
706.0128995854659,0.40939088859346684,884.1579859719089,1026.4710596288203,0
706.0128995854659,0.40834053163708817,884.1579859719089,1026.7315481540022,0
706.4310715533211,0.407811250202038,884.2872011099762,1026.8628099498947,0
706.4310715533211,0.4072901746807095,884.2872011099762,1026.9920366791841,0
706.4310715533211,0.4067693555941848,884.2872011099762,1027.1211998126423,0
706.8628325659218,0.40571899863780614,884.4206152628698,1027.381688337824,0
706.8628325659218,0.40204685224734166,884.4206152628698,1028.2923806426593,0
707.2880049507671,0.4031013121605812,884.551993529787,1028.030874584176,0
707.2880049507671,0.40309720920372033,884.551993529787,1028.0318921174774,0
707.2880049507671,0.39995460068310984,884.551993529787,1028.8112590305889,0
707.7063828132397,0.40414320676843435,884.681272289291,1027.7724847214283,0
707.7063828132397,0.40362238768190967,884.681272289291,1027.9016478548865,0
708.1381438258404,0.40100059824782386,884.8146864421847,1028.5518516345398,0
708.1381438258404,0.3999502412914452,884.8146864421847,1028.8123401597215,0
708.5631103160683,0.401529879682874,884.9460010876651,1028.4205898386474,0
708.9948713286691,0.398378808813738,885.0794152405588,1029.202055414193,0
708.9948713286691,0.39418584333674883,885.0794152405588,1030.2419108524864,0
708.9948713286691,0.3915643103374668,885.0794152405588,1030.8920510363082,0
709.4132491911416,0.39784952737868784,885.2086940000627,1029.3333172100854,0
709.4132491911416,0.3947069188580773,885.2086940000627,1030.112684123197,0
709.4132491911416,0.3915643103374668,885.2086940000627,1030.8920510363082,0
709.8450102037425,0.40414320676843435,885.3421081529564,1027.7724847214283,0
709.8450102037425,0.40100059824782386,885.3421081529564,1028.5518516345398,0
710.2699766939704,0.4151678518535496,885.4734227984368,1025.0383727403198,0
710.2699766939704,0.4141259572456964,885.4734227984368,1025.2967626030672,0
710.2699766939704,0.4093949915503277,885.4734227984368,1026.4700420955187,0
710.7019436011885,0.41096642402803485,885.6069005727672,1026.0803268410475,0
710.7019436011885,0.40467274463828834,885.6069005727672,1027.6411593297046,0
711.1201155690436,0.401529879682874,885.7361157108345,1028.4205898386474,0
711.1201155690436,0.3999502412914452,885.7361157108345,1028.8123401597215,0
711.1201155690436,0.39942916577011667,885.7361157108345,1028.941566889011,0
711.5518765816445,0.40467274463828834,885.8695298637281,1027.6411593297046,0
711.5518765816445,0.40414320676843435,885.8695298637281,1027.7724847214283,0
711.9770489664897,0.4025802366392527,886.0009081306453,1028.1601013134655,0
711.9770489664897,0.40047952272649534,886.0009081306453,1028.681078363829,0
711.9770489664897,0.3973284518573593,886.0009081306453,1029.4625439393749,0
712.4020154567177,0.3936565619016986,886.1322227761257,1030.3731726483788,0
712.4020154567177,0.38998441551123414,886.1322227761257,1031.283864953214,0
712.8271878415629,0.38632073146929513,886.263601043043,1032.1924585956149,0
712.8271878415629,0.3842200175565378,886.263601043043,1032.7134356459787,0
713.2589488541637,0.3884132394683308,886.3970151959365,1031.673516611854,0
713.2589488541637,0.3868418069906236,886.3970151959365,1032.0632318663254,0
713.6839153443917,0.38789216394700227,886.528329841417,1031.8027433411435,0
713.6839153443917,0.3868418069906236,886.528329841417,1032.0632318663254,0
713.6839153443917,0.38527037451291646,886.528329841417,1032.4529471207968,0
714.1088818346198,0.38159848455725576,886.6596444868975,1033.3635758298005,0
714.1088818346198,0.37373337268980206,886.6596444868975,1035.3141235729292,0
714.534054219465,0.36691861777872703,886.7910227538147,1037.0041827908758,0
714.534054219465,0.3616752953453592,886.7910227538147,1038.304526754351,0
714.534054219465,0.3611542198240307,886.7910227538147,1038.4337534836404,0
714.9590207096929,0.36744789921377724,886.9223373992951,1036.8729209949834,0
714.9590207096929,0.36272565230173787,886.9223373992951,1038.044038229169,0
715.3907817222938,0.3967991704223091,887.0557515521888,1029.5938057352673,0
715.3907817222938,0.3842200175565378,887.0557515521888,1032.7134356459787,0
715.3907817222938,0.37478372964618073,887.0557515521888,1035.0536350477473,0
715.8227486295119,0.427234391546518,887.1892293265191,1022.0458708964636,0
715.8227486295119,0.41148724311455953,887.1892293265191,1025.9511637075893,0
716.240920597367,0.44662804288856056,887.3184444645864,1017.2362453636371,0
716.240920597367,0.44400650988927853,887.3184444645864,1017.886385547459,0
716.240920597367,0.43772103641325366,887.3184444645864,1019.4451829695131,0
716.6726816099678,0.4461072238020359,887.45185861748,1017.3654084970951,0
716.6726816099678,0.43929246889096085,887.45185861748,1019.0554677150418,0
717.0910594724402,0.4293266431107498,887.581137376984,1021.5269925085341,0
717.0910594724402,0.4183189227226856,887.581137376984,1024.256907164774,0
717.0910594724402,0.40834463459394904,887.581137376984,1026.7305306207006,0
717.522820485041,0.40047952272649534,887.7145515298777,1028.681078363829,0
717.522820485041,0.3952362002931275,887.7145515298777,1029.9814223273045,0
717.947786975269,0.3999502412914452,887.8458661753581,1028.8123401597215,0
717.947786975269,0.3967991704223091,887.8458661753581,1029.5938057352673,0
717.947786975269,0.3947069188580773,887.8458661753581,1030.112684123197,0
718.3797538824872,0.41096642402803485,887.9793439496885,1026.0803268410475,0
718.3797538824872,0.405193563724813,887.9793439496885,1027.5119961962464,0
718.7979258503423,0.41360488172436793,888.1085590877557,1025.4259893323567,0
718.7979258503423,0.4099160670716562,888.1085590877557,1026.3408153662292,0
718.7979258503423,0.4031013121605812,888.1085590877557,1028.030874584176,0
719.2296868629431,0.39575727581445597,888.2419732406494,1029.852195598015,0
719.2296868629431,0.3884132394683308,888.2419732406494,1031.673516611854,0
719.6548592477884,0.3836991984700131,888.3733515075666,1032.842598779437,0
719.6548592477884,0.38107740903592724,888.3733515075666,1033.49280255909,0
720.0798257380163,0.38789216394700227,888.504666153047,1031.8027433411435,0
720.0798257380163,0.3831696606001591,888.504666153047,1032.9739241711607,0
720.5049981228616,0.40100059824782386,888.6360444199643,1028.5518516345398,0
720.5049981228616,0.3988998843350665,888.6360444199643,1029.0728286849035,0
720.5049981228616,0.39418584333674883,888.6360444199643,1030.2419108524864,0
720.9299646130895,0.40047952272649534,888.7673590654447,1028.681078363829,0
720.9299646130895,0.398378808813738,888.7673590654447,1029.202055414193,0
721.3617256256904,0.39313548638037016,888.9007732183383,1030.5023993776683,0
721.3617256256904,0.3868418069906236,888.9007732183383,1032.0632318663254,0
721.3617256256904,0.38264884151363443,888.9007732183383,1033.1030873046186,0
721.7801034881629,0.38159848455725576,889.0300519778423,1033.3635758298005,0
721.7801034881629,0.3805481276008771,889.0300519778423,1033.6240643549825,0
722.2118645007637,0.39418584333674883,889.163466130736,1030.2419108524864,0
722.2118645007637,0.38894252090338094,889.163466130736,1031.5422548159615,0
722.2118645007637,0.38527037451291646,889.163466130736,1032.4529471207968,0
722.6368309909916,0.4062439206811917,889.2947807762164,1027.2515076710645,0
722.6368309909916,0.3999502412914452,889.2947807762164,1028.8123401597215,0
723.0685920035924,0.4099160670716562,889.42819492911,1026.3408153662292,0
723.0685920035924,0.4093949915503277,889.42819492911,1026.4700420955187,0
723.0685920035924,0.405193563724813,889.42819492911,1027.5119961962464,0
723.4869698660649,0.39942916577011667,889.557473688614,1028.941566889011,0
723.4869698660649,0.3973284518573593,889.557473688614,1029.4625439393749,0
723.9187308786657,0.4141259572456964,889.6908878415077,1025.2967626030672,0
723.9187308786657,0.405723101594667,889.6908878415077,1027.3806708045227,0
723.9187308786657,0.3999502412914452,889.6908878415077,1028.8123401597215,0
724.3439032635109,0.4408636449338642,889.8222661084249,1018.6658160564017,0
724.3439032635109,0.43404914645759296,889.8222661084249,1020.355811678517,0
724.3439032635109,0.4240833206773819,889.8222661084249,1022.8273364720093,0
724.7688697537388,0.44243507741157134,889.9535807539053,1018.2761008019304,0
724.7688697537388,0.4371917549782035,889.9535807539053,1019.5764447654055,0
725.1938362439669,0.427234391546518,890.0848953993857,1022.0458708964636,0
725.1938362439669,0.4141259572456964,890.0848953993857,1025.2967626030672,0
725.1938362439669,0.40205095520420253,890.0848953993857,1028.291363109358,0
725.6255972565676,0.39418584333674883,890.2183095522794,1030.2419108524864,0
725.6255972565676,0.39313548638037016,890.2183095522794,1030.5023993776683,0
726.0507696414129,0.4151678518535496,890.3496878191966,1025.0383727403198,0
726.0507696414129,0.405723101594667,890.3496878191966,1027.3806708045227,0
726.0507696414129,0.39784952737868784,890.3496878191966,1029.3333172100854,0
726.4757361316409,0.42041963663544296,890.481002464677,1023.7359301144102,0
726.4757361316409,0.41989009876558897,890.481002464677,1023.867255506134,0
726.9009085164863,0.41569713328859975,890.6123807315942,1024.9071109444274,0
726.9009085164863,0.4104453485067064,890.6123807315942,1026.2095535703368,0
726.9009085164863,0.4067734585510457,890.6123807315942,1027.1201822793407,0
727.3258750067142,0.40414320676843435,890.7436953770747,1027.7724847214283,0
727.3258750067142,0.4031013121605812,890.7436953770747,1028.030874584176,0
727.757636019315,0.4088657101152775,890.8771095299683,1026.6013038914111,0
727.757636019315,0.405723101594667,890.8771095299683,1027.3806708045227,0
727.757636019315,0.40362238768190967,890.8771095299683,1027.9016478548865,0
728.1893970319157,0.4151678518535496,891.010523682862,1025.0383727403198,0
728.1893970319157,0.4125376000709382,891.010523682862,1025.6906751824074,0
728.6077748943882,0.41569713328859975,891.139802442366,1024.9071109444274,0
728.6077748943882,0.41360488172436793,891.139802442366,1025.4259893323567,0
728.6077748943882,0.41200831863588805,891.139802442366,1025.8219369782998,0
729.039535906989,0.41360488172436793,891.2732165952596,1025.4259893323567,0
729.039535906989,0.41200831863588805,891.2732165952596,1025.8219369782998,0
729.4579137694615,0.41569713328859975,891.4024953547636,1024.9071109444274,0
729.4579137694615,0.4151678518535496,891.4024953547636,1025.0383727403198,0
729.4579137694615,0.4125376000709382,891.4024953547636,1025.6906751824074,0
729.8896747820622,0.4067734585510457,891.5359095076573,1027.1201822793407,0
729.8896747820622,0.3967991704223091,891.5359095076573,1029.5938057352673,0
730.3146412722903,0.38632073146929513,891.6672241531377,1032.1924585956149,0
730.3146412722903,0.37793480051531675,891.6672241531377,1034.2721694722015,0
730.3146412722903,0.3732122971684736,891.6672241531377,1035.4433503022185,0
730.746402284891,0.38159848455725576,891.8006383060313,1033.3635758298005,0
730.746402284891,0.37478372964618073,891.8006383060313,1035.0536350477473,0
731.1647801473636,0.41621820880992827,891.9299170655353,1024.7778842151379,0
731.1647801473636,0.40414320676843435,891.9299170655353,1027.7724847214283,0
731.1647801473636,0.3915643103374668,891.9299170655353,1030.8920510363082,0
731.5965411599643,0.4277552106330426,892.063331218429,1021.9167077630054,0
731.5965411599643,0.4240833206773819,892.063331218429,1022.8273364720093,0
732.0215076501922,0.4251336776337606,892.1946458639094,1022.5668479468275,0
732.0215076501922,0.4188397418092103,892.1946458639094,1024.1277440313158,0
732.0215076501922,0.41148724311455953,892.1946458639094,1025.9511637075893,0
732.4466800350375,0.405193563724813,892.3260241308266,1027.5119961962464,0
732.4466800350375,0.401529879682874,892.3260241308266,1028.4205898386474,0
732.8716465252655,0.4093949915503277,892.457338776307,1026.4700420955187,0
732.8716465252655,0.4031013121605812,892.457338776307,1028.030874584176,0
732.8716465252655,0.40047952272649534,892.457338776307,1028.681078363829,0
733.3034075378663,0.41989009876558897,892.5907529292007,1023.867255506134,0
733.3034075378663,0.41621820880992827,892.5907529292007,1024.7778842151379,0
733.7353744450844,0.42041963663544296,892.724230703531,1023.7359301144102,0
733.7353744450844,0.4183189227226856,892.724230703531,1024.256907164774,0
733.7353744450844,0.4151678518535496,892.724230703531,1025.0383727403198,0
734.1603409353123,0.4130756002893177,892.8555453490114,1025.5572511282492,0
734.1603409353123,0.4125376000709382,892.8555453490114,1025.6906751824074,0
734.5921019479131,0.41360488172436793,892.9889595019051,1025.4259893323567,0
734.5921019479131,0.4130756002893177,892.9889595019051,1025.5572511282492,0
735.0170684381411,0.4188397418092103,893.1202741473855,1024.1277440313158,0
735.0170684381411,0.4183189227226856,893.1202741473855,1024.256907164774,0
735.0170684381411,0.41621820880992827,893.1202741473855,1024.7778842151379,0
735.4422408229865,0.41148724311455953,893.2516524143027,1025.9511637075893,0
735.4422408229865,0.401529879682874,893.2516524143027,1028.4205898386474,0
735.8672073132144,0.38998441551123414,893.3829670597833,1031.283864953214,0
735.8672073132144,0.38002705207954857,893.3829670597833,1033.753291084272,0
736.2923796980597,0.3732122971684736,893.5143453267004,1035.4433503022185,0
736.2923796980597,0.37164112112557024,893.5143453267004,1035.8330019608586,0
736.2923796980597,0.37006968864786305,893.5143453267004,1036.22271721533,0
736.7241407106605,0.39942916577011667,893.647759479594,1028.941566889011,0
736.7241407106605,0.3868418069906236,893.647759479594,1032.0632318663254,0
736.7241407106605,0.3768844435589381,893.647759479594,1034.5326579973835,0
737.1491072008885,0.4219908126783463,893.7790741250745,1023.3462784557702,0
737.1491072008885,0.4125376000709382,893.7790741250745,1025.6906751824074,0
737.5742795857337,0.42828474850289666,893.9104523919917,1021.7853823712817,0
737.5742795857337,0.4277552106330426,893.9104523919917,1021.9167077630054,0
737.5742795857337,0.42670485367666394,893.9104523919917,1022.1771962881874,0
738.0060405983345,0.4251336776337606,894.0438665448853,1022.5668479468275,0
738.0060405983345,0.42146999359182163,894.0438665448853,1023.4754415892282,0
738.4242125661896,0.4177978472013571,894.1730816829526,1024.3861338940635,0
738.4242125661896,0.4146467763322211,894.1730816829526,1025.1675994696093,0
738.4242125661896,0.41096642402803485,894.1730816829526,1026.0803268410475,0
738.8559735787904,0.40834463459394904,894.3064958358462,1026.7305306207006,0
738.8559735787904,0.4067734585510457,894.3064958358462,1027.1201822793407,0
739.2811459636358,0.40467274463828834,894.4378741027634,1027.6411593297046,0
739.2811459636358,0.40414320676843435,894.4378741027634,1027.7724847214283,0
739.2811459636358,0.40362238768190967,894.4378741027634,1027.9016478548865,0
739.7129069762366,0.40729427763757037,894.571288255657,1026.9910191458825,0
739.7129069762366,0.405723101594667,894.571288255657,1027.3806708045227,0
740.131284838709,0.4151678518535496,894.700567015161,1025.0383727403198,0
740.131284838709,0.41148724311455953,894.700567015161,1025.9511637075893,0
740.131284838709,0.4093949915503277,894.700567015161,1026.4700420955187,0
740.5630458513099,0.42565449672028527,894.8339811680547,1022.4376848133693,0
740.5630458513099,0.42041963663544296,894.8339811680547,1023.7359301144102,0
740.981217819165,0.43876293102110686,894.963196306122,1019.1867931067655,0
740.981217819165,0.4356203225004963,894.963196306122,1019.966160019877,0
740.981217819165,0.43142735702350715,894.963196306122,1021.0060154581703,0
741.4131847263831,0.440334363498814,895.0966740804523,1018.7970778522941,0
741.4131847263831,0.43929246889096085,895.0966740804523,1019.0554677150418,0
741.838151216611,0.4356203225004963,895.2279887259327,1019.966160019877,0
741.838151216611,0.43089807558845694,895.2279887259327,1021.1372772540627,0
741.838151216611,0.4261840345901393,895.2279887259327,1022.3063594216455,0
742.2699122292117,0.4219908126783463,895.3614028788264,1023.3462784557702,0
742.2699122292117,0.4183189227226856,895.3614028788264,1024.256907164774,0
742.6948787194398,0.4141259572456964,895.4927175243068,1025.2967626030672,0
742.6948787194398,0.41148724311455953,895.4927175243068,1025.9511637075893,0
742.6948787194398,0.41096642402803485,895.4927175243068,1026.0803268410475,0
743.120051104285,0.4177978472013571,895.624095791224,1024.3861338940635,0
743.120051104285,0.41360488172436793,895.624095791224,1025.4259893323567,0
743.5450175945131,0.4246126021124321,895.7554104367044,1022.6960746761168,0
743.5450175945131,0.42146999359182163,895.7554104367044,1023.4754415892282,0
743.9701899793583,0.42303296372100324,895.8867887036217,1023.0878249971912,0
743.9701899793583,0.41989009876558897,895.8867887036217,1023.867255506134,0
744.4019509919592,0.41569713328859975,896.0202028565153,1024.9071109444274,0
744.4019509919592,0.4125376000709382,896.0202028565153,1025.6906751824074,0
744.4019509919592,0.4104453485067064,896.0202028565153,1026.2095535703368,0
744.8201229598143,0.4104453485067064,896.1494179945826,1026.2095535703368,0
744.8201229598143,0.4099160670716562,896.1494179945826,1026.3408153662292,0
745.2520898670324,0.41726856576630694,896.282895768913,1024.517395689956,0
745.2520898670324,0.41360488172436793,896.282895768913,1025.4259893323567,0
745.2520898670324,0.41148724311455953,896.282895768913,1025.9511637075893,0
745.6702618348875,0.41989009876558897,896.4121109069802,1023.867255506134,0
746.1020228474882,0.4183189227226856,896.5455250598739,1024.256907164774,0
746.1020228474882,0.4151678518535496,896.5455250598739,1025.0383727403198,0
746.5337838600891,0.42041963663544296,896.6789392127675,1023.7359301144102,0
746.5337838600891,0.4167474902449784,896.6789392127675,1024.6466224192454,0
746.9589562449344,0.4293266431107498,896.8103174796847,1021.5269925085341,0
746.9589562449344,0.4277552106330426,896.8103174796847,1021.9167077630054,0
746.9589562449344,0.4246126021124321,896.8103174796847,1022.6960746761168,0
747.3839227351624,0.42670485367666394,896.9416321251651,1022.1771962881874,0
747.3839227351624,0.4240833206773819,896.9416321251651,1022.8273364720093,0
747.8090951200077,0.427234391546518,897.0730103920823,1022.0458708964636,0
747.8090951200077,0.4251336776337606,897.0730103920823,1022.5668479468275,0
747.8090951200077,0.42303296372100324,897.0730103920823,1023.0878249971912,0
748.2340616102357,0.42880556758942134,897.2043250375627,1021.6562192378236,0
748.2340616102357,0.42828474850289666,897.2043250375627,1021.7853823712817,0
748.6590281004636,0.4251336776337606,897.3356396830432,1022.5668479468275,0
748.6590281004636,0.4225118881996748,897.3356396830432,1023.2170517264807,0
748.6590281004636,0.4183189227226856,897.3356396830432,1024.256907164774,0
749.0909950076817,0.4130756002893177,897.4691174573736,1025.5572511282492,0
749.0909950076817,0.4062439206811917,897.4691174573736,1027.2515076710645,0
749.5159614979096,0.40047952272649534,897.600432102854,1028.681078363829,0
749.5159614979096,0.3988998843350665,897.600432102854,1029.0728286849035,0
749.5159614979096,0.3973284518573593,897.600432102854,1029.4625439393749,0
749.9409279881376,0.41200831863588805,897.7317467483344,1025.8219369782998,0
749.9409279881376,0.40414320676843435,897.7317467483344,1027.7724847214283,0
750.3726890007384,0.42670485367666394,897.8651609012281,1022.1771962881874,0
750.3726890007384,0.4246126021124321,897.8651609012281,1022.6960746761168,0
750.3726890007384,0.41989009876558897,897.8651609012281,1023.867255506134,0
750.7910668632109,0.4261840345901393,897.9944396607322,1022.3063594216455,0
750.7910668632109,0.42356224515605345,897.9944396607322,1022.9565632012988,0
751.2228278758116,0.42146999359182163,898.1278538136257,1023.4754415892282,0
751.2228278758116,0.4183189227226856,898.1278538136257,1024.256907164774,0
751.2228278758116,0.4151678518535496,898.1278538136257,1025.0383727403198,0
751.648000260657,0.41200831863588805,898.259232080543,1025.8219369782998,0
751.648000260657,0.4093949915503277,898.259232080543,1026.4700420955187,0
751.648000260657,0.40729427763757037,898.259232080543,1026.9910191458825,0
752.0797612732579,0.405723101594667,898.3926462334366,1027.3806708045227,0
752.497933241113,0.405193563724813,898.5218613715039,1027.5119961962464,0
752.497933241113,0.40414320676843435,898.5218613715039,1027.7724847214283,0
752.9299001483311,0.40467274463828834,898.6553391458342,1027.6411593297046,0
752.9299001483311,0.40362238768190967,898.6553391458342,1027.9016478548865,0
753.3480721161861,0.4177978472013571,898.7845542839015,1024.3861338940635,0
753.3480721161861,0.4125376000709382,898.7845542839015,1025.6906751824074,0
753.3480721161861,0.40781535315889883,898.7845542839015,1026.861792416593,0
753.7798331287869,0.42565449672028527,898.9179684367951,1022.4376848133693,0
753.7798331287869,0.4225118881996748,898.9179684367951,1023.2170517264807,0
754.2050055136323,0.4277552106330426,899.0493467037123,1021.9167077630054,0
754.2050055136323,0.427234391546518,899.0493467037123,1022.0458708964636,0
754.636766526233,0.427234391546518,899.182760856606,1022.0458708964636,0
754.636766526233,0.42565449672028527,899.182760856606,1022.4376848133693,0
754.636766526233,0.4219908126783463,899.182760856606,1023.3462784557702,0
755.061733016461,0.41726856576630694,899.3140755020864,1024.517395689956,0
755.061733016461,0.41096642402803485,899.3140755020864,1026.0803268410475,0
755.4869054013063,0.40729427763757037,899.4454537690036,1026.9910191458825,0
755.4869054013063,0.4031013121605812,899.4454537690036,1028.030874584176,0
755.4869054013063,0.401529879682874,899.4454537690036,1028.4205898386474,0
755.9118718915342,0.40205095520420253,899.576768414484,1028.291363109358,0
755.9118718915342,0.40100059824782386,899.576768414484,1028.5518516345398,0
756.3436329041351,0.41569713328859975,899.7101825673777,1024.9071109444274,0
756.3436329041351,0.4099160670716562,899.7101825673777,1026.3408153662292,0
756.3436329041351,0.405193563724813,899.7101825673777,1027.5119961962464,0
756.7688052889804,0.4225118881996748,899.8415608342949,1023.2170517264807,0
756.7688052889804,0.42041963663544296,899.8415608342949,1023.7359301144102,0
757.1869772568355,0.42094045572196764,899.9707759723622,1023.6067669809521,0
757.1869772568355,0.4183189227226856,899.9707759723622,1024.256907164774,0
757.1869772568355,0.4146467763322211,899.9707759723622,1025.1675994696093,0
757.6187382694362,0.4104453485067064,900.1041901252557,1026.2095535703368,0
757.6187382694362,0.40729427763757037,900.1041901252557,1026.9910191458825,0
758.0371161319088,0.405193563724813,900.2334688847598,1027.5119961962464,0
758.0371161319088,0.40467274463828834,900.2334688847598,1027.6411593297046,0
758.0371161319088,0.40362238768190967,900.2334688847598,1027.9016478548865,0
758.4688771445095,0.4104453485067064,900.3668830376535,1026.2095535703368,0
758.4688771445095,0.4088657101152775,900.3668830376535,1026.6013038914111,0
758.4688771445095,0.40729427763757037,900.3668830376535,1026.9910191458825,0
758.8938436347374,0.41148724311455953,900.4981976831339,1025.9511637075893,0
758.8938436347374,0.41096642402803485,900.4981976831339,1026.0803268410475,0
759.3258105419555,0.42303296372100324,900.6316754574642,1023.0878249971912,0
759.3258105419555,0.41726856576630694,900.6316754574642,1024.517395689956,0
759.3258105419555,0.41360488172436793,900.6316754574642,1025.4259893323567,0
759.7507770321836,0.42565449672028527,900.7629901029447,1022.4376848133693,0
759.7507770321836,0.4251336776337606,900.7629901029447,1022.5668479468275,0
760.1757435224116,0.42356224515605345,900.8943047484252,1022.9565632012988,0
760.1757435224116,0.4219908126783463,900.8943047484252,1023.3462784557702,0
760.1757435224116,0.42146999359182163,900.8943047484252,1023.4754415892282,0
760.6009159072569,0.41989009876558897,901.0256830153423,1023.867255506134,0
760.6009159072569,0.4183189227226856,901.0256830153423,1024.256907164774,0
761.0258823974848,0.42146999359182163,901.1569976608228,1023.4754415892282,0
761.0258823974848,0.4188397418092103,901.1569976608228,1024.1277440313158,0
761.0258823974848,0.4177978472013571,901.1569976608228,1024.3861338940635,0
761.4576434100856,0.42670485367666394,901.2904118137164,1022.1771962881874,0
761.4576434100856,0.4246126021124321,901.2904118137164,1022.6960746761168,0
761.8828157949309,0.4319484325448356,901.4217900806336,1020.8767887288808,0
761.8828157949309,0.4303770000671285,901.4217900806336,1021.2665039833522,0
761.8828157949309,0.42828474850289666,901.4217900806336,1021.7853823712817,0
762.3077822851589,0.4324777139798858,901.553104726114,1020.7455269329884,0
762.7395432977596,0.43089807558845694,901.6865188790077,1021.1372772540627,0
762.7395432977596,0.4303770000671285,901.6865188790077,1021.2665039833522,0
763.157921160232,0.42670485367666394,901.8157976385116,1022.1771962881874,0
763.157921160232,0.41989009876558897,901.8157976385116,1023.867255506134,0
763.5896821728328,0.4141259572456964,901.9492117914053,1025.2967626030672,0
763.5896821728328,0.4125376000709382,901.9492117914053,1025.6906751824074,0
763.5896821728328,0.41200831863588805,901.9492117914053,1025.8219369782998,0
764.0146486630609,0.41569713328859975,902.0805264368857,1024.9071109444274,0
764.0146486630609,0.4151678518535496,902.0805264368857,1025.0383727403198,0
764.4464096756617,0.41726856576630694,902.2139405897794,1024.517395689956,0
764.4464096756617,0.41621820880992827,902.2139405897794,1024.7778842151379,0
764.8647875381341,0.4219908126783463,902.3432193492835,1023.3462784557702,0
764.8647875381341,0.42041963663544296,902.3432193492835,1023.7359301144102,0
765.2965485507349,0.4251336776337606,902.476633502177,1022.5668479468275,0
765.2965485507349,0.4225118881996748,902.476633502177,1023.2170517264807,0
765.2965485507349,0.4219908126783463,902.476633502177,1023.3462784557702,0
765.7149264132074,0.4277552106330426,902.605912261681,1021.9167077630054,0
765.7149264132074,0.427234391546518,902.605912261681,1022.0458708964636,0
766.1466874258082,0.42565449672028527,902.7393264145746,1022.4376848133693,0
766.1466874258082,0.4219908126783463,902.7393264145746,1023.3462784557702,0
766.1466874258082,0.41726856576630694,902.7393264145746,1024.517395689956,0
766.5716539160361,0.41200831863588805,902.8706410600552,1025.8219369782998,0
766.5716539160361,0.40729427763757037,902.8706410600552,1026.9910191458825,0
767.0036208232542,0.405723101594667,903.0041188343855,1027.3806708045227,0
767.0036208232542,0.405193563724813,903.0041188343855,1027.5119961962464,0
767.0036208232542,0.4031013121605812,903.0041188343855,1028.030874584176,0
767.4285873134821,0.41726856576630694,903.1354334798659,1024.517395689956,0
767.4285873134821,0.4104453485067064,903.1354334798659,1026.2095535703368,0
767.8535538037103,0.4240833206773819,903.2667481253465,1022.8273364720093,0
767.8535538037103,0.42356224515605345,903.2667481253465,1022.9565632012988,0
767.8535538037103,0.42094045572196764,903.2667481253465,1023.6067669809521,0
768.2787261885555,0.427234391546518,903.3981263922636,1022.0458708964636,0
768.2787261885555,0.42565449672028527,903.3981263922636,1022.4376848133693,0
768.7104872011563,0.43142735702350715,903.5315405451572,1021.0060154581703,0
768.7104872011563,0.4293266431107498,903.5315405451572,1021.5269925085341,0
769.1354536913842,0.4298559245458,903.6628551906377,1021.3957307126417,0
769.1354536913842,0.4246126021124321,903.6628551906377,1022.6960746761168,0
769.5538315538568,0.4193692796790643,903.7921339501416,1023.9964186395921,0
769.5538315538568,0.41360488172436793,903.7921339501416,1025.4259893323567,0
769.5538315538568,0.4093949915503277,903.7921339501416,1026.4700420955187,0
769.9855925664575,0.40729427763757037,903.9255481030353,1026.9910191458825,0
769.9855925664575,0.4062439206811917,903.9255481030353,1027.2515076710645,0
770.4039704289299,0.4219908126783463,904.0548268625394,1023.3462784557702,0
770.4039704289299,0.41621820880992827,904.0548268625394,1024.7778842151379,0
770.4039704289299,0.4104453485067064,904.0548268625394,1026.2095535703368,0
770.8357314415307,0.4251336776337606,904.1882410154329,1022.5668479468275,0
770.8357314415307,0.4246126021124321,904.1882410154329,1022.6960746761168,0
771.2606979317586,0.4240833206773819,904.3195556609134,1022.8273364720093,0
771.2606979317586,0.4225118881996748,904.3195556609134,1023.2170517264807,0
771.6924589443595,0.42880556758942134,904.452969813807,1021.6562192378236,0
771.6924589443595,0.427234391546518,904.452969813807,1022.0458708964636,0
771.6924589443595,0.42670485367666394,904.452969813807,1022.1771962881874,0
772.1176313292049,0.4240833206773819,904.5843480807242,1022.8273364720093,0
772.1176313292049,0.4225118881996748,904.5843480807242,1023.2170517264807,0
772.5425978194328,0.42041963663544296,904.7156627262046,1023.7359301144102,0
772.5425978194328,0.4146467763322211,904.7156627262046,1025.1675994696093,0
772.5425978194328,0.4062439206811917,904.7156627262046,1027.2515076710645,0
772.9675643096607,0.39942916577011667,904.8469773716852,1028.941566889011,0
772.9675643096607,0.39784952737868784,904.8469773716852,1029.3333172100854,0
773.3927366945061,0.4151678518535496,904.9783556386024,1025.0383727403198,0
773.3927366945061,0.4093949915503277,904.9783556386024,1026.4700420955187,0
773.3927366945061,0.40100059824782386,904.9783556386024,1028.5518516345398,0
773.8244977071068,0.41621820880992827,905.1117697914959,1024.7778842151379,0
773.8244977071068,0.4130756002893177,905.1117697914959,1025.5572511282492,0
774.2494641973348,0.41096642402803485,905.2430844369765,1026.0803268410475,0
774.2494641973348,0.4104453485067064,905.2430844369765,1026.2095535703368,0
774.67463658218,0.4125376000709382,905.3744627038936,1025.6906751824074,0
774.67463658218,0.41200831863588805,905.3744627038936,1025.8219369782998,0
775.1063975947808,0.42146999359182163,905.5078768567872,1023.4754415892282,0
775.1063975947808,0.41726856576630694,905.5078768567872,1024.517395689956,0
775.1063975947808,0.4141259572456964,905.5078768567872,1025.2967626030672,0
775.5247754572534,0.4240833206773819,905.6371556162912,1022.8273364720093,0
775.5247754572534,0.42146999359182163,905.6371556162912,1023.4754415892282,0
775.9565364698542,0.4167474902449784,905.7705697691849,1024.6466224192454,0
775.9565364698542,0.41360488172436793,905.7705697691849,1025.4259893323567,0
775.9565364698542,0.41200831863588805,905.7705697691849,1025.8219369782998,0
776.3815029600821,0.4146467763322211,905.9018844146653,1025.1675994696093,0
776.3815029600821,0.4130756002893177,905.9018844146653,1025.5572511282492,0
776.8132639726829,0.42041963663544296,906.0352985675589,1023.7359301144102,0
776.8132639726829,0.41726856576630694,906.0352985675589,1024.517395689956,0
776.8132639726829,0.41569713328859975,906.0352985675589,1024.9071109444274,0
777.2316418351554,0.4319484325448356,906.164577327063,1020.8767887288808,0
777.2316418351554,0.4261840345901393,906.164577327063,1022.3063594216455,0
777.6634028477562,0.4408636449338642,906.2979914799566,1018.6658160564017,0
777.6634028477562,0.43929246889096085,906.2979914799566,1019.0554677150418,0
777.6634028477562,0.436670679456875,906.2979914799566,1019.705671494695,0
778.0817807102286,0.44138472045519267,906.4272702394607,1018.5365893271122,0
778.0817807102286,0.440334363498814,906.4272702394607,1018.7970778522941,0
778.5203362452022,0.4371917549782035,906.5627838997675,1019.5764447654055,0
778.5203362452022,0.4324777139798858,906.5627838997675,1020.7455269329884,0
778.5203362452022,0.4261840345901393,906.5627838997675,1022.3063594216455,0
778.9385082130573,0.42094045572196764,906.6919990378346,1023.6067669809521,0
778.9385082130573,0.4193692796790643,906.6919990378346,1023.9964186395921,0
779.3702692256581,0.42146999359182163,906.8254131907283,1023.4754415892282,0
779.3702692256581,0.42094045572196764,906.8254131907283,1023.6067669809521,0
779.3702692256581,0.41989009876558897,906.8254131907283,1023.867255506134,0
779.7954416105034,0.42041963663544296,906.9567914576455,1023.7359301144102,0
779.7954416105034,0.41989009876558897,906.9567914576455,1023.867255506134,0
780.2204081007314,0.4177978472013571,907.0881061031259,1024.3861338940635,0
780.2204081007314,0.41569713328859975,907.0881061031259,1024.9071109444274,0
780.2204081007314,0.41200831863588805,907.0881061031259,1025.8219369782998,0
780.6453745909594,0.40834463459394904,907.2194207486064,1026.7305306207006,0
780.6453745909594,0.405723101594667,907.2194207486064,1027.3806708045227,0
781.0773414981776,0.41621820880992827,907.3528985229368,1024.7778842151379,0
781.0773414981776,0.41148724311455953,907.3528985229368,1025.9511637075893,0
781.0773414981776,0.40781535315889883,907.3528985229368,1026.861792416593,0
781.5023079884055,0.41989009876558897,907.4842131684172,1023.867255506134,0
781.5023079884055,0.4188397418092103,907.4842131684172,1024.1277440313158,0
781.9272744786334,0.42094045572196764,907.6155278138976,1023.6067669809521,0
781.9272744786334,0.42041963663544296,907.6155278138976,1023.7359301144102,0
781.9272744786334,0.41989009876558897,907.6155278138976,1023.867255506134,0
782.3524468634787,0.42041963663544296,907.7469060808149,1023.7359301144102,0
782.3524468634787,0.4151678518535496,907.7469060808149,1025.0383727403198,0
782.7706188313338,0.4088657101152775,907.8761212188821,1026.6013038914111,0
782.7706188313338,0.4025802366392527,907.8761212188821,1028.1601013134655,0
782.7706188313338,0.3988998843350665,907.8761212188821,1029.0728286849035,0
783.202585738552,0.3988998843350665,908.0095989932125,1029.0728286849035,0
783.202585738552,0.3973284518573593,908.0095989932125,1029.4625439393749,0
783.62755222878,0.4104453485067064,908.140913638693,1026.2095535703368,0
783.62755222878,0.405193563724813,908.140913638693,1027.5119961962464,0
783.62755222878,0.40205095520420253,908.140913638693,1028.291363109358,0
784.0593132413808,0.4167474902449784,908.2743277915866,1024.6466224192454,0
784.0593132413808,0.4146467763322211,908.2743277915866,1025.1675994696093,0
784.4842797316087,0.4146467763322211,908.4056424370671,1025.1675994696093,0
784.4842797316087,0.40834463459394904,908.4056424370671,1026.7305306207006,0
784.4842797316087,0.40414320676843435,908.4056424370671,1027.7724847214283,0
784.9094521164541,0.40834463459394904,908.5370207039842,1026.7305306207006,0
784.9094521164541,0.40362238768190967,908.5370207039842,1027.9016478548865,0
785.334418606682,0.4225118881996748,908.6683353494647,1023.2170517264807,0
785.334418606682,0.4193692796790643,908.6683353494647,1023.9964186395921,0
785.334418606682,0.4141259572456964,908.6683353494647,1025.2967626030672,0
785.7661796192828,0.4261840345901393,908.8017495023583,1022.3063594216455,0
785.7661796192828,0.42565449672028527,908.8017495023583,1022.4376848133693,0
786.191352004128,0.4261840345901393,908.9331277692755,1022.3063594216455,0
786.191352004128,0.4240833206773819,908.9331277692755,1022.8273364720093,0
786.191352004128,0.4193692796790643,908.9331277692755,1023.9964186395921,0
786.6163184943559,0.4146467763322211,909.064442414756,1025.1675994696093,0
786.6163184943559,0.41096642402803485,909.064442414756,1026.0803268410475,0
787.0414908792013,0.41096642402803485,909.1958206816731,1026.0803268410475,0
787.0414908792013,0.4104453485067064,909.1958206816731,1026.2095535703368,0
787.0414908792013,0.4099160670716562,909.1958206816731,1026.3408153662292,0
787.4664573694292,0.41096642402803485,909.3271353271537,1026.0803268410475,0
787.4664573694292,0.40781535315889883,909.3271353271537,1026.861792416593,0
787.8914238596573,0.4031013121605812,909.4584499726341,1028.030874584176,0
787.8914238596573,0.398378808813738,909.4584499726341,1029.202055414193,0
787.8914238596573,0.3967991704223091,909.4584499726341,1029.5938057352673,0
788.323184872258,0.39942916577011667,909.5918641255276,1028.941566889011,0
788.323184872258,0.3973284518573593,909.5918641255276,1029.4625439393749,0
788.7483572571033,0.405723101594667,909.7232423924448,1027.3806708045227,0
788.7483572571033,0.40362238768190967,909.7232423924448,1027.9016478548865,0
788.7483572571033,0.401529879682874,909.7232423924448,1028.4205898386474,0
789.1801182697042,0.42041963663544296,909.8566565453385,1023.7359301144102,0
789.1801182697042,0.41569713328859975,909.8566565453385,1024.9071109444274,0
789.1801182697042,0.4099160670716562,909.8566565453385,1026.3408153662292,0
789.5984961321766,0.4240833206773819,909.9859353048425,1022.8273364720093,0
789.5984961321766,0.42356224515605345,909.9859353048425,1022.9565632012988,0
790.0302571447774,0.4219908126783463,910.1193494577361,1023.3462784557702,0
790.0302571447774,0.4177978472013571,910.1193494577361,1024.3861338940635,0
790.0302571447774,0.41360488172436793,910.1193494577361,1025.4259893323567,0
790.4484291126324,0.41096642402803485,910.2485645958034,1026.0803268410475,0
790.4484291126324,0.4099160670716562,910.2485645958034,1026.3408153662292,0
790.8869846476061,0.41148724311455953,910.3840782561102,1025.9511637075893,0
790.8869846476061,0.4104453485067064,910.3840782561102,1026.2095535703368,0
791.3053625100786,0.41148724311455953,910.5133570156142,1025.9511637075893,0
791.3053625100786,0.4104453485067064,910.5133570156142,1026.2095535703368,0
791.7371235226793,0.4099160670716562,910.6467711685079,1026.3408153662292,0
791.7371235226793,0.4093949915503277,910.6467711685079,1026.4700420955187,0
792.1620900129072,0.4093949915503277,910.7780858139884,1026.4700420955187,0
792.1620900129072,0.40834463459394904,910.7780858139884,1026.7305306207006,0
792.5872623977526,0.40729427763757037,910.9094640809055,1026.9910191458825,0
792.5872623977526,0.4062439206811917,910.9094640809055,1027.2515076710645,0
792.5872623977526,0.405193563724813,910.9094640809055,1027.5119961962464,0
793.0122288879807,0.41148724311455953,911.040778726386,1025.9511637075893,0
793.0122288879807,0.4104453485067064,911.040778726386,1026.2095535703368,0
793.4439899005814,0.4125376000709382,911.1741928792796,1025.6906751824074,0
793.8691622854267,0.4125376000709382,911.3055711461968,1025.6906751824074,0
793.8691622854267,0.41148724311455953,911.3055711461968,1025.9511637075893,0
794.2941287756546,0.4088657101152775,911.4368857916772,1026.6013038914111,0
794.2941287756546,0.405193563724813,911.4368857916772,1027.5119961962464,0
794.2941287756546,0.40205095520420253,911.4368857916772,1028.291363109358,0
794.7190952658826,0.3999502412914452,911.5682004371577,1028.8123401597215,0
794.7190952658826,0.398378808813738,911.5682004371577,1029.202055414193,0
795.137473128355,0.40414320676843435,911.6974791966617,1027.7724847214283,0
795.137473128355,0.39942916577011667,911.6974791966617,1028.941566889011,0
795.137473128355,0.39784952737868784,911.6974791966617,1029.3333172100854,0
795.5692341409558,0.41989009876558897,911.8308933495554,1023.867255506134,0
795.5692341409558,0.41148724311455953,911.8308933495554,1025.9511637075893,0
795.9944065258012,0.43351960858773897,911.9622716164725,1020.4871370702408,0
795.9944065258012,0.4303770000671285,911.9622716164725,1021.2665039833522,0
795.9944065258012,0.4261840345901393,911.9622716164725,1022.3063594216455,0
796.426167538402,0.43614139802182483,912.0956857693661,1019.8369332905875,0
796.426167538402,0.4356203225004963,912.0956857693661,1019.966160019877,0
796.85113402863,0.43351960858773897,912.2270004148467,1020.4871370702408,0
796.85113402863,0.4293266431107498,912.2270004148467,1021.5269925085341,0
796.85113402863,0.42356224515605345,912.2270004148467,1022.9565632012988,0
797.2763064134753,0.4177978472013571,912.3583786817638,1024.3861338940635,0
797.2763064134753,0.4125376000709382,912.3583786817638,1025.6906751824074,0
797.7012729037032,0.41148724311455953,912.4896933272443,1025.9511637075893,0
797.7012729037032,0.4104453485067064,912.4896933272443,1026.2095535703368,0
797.7012729037032,0.4099160670716562,912.4896933272443,1026.3408153662292,0
798.1330339163039,0.41360488172436793,912.6231074801378,1025.4259893323567,0
798.1330339163039,0.4130756002893177,912.6231074801378,1025.5572511282492,0
798.5582063011493,0.4141259572456964,912.7544857470551,1025.2967626030672,0
798.5582063011493,0.4125376000709382,912.7544857470551,1025.6906751824074,0
798.5582063011493,0.41096642402803485,912.7544857470551,1026.0803268410475,0
798.9831727913772,0.41360488172436793,912.8858003925355,1025.4259893323567,0
798.9831727913772,0.41200831863588805,912.8858003925355,1025.8219369782998,0
799.4081392816051,0.42094045572196764,913.017115038016,1023.6067669809521,0
799.4081392816051,0.4177978472013571,913.017115038016,1024.3861338940635,0
799.4081392816051,0.41621820880992827,913.017115038016,1024.7778842151379,0
799.8333116664504,0.42565449672028527,913.1484933049331,1022.4376848133693,0
799.8333116664504,0.4240833206773819,913.1484933049331,1022.8273364720093,0
800.2582781566784,0.42356224515605345,913.2798079504136,1022.9565632012988,0
800.2582781566784,0.4188397418092103,913.2798079504136,1024.1277440313158,0
800.2582781566784,0.41148724311455953,913.2798079504136,1025.9511637075893,0
800.6900391692793,0.40205095520420253,913.4132221033072,1028.291363109358,0
800.6900391692793,0.3947069188580773,913.4132221033072,1030.112684123197,0
801.1152115541246,0.3884132394683308,913.5446003702244,1031.673516611854,0
801.1152115541246,0.3868418069906236,913.5446003702244,1032.0632318663254,0
801.1152115541246,0.3857914500342449,913.5446003702244,1032.3237203915073,0
801.5469725667253,0.3967991704223091,913.6780145231181,1029.5938057352673,0
801.5469725667253,0.3910347724676128,913.6780145231181,1031.0233764280322,0
801.9651445345804,0.40467274463828834,913.8072296611854,1027.6411593297046,0
801.9651445345804,0.40362238768190967,913.8072296611854,1027.9016478548865,0
801.9651445345804,0.40100059824782386,913.8072296611854,1028.5518516345398,0
802.3969055471813,0.4067734585510457,913.940643814079,1027.1201822793407,0
802.3969055471813,0.405193563724813,913.940643814079,1027.5119961962464,0
802.8152834096537,0.4088657101152775,914.069922573583,1026.6013038914111,0
803.2606334670002,0.40834463459394904,914.207535741303,1026.7305306207006,0
803.2606334670002,0.4067734585510457,914.207535741303,1027.1201822793407,0
803.2606334670002,0.405193563724813,914.207535741303,1027.5119961962464,0
803.6855999572281,0.4031013121605812,914.3388503867834,1028.030874584176,0
803.6855999572281,0.3999502412914452,914.3388503867834,1028.8123401597215,0
804.1107723420733,0.39627809490098065,914.4702286537007,1029.7230324645568,0
804.1107723420733,0.3926146672938455,914.4702286537007,1030.6315625111263,0
804.5357388323014,0.398378808813738,914.6015432991811,1029.202055414193,0
804.5357388323014,0.3947069188580773,914.6015432991811,1030.112684123197,0
804.5357388323014,0.3920851294239915,914.6015432991811,1030.7628879028503,0
804.9674998449021,0.3999502412914452,914.7349574520747,1028.8123401597215,0
804.9674998449021,0.39942916577011667,914.7349574520747,1028.941566889011,0
804.9674998449021,0.3988998843350665,914.7349574520747,1029.0728286849035,0
805.3926722297475,0.398378808813738,914.866335718992,1029.202055414193,0
805.3926722297475,0.39784952737868784,914.866335718992,1029.3333172100854,0
805.8176387199754,0.39784952737868784,914.9976503644724,1029.3333172100854,0
805.8176387199754,0.3967991704223091,914.9976503644724,1029.5938057352673,0
806.2426052102035,0.3952362002931275,915.1289650099528,1029.9814223273045,0
806.6677775950487,0.39627809490098065,915.26034327687,1029.7230324645568,0
806.6677775950487,0.39575727581445597,915.26034327687,1029.852195598015,0
806.6677775950487,0.3947069188580773,915.26034327687,1030.112684123197,0
807.0995386076495,0.3947069188580773,915.3937574297637,1030.112684123197,0
807.0995386076495,0.39418584333674883,915.3937574297637,1030.2419108524864,0
807.5245050978774,0.39942916577011667,915.5250720752441,1028.941566889011,0
807.5245050978774,0.39784952737868784,915.5250720752441,1029.3333172100854,0
807.5245050978774,0.39627809490098065,915.5250720752441,1029.7230324645568,0
807.9496774827227,0.3973284518573593,915.6564503421613,1029.4625439393749,0
807.9496774827227,0.3915643103374668,915.6564503421613,1030.8920510363082,0
808.3746439729507,0.38527037451291646,915.7877649876417,1032.4529471207968,0
808.3746439729507,0.38002705207954857,915.7877649876417,1033.753291084272,0
808.3746439729507,0.3768844435589381,915.7877649876417,1034.5326579973835,0
808.7996104631786,0.38264884151363443,915.9190796331221,1033.1030873046186,0
808.7996104631786,0.3768844435589381,915.9190796331221,1034.5326579973835,0
809.224782848024,0.4146467763322211,916.0504579000394,1025.1675994696093,0
809.224782848024,0.405723101594667,916.0504579000394,1027.3806708045227,0
809.224782848024,0.3936565619016986,916.0504579000394,1030.3731726483788,0
809.6565438606248,0.42094045572196764,916.183872052933,1023.6067669809521,0
809.6565438606248,0.41989009876558897,916.183872052933,1023.867255506134,0
810.0815103508528,0.41989009876558897,916.3151866984134,1023.867255506134,0
810.0815103508528,0.41726856576630694,916.3151866984134,1024.517395689956,0
810.0815103508528,0.4125376000709382,916.3151866984134,1025.6906751824074,0
810.5132713634536,0.40729427763757037,916.4486008513071,1026.9910191458825,0
810.5132713634536,0.40205095520420253,916.4486008513071,1028.291363109358,0
810.931649225926,0.40047952272649534,916.5778796108111,1028.681078363829,0
810.931649225926,0.3999502412914452,916.5778796108111,1028.8123401597215,0
811.3634102385267,0.3988998843350665,916.7112937637047,1029.0728286849035,0
811.3634102385267,0.3973284518573593,916.7112937637047,1029.4625439393749,0
811.3634102385267,0.39575727581445597,916.7112937637047,1029.852195598015,0
811.788582623372,0.39313548638037016,916.8426720306219,1030.5023993776683,0
811.788582623372,0.3910347724676128,916.8426720306219,1031.0233764280322,0
812.2203436359729,0.3868418069906236,916.9760861835156,1032.0632318663254,0
812.2203436359729,0.38159848455725576,916.9760861835156,1033.3635758298005,0
812.2203436359729,0.37426265412485227,916.9760861835156,1035.1828617770368,0
812.638515603828,0.36586826082234836,917.1053013215828,1037.2646713160577,0
812.638515603828,0.35905350591127333,917.1053013215828,1038.9547305340043,0
813.0702766164287,0.3606249383889805,917.2387154744764,1038.5650152795329,0
813.0702766164287,0.35591089739066284,917.2387154744764,1039.7340974471156,0
813.0702766164287,0.3553898218693344,917.2387154744764,1039.863324176405,0
813.4886544789013,0.3868418069906236,917.3679942339804,1032.0632318663254,0
813.4886544789013,0.3721619402120949,917.3679942339804,1035.7038388274004,0
813.9204154915021,0.4251336776337606,917.5014083868741,1022.5668479468275,0
813.9204154915021,0.41621820880992827,917.5014083868741,1024.7778842151379,0
813.9204154915021,0.4025802366392527,917.5014083868741,1028.1601013134655,0
814.3455878763474,0.43089807558845694,917.6327866537913,1021.1372772540627,0
814.3455878763474,0.4298559245458,917.6327866537913,1021.3957307126417,0
814.7773488889482,0.4303770000671285,917.7662008066849,1021.2665039833522,0
814.7773488889482,0.42880556758942134,917.7662008066849,1021.6562192378236,0
815.2023153791761,0.42303296372100324,917.8975154521654,1023.0878249971912,0
815.2023153791761,0.41148724311455953,917.8975154521654,1025.9511637075893,0
815.2023153791761,0.398378808813738,917.8975154521654,1029.202055414193,0
815.6274877640213,0.38789216394700227,918.0288937190826,1031.8027433411435,0
815.6274877640213,0.37793480051531675,918.0288937190826,1034.2721694722015,0
815.6274877640213,0.3721619402120949,918.0288937190826,1035.7038388274004,0
816.0524542542494,0.36586826082234836,918.160208364563,1037.2646713160577,0
816.0524542542494,0.36220457678040935,918.160208364563,1038.1732649584585,0
816.4774207444773,0.37164112112557024,918.2915230100434,1035.8330019608586,0
816.4774207444773,0.3648179038659697,918.2915230100434,1037.5251598412397,0
816.4774207444773,0.3611542198240307,918.2915230100434,1038.4337534836404,0
816.909181757078,0.37740526264546276,918.4249371629371,1034.4034948639253,0
816.909181757078,0.3763549056890841,918.4249371629371,1034.6639833891072,0
817.3343541419233,0.38002705207954857,918.5563154298543,1033.753291084272,0
817.3343541419233,0.37845561960184143,918.5563154298543,1034.1430063387434,0
817.3343541419233,0.3763549056890841,918.5563154298543,1034.6639833891072,0
817.7593206321513,0.3847495554263918,918.6876300753347,1032.582110254255,0
817.7593206321513,0.3831696606001591,918.6876300753347,1032.9739241711607,0
818.1844930169967,0.3926146672938455,918.8190083422519,1030.6315625111263,0
818.1844930169967,0.38946359642470946,918.8190083422519,1031.413028086672,0
818.1844930169967,0.38632073146929513,918.8190083422519,1032.1924585956149,0
818.6094595072246,0.39313548638037016,918.9503229877324,1030.5023993776683,0
818.6094595072246,0.38998441551123414,918.9503229877324,1031.283864953214,0
819.0344259974526,0.3847495554263918,919.0816376332128,1032.582110254255,0
819.0344259974526,0.38002705207954857,919.0816376332128,1033.753291084272,0
819.0344259974526,0.3789766951231699,919.0816376332128,1034.0137796094539,0
819.4663929046707,0.38002705207954857,919.2151154075432,1033.753291084272,0
819.4663929046707,0.3795059765582201,919.2151154075432,1033.8825178135614,0
819.8913593948987,0.3831696606001591,919.3464300530236,1032.9739241711607,0
819.8913593948987,0.38159848455725576,919.3464300530236,1033.3635758298005,0
819.8913593948987,0.38107740903592724,919.3464300530236,1033.49280255909,0
820.3163258851266,0.3842200175565378,919.4777446985041,1032.7134356459787,0
820.3163258851266,0.3836991984700131,919.4777446985041,1032.842598779437,0
820.7414982699719,0.3836991984700131,919.6091229654213,1032.842598779437,0
820.7414982699719,0.3831696606001591,919.6091229654213,1032.9739241711607,0
821.1664647601999,0.3847495554263918,919.7404376109017,1032.582110254255,0
821.1664647601999,0.3836991984700131,919.7404376109017,1032.842598779437,0
821.5914312504278,0.3842200175565378,919.8717522563821,1032.7134356459787,0
821.5914312504278,0.3831696606001591,919.8717522563821,1032.9739241711607,0
821.5914312504278,0.3821277659923059,919.8717522563821,1033.232314033908,0
822.023398157646,0.3831696606001591,920.0052300307126,1032.9739241711607,0
822.023398157646,0.3821277659923059,920.0052300307126,1033.232314033908,0
822.448364647874,0.3999502412914452,920.136544676193,1028.8123401597215,0
822.448364647874,0.3915643103374668,920.136544676193,1030.8920510363082,0
822.448364647874,0.38632073146929513,920.136544676193,1032.1924585956149,0
822.8801256604747,0.4167474902449784,920.2699588290867,1024.6466224192454,0
822.8801256604747,0.40834463459394904,920.2699588290867,1026.7305306207006,0
823.2985035229472,0.4219908126783463,920.3992375885906,1023.3462784557702,0
823.2985035229472,0.42146999359182163,920.3992375885906,1023.4754415892282,0
823.2985035229472,0.41989009876558897,920.3992375885906,1023.867255506134,0
823.730264535548,0.41621820880992827,920.5326517414843,1024.7778842151379,0
823.730264535548,0.41148724311455953,920.5326517414843,1025.9511637075893,0
823.730264535548,0.4062439206811917,920.5326517414843,1027.2515076710645,0
824.155231025776,0.3999502412914452,920.6639663869647,1028.8123401597215,0
824.155231025776,0.39418584333674883,920.6639663869647,1030.2419108524864,0
824.5869920383767,0.3910347724676128,920.7973805398584,1031.0233764280322,0
824.5869920383767,0.38946359642470946,920.7973805398584,1031.413028086672,0
824.5869920383767,0.3873710884256738,920.7973805398584,1031.931970070433,0
825.0053699008491,0.38527037451291646,920.9266592993623,1032.4529471207968,0
825.0053699008491,0.3842200175565378,920.9266592993623,1032.7134356459787,0
825.4371309134499,0.3842200175565378,921.060073452256,1032.7134356459787,0
825.4371309134499,0.38264884151363443,921.060073452256,1033.1030873046186,0
825.8555087759225,0.38107740903592724,921.18935221176,1033.49280255909,0
825.8555087759225,0.3789766951231699,921.18935221176,1034.0137796094539,0
826.2872697885233,0.37740526264546276,921.3227663646536,1034.4034948639253,0
826.2872697885233,0.3758340866025594,921.3227663646536,1034.7931465225654,0
826.2872697885233,0.37373337268980206,921.3227663646536,1035.3141235729292,0
826.7122362787512,0.3726830157334234,921.4540810101341,1035.574612098111,0
826.7122362787512,0.3721619402120949,921.4540810101341,1035.7038388274004,0
827.1442031859693,0.38107740903592724,921.5875587844645,1033.49280255909,0
827.1442031859693,0.3768844435589381,921.5875587844645,1034.5326579973835,0
827.1442031859693,0.37426265412485227,921.5875587844645,1035.1828617770368,0
827.5691696761974,0.3952362002931275,921.7188734299449,1029.9814223273045,0
827.5691696761974,0.3868418069906236,921.7188734299449,1032.0632318663254,0
827.9941361664253,0.405723101594667,921.8501880754254,1027.3806708045227,0
827.9941361664253,0.40205095520420253,921.8501880754254,1028.291363109358,0
828.4193085512705,0.4031013121605812,921.9815663423426,1028.030874584176,0
828.4193085512705,0.3973284518573593,921.9815663423426,1029.4625439393749,0
828.8510695638713,0.38894252090338094,922.1149804952362,1031.5422548159615,0
828.8510695638713,0.38107740903592724,922.1149804952362,1033.49280255909,0
828.8510695638713,0.3726830157334234,922.1149804952362,1035.574612098111,0
829.2760360540992,0.36586826082234836,922.2462951407166,1037.2646713160577,0
829.2760360540992,0.363254933736788,922.2462951407166,1037.9127764332766,0
829.7012084389447,0.37478372964618073,922.3776734076339,1035.0536350477473,0
829.7012084389447,0.37006968864786305,922.3776734076339,1036.22271721533,0
829.7012084389447,0.3653471853010199,922.3776734076339,1037.3938980453472,0
830.1261749291726,0.38264884151363443,922.5089880531143,1033.1030873046186,0
830.1261749291726,0.3789766951231699,922.5089880531143,1034.0137796094539,0
830.5478471055228,0.38369817273079787,922.6392847556065,1032.8428531627621,0
830.5478471055228,0.3795052072538087,922.6392847556065,1033.8827086010556,0
830.5511414194006,0.3847495554263918,922.6403026985947,1032.582110254255,0
830.5511414194006,0.3836991984700131,922.6403026985947,1032.842598779437,0
830.9728135957507,0.375303779428294,922.770599401087,1034.924662701783,0
830.9728135957507,0.36953938147359766,922.770599401087,1036.354233394548,0
830.9728135957507,0.3642960590402298,922.770599401087,1037.654577358023,0
831.4047805029688,0.35853166108553347,922.9040771754173,1039.0841480507877,0
831.4047805029688,0.3532883386521656,922.9040771754173,1040.384492014263,0
831.8297469931969,0.3490699861295999,923.0353918208978,1041.4306434398593,0
831.8297469931969,0.34487702065261067,923.0353918208978,1042.4704988781525,0
831.8297469931969,0.3417344121320002,923.0353918208978,1043.249865791264,0
832.2615080057976,0.3380622657415357,923.1688059737915,1044.1605580960993,0
832.2615080057976,0.33124751083046067,923.1688059737915,1045.8506173140458,0
832.6798858682702,0.3223320420066283,923.2980847332955,1048.0616535823563,0
832.6798858682702,0.31656764405193194,923.2980847332955,1049.4912242751209,0
832.6798858682702,0.3149964680090286,923.2980847332955,1049.880875933761,0
833.1116468808709,0.32390347448433543,923.431498886189,1047.6719383278848,0
833.1116468808709,0.3170887195732604,923.431498886189,1049.3619975458314,0
833.529818848726,0.35380915773869026,923.5607140242563,1040.2553288808049,0
833.529818848726,0.34330558817490353,923.5607140242563,1042.860214132624,0
833.529818848726,0.3328189433081678,923.5607140242563,1045.4609020595744,0
833.9617857559441,0.37321152786406214,923.6941917985868,1035.4435410897127,0
833.9617857559441,0.3642960590402298,923.6941917985868,1037.654577358023,0
834.3867522461721,0.37688341781972284,923.8255064440672,1034.5329123807087,0
834.8185132587729,0.3763541363846727,923.9589205969608,1034.6641741766011,0
834.8185132587729,0.3747827039069655,923.9589205969608,1035.0538894310725,0
835.2436856436182,0.375303779428294,924.090298863878,1034.924662701783,0
835.2436856436182,0.3742618848204408,924.090298863878,1035.1830525645307,0
835.2436856436182,0.3737323469505868,924.090298863878,1035.3143779562545,0
835.6686521338462,0.3779337747761015,924.2216135093585,1034.2724238555268,0
835.6686521338462,0.3763541363846727,924.2216135093585,1034.6641741766011,0
836.0936186240741,0.38947103303401975,924.3529281548389,1031.4111838075632,0
836.0936186240741,0.38474852968717654,924.3529281548389,1032.5823646375802,0
836.0936186240741,0.38054710186166185,924.3529281548389,1033.624318738308,0
836.525379636675,0.4009995725086086,924.4863423077325,1028.552106017865,0
836.525379636675,0.39523517455391227,924.4863423077325,1029.9816767106297,0
836.9505520215203,0.40310028642136597,924.6177205746498,1028.0311289675012,0
836.9505520215203,0.4009995725086086,924.6177205746498,1028.552106017865,0
836.9505520215203,0.39680660703161946,924.6177205746498,1029.5919614561585,0
837.3755185117482,0.3905129276418729,924.7490352201302,1031.1527939448156,0
837.3755185117482,0.38474852968717654,924.7490352201302,1032.5823646375802,0
837.8006908965934,0.3795052072538087,924.8804134870473,1033.8827086010556,0
837.8006908965934,0.3763541363846727,924.8804134870473,1034.6641741766011,0
837.8006908965934,0.37583306086334417,924.8804134870473,1034.7934009058906,0
838.2256573868215,0.3789756693839547,925.0117281325278,1034.0140339927793,0
838.2256573868215,0.3763541363846727,925.0117281325278,1034.6641741766011,0
838.6506238770494,0.39156328459825157,925.1430427780082,1030.8923054196337,0
838.6506238770494,0.3873703191212624,925.1430427780082,1031.9321608579269,0
838.6506238770494,0.3831770972094694,925.1430427780082,1032.9720798920516,0
839.0825907842675,0.3941848175975336,925.2765205523386,1030.2421652358116,0
839.0825907842675,0.3936639985110089,925.2765205523386,1030.3713283692698,0
839.5075572744954,0.4015291103784626,925.407835197819,1028.4207806261413,0
839.5075572744954,0.3973276825529479,925.407835197819,1029.462734726869,0
839.5075572744954,0.3947143554673876,925.407835197819,1030.1108398440879,0
839.9393182870962,0.40677243281183045,925.5412493507127,1027.1204366626662,0
839.9393182870962,0.4046717188990731,925.5412493507127,1027.64141371303,0
840.3576961495688,0.4020499294649873,925.6705281102167,1028.2916174926831,0
840.3576961495688,0.39942839646570527,925.6705281102167,1028.9417576765052,0
840.7894571621696,0.39680660703161946,925.8039422631103,1029.5919614561585,0
840.7894571621696,0.39523517455391227,925.8039422631103,1029.9816767106297,0
841.2144236523975,0.39523517455391227,925.9352569085908,1029.9816767106297,0
841.2144236523975,0.3947143554673876,925.9352569085908,1030.1108398440879,0
841.6461846649983,0.39628553151029094,926.0686710614845,1029.721188185448,0
841.6461846649983,0.39575625007524073,926.0686710614845,1029.8524499813404,0
841.6461846649983,0.39523517455391227,926.0686710614845,1029.9816767106297,0
842.0645625274708,0.3947143554673876,926.1979498209885,1030.1108398440879,0
842.0645625274708,0.39261364155463024,926.1979498209885,1030.6318168944517,0
842.4963235400716,0.38947103303401975,926.331363973882,1031.4111838075632,0
842.4963235400716,0.3873703191212624,926.331363973882,1031.9321608579269,0
842.4963235400716,0.3857988866435552,926.331363973882,1032.3218761123983,0
842.914701402544,0.38474852968717654,926.4606427333861,1032.5823646375802,0
843.339667892772,0.3868492435999339,926.5919573788665,1032.0613875872164,0
843.339667892772,0.3857988866435552,926.5919573788665,1032.3218761123983,0
843.339667892772,0.38526960520850506,926.5919573788665,1032.4531379082907,0
843.7714289053728,0.38631996216488373,926.7253715317602,1032.1926493831088,0
843.7714289053728,0.3857988866435552,926.7253715317602,1032.3218761123983,0
844.1966012902182,0.38369817273079787,926.8567497986774,1032.8428531627621,0
844.1966012902182,0.3831770972094694,926.8567497986774,1032.9720798920516,0
844.1966012902182,0.3826478157744192,926.8567497986774,1033.103341687944,0
844.6283623028189,0.3831770972094694,926.9901639515709,1032.9720798920516,0
844.6283623028189,0.3826478157744192,926.9901639515709,1033.103341687944,0
845.046534270674,0.4009995725086086,927.1193790896382,1028.552106017865,0
845.046534270674,0.3920925660333018,927.1193790896382,1030.7610436237412,0
845.046534270674,0.38631996216488373,927.1193790896382,1032.1926493831088,0
845.4785011778921,0.4177970778969457,927.2528568639686,1024.3863246815574,0
845.4785011778921,0.409915041332441,927.2528568639686,1026.3410697495547,0
845.8966731457473,0.4235612194168382,927.3820720020359,1022.9568175846242,0
845.8966731457473,0.42303193798178806,927.3820720020359,1023.0880793805167,0
845.8966731457473,0.42199004337393486,927.3820720020359,1023.3464692432642,0
846.328434158348,0.41674672094056703,927.5154861549295,1024.6468132067394,0
846.328434158348,0.410444579202295,927.5154861549295,1026.209744357831,0
846.7536065431933,0.40310028642136597,927.6468644218467,1028.0311289675012,0
846.7536065431933,0.3983780395093266,927.6468644218467,1029.202246201687,0
846.7536065431933,0.3941848175975336,927.6468644218467,1030.2421652358116,0
847.1853675557941,0.3905129276418729,927.7802785747404,1031.1527939448156,0
847.1853675557941,0.3884206760776411,927.7802785747404,1031.6716723327452,0
847.610334046022,0.38631996216488373,927.9115932202208,1032.1926493831088,0
847.610334046022,0.38526960520850506,927.9115932202208,1032.4531379082907,0
847.610334046022,0.38369817273079787,927.9115932202208,1032.8428531627621,0
848.0355064308675,0.38999185212054444,928.042971487138,1031.282020674105,0
848.0355064308675,0.3857988866435552,928.042971487138,1032.3218761123983,0
848.4604729210954,0.410444579202295,928.1742861326185,1026.209744357831,0
848.4604729210954,0.4051927944204016,928.1742861326185,1027.5121869837405,0
848.4604729210954,0.39785696398799814,928.1742861326185,1029.3314729309766,0
848.8922339336962,0.41096539828881967,928.307700285512,1026.0805812243727,0
848.8922339336962,0.409915041332441,928.307700285512,1026.3410697495547,0
849.3174063185414,0.4088646843760623,928.4390785524292,1026.6015582747366,0
849.3174063185414,0.40729350833315897,928.4390785524292,1026.9912099333767,0
849.3174063185414,0.4057220758554518,928.4390785524292,1027.380925187848,0
849.7423728087695,0.40362136194269443,928.5703931979097,1027.9019022382117,0
849.7423728087695,0.40310028642136597,928.5703931979097,1028.0311289675012,0
850.1673392989974,0.4146460070278097,928.7017078433902,1025.1677902571032,0
850.1673392989974,0.41148647381014813,928.7017078433902,1025.9513544950833,0
850.1673392989974,0.40677243281183045,928.7017078433902,1027.1204366626662,0
850.5925116838426,0.4136038559851527,928.8330861103074,1025.4262437156822,0
850.5925116838426,0.410444579202295,928.8330861103074,1026.209744357831,0
851.0174781740706,0.40729350833315897,928.9644007557878,1026.9912099333767,0
851.0174781740706,0.40310028642136597,928.9644007557878,1028.0311289675012,0
851.0174781740706,0.4015291103784626,928.9644007557878,1028.4207806261413,0
851.4492391866713,0.40677243281183045,929.0978149086815,1027.1204366626662,0
851.4492391866713,0.4025794673348413,929.0978149086815,1028.1602921009594,0
851.8744115715168,0.4293256173715346,929.2291931755987,1021.5272468918595,0
851.8744115715168,0.4246115763732169,929.2291931755987,1022.6963290594423,0
851.8744115715168,0.41621718307071304,929.2291931755987,1024.7781385984633,0
852.3061725841176,0.4277544413286312,929.3626073284922,1021.9168985504995,0
852.3061725841176,0.4209396864175562,929.3626073284922,1023.6069577684461,0
852.7243445519726,0.4146460070278097,929.4918224665595,1025.1677902571032,0
852.7243445519726,0.4088646843760623,929.4918224665595,1026.6015582747366,0
852.7243445519726,0.40414243746402295,929.4918224665595,1027.7726755089225,0
853.1563114591908,0.39942839646570527,929.6253002408899,1028.9417576765052,0
853.1563114591908,0.39523517455391227,929.6253002408899,1029.9816767106297,0
853.574483427046,0.3999576779007555,929.7545153789572,1028.8104958806127,0
853.574483427046,0.39523517455391227,929.7545153789572,1029.9816767106297,0
854.0130389620196,0.409915041332441,929.8900290392639,1026.3410697495547,0
854.0130389620196,0.4088646843760623,929.8900290392639,1026.6015582747366,0
854.0130389620196,0.4051927944204016,929.8900290392639,1027.5121869837405,0
854.431416824492,0.4093942222459163,930.019307798768,1026.4702328830128,0
854.431416824492,0.40729350833315897,930.019307798768,1026.9912099333767,0
854.8631778370927,0.4120072928966728,930.1527219516616,1025.8221913616253,0
854.8631778370927,0.40834386528953764,930.1527219516616,1026.7307214081948,0
854.8631778370927,0.40677243281183045,930.1527219516616,1027.1204366626662,0
855.2813498049478,0.41883897250479885,930.2819370897289,1024.12793481881,0
855.2813498049478,0.41516682611433436,930.2819370897289,1025.038627123645,0
855.7065221897933,0.42985515524138856,930.4133153566461,1021.3959215001357,0
855.7065221897933,0.42828372276368143,930.4133153566461,1021.785636754607,0
855.7065221897933,0.42303193798178806,930.4133153566461,1023.0880793805167,0
856.1382832023941,0.42723336580730276,930.5467295095397,1022.046125279789,0
856.1382832023941,0.41936825393984906,930.5467295095397,1023.9966730229174,0
856.563249692622,0.409915041332441,930.6780441550202,1026.3410697495547,0
856.563249692622,0.3999576779007555,930.6780441550202,1028.8104958806127,0
856.563249692622,0.3910422090769231,930.6780441550202,1031.0215321489231,0
856.9952165998401,0.3857988866435552,930.8115219293505,1032.3218761123983,0
857.4133885676953,0.40677243281183045,930.9407370674178,1027.1204366626662,0
857.4133885676953,0.39628553151029094,930.9407370674178,1029.721188185448,0
857.4133885676953,0.3905129276418729,930.9407370674178,1031.1527939448156,0
857.845149580296,0.42828372276368143,931.0741512203115,1021.785636754607,0
857.845149580296,0.4177970778969457,931.0741512203115,1024.3863246815574,0
858.2635274427685,0.4366696537176598,931.2034299798154,1019.7059258780204,0
858.2635274427685,0.4340481207183778,931.2034299798154,1020.3560660618424,0
858.7020829777421,0.4335185828485238,931.3389436401222,1020.4873914535661,0
858.7020829777421,0.42828372276368143,931.3389436401222,1021.785636754607,0
859.1202549455971,0.4214689678526064,931.4681587781895,1023.4756959725537,0
859.1202549455971,0.41148647381014813,931.4681587781895,1025.9513544950833,0
859.5522218528154,0.3989073209443768,931.60163655252,1029.0709844057947,0
859.5522218528154,0.38526960520850506,931.60163655252,1032.4531379082907,0
859.5522218528154,0.3747827039069655,931.60163655252,1035.0538894310725,0
859.9771883430433,0.3679679489958905,931.7329511980004,1036.743948649019,0
859.9771883430433,0.3653464159966085,931.7329511980004,1037.3940888328411,0
860.4021548332713,0.3826478157744192,931.8642658434808,1033.103341687944,0
860.4021548332713,0.37216117090768347,931.8642658434808,1035.7040296148946,0
860.4021548332713,0.36639677295298717,931.8642658434808,1037.1336003076592,0
860.8273272181166,0.4046717188990731,931.995644110398,1027.64141371303,0
860.8273272181166,0.39523517455391227,931.995644110398,1029.9816767106297,0
861.2590882307175,0.409915041332441,932.1290582632917,1026.3410697495547,0
861.2590882307175,0.4088646843760623,932.1290582632917,1026.6015582747366,0
861.2590882307175,0.40781432741968365,932.1290582632917,1026.8620467999185,0
861.6840547209454,0.4051927944204016,932.2603729087721,1027.5121869837405,0
861.6840547209454,0.40310028642136597,932.2603729087721,1028.0311289675012,0
862.1092271057906,0.3999576779007555,932.3917511756893,1028.8104958806127,0
862.1092271057906,0.39785696398799814,932.3917511756893,1029.3314729309766,0
862.1092271057906,0.39628553151029094,932.3917511756893,1029.721188185448,0
862.5341935960186,0.3973276825529479,932.5230658211697,1029.462734726869,0
862.5341935960186,0.39523517455391227,932.5230658211697,1029.9816767106297,0
862.9591600862465,0.40362136194269443,932.6543804666502,1027.9019022382117,0
862.9591600862465,0.40310028642136597,932.6543804666502,1028.0311289675012,0
862.9591600862465,0.3999576779007555,932.6543804666502,1028.8104958806127,0
863.3843324710919,0.4009995725086086,932.7857587335674,1028.552106017865,0
863.3843324710919,0.39628553151029094,932.7857587335674,1029.721188185448,0
863.8160934836926,0.38999185212054444,932.919172886461,1031.282020674105,0
863.8160934836926,0.38212674025309074,932.919172886461,1033.2325684172336,0
864.2410599739206,0.375303779428294,933.0504875319414,1034.924662701783,0
864.2410599739206,0.36953938147359766,933.0504875319414,1036.354233394548,0
864.2410599739206,0.36325390799757284,933.0504875319414,1037.913030816602,0
864.6730268811388,0.35958201804191214,933.1839653062718,1038.8236595256058,0
864.6730268811388,0.35853166108553347,933.1839653062718,1039.0841480507877,0
865.0911988489938,0.3742618848204408,933.3131804443391,1035.1830525645307,0
865.0911988489938,0.3679679489958905,933.3131804443391,1036.743948649019,0
865.0911988489938,0.36272462656252263,933.3131804443391,1038.0442926124945,0
865.5229598615947,0.38212674025309074,933.4465945972327,1033.2325684172336,0
865.5229598615947,0.37845485029743003,933.4465945972327,1034.1431971262375,0
865.9413377240671,0.3868492435999339,933.5758733567367,1032.0613875872164,0
865.9413377240671,0.3857988866435552,933.5758733567367,1032.3218761123983,0
865.9413377240671,0.3842192482521264,933.5758733567367,1032.7136264334727,0
866.3798932590407,0.38894149516416576,933.7113870170435,1031.542509199287,0
866.3798932590407,0.3878911382077871,933.7113870170435,1031.802997724469,0
866.7980652268958,0.39575625007524073,933.8406021551108,1029.8524499813404,0
866.7980652268958,0.39523517455391227,933.8406021551108,1029.9816767106297,0
866.7980652268958,0.39261364155463024,933.8406021551108,1030.6318168944517,0
867.230032134114,0.39261364155463024,933.9740799294411,1030.6318168944517,0
867.230032134114,0.38947103303401975,933.9740799294411,1031.4111838075632,0
867.6482041019691,0.38947103303401975,934.1032950675084,1031.4111838075632,0
867.6482041019691,0.3884206760776411,934.1032950675084,1031.6716723327452,0
867.6482041019691,0.3873703191212624,934.1032950675084,1031.9321608579269,0
868.0733764868145,0.38369817273079787,934.2346733344257,1032.8428531627621,0
868.0733764868145,0.38107638329671206,934.2346733344257,1033.4930569424155,0
868.5051374994152,0.38369817273079787,934.3680874873193,1032.8428531627621,0
868.5051374994152,0.38054710186166185,934.3680874873193,1033.624318738308,0
868.5051374994152,0.3795052072538087,934.3680874873193,1033.8827086010556,0
868.9301039896432,0.3905129276418729,934.4994021327997,1031.1527939448156,0
868.9301039896432,0.3873703191212624,934.4994021327997,1031.9321608579269,0
869.361865002244,0.4051927944204016,934.6328162856934,1027.5121869837405,0
869.361865002244,0.39942839646570527,934.6328162856934,1028.9417576765052,0
869.361865002244,0.39314292298968045,934.6328162856934,1030.5005550985593,0
869.7802428647165,0.410444579202295,934.7620950451974,1026.209744357831,0
869.7802428647165,0.4093942222459163,934.7620950451974,1026.4702328830128,0
870.2120038773172,0.40729350833315897,934.895509198091,1026.9912099333767,0
870.2120038773172,0.4025794673348413,934.895509198091,1028.1602921009594,0
870.2120038773172,0.39680660703161946,934.895509198091,1029.5919614561585,0
870.6303817397896,0.3910422090769231,935.024787957595,1031.0215321489231,0
870.6303817397896,0.3842192482521264,935.024787957595,1032.7136264334727,0
871.0689372747634,0.37740449334105136,935.1603016179018,1034.4036856514194,0
871.0689372747634,0.3711108139513048,935.1603016179018,1035.9645181400765,0
871.0689372747634,0.3679679489958905,935.1603016179018,1036.743948649019,0
871.4871092426184,0.3690183059522692,935.2895167559691,1036.4834601238374,0
871.4871092426184,0.3679679489958905,935.2895167559691,1036.743948649019,0
871.9188702552192,0.3690183059522692,935.4229309088627,1036.4834601238374,0
871.9188702552192,0.36744712990936584,935.4229309088627,1036.8731117824773,0
871.9188702552192,0.3658672350831331,935.4229309088627,1037.264925699383,0
872.3440426400646,0.368489024517219,935.5543091757798,1036.6147219197298,0
872.3440426400646,0.36639677295298717,935.5543091757798,1037.1336003076592,0
872.7690091302925,0.3737323469505868,935.6856238212604,1035.3143779562545,0
872.7690091302925,0.37216117090768347,935.6856238212604,1035.7040296148946,0
872.7690091302925,0.37058973842997633,935.6856238212604,1036.093744869366,0
873.2143591876389,0.37321152786406214,935.8232369889804,1035.4435410897127,0
873.2143591876389,0.3711108139513048,935.8232369889804,1035.9645181400765,0
873.6461202002397,0.37058973842997633,935.9566511418741,1036.093744869366,0
873.6461202002397,0.36953938147359766,935.9566511418741,1036.354233394548,0
873.6461202002397,0.3690183059522692,935.9566511418741,1036.4834601238374,0
874.0644980627122,0.3711108139513048,936.085929901378,1035.9645181400765,0
874.0644980627122,0.37058973842997633,936.085929901378,1036.093744869366,0
874.496259075313,0.371640095386355,936.2193440542717,1035.833256344184,0
874.496259075313,0.37058973842997633,936.2193440542717,1036.093744869366,0
874.9144310431682,0.3789756693839547,936.3485591923389,1034.0140339927793,0
874.9144310431682,0.37740449334105136,936.3485591923389,1034.4036856514194,0
874.9144310431682,0.3742618848204408,936.3485591923389,1035.1830525645307,0
875.3463979503863,0.37845485029743003,936.4820369666693,1034.1431971262375,0
875.3463979503863,0.3779337747761015,936.4820369666693,1034.2724238555268,0
875.7713644406142,0.37740449334105136,936.6133516121497,1034.4036856514194,0
875.7713644406142,0.37583306086334417,936.6133516121497,1034.7934009058906,0
875.7713644406142,0.3737323469505868,936.6133516121497,1035.3143779562545,0
876.203125453215,0.37058973842997633,936.7467657650434,1036.093744869366,0
876.203125453215,0.3679679489958905,936.7467657650434,1036.743948649019,0
876.6215033156874,0.3653464159966085,936.8760445245474,1037.3940888328411,0
876.6215033156874,0.36272462656252263,936.8760445245474,1038.0442926124945,0
876.6215033156874,0.3580021232156795,936.8760445245474,1039.2154734425117,0
877.0532643282883,0.35380915773869026,937.009458677441,1040.2553288808049,0
877.0532643282883,0.3522379816957869,937.009458677441,1040.644980539445,0
877.4782308185162,0.35485951469506893,937.1407733229215,1039.994840355623,0
877.4782308185162,0.3532883386521656,937.1407733229215,1040.384492014263,0
877.9099918311169,0.35958201804191214,937.2741874758151,1038.8236595256058,0
877.9099918311169,0.3559098716514476,937.2741874758151,1039.734351830441,0
877.9099918311169,0.3553890525649229,937.2741874758151,1039.8635149638992,0
878.3351642159623,0.3747827039069655,937.4055657427323,1035.0538894310725,0
878.3351642159623,0.36639677295298717,937.4055657427323,1037.1336003076592,0
878.7601307061904,0.38212674025309074,937.5368803882128,1033.2325684172336,0
878.7601307061904,0.38107638329671206,937.5368803882128,1033.4930569424155,0
879.1853030910356,0.37845485029743003,937.66825865513,1034.1431971262375,0
879.1853030910356,0.37583306086334417,937.66825865513,1034.7934009058906,0
879.6034750588907,0.37216117090768347,937.7974737931972,1035.7040296148946,0
879.6034750588907,0.36639677295298717,937.7974737931972,1037.1336003076592,0
879.6034750588907,0.3611531940848155,937.7974737931972,1038.4340078669659,0
880.0352360714915,0.3574813041291548,937.9308879460908,1039.3446365759696,0
880.0352360714915,0.3564309471727761,937.9308879460908,1039.6051251011515,0
880.4604084563367,0.35380915773869026,938.062266213008,1040.2553288808049,0
880.4604084563367,0.3496161922617011,938.062266213008,1041.295184319098,0
880.4604084563367,0.343826663696232,938.062266213008,1042.7309874033344,0
880.8921694689376,0.33911262269791437,938.1956803659017,1043.9000695709174,0
880.8921694689376,0.33544047630744983,938.1956803659017,1044.8107618757524,0
881.3103414367928,0.33596155182877835,938.324895503969,1044.6815351464631,0
881.3103414367928,0.33439011935107116,938.324895503969,1045.0712504009343,0
881.3103414367928,0.333348224743218,938.324895503969,1045.329640263682,0
881.7423083440109,0.346448196695514,938.4583732782993,1042.0808472195126,0
881.7423083440109,0.3406840551756215,938.4583732782993,1043.510354316446,0
882.1672748342388,0.35433869560854425,938.5896879237797,1040.1240034890811,0
882.1672748342388,0.35380915773869026,938.5896879237797,1040.2553288808049,0
882.1672748342388,0.3522379816957869,938.5896879237797,1040.644980539445,0
882.5922413244668,0.3532883386521656,938.7210025692602,1040.384492014263,0
882.5922413244668,0.3527672631308371,938.7210025692602,1040.5137187435525,0
883.0174137093121,0.3564309471727761,938.8523808361774,1039.6051251011515,0
883.0174137093121,0.3559098716514476,938.8523808361774,1039.734351830441,0
883.0174137093121,0.3553890525649229,938.8523808361774,1039.8635149638992,0
883.4491747219129,0.3532883386521656,938.985794989071,1040.384492014263,0
883.4491747219129,0.3496161922617011,938.985794989071,1041.295184319098,0
883.8741412121408,0.346977734565368,939.1171096345515,1041.9495218277889,0
883.8741412121408,0.34487702065261067,939.1171096345515,1042.4704988781525,0
883.8741412121408,0.34278476908837885,939.1171096345515,1042.989377266082,0
884.299313596986,0.34016297965429304,939.2484879014687,1043.6395810457354,0
884.299313596986,0.3364908332638285,939.2484879014687,1044.5502733505707,0
884.7242800872141,0.3380622657415357,939.3798025469491,1044.1605580960993,0
884.7242800872141,0.3364908332638285,939.3798025469491,1044.5502733505707,0
884.7242800872141,0.33596155182877835,939.3798025469491,1044.6815351464631,0
885.1560410998148,0.34016297965429304,939.5132166998427,1043.6395810457354,0
885.1560410998148,0.33911262269791437,939.5132166998427,1043.9000695709174,0
885.5812134846601,0.34487702065261067,939.64459496676,1042.4704988781525,0
885.5812134846601,0.3406840551756215,939.64459496676,1043.510354316446,0
885.5812134846601,0.33911262269791437,939.64459496676,1043.9000695709174,0
886.0129744972609,0.35433869560854425,939.7780091196536,1040.1240034890811,0
886.0129744972609,0.35066654921807977,939.7780091196536,1041.0346957939162,0
886.4311464651162,0.35485951469506893,939.9072242577208,1039.994840355623,0
886.4311464651162,0.3527672631308371,939.9072242577208,1040.5137187435525,0
886.4311464651162,0.34854891060827137,939.9072242577208,1041.5598701691488,0
886.8631133723343,0.3443559451312822,940.0407020320513,1042.599725607442,0
886.8631133723343,0.34016297965429304,940.0407020320513,1043.6395810457354,0
887.2812853401894,0.33491965722092515,940.1699171701184,1044.9399250092106,0
887.2812853401894,0.3328189433081678,940.1699171701184,1045.4609020595744,0
887.2812853401894,0.33229786778683934,940.1699171701184,1045.590128788864,0
887.7130463527901,0.33963369821924283,940.3033313230121,1043.7708428416279,0
887.7130463527901,0.33544047630744983,940.3033313230121,1044.8107618757524,0
888.1382187376354,0.3474985536518927,940.4347095899293,1041.8203586943307,0
888.1382187376354,0.3443559451312822,940.4347095899293,1042.599725607442,0
888.5699797502363,0.34592737760898934,940.568123742823,1042.2100103529708,0
888.5699797502363,0.343826663696232,940.568123742823,1042.7309874033344,0
888.9881517180913,0.3417344121320002,940.6973388808902,1043.249865791264,0
888.9881517180913,0.3375411902202072,940.6973388808902,1044.2897848253888,0
888.9881517180913,0.33176858635178913,940.6973388808902,1045.7213905847564,0
889.4201186253094,0.32443275591938564,940.8308166552206,1047.5406765319924,0
889.4201186253094,0.31603836261688173,940.8308166552206,1049.6224860710133,0
889.8450851155375,0.30922360770580676,940.962131300701,1051.31254528896,0
889.8450851155375,0.3076524316629034,940.962131300701,1051.7021969476,0
890.2768461281382,0.3212816850502496,941.0955454535947,1048.3221421075382,0
890.2768461281382,0.31603836261688173,941.0955454535947,1049.6224860710133,0
890.2768461281382,0.31027396466218543,941.0955454535947,1051.0520567637782,0
890.7018126183663,0.3265252639184213,941.2268600990751,1047.0217345482315,0
890.7018126183663,0.3254831128757643,941.2268600990751,1047.2801880068105,0
891.1269850032115,0.3265252639184213,941.3582383659923,1047.0217345482315,0
891.1269850032115,0.32390347448433543,941.3582383659923,1047.6719383278848,0
891.1269850032115,0.3186601520509676,941.3582383659923,1048.9722822913602,0
891.5519514934394,0.3123746785749428,941.4895530114727,1050.5310797134143,0
891.5519514934394,0.3076524316629034,941.4895530114727,1051.7021969476,0
891.9703293559119,0.3134165731827959,941.6188317709767,1050.2726898506667,0
891.9703293559119,0.3076524316629034,941.6188317709767,1051.7021969476,0
891.9703293559119,0.3060809991851962,941.6188317709767,1052.0919122020714,0
892.4020903685127,0.32338239896300697,941.7522459238704,1047.8011650571743,0
892.4020903685127,0.3186601520509676,941.7522459238704,1048.9722822913602,0
892.8270568587407,0.32390347448433543,941.8835605693508,1047.6719383278848,0
892.8270568587407,0.3223320420066283,941.8835605693508,1048.0616535823563,0
892.8270568587407,0.3186601520509676,941.8835605693508,1048.9722822913602,0
893.2590237659588,0.3144669301391746,942.0170383436812,1050.0122013254847,0
893.2590237659588,0.31289575409627124,942.0170383436812,1050.4018529841248,0
893.677195733814,0.32023132809387095,942.1462534817484,1048.58263063272,0
893.677195733814,0.3186601520509676,942.1462534817484,1048.9722822913602,0
893.677195733814,0.3149964680090286,942.1462534817484,1049.880875933761,0
894.1089567464147,0.32285311752795676,942.2796676346421,1047.9324268530668,0
894.1089567464147,0.3212816850502496,942.2796676346421,1048.3221421075382,0
894.5341291312601,0.3328189433081678,942.4110459015593,1045.4609020595744,0
894.5341291312601,0.3291467969177033,942.4110459015593,1046.3715943644097,0
894.5341291312601,0.3249538314407141,942.4110459015593,1047.411449802703,0
894.959095621488,0.33491965722092515,942.5423605470397,1044.9399250092106,0
894.959095621488,0.3328189433081678,942.5423605470397,1045.4609020595744,0
895.3840621117159,0.33491965722092515,942.6736751925201,1044.9399250092106,0
895.3840621117159,0.33176858635178913,942.6736751925201,1045.7213905847564,0
895.816029018934,0.34225523121852486,942.8071529668506,1043.1207026578059,0
895.816029018934,0.33858334126286416,942.8071529668506,1044.0313313668098,0
896.2409955091621,0.3496161922617011,942.938467612331,1041.295184319098,0
896.2409955091621,0.3474985536518927,942.938467612331,1041.8203586943307,0
896.2409955091621,0.34539783973913535,942.938467612331,1042.3413357446946,0
896.66596199939,0.35171690617445844,943.0697822578114,1040.7742072687345,0
896.66596199939,0.35066654921807977,943.0697822578114,1041.0346957939162,0
897.0911343842353,0.3496161922617011,943.2011605247287,1041.295184319098,0
897.0911343842353,0.34487702065261067,943.2011605247287,1042.4704988781525,0
897.0911343842353,0.33963369821924283,943.2011605247287,1043.7708428416279,0
897.522895396836,0.33491965722092515,943.3345746776223,1044.9399250092106,0
897.522895396836,0.33124751083046067,943.3345746776223,1045.8506173140458,0
897.9478618870639,0.3249538314407141,943.4658893231027,1047.411449802703,0
897.9478618870639,0.3144669301391746,943.4658893231027,1050.0122013254847,0
897.9478618870639,0.30135849583835306,943.4658893231027,1053.2630930320886,0
898.3796228996648,0.2866788854946281,943.5993034759964,1056.9036363973323,0
898.3796228996648,0.27566270275803845,943.5993034759964,1059.6356497160066,0
898.7980007621373,0.27303245097542705,943.7285822355004,1060.2879521580942,0
898.7980007621373,0.2688394854984379,943.7285822355004,1061.3278075963874,0
899.2297617747381,0.2924514893630462,943.861996388394,1055.4720306379645,0
899.2297617747381,0.2803767437563561,943.861996388394,1058.4665675484237,0
899.6481396372105,0.3296763347875573,943.991275147898,1046.240268972686,0
899.6481396372105,0.3218112229201036,943.991275147898,1048.1908167158144,0
899.6481396372105,0.30818171309795356,943.991275147898,1051.5709351517075,0
900.0799006498114,0.33544047630744983,944.1246893007917,1044.8107618757524,0
900.0799006498114,0.33439011935107116,944.1246893007917,1045.0712504009343,0
900.5048671400393,0.33596155182877835,944.2560039462721,1044.6815351464631,0
900.5048671400393,0.33544047630744983,944.2560039462721,1044.8107618757524,0
900.5048671400393,0.33439011935107116,944.2560039462721,1045.0712504009343,0
900.9368340472574,0.33229786778683934,944.3894817206025,1045.590128788864,0
900.9368340472574,0.3265252639184213,944.3894817206025,1047.0217345482315,0
901.3550060151125,0.32076086596372494,944.5186968586697,1048.4513052409964,0
901.3550060151125,0.31603836261688173,944.5186968586697,1049.6224860710133,0
901.3550060151125,0.3123746785749428,944.5186968586697,1050.5310797134143,0
901.7867670277133,0.3087027886192821,944.6521110115634,1051.441708422418,0
901.7867670277133,0.30555171775014606,944.6521110115634,1052.2231739979638,0
902.2119394125588,0.3029383906645857,944.7834892784806,1052.871279115183,0
902.2119394125588,0.3008376767518284,944.7834892784806,1053.3922561655465,0
902.2119394125588,0.30031660123049986,944.7834892784806,1053.521482894836,0
902.6437004251595,0.3071313561415749,944.9169034313742,1051.8314236768895,0
902.6437004251595,0.30240885279473173,944.9169034313742,1053.0026045069067,0
903.0686669153874,0.31918943348601775,945.0482180768547,1048.8410204954675,0
903.0686669153874,0.31603836261688173,945.0482180768547,1049.6224860710133,0
903.0686669153874,0.31184539713989257,945.0482180768547,1050.6623415093068,0
903.4938393002327,0.3212816850502496,945.1795963437719,1048.3221421075382,0
903.9188057904607,0.32023132809387095,945.3109109892523,1048.58263063272,0
903.9188057904607,0.31603836261688173,945.3109109892523,1049.6224860710133,0
903.9188057904607,0.3076524316629034,945.3109109892523,1051.7021969476,0
904.3437722806887,0.29768660588269236,945.4422256347327,1054.1737217410923,0
904.3437722806887,0.2898299563637642,945.4422256347327,1056.1221708217865,0
904.7689446655339,0.28509078475467375,945.5736039016499,1057.297485380841,0
904.7689446655339,0.2845697092333453,945.5736039016499,1057.4267121101304,0
905.1939111557618,0.2845697092333453,945.7049185471304,1057.4267121101304,0
905.1939111557618,0.2840486337120168,945.7049185471304,1057.55593883942,0
905.6256721683626,0.29140113240666754,945.838332700024,1055.7325191631464,0
905.6256721683626,0.2887795994073855,945.838332700024,1056.3826593469685,0
906.0440500308353,0.2924514893630462,945.967611459528,1055.4720306379645,0
906.0440500308353,0.2903507754502888,945.967611459528,1055.9930076883284,0
906.0440500308353,0.28930041849391014,945.967611459528,1056.2534962135103,0
906.475811043436,0.28930041849391014,946.1010256124217,1056.2534962135103,0
906.9007775336639,0.28930041849391014,946.2323402579021,1056.2534962135103,0
906.9007775336639,0.2872081669296783,946.2323402579021,1056.7723746014399,0
906.9007775336639,0.2840486337120168,946.2323402579021,1057.55593883942,0
907.332744440882,0.28509078475467375,946.3658180322325,1057.297485380841,0
907.332744440882,0.28142710071273475,946.3658180322325,1058.206079023242,0
907.7577109311101,0.30555171775014606,946.4971326777129,1052.2231739979638,0
907.7577109311101,0.2982158873177425,946.4971326777129,1054.0424599451999,0
907.7577109311101,0.29087185097161733,946.4971326777129,1055.8637809590389,0
908.182677421338,0.3212816850502496,946.6284473231934,1048.3221421075382,0
908.182677421338,0.31289575409627124,946.6284473231934,1050.4018529841248,0
908.6078498061833,0.33176858635178913,946.7598255901106,1045.7213905847564,0
908.6078498061833,0.32757562087479997,946.7598255901106,1046.7612460230496,0
909.0328162964112,0.32757562087479997,946.891140235591,1046.7612460230496,0
909.0328162964112,0.3181390765296391,946.891140235591,1049.1015090206495,0
909.4579886812564,0.3071313561415749,947.0225185025082,1051.8314236768895,0
909.4579886812564,0.2982158873177425,947.0225185025082,1054.0424599451999,0
909.4579886812564,0.29402292184075335,947.0225185025082,1055.0823153834933,0
909.8897496938573,0.295073278797132,947.1559326554019,1054.8218268583114,0
909.8897496938573,0.29402292184075335,947.1559326554019,1055.0823153834933,0
910.3147161840853,0.30660207470652473,947.2872473008823,1051.962685472782,0
910.3147161840853,0.30031660123049986,947.2872473008823,1053.521482894836,0
910.3147161840853,0.29664471127483916,947.2872473008823,1054.43211160384,0
910.7396826743133,0.3113243216185641,947.4185619463627,1050.7915682385963,0
911.1648550591585,0.3060809991851962,947.5499402132799,1052.0919122020714,0
911.1648550591585,0.2982158873177425,947.5499402132799,1054.0424599451999,0
911.1648550591585,0.291922207927996,947.5499402132799,1055.603292433857,0
911.5966160717594,0.29140113240666754,947.6833543661736,1055.7325191631464,0
911.5966160717594,0.2898299563637642,947.6833543661736,1056.1221708217865,0
912.0149939342318,0.2992662442741212,947.8126331256776,1053.781971420018,0
912.0149939342318,0.29611517340498517,947.8126331256776,1054.5634369955637,0
912.0149939342318,0.29402292184075335,947.8126331256776,1055.0823153834933,0
912.4467549468326,0.3076524316629034,947.9460472785712,1051.7021969476,0
912.4467549468326,0.30398028527243887,947.9460472785712,1052.6128892524353,0
912.8717214370605,0.3076524316629034,948.0773619240516,1051.7021969476,0
912.8717214370605,0.3045095667074891,948.0773619240516,1052.4816274565428,0
912.8717214370605,0.2997873197954497,948.0773619240516,1053.6527446907285,0
913.3034824496613,0.2955943543184605,948.2107760769453,1054.692600129022,0
913.3034824496613,0.2924514893630462,948.2107760769453,1055.4720306379645,0
913.7218603121338,0.2935018463194249,948.3400548364493,1055.2115421127828,0
913.7218603121338,0.291922207927996,948.3400548364493,1055.603292433857,0
913.7218603121338,0.29140113240666754,948.3400548364493,1055.7325191631464,0
914.1536213247346,0.29716553036136384,948.4734689893429,1054.3029484703818,0
914.1536213247346,0.2955943543184605,948.4734689893429,1054.692600129022,0
914.5785878149626,0.30031660123049986,948.6047836348234,1053.521482894836,0
914.5785878149626,0.2992662442741212,948.6047836348234,1053.781971420018,0
915.0105547221807,0.30031660123049986,948.7382614091538,1053.521482894836,0
915.0105547221807,0.29873696283907103,948.7382614091538,1053.9132332159104,0
915.4355212124087,0.29611517340498517,948.8695760546342,1054.5634369955637,0
915.4355212124087,0.291922207927996,948.8695760546342,1055.603292433857,0
915.4355212124087,0.2903507754502888,948.8695760546342,1055.9930076883284,0
915.8604877026366,0.29087185097161733,949.0008907001147,1055.8637809590389,0
915.8604877026366,0.2898299563637642,949.0008907001147,1056.1221708217865,0
916.2856600874819,0.29140113240666754,949.1322689670319,1055.7325191631464,0
916.2856600874819,0.29087185097161733,949.1322689670319,1055.8637809590389,0
916.2856600874819,0.2898299563637642,949.1322689670319,1056.1221708217865,0
916.7106265777098,0.28825006153753147,949.2635836125123,1056.5139847386922,0
916.7106265777098,0.2866788854946281,949.2635836125123,1056.9036363973323,0
917.1357989625551,0.2845697092333453,949.3949618794295,1057.4267121101304,0
917.1357989625551,0.2824774576691134,949.3949618794295,1057.94559049806,0
917.1357989625551,0.28089756284288075,949.3949618794295,1058.3374044149657,0
917.5607654527831,0.2898299563637642,949.5262765249099,1056.1221708217865,0
917.5607654527831,0.2835193522769666,949.5262765249099,1057.6872006353124,0
917.9925264653839,0.30031660123049986,949.6596906778036,1053.521482894836,0
917.9925264653839,0.29611517340498517,949.6596906778036,1054.5634369955637,0
918.4109043278564,0.29611517340498517,949.7889694373076,1054.5634369955637,0
918.4109043278564,0.28825006153753147,949.7889694373076,1056.5139847386922,0
918.8426653404572,0.27880531127864894,949.9223835902012,1058.856282802895,0
918.8426653404572,0.2683186664119132,949.9223835902012,1061.4569707298456,0
918.8426653404572,0.25835284063170216,949.9223835902012,1063.928495523338,0
919.2676318306851,0.2525884426770058,950.0536982356816,1065.3580662161025,0
919.6928042155305,0.27094019941119524,950.1850765025989,1060.8068305460235,0
919.6928042155305,0.26464652002144873,950.1850765025989,1062.3676630346808,0
919.6928042155305,0.2573024836753235,950.1850765025989,1064.1889840485198,0
920.1245652281312,0.2824774576691134,950.3184906554925,1057.94559049806,0
920.1245652281312,0.2767045973658916,950.3184906554925,1059.377259853259,0
920.5495317183592,0.28825006153753147,950.4498053009729,1056.5139847386922,0
920.5495317183592,0.2866788854946281,950.4498053009729,1056.9036363973323,0
920.5495317183592,0.28615780997329965,950.4498053009729,1057.0328631266218,0
920.9744982085871,0.2903507754502888,950.5811199464534,1055.9930076883284,0
920.9744982085871,0.28825006153753147,950.5811199464534,1056.5139847386922,0
921.3996705934325,0.29873696283907103,950.7124982133706,1053.9132332159104,0
921.3996705934325,0.29716553036136384,950.7124982133706,1054.3029484703818,0
921.3996705934325,0.29402292184075335,950.7124982133706,1055.0823153834933,0
921.8246370836604,0.29716553036136384,950.843812858851,1054.3029484703818,0
921.8246370836604,0.29140113240666754,950.843812858851,1055.7325191631464,0
922.2563980962611,0.2835193522769666,950.9772270117446,1057.6872006353124,0
922.2563980962611,0.2767045973658916,950.9772270117446,1059.377259853259,0
922.2563980962611,0.27303245097542705,950.9772270117446,1060.2879521580942,0
922.6815704811065,0.2803767437563561,951.1086052786619,1058.4665675484237,0
922.6815704811065,0.2751331648881844,951.1086052786619,1059.7669751077303,0
923.1065369713344,0.31289575409627124,951.2399199241423,1050.4018529841248,0
923.1065369713344,0.30135849583835306,951.2399199241423,1053.2630930320886,0
923.1065369713344,0.2898299563637642,951.2399199241423,1056.1221708217865,0
923.5317093561798,0.3265252639184213,951.3712981910595,1047.0217345482315,0
923.5317093561798,0.3212816850502496,951.3712981910595,1048.3221421075382,0
923.9634703687806,0.32705454535347145,951.5047123439532,1046.890472752339,0
923.9634703687806,0.32338239896300697,951.5047123439532,1047.8011650571743,0
924.3816423366357,0.3176180010083106,951.6339274820203,1049.230735749939,0
924.3816423366357,0.3108035025320394,951.6339274820203,1050.9207313720542,0
924.3816423366357,0.30555171775014606,951.6339274820203,1052.2231739979638,0
924.8136092438538,0.3008376767518284,951.7674052563508,1053.3922561655465,0
924.8136092438538,0.29664471127483916,951.7674052563508,1054.43211160384,0
925.2385757340818,0.2924514893630462,951.8987199018312,1055.4720306379645,0
925.2385757340818,0.2898299563637642,951.8987199018312,1056.1221708217865,0
925.2385757340818,0.28825006153753147,951.8987199018312,1056.5139847386922,0
925.6703367466826,0.2872081669296783,952.0321340547249,1056.7723746014399,0
926.0887146091551,0.2935018463194249,952.1614128142288,1055.2115421127828,0
926.0887146091551,0.29087185097161733,952.1614128142288,1055.8637809590389,0
926.0887146091551,0.28825006153753147,952.1614128142288,1056.5139847386922,0
926.5204756217558,0.2982158873177425,952.2948269671225,1054.0424599451999,0
926.5204756217558,0.29716553036136384,952.2948269671225,1054.3029484703818,0
926.9454421119838,0.2992662442741212,952.4261416126029,1053.781971420018,0
926.9454421119838,0.2982158873177425,952.4261416126029,1054.0424599451999,0
927.3706144968291,0.30240885279473173,952.5575198795201,1053.0026045069067,0
927.3706144968291,0.30031660123049986,952.5575198795201,1053.521482894836,0
927.8023755094299,0.3076524316629034,952.6909340324138,1051.7021969476,0
927.8023755094299,0.30555171775014606,952.6909340324138,1052.2231739979638,0
927.8023755094299,0.3034592097511104,952.6909340324138,1052.7421159817247,0
928.2273419996578,0.31027396466218543,952.8222486778942,1051.0520567637782,0
928.2273419996578,0.30922360770580676,952.8222486778942,1051.31254528896,0
928.6523084898857,0.3113243216185641,952.9535633233746,1050.7915682385963,0
928.6523084898857,0.3108035025320394,952.9535633233746,1050.9207313720542,0
928.6523084898857,0.3087027886192821,952.9535633233746,1051.441708422418,0
929.0774808747311,0.30660207470652473,953.0849415902919,1051.962685472782,0
929.0774808747311,0.30503064222881754,953.0849415902919,1052.3524007272533,0
929.502447364959,0.3060809991851962,953.2162562357723,1052.0919122020714,0
929.502447364959,0.30503064222881754,953.2162562357723,1052.3524007272533,0
929.502447364959,0.3045095667074891,953.2162562357723,1052.4816274565428,0
929.9276197498043,0.3071313561415749,953.3476345026895,1051.8314236768895,0
929.9276197498043,0.3060809991851962,953.3476345026895,1052.0919122020714,0
930.3593807624051,0.3045095667074891,953.4810486555831,1052.4816274565428,0
930.3593807624051,0.3029383906645857,953.4810486555831,1052.871279115183,0
930.3593807624051,0.30135849583835306,953.4810486555831,1053.2630930320886,0
930.7775527302603,0.2992662442741212,953.6102637936503,1053.781971420018,0
930.7775527302603,0.29716553036136384,953.6102637936503,1054.3029484703818,0
931.2095196374785,0.2997873197954497,953.7437415679808,1053.6527446907285,0
931.2095196374785,0.2982158873177425,953.7437415679808,1054.0424599451999,0
931.2095196374785,0.29716553036136384,953.7437415679808,1054.3029484703818,0
931.6344861277064,0.3060809991851962,953.8750562134612,1052.0919122020714,0
931.6344861277064,0.30240885279473173,953.8750562134612,1053.0026045069067,0
932.0594526179343,0.31656764405193194,954.0063708589416,1049.4912242751209,0
932.0594526179343,0.3149964680090286,954.0063708589416,1049.880875933761,0
932.0594526179343,0.31027396466218543,954.0063708589416,1051.0520567637782,0
932.4912136305351,0.3149964680090286,954.1397850118353,1049.880875933761,0
932.4912136305351,0.3113243216185641,954.1397850118353,1050.7915682385963,0
932.9163860153805,0.30818171309795356,954.2711632787525,1051.5709351517075,0
932.9163860153805,0.3076524316629034,954.2711632787525,1051.7021969476,0
932.9163860153805,0.3071313561415749,954.2711632787525,1051.8314236768895,0
933.3413525056084,0.3071313561415749,954.4024779242329,1051.8314236768895,0
933.3413525056084,0.3045095667074891,954.4024779242329,1052.4816274565428,0
933.7665248904536,0.3008376767518284,954.5338561911501,1053.3922561655465,0
933.7665248904536,0.29768660588269236,954.5338561911501,1054.1737217410923,0
933.7665248904536,0.29611517340498517,954.5338561911501,1054.5634369955637,0
934.1914913806816,0.29611517340498517,954.6651708366306,1054.5634369955637,0
934.6232523932823,0.3008376767518284,954.7985849895242,1053.3922561655465,0
934.6232523932823,0.29873696283907103,954.7985849895242,1053.9132332159104,0
934.6232523932823,0.2982158873177425,954.7985849895242,1054.0424599451999,0
935.0484247781278,0.3123746785749428,954.9299632564414,1050.5310797134143,0
935.0484247781278,0.30555171775014606,954.9299632564414,1052.2231739979638,0
935.4733912683557,0.33071822939541046,955.0612779019218,1045.9818791099383,0
935.4733912683557,0.3254831128757643,955.0612779019218,1047.2801880068105,0
935.4733912683557,0.31971050900734627,955.0612779019218,1048.7117937661783,0
935.8983577585836,0.333348224743218,955.1925925474023,1045.329640263682,0
936.3301187711844,0.33176858635178913,955.3260067002959,1045.7213905847564,0
936.3301187711844,0.330197153874082,955.3260067002959,1046.1111058392278,0
936.3301187711844,0.3260041883970928,955.3260067002959,1047.150961277521,0
936.7484966336569,0.32076086596372494,955.4552854597999,1048.4513052409964,0
936.7484966336569,0.3139461110526499,955.4552854597999,1050.141364458943,0
937.1802576462577,0.30818171309795356,955.5886996126936,1051.5709351517075,0
937.1802576462577,0.30660207470652473,955.5886996126936,1051.962685472782,0
937.1802576462577,0.30503064222881754,955.5886996126936,1052.3524007272533,0
937.605430031103,0.3186601520509676,955.7200778796108,1048.9722822913602,0
937.605430031103,0.3123746785749428,955.7200778796108,1050.5310797134143,0
938.0371910437037,0.3223320420066283,955.8534920325044,1048.0616535823563,0
938.0371910437037,0.3218112229201036,955.8534920325044,1048.1908167158144,0
938.4553630115589,0.31918943348601775,955.9827071705716,1048.8410204954675,0
938.4553630115589,0.3149964680090286,955.9827071705716,1049.880875933761,0
938.8873299187771,0.3087027886192821,956.1161849449021,1051.441708422418,0
938.8873299187771,0.30398028527243887,956.1161849449021,1052.6128892524353,0
938.8873299187771,0.3029383906645857,956.1161849449021,1052.871279115183,0
939.3122964090051,0.3139461110526499,956.2474995903825,1050.141364458943,0
939.3122964090051,0.3071313561415749,956.2474995903825,1051.8314236768895,0
939.7440574216058,0.3249538314407141,956.3809137432761,1047.411449802703,0
939.7440574216058,0.32338239896300697,956.3809137432761,1047.8011650571743,0
939.7440574216058,0.32023132809387095,956.3809137432761,1048.58263063272,0
940.1690239118337,0.3254831128757643,956.5122283887566,1047.2801880068105,0
940.1690239118337,0.32390347448433543,956.5122283887566,1047.6719383278848,0
940.5941962966791,0.32023132809387095,956.6436066556738,1048.58263063272,0
940.5941962966791,0.31551728709555327,956.6436066556738,1049.7517128003028,0
940.5941962966791,0.3108035025320394,956.6436066556738,1050.9207313720542,0
941.019162786907,0.3108035025320394,956.7749213011542,1050.9207313720542,0
941.019162786907,0.30922360770580676,956.7749213011542,1051.31254528896,0
941.4443351717523,0.3181390765296391,956.9062995680714,1049.1015090206495,0
941.4443351717523,0.31656764405193194,956.9062995680714,1049.4912242751209,0
941.4443351717523,0.31289575409627124,956.9062995680714,1050.4018529841248,0
941.8693016619802,0.32285311752795676,957.0376142135518,1047.9324268530668,0
941.8693016619802,0.32076086596372494,957.0376142135518,1048.4513052409964,0
942.2942681522081,0.32705454535347145,957.1689288590323,1046.890472752339,0
942.2942681522081,0.3260041883970928,957.1689288590323,1047.150961277521,0
942.2942681522081,0.3249538314407141,957.1689288590323,1047.411449802703,0
942.7262350594264,0.32757562087479997,957.3024066333627,1046.7612460230496,0
943.1444070272815,0.33071822939541046,957.43162177143,1045.9818791099383,0
943.1444070272815,0.32862597783117864,957.43162177143,1046.5007574978677,0
943.1444070272815,0.32809643996132465,957.43162177143,1046.6320828895916,0
943.5897570846279,0.33439011935107116,957.56923493915,1045.0712504009343,0
943.5897570846279,0.3328189433081678,957.56923493915,1045.4609020595744,0
944.0215180972286,0.3380622657415357,957.7026490920437,1044.1605580960993,0
944.0215180972286,0.33596155182877835,957.7026490920437,1044.6815351464631,0
944.0215180972286,0.33491965722092515,957.7026490920437,1044.9399250092106,0
944.4532791098295,0.34487702065261067,957.8360632449372,1042.4704988781525,0
944.4532791098295,0.34278476908837885,957.8360632449372,1042.989377266082,0
944.871656972302,0.34539783973913535,957.9653420044413,1042.3413357446946,0
944.871656972302,0.3443559451312822,957.9653420044413,1042.599725607442,0
944.871656972302,0.34278476908837885,957.9653420044413,1042.989377266082,0
945.3034179849028,0.3417344121320002,958.098756157335,1043.249865791264,0
945.3034179849028,0.3412048742621462,958.098756157335,1043.3811911829878,0
945.7217958473752,0.33963369821924283,958.228034916839,1043.7708428416279,0
945.7217958473752,0.33544047630744983,958.228034916839,1044.8107618757524,0
945.7217958473752,0.32862597783117864,958.228034916839,1046.5007574978677,0
946.153556859976,0.3218112229201036,958.3614490697325,1048.1908167158144,0
946.153556859976,0.3149964680090286,958.3614490697325,1049.880875933761,0
946.578523350204,0.30975314557566075,958.492763715213,1051.1812198972361,0
946.578523350204,0.3071313561415749,958.492763715213,1051.8314236768895,0
946.578523350204,0.30660207470652473,958.492763715213,1051.962685472782,0
947.0102843628048,0.3076524316629034,958.6261778681067,1051.7021969476,0
947.0102843628048,0.30660207470652473,958.6261778681067,1051.962685472782,0
947.4286622252772,0.32390347448433543,958.7554566276107,1047.6719383278848,0
947.4286622252772,0.31551728709555327,958.7554566276107,1049.7517128003028,0
947.4286622252772,0.31027396466218543,958.7554566276107,1051.0520567637782,0
947.860423237878,0.33439011935107116,958.8888707805042,1045.0712504009343,0
947.860423237878,0.330197153874082,958.8888707805042,1046.1111058392278,0
948.2788011003506,0.33858334126286416,959.0181495400083,1044.0313313668098,0
948.2788011003506,0.3364908332638285,959.0181495400083,1044.5502733505707,0
948.2788011003506,0.33544047630744983,959.0181495400083,1044.8107618757524,0
948.7105621129514,0.3417344121320002,959.151563692902,1043.249865791264,0
948.7105621129514,0.3412048742621462,959.151563692902,1043.3811911829878,0
949.1355286031793,0.34016297965429304,959.2828783383824,1043.6395810457354,0
949.1355286031793,0.33963369821924283,959.2828783383824,1043.7708428416279,0
949.56728961578,0.3443559451312822,959.416292491276,1042.599725607442,0
949.56728961578,0.3417344121320002,959.416292491276,1043.249865791264,0
949.9924620006253,0.3532883386521656,959.5476707581932,1040.384492014263,0
949.9924620006253,0.3480196291732212,959.5476707581932,1041.6911319650412,0
950.4174284908534,0.3637749835189013,959.6789854036737,1037.7838040873125,0
950.4174284908534,0.3606239126497653,959.6789854036737,1038.5652696628583,0
950.4174284908534,0.3569602286078263,959.6789854036737,1039.473863305259,0
950.8423949810813,0.36325390799757284,959.8103000491541,1037.913030816602,0
950.8423949810813,0.36167426960614396,959.8103000491541,1038.3047811376764,0
951.2743618882994,0.35853166108553347,959.9437778234844,1039.0841480507877,0
951.2743618882994,0.3553890525649229,959.9437778234844,1039.8635149638992,0
951.2743618882994,0.3532883386521656,959.9437778234844,1040.384492014263,0
951.6993283785273,0.35171690617445844,960.075092468965,1040.7742072687345,0
951.6993283785273,0.35118762473940823,960.075092468965,1040.905469064627,0
951.6993283785273,0.35014547369675125,960.075092468965,1041.1639225232057,0
952.1242948687553,0.35380915773869026,960.2064071144454,1040.2553288808049,0
952.1242948687553,0.35118762473940823,960.2064071144454,1040.905469064627,0
952.5494672536007,0.37006866290864787,960.3377853813626,1036.2229715986555,0
952.5494672536007,0.36325390799757284,960.3377853813626,1037.913030816602,0
952.5494672536007,0.3574813041291548,960.3377853813626,1039.3446365759696,0
952.9744337438286,0.37845485029743003,960.469100026843,1034.1431971262375,0
952.9744337438286,0.375303779428294,960.469100026843,1034.924662701783,0
953.3996061286739,0.38474852968717654,960.6004782937601,1032.5823646375802,0
953.3996061286739,0.3831770972094694,960.6004782937601,1032.9720798920516,0
953.3996061286739,0.38054710186166185,960.6004782937601,1033.624318738308,0
953.8245726189018,0.38369817273079787,960.7317929392407,1032.8428531627621,0
953.8245726189018,0.38054710186166185,960.7317929392407,1033.624318738308,0
953.8278669327796,0.3805514612533265,960.7328108822288,1033.623237609175,0
954.2528334230076,0.37582895790648335,960.8641255277092,1034.7944184391922,0
954.2528334230076,0.37215706795082265,960.8641255277092,1035.705047148196,0
954.2528334230076,0.3679723083875552,960.8641255277092,1036.7428675198864,0
954.6848003302257,0.3663926699961263,960.9976033020397,1037.1346178409608,0
954.6848003302257,0.36482123751841916,960.9976033020397,1037.5243330954322,0
955.1029722980809,0.36219970451913713,961.126818440107,1038.174473279254,0
955.1029722980809,0.35957791508505127,961.126818440107,1038.8246770589074,0
955.1029722980809,0.3590568395637228,961.126818440107,1038.9539037881968,0
955.5347333106816,0.3643004184318945,961.2602325930005,1037.6534962288902,0
955.5347333106816,0.36062827204142994,961.2602325930005,1038.5641885337254,0
955.9531111731541,0.37425778186358,961.3895113525045,1035.1840700978323,0
955.9531111731541,0.37215706795082265,961.3895113525045,1035.705047148196,0
955.9531111731541,0.36849338390888364,961.3895113525045,1036.613640790597,0
956.3916667081277,0.376879314862862,961.5250250128114,1034.5339299140103,0
956.3916667081277,0.37530813881995867,961.5250250128114,1034.9235815726504,0
956.8166331983556,0.37845074734056916,961.6563396582918,1034.1442146595389,0
956.8166331983556,0.37635849577633734,961.6563396582918,1034.6630930474685,0
957.241805583201,0.37163599242949413,961.7877179252091,1035.8342738774854,0
957.241805583201,0.3663926699961263,961.7877179252091,1037.1346178409608,0
957.6667720734289,0.36744302695250497,961.9190325706895,1036.8741293157789,0
957.6667720734289,0.36482123751841916,961.9190325706895,1037.5243330954322,0
958.0917385636568,0.37111517334296945,962.0503472161699,1035.9634370109436,0
958.0917385636568,0.3700648163865908,962.0503472161699,1036.2239255361255,0
958.5169109485022,0.3816018182097052,962.1817254830871,1033.362749083993,0
958.5169109485022,0.37635849577633734,962.1817254830871,1034.6630930474685,0
958.5169109485022,0.3726863493858728,962.1817254830871,1035.5737853523035,0
958.9486719611031,0.3852739646001697,962.3151396359808,1032.452056779158,0
958.9486719611031,0.3837025321224625,962.3151396359808,1032.8417720336292,0
959.373638451331,0.38003038573199804,962.4464542814612,1033.7524643384645,0
959.373638451331,0.37582895790648335,962.4464542814612,1034.7944184391922,0
959.373638451331,0.3726863493858728,962.4464542814612,1035.5737853523035,0
959.7988108361762,0.37111517334296945,962.5778325483784,1035.9634370109436,0
959.7988108361762,0.3695437408652623,962.5778325483784,1036.353152265415,0
960.2237773264042,0.36849338390888364,962.7091471938588,1036.613640790597,0
960.2237773264042,0.3669219514311765,962.7091471938588,1037.0033560450684,0
960.2237773264042,0.3663926699961263,962.7091471938588,1037.1346178409608,0
960.6487438166321,0.37478706329863015,962.8404618393392,1035.0528083019399,0
960.6487438166321,0.3726863493858728,962.8404618393392,1035.5737853523035,0
961.0739162014775,0.37530813881995867,962.9718401062565,1034.9235815726504,0
961.0739162014775,0.37425778186358,962.9718401062565,1035.1840700978323,0
961.0739162014775,0.3737367063422515,962.9718401062565,1035.3132968271216,0
961.5124717364511,0.3816018182097052,963.1073537665634,1033.362749083993,0
961.5124717364511,0.3779296718192407,963.1073537665634,1034.2734413888284,0
961.9306437043061,0.3894669300771589,963.2365689046305,1031.4122013408646,0
961.9306437043061,0.3863243215565484,963.2365689046305,1032.1915682539761,0
961.9306437043061,0.38422360764379104,963.2365689046305,1032.71254530434,0
962.3626106115242,0.3968025040747586,963.370046678961,1029.5929789894599,0
962.3626106115242,0.39365989555414804,963.370046678961,1030.3723459025714,0
962.7807825793795,0.3968025040747586,963.4992618170282,1029.5929789894599,0
962.7807825793795,0.3952395339455769,963.4992618170282,1029.980595581497,0
962.7807825793795,0.3926180009462949,963.4992618170282,1030.6307357653188,0
963.2125435919803,0.39103810612006223,963.6326759699218,1031.0225496822247,0
963.2125435919803,0.3884165731207802,963.6326759699218,1031.6726898660465,0
963.6309214544527,0.38317325068741237,963.7619547294258,1032.9730338295217,0
963.6309214544527,0.37845074734056916,963.7619547294258,1034.1442146595389,0
963.6309214544527,0.37478706329863015,963.7619547294258,1035.0528083019399,0
964.0694769894263,0.37215706795082265,963.8974683897327,1035.705047148196,0
964.0694769894263,0.370594097821641,963.8974683897327,1036.092663740233,0
964.4876489572814,0.37215706795082265,964.0266835278,1035.705047148196,0
964.4876489572814,0.3700648163865908,964.0266835278,1036.2239255361255,0
964.9196158644996,0.37898002877561937,964.1601613021303,1034.0129528636464,0
964.9196158644996,0.37530813881995867,964.1601613021303,1034.9235815726504,0
965.3377878323547,0.3863243215565484,964.2893764401975,1032.1915682539761,0
965.3377878323547,0.38265217516608385,964.2893764401975,1033.1022605588112,0
965.7695488449555,0.3915676439899162,964.4227905930912,1030.8912242905008,0
965.7695488449555,0.39103810612006223,964.4227905930912,1031.0225496822247,0
965.7695488449555,0.3889458545558304,964.4227905930912,1031.541428070154,0
966.1947212298007,0.3920884630764409,964.5541688600084,1030.7620611570428,0
966.1947212298007,0.39103810612006223,964.5541688600084,1031.0225496822247,0
966.6196877200288,0.38998774916368356,964.6854835054888,1031.2830382074064,0
966.6196877200288,0.3884165731207802,964.6854835054888,1031.6726898660465,0
966.6196877200288,0.38789549759945174,964.6854835054888,1031.801916595336,0
967.0514487326296,0.38684514064307307,964.8188976583825,1032.062405120518,0
967.0514487326296,0.38317325068741237,964.8188976583825,1032.9730338295217,0
967.4698265951021,0.37898002877561937,964.9481764178865,1034.0129528636464,0
967.4698265951021,0.37478706329863015,964.9481764178865,1035.0528083019399,0
967.4698265951021,0.3726863493858728,964.9481764178865,1035.5737853523035,0
967.9015876077028,0.37425778186358,965.0815905707801,1035.1840700978323,0
967.9015876077028,0.3726863493858728,965.0815905707801,1035.5737853523035,0
968.3199654701752,0.3889458545558304,965.2108693302841,1031.541428070154,0
968.3199654701752,0.3821228937310337,965.2108693302841,1033.2335223547036,0
968.3199654701752,0.377408852732716,965.2108693302841,1034.4026045222865,0
968.758521005149,0.4072978677248236,965.346382990591,1026.9901288042438,0
968.758521005149,0.39785286103113726,965.346382990591,1029.332490464278,0
969.1834874953769,0.4141292908981459,965.4776976360714,1025.2959358572598,0
969.1834874953769,0.412532727809666,965.4776976360714,1025.691883503203,0
969.1834874953769,0.4109612953319588,965.4776976360714,1026.0815987576743,0
969.6084539856048,0.40571797289859096,965.6090122815518,1027.3819427211495,0
969.6084539856048,0.40152500742160174,965.6090122815518,1028.421798159443,0
970.0336263704501,0.39838239890099125,965.740390548469,1029.2011650725542,0
970.0336263704501,0.3973320419446126,965.740390548469,1029.4616535977361,0
970.4585928606781,0.3999535749438946,965.8717051939495,1028.811513413914,0
970.4585928606781,0.39838239890099125,965.8717051939495,1029.2011650725542,0
970.8837652455235,0.4010039319002733,966.0030834608667,1028.5510248887322,0
970.8837652455235,0.40047465046522307,966.0030834608667,1028.6822866846248,0
971.3155262581242,0.39890321798751593,966.1364976137603,1029.072001939096,0
971.3155262581242,0.3973320419446126,966.1364976137603,1029.4616535977361,0
971.7404927483522,0.39890321798751593,966.2678122592408,1029.072001939096,0
971.7404927483522,0.3973320419446126,966.2678122592408,1029.4616535977361,0
971.7404927483522,0.3962816849882339,966.2678122592408,1029.722142122918,0
972.1654592385801,0.4046676159422123,966.3991269047212,1027.6424312463314,0
972.1654592385801,0.4041467968556876,966.3991269047212,1027.7715943797896,0
972.1654592385801,0.40205428885665195,966.3991269047212,1028.2905363635505,0
972.5906316234255,0.40205428885665195,966.5305051716384,1028.2905363635505,0
972.5906316234255,0.39890321798751593,966.5305051716384,1029.072001939096,0
973.0155981136534,0.39365989555414804,966.6618198171188,1030.3723459025714,0
973.0155981136534,0.38998774916368356,966.6618198171188,1031.2830382074064,0
973.0155981136534,0.3889458545558304,966.6618198171188,1031.541428070154,0
973.4407704984986,0.39418917698919825,966.793198084036,1030.241084106679,0
973.4407704984986,0.39051728703353755,966.793198084036,1031.1517128156827,0
973.8725315110994,0.4025753643779804,966.9266122369297,1028.161309634261,0
973.8725315110994,0.39838239890099125,966.9266122369297,1029.2011650725542,0
974.2974980013273,0.4177929749400848,967.0579268824101,1024.387342214859,0
974.2974980013273,0.41360000946309566,967.0579268824101,1025.4271976531522,0
974.2974980013273,0.4072978677248236,967.0579268824101,1026.9901288042438,0
974.7292590139282,0.4198936888528422,967.1913410353038,1023.8663651644952,0
974.7292590139282,0.4183137940266095,967.1913410353038,1024.2581790814008,0
975.1476368764007,0.415171185505999,967.3206197948077,1025.0375459945124,0
975.1476368764007,0.4109612953319588,967.3206197948077,1026.0815987576743,0
975.1476368764007,0.40624751076844495,967.3206197948077,1027.2506173294257,0
975.5793978890015,0.4010039319002733,967.4540339477014,1028.5510248887322,0
975.5793978890015,0.3968025040747586,967.4540339477014,1029.5929789894599,0
975.5793978890015,0.3926180009462949,967.4540339477014,1030.6307357653188,0
975.9977757514739,0.3931388200328196,967.5833127072054,1030.5015726318609,0
975.9977757514739,0.39103810612006223,967.5833127072054,1031.0225496822247,0
976.4363312864476,0.41465036641947434,967.7188263675123,1025.1667091279703,0
976.4363312864476,0.4072978677248236,967.7188263675123,1026.9901288042438,0
976.4363312864476,0.39890321798751593,967.7188263675123,1029.072001939096,0
976.8545032543027,0.42460772985115985,967.8480415055795,1022.6972829969123,0
976.8545032543027,0.42094404580922085,967.8480415055795,1023.6058766393132,0
977.2862642669035,0.42512854893768454,967.9814556584731,1022.5681198634543,0
977.2862642669035,0.42198594041707405,967.9814556584731,1023.3474867765657,0
977.2862642669035,0.41727189941875636,967.9814556584731,1024.5165689441485,0
977.7046421293759,0.408869043767727,968.1107344179771,1026.6004771456037,0
977.7046421293759,0.4010039319002733,968.1107344179771,1028.5510248887322,0
978.1364031419766,0.3968025040747586,968.2441485708707,1029.5929789894599,0
978.1364031419766,0.39576060946690544,968.2441485708707,1029.8513688522075,0
978.1364031419766,0.39471025251052677,968.2441485708707,1030.1118573773895,0
978.5613696322047,0.4041467968556876,968.3754632163512,1027.7715943797896,0
978.5613696322047,0.40152500742160174,968.3754632163512,1028.421798159443,0
978.98654201705,0.4130789339417672,968.5068414832684,1025.5564243824417,0
978.98654201705,0.40939011928905544,968.5068414832684,1026.4712504163142,0
978.98654201705,0.40571797289859096,968.5068414832684,1027.3819427211495,0
979.4183030296508,0.41465036641947434,968.640255636162,1025.1667091279703,0
979.4183030296508,0.4109612953319588,968.640255636162,1026.0815987576743,0
979.8366808921232,0.40624751076844495,968.769534395666,1027.2506173294257,0
979.8366808921232,0.40152500742160174,968.769534395666,1028.421798159443,0
979.8366808921232,0.3968025040747586,968.769534395666,1029.5929789894599,0
980.2684419047241,0.39365989555414804,968.9029485485597,1030.3723459025714,0
980.2684419047241,0.38998774916368356,968.9029485485597,1031.2830382074064,0
980.6866138725792,0.3863243215565484,969.032163686627,1032.1915682539761,0
980.6866138725792,0.38317325068741237,969.032163686627,1032.9730338295217,0
981.1251694075528,0.3816018182097052,969.1676773469337,1033.362749083993,0
981.1251694075528,0.381072536774655,969.1676773469337,1033.4940108798855,0
981.5503417923981,0.3884165731207802,969.299055613851,1031.6726898660465,0
981.5503417923981,0.38422360764379104,969.299055613851,1032.71254530434,0
981.975308282626,0.4025753643779804,969.4303702593314,1028.161309634261,0
981.975308282626,0.39838239890099125,969.4303702593314,1029.2011650725542,0
981.975308282626,0.39418917698919825,969.4303702593314,1030.241084106679,0
982.400274772854,0.415171185505999,969.5616849048118,1025.0375459945124,0
982.400274772854,0.4072978677248236,969.5616849048118,1026.9901288042438,0
982.8254471576994,0.44085877267259194,969.693063171729,1018.6670243771972,0
982.8254471576994,0.4340440177615169,969.693063171729,1020.3570835951439,0
982.8254471576994,0.4240866543298314,969.693063171729,1022.8265097262018,0
983.2504136479273,0.453446131452085,969.8243778172094,1015.545359399883,0
983.2504136479273,0.45134541753932766,969.8243778172094,1016.0663364502468,0
983.2504136479273,0.44663163297581376,969.8243778172094,1017.2353550219982,0
983.6821746605281,0.45134541753932766,969.9577919701031,1016.0663364502468,0
983.6821746605281,0.44400984354172796,969.9577919701031,1017.8855588016515,0
984.1073470453734,0.43299366080513824,970.0891702370203,1020.6175721203258,0
984.1073470453734,0.42146486489574553,970.0891702370203,1023.4767135058552,0
984.1073470453734,0.4109612953319588,970.0891702370203,1026.0815987576743,0
984.5323135356014,0.4041467968556876,970.2204848825007,1027.7715943797896,0
984.5323135356014,0.4010039319002733,970.2204848825007,1028.5510248887322,0
984.9574859204466,0.40571797289859096,970.351863149418,1027.3819427211495,0
984.9574859204466,0.4010039319002733,970.351863149418,1028.5510248887322,0
984.9574859204466,0.3999535749438946,970.351863149418,1028.811513413914,0
985.3824524106745,0.412532727809666,970.4831777948984,1025.691883503203,0
985.3824524106745,0.40991940072410565,970.4831777948984,1026.3399886204218,0
985.8074189009025,0.4141292908981459,970.6144924403789,1025.2959358572598,0
985.8074189009025,0.4130789339417672,970.6144924403789,1025.5564243824417,0
986.2459744358762,0.41201165228833747,970.7500061006857,1025.8211102324924,0
986.2459744358762,0.4109612953319588,970.7500061006857,1026.0815987576743,0
986.6643522983486,0.408869043767727,970.8792848601897,1026.6004771456037,0
986.6643522983486,0.40624751076844495,970.8792848601897,1027.2506173294257,0
986.6643522983486,0.4031046458130306,970.8792848601897,1028.0300478383685,0
987.0961133109495,0.40047465046522307,971.0126990130833,1028.6822866846248,0
987.0961133109495,0.39838239890099125,971.0126990130833,1029.2011650725542,0
987.5144911734219,0.4046676159422123,971.1419777725873,1027.6424312463314,0
987.5144911734219,0.40047465046522307,971.1419777725873,1028.6822866846248,0
987.5144911734219,0.39890321798751593,971.1419777725873,1029.072001939096,0
987.9462521860228,0.415171185505999,971.275391925481,1025.0375459945124,0
987.9462521860228,0.40991940072410565,971.275391925481,1026.3399886204218,0
988.3712186762507,0.4230362973734527,971.4067065709614,1023.0869982513838,0
988.3712186762507,0.42198594041707405,971.4067065709614,1023.3474867765657,0
988.3712186762507,0.42041450793936685,971.4067065709614,1023.7372020310371,0
988.8029796888515,0.41727189941875636,971.540120723855,1024.5165689441485,0
988.8029796888515,0.40939011928905544,971.540120723855,1026.4712504163142,0
989.2213575513239,0.4010039319002733,971.669399483359,1028.5510248887322,0
989.2213575513239,0.3931388200328196,971.669399483359,1030.5015726318609,0
989.2213575513239,0.3852739646001697,971.669399483359,1032.452056779158,0
989.6531185639246,0.38422360764379104,971.8028136362527,1032.71254530434,0
989.6531185639246,0.3821228937310337,971.8028136362527,1033.2335223547036,0
990.0714964263972,0.42827961980682056,971.9320923957567,1021.7866542879085,0
990.0714964263972,0.40939011928905544,971.9320923957567,1026.4712504163142,0
990.0714964263972,0.39418917698919825,971.9320923957567,1030.241084106679,0
990.5032574389979,0.46288267579724585,972.0655065486503,1013.2050964022831,0
990.5032574389979,0.44663163297581376,972.0655065486503,1017.2353550219982,0
990.928223929226,0.49751086239844383,972.1968211941307,1004.617306125186,0
990.928223929226,0.49068764513884333,972.1968211941307,1006.309464005567,0
990.928223929226,0.47758767318654727,972.1968211941307,1009.5582570497363,0
991.3533963140712,0.49646050544206516,972.3281994610479,1004.8777946503678,0
991.3533963140712,0.48911646909594,972.3281994610479,1006.6991156642069,0
991.7851573266721,0.4807302817071578,972.4616136139416,1008.7788901366249,0
991.7851573266721,0.4717981446210782,972.4616136139416,1010.9940601339727,0
991.7851573266721,0.4613112433195387,972.4616136139416,1013.5948116567545,0
992.2033292945272,0.4497742414964243,972.5908287520089,1016.4559881088868,0
992.2033292945272,0.4356236561529458,972.5908287520089,1019.9653332740695,0
992.6352962017453,0.4177929749400848,972.7243065263392,1024.387342214859,0
992.6352962017453,0.39785286103113726,972.7243065263392,1029.332490464278,0
992.6352962017453,0.3805514612533265,972.7243065263392,1033.623237609175,0
993.0534681696004,0.3643004184318945,972.8535216644065,1037.6534962288902,0
993.0534681696004,0.35276316017397624,972.8535216644065,1040.514736276854,0
993.4852291822011,0.35800648260734413,972.9869358173002,1039.2143923133788,0
993.4852291822011,0.34854506408621433,972.9869358173002,1041.5608241066188,0
993.4852291822011,0.3464525560871787,972.9869358173002,1042.0797660903797,0
993.916990194802,0.38317325068741237,973.1203499701937,1032.9730338295217,0
993.916990194802,0.370594097821641,973.1203499701937,1036.092663740233,0
994.3421625796473,0.4235573728947812,973.251728237111,1022.9577715220943,0
994.3421625796473,0.4114908332018128,973.251728237111,1025.9502733659506,0
994.3421625796473,0.39785286103113726,973.251728237111,1029.332490464278,0
994.7671290698752,0.4309014092409064,973.3830428825914,1021.1364505082553,0
994.7671290698752,0.42985105228452775,973.3830428825914,1021.3969390334372,0
995.1923014547206,0.42827961980682056,973.5144211495086,1021.7866542879085,0
995.1923014547206,0.4240866543298314,973.5144211495086,1022.8265097262018,0
995.6172679449485,0.42041450793936685,973.645735794989,1023.7372020310371,0
995.6172679449485,0.4183137940266095,973.645735794989,1024.2581790814008,0
995.6172679449485,0.4156922610273275,973.645735794989,1024.9083192652229,0
996.0490289575494,0.4104404762454341,973.7791499478827,1026.2107618911323,0
996.0490289575494,0.4051971538120663,973.7791499478827,1027.5111058546076,0
996.4742013423946,0.4046676159422123,973.9105282147999,1027.6424312463314,0
996.4742013423946,0.4036257213343591,973.9105282147999,1027.900821109079,0
996.4742013423946,0.4025753643779804,973.9105282147999,1028.161309634261,0
996.8991678326225,0.4041467968556876,974.0418428602803,1027.7715943797896,0
996.8991678326225,0.4031046458130306,974.0418428602803,1028.0300478383685,0
997.3241343228505,0.415171185505999,974.1731575057607,1025.0375459945124,0
997.3241343228505,0.4078186868113483,974.1731575057607,1026.8609656707856,0
997.3241343228505,0.4036257213343591,974.1731575057607,1027.900821109079,0
997.7493067076958,0.42460772985115985,974.3045357726779,1022.6972829969123,0
997.7493067076958,0.42198594041707405,974.3045357726779,1023.3474867765657,0
998.1742731979238,0.42146486489574553,974.4358504181585,1023.4767135058552,0
998.1742731979238,0.415171185505999,974.4358504181585,1025.0375459945124,0
998.1742731979238,0.40833976233267677,974.4358504181585,1026.7317389414961,0
998.6128287328974,0.3999535749438946,974.5713640784653,1028.811513413914,0
998.6128287328974,0.3884165731207802,974.5713640784653,1031.6726898660465,0
