x,y,pixel_x,pixel_y,gap_before
0.4103465621584053,0.019395089037137502,310.12679708770696,886.7199834020263,0
0.4103465621584053,0.009435596419505242,310.12679708770696,886.8637735766933,0
0.4103465621584053,-0.0006692580983401395,310.12679708770696,887.0096624137948,0
0.4103465621584053,-0.0106287507159724,310.12679708770696,887.1534525884618,0
0.4103465621584053,-0.02044288143339154,310.12679708770696,887.2951441006945,0
0.4103465621584053,-0.030547735951236922,310.12679708770696,887.441032937796,0
0.4103465621584053,-0.04050722856886919,310.12679708770696,887.584823112463,0
0.4103465621584053,-0.05032135928628833,310.12679708770696,887.7265146246958,0
0.4103465621584053,-0.06042621380413371,310.12679708770696,887.8724034617971,0
0.4103465621584053,-0.07038570642176598,310.12679708770696,888.0161936364642,0
0.4103465621584053,-0.0801998371391851,310.12679708770696,888.157885148697,0
0.4103465621584053,-0.09030469165703049,310.12679708770696,888.3037739857983,0
0.4103465621584053,-0.10026418427466276,310.12679708770696,888.4475641604654,0
0.4103465621584053,-0.11022367689229501,310.12679708770696,888.5913543351325,0
0.4103465621584053,-0.12018316950992727,310.12679708770696,888.7351445097995,0
0.4103465621584053,-0.13014266212755954,310.12679708770696,888.8789346844666,0
0.4103465621584053,-0.1401021547451918,310.12679708770696,889.0227248591337,0
0.8758742920059845,-0.15006164736282407,310.2706451562298,889.1665150338008,0
0.8758742920059845,-0.16002113998045633,310.2706451562298,889.3103052084679,0
0.8758742920059845,-0.16998063259808857,310.2706451562298,889.4540953831349,0
0.8758742920059845,-0.17994012521572084,310.2706451562298,889.597885557802,0
0.8758742920059845,-0.1898996178333531,310.2706451562298,889.741675732469,0
0.8758742920059845,-0.20000006744513144,310.2706451562298,889.8875009737391,0
0.8758742920059845,-0.20981860306861763,310.2706451562298,890.0292560818032,0
0.8758742920059845,-0.2197780956862499,310.2706451562298,890.1730462564702,0
0.8758742920059845,-0.2298785452980282,310.2706451562298,890.3188714977402,0
0.8758742920059845,-0.2396970809215144,310.2706451562298,890.4606266058044,0
0.8758742920059845,-0.24965657353914666,310.2706451562298,890.6044167804714,0
1.334607499480733,-0.24965657353914666,310.4123937173395,890.6044167804714,0
1.334607499480733,-0.25975702315092497,310.4123937173395,890.7502420217414,0
1.334607499480733,-0.2695755587744112,310.4123937173395,890.8919971298055,0
1.334607499480733,-0.27953505139204343,310.4123937173395,891.0357873044726,0
1.334607499480733,-0.2896355010038218,310.4123937173395,891.1816125457426,0
1.334607499480733,-0.29945403662730796,310.4123937173395,891.3233676538067,0
1.334607499480733,-0.30941352924494026,310.4123937173395,891.4671578284738,0
1.334607499480733,-0.31951397885671856,310.4123937173395,891.6129830697439,0
1.334607499480733,-0.3294734714743508,310.4123937173395,891.756773244411,0
1.8001352293283122,-0.3294734714743508,310.5562417858624,891.756773244411,0
1.8001352293283122,-0.3394329640919831,310.5562417858624,891.900563419078,0
1.8001352293283122,-0.34939245670961533,310.5562417858624,892.0443535937451,0
1.8001352293283122,-0.3593519493272476,310.5562417858624,892.1881437684121,0
1.8001352293283122,-0.36931144194487986,310.5562417858624,892.3319339430792,0
1.8001352293283122,-0.37927093456251215,310.5562417858624,892.4757241177463,0
2.25897138411174,-0.3892304271801444,310.6980221576905,892.6195142924133,0
2.25897138411174,-0.3991899197977766,310.6980221576905,892.7633044670804,0
2.25897138411174,-0.4091494124154089,310.6980221576905,892.9070946417474,0
2.25897138411174,-0.41910890503304116,310.6980221576905,893.0508848164145,0
2.25897138411174,-0.42906839765067345,310.6980221576905,893.1946749910816,0
2.7244991139593195,-0.4390278902683057,310.8418702262134,893.3384651657486,0
2.7244991139593195,-0.448987382885938,310.8418702262134,893.4822553404157,0
2.7244991139593195,-0.4589468755035702,310.8418702262134,893.6260455150828,0
2.7244991139593195,-0.46890636812120245,310.8418702262134,893.7698356897498,0
3.183232321434068,-0.47886586073883475,310.9836187873231,893.9136258644169,0
3.183232321434068,-0.488825353356467,310.9836187873231,894.0574160390839,0
3.183232321434068,-0.4987848459740993,310.9836187873231,894.201206213751,0
3.183232321434068,-0.5087443385917315,310.9836187873231,894.3449963884182,0
3.648760051281647,-0.5087443385917315,311.127466855846,894.3449963884182,0
3.648760051281647,-0.5188491931095769,311.127466855846,894.4908852255195,0
3.648760051281647,-0.5286633238269961,311.127466855846,894.6325767377523,0
3.648760051281647,-0.5387681783448415,311.127466855846,894.7784655748536,0
4.107596206065075,-0.5387681783448415,311.2692472276741,894.7784655748536,0
4.107596206065075,-0.5487276709624737,311.2692472276741,894.9222557495207,0
4.107596206065075,-0.5585418016798929,311.2692472276741,895.0639472617535,0
4.107596206065075,-0.5686466561977382,311.2692472276741,895.2098360988548,0
4.573123935912654,-0.5686466561977382,311.413095296197,895.2098360988548,0
4.573123935912654,-0.5786061488153704,311.413095296197,895.3536262735219,0
4.573123935912654,-0.5884202795327896,311.413095296197,895.4953177857547,0
4.573123935912654,-0.598525134050635,311.413095296197,895.641206622856,0
5.038651665760233,-0.598525134050635,311.5569433647199,895.641206622856,0
5.038651665760233,-0.6084846266682673,311.5569433647199,895.7849967975231,0
5.038651665760233,-0.6184441192858995,311.5569433647199,895.9287869721902,0
5.4973848732349815,-0.6284036119035318,311.6986919258296,896.0725771468573,0
5.4973848732349815,-0.6383631045211641,311.6986919258296,896.2163673215243,0
5.4973848732349815,-0.6483225971387963,311.6986919258296,896.3601574961914,0
5.95622102801841,-0.6483225971387963,311.8404722976577,896.3601574961914,0
5.95622102801841,-0.6582820897564285,311.8404722976577,896.5039476708585,0
5.95622102801841,-0.6682415823740608,311.8404722976577,896.6477378455255,0
6.4217487578659895,-0.6782010749916931,311.98432036618055,896.7915280201926,0
6.4217487578659895,-0.6881605676093253,311.98432036618055,896.9353181948596,0
6.4217487578659895,-0.6981200602269576,311.98432036618055,897.0791083695267,0
6.880481965340738,-0.6981200602269576,312.1260689272903,897.0791083695267,0
6.880481965340738,-0.7080795528445899,312.1260689272903,897.2228985441938,0
6.880481965340738,-0.7180390454622221,312.1260689272903,897.3666887188608,0
7.346009695188317,-0.7180390454622221,312.26991699581316,897.3666887188608,0
7.346009695188317,-0.7279985380798544,312.26991699581316,897.5104788935279,0
7.346009695188317,-0.7379580306974867,312.26991699581316,897.6542690681949,0
7.811537425035896,-0.7379580306974867,312.4137650643361,897.6542690681949,0
7.811537425035896,-0.747917523315119,312.4137650643361,897.798059242862,0
7.811537425035896,-0.7578770159327511,312.4137650643361,897.941849417529,0
8.270270632510645,-0.7578770159327511,312.55551362544577,897.941849417529,0
8.270270632510645,-0.7679774655445295,312.55551362544577,898.0876746587992,0
8.270270632510645,-0.7777960011680157,312.55551362544577,898.2294297668632,0
8.735798362358224,-0.7877554937856479,312.6993616939687,898.3732199415302,0
8.735798362358224,-0.7978559433974263,312.6993616939687,898.5190451828004,0
9.194634517141653,-0.8076744790209125,312.84114206579676,898.6608002908644,0
9.194634517141653,-0.8176339716385448,312.84114206579676,898.8045904655315,0
9.66016224698923,-0.8176339716385448,312.9849901343197,898.8045904655315,0
9.66016224698923,-0.827734421250323,312.9849901343197,898.9504157068016,0
9.66016224698923,-0.8375529568738093,312.9849901343197,899.0921708148657,0
10.11889545446398,-0.8475124494914416,313.12673869542937,899.2359609895327,0
10.11889545446398,-0.8576128991032198,313.12673869542937,899.3817862308027,0
10.584423184311557,-0.8675723917208521,313.2705867639523,899.5255764054698,0
10.584423184311557,-0.8775318843384844,313.2705867639523,899.6693665801369,0
11.049950914159139,-0.8775318843384844,313.41443483247514,899.6693665801369,0
11.049950914159139,-0.8874913769561167,313.41443483247514,899.8131567548039,0
11.049950914159139,-0.8974508695737489,313.41443483247514,899.956946929471,0
11.508787068942567,-0.8974508695737489,313.5562152043032,899.956946929471,0
11.508787068942567,-0.9077010859918074,313.5562152043032,900.1049344290067,0
11.967520276417314,-0.9178059405096528,313.69796376541296,900.2508232661081,0
11.967520276417314,-0.927765433127285,313.69796376541296,900.3946134407752,0
11.967520276417314,-0.9377249257449173,313.69796376541296,900.5384036154422,0
12.433048006264894,-0.9377249257449173,313.8418118339358,900.5384036154422,0
12.433048006264894,-0.9476844183625496,313.8418118339358,900.6821937901093,0
12.898575736112472,-0.9476844183625496,313.98565990245874,900.6821937901093,0
12.898575736112472,-0.9576439109801819,313.98565990245874,900.8259839647764,0
13.3574118908959,-0.9576439109801819,314.1274402742868,900.8259839647764,0
13.3574118908959,-0.967603403597814,314.1274402742868,900.9697741394434,0
13.3574118908959,-0.9775628962154463,314.1274402742868,901.1135643141105,0
13.816145098370649,-0.9775628962154463,314.2691888353965,901.1135643141105,0
13.816145098370649,-0.9875223888330786,314.2691888353965,901.2573544887775,0
13.816145098370649,-0.9974818814507108,314.2691888353965,901.4011446634446,0
14.281672828218229,-1.0074413740683432,314.4130369039194,901.5449348381117,0
14.281672828218229,-1.0174008666859753,314.4130369039194,901.6887250127787,0
14.747200558065808,-1.0174008666859753,314.55688497244233,901.6887250127787,0
14.747200558065808,-1.0273603593036076,314.55688497244233,901.8325151874458,0
15.205933765540555,-1.0373198519212399,314.698633533552,901.9763053621128,0
15.205933765540555,-1.0472793445388722,314.698633533552,902.1200955367799,0
15.671461495388135,-1.0472793445388722,314.84248160207494,902.1200955367799,0
15.671461495388135,-1.0572388371565045,314.84248160207494,902.2638857114471,0
15.671461495388135,-1.0671983297741368,314.84248160207494,902.4076758861141,0
16.130297650171563,-1.0671983297741368,314.984261973903,902.4076758861141,0
16.130297650171563,-1.0771534174857018,314.984261973903,902.5514024649498,0
16.595825380019143,-1.087112910103334,315.12811004242593,902.6951926396168,0
16.595825380019143,-1.0970724027209664,315.12811004242593,902.8389828142839,0
17.05455858749389,-1.0970724027209664,315.2698586035356,902.8389828142839,0
17.05455858749389,-1.1070318953385987,315.2698586035356,902.982772988951,0
17.05455858749389,-1.116991387956231,315.2698586035356,903.1265631636181,0
17.52008631734147,-1.116991387956231,315.4137066720585,903.1265631636181,0
17.52008631734147,-1.1269508805738633,315.4137066720585,903.2703533382852,0
17.9789224721249,-1.1369103731914953,315.55548704388656,903.4141435129523,0
17.9789224721249,-1.1468698658091276,315.55548704388656,903.5579336876193,0
18.44445020197248,-1.15682935842676,315.69933511240947,903.7017238622864,0
18.44445020197248,-1.1669342129446054,315.69933511240947,903.8476126993877,0
18.903183409447227,-1.1669342129446054,315.84108367351917,903.8476126993877,0
18.903183409447227,-1.1767483436620245,315.84108367351917,903.9893042116205,0
19.368711139294806,-1.1867078362796568,315.9849317420421,904.1330943862876,0
19.368711139294806,-1.196812690797502,315.9849317420421,904.2789832233889,0
19.827547294078233,-1.196812690797502,316.12671211387016,904.2789832233889,0
19.827547294078233,-1.2067721834151344,316.12671211387016,904.4227733980559,0
20.293075023925812,-1.2165863141325535,316.27056018239307,904.5644649102887,0
20.293075023925812,-1.226691168650399,316.27056018239307,904.7103537473902,0
20.758602753773392,-1.226691168650399,316.414408250916,904.7103537473902,0
20.758602753773392,-1.2366506612680312,316.414408250916,904.8541439220572,0
21.21733596124814,-1.2466101538856635,316.5561568120257,904.9979340967243,0
21.21733596124814,-1.2565696465032956,316.5561568120257,905.1417242713914,0
21.67606916872289,-1.2565696465032956,316.69790537313537,905.1417242713914,0
21.67606916872289,-1.266529139120928,316.69790537313537,905.2855144460584,0
21.67606916872289,-1.2764886317385602,316.69790537313537,905.4293046207255,0
22.141596898570466,-1.2764886317385602,316.8417534416583,905.4293046207255,0
22.141596898570466,-1.2864481243561925,316.8417534416583,905.5730947953925,0
22.607124628418045,-1.2964076169738248,316.98560151018114,905.7168849700596,0
22.607124628418045,-1.306367109591457,316.98560151018114,905.8606751447267,0
23.065960783201476,-1.306367109591457,317.1273818820092,905.8606751447267,0
23.065960783201476,-1.3163266022090894,317.1273818820092,906.0044653193937,0
23.531488513049055,-1.3163266022090894,317.27122995053213,906.0044653193937,0
23.531488513049055,-1.3262860948267214,317.27122995053213,906.1482554940608,0
23.531488513049055,-1.3362455874443537,317.27122995053213,906.2920456687278,0
23.990221720523802,-1.3362455874443537,317.4129785116418,906.2920456687278,0
23.990221720523802,-1.346205080061986,317.4129785116418,906.4358358433949,0
24.455749450371382,-1.3561645726796183,317.55682658016474,906.579626018062,0
24.455749450371382,-1.3661240652972506,317.55682658016474,906.723416192729,0
24.914585605154812,-1.376083557914883,317.6986069519928,906.8672063673961,0
25.380113335002388,-1.3860430505325152,317.84245502051573,907.0109965420631,0
25.380113335002388,-1.3960025431501473,317.84245502051573,907.1547867167302,0
25.845641064849968,-1.3960025431501473,317.98630308903864,907.1547867167302,0
25.845641064849968,-1.4059620357677796,317.98630308903864,907.2985768913973,0
26.30437427232472,-1.4159215283854119,318.12805165014834,907.4423670660643,0
26.30437427232472,-1.4260263829032573,318.12805165014834,907.5882559031658,0
26.769902002172294,-1.4260263829032573,318.27189971867125,907.5882559031658,0
26.769902002172294,-1.4359858755208896,318.27189971867125,907.7320460778328,0
27.228738156955725,-1.4359858755208896,318.4136800904993,907.7320460778328,0
27.228738156955725,-1.4458000062383087,318.4136800904993,907.8737375900656,0
27.694265886803304,-1.455904860756154,318.5575281590222,908.0196264271669,0
27.694265886803304,-1.4658643533737863,318.5575281590222,908.163416601834,0
28.15299909427805,-1.4756784840912054,318.69927672013193,908.3051081140668,0
28.15299909427805,-1.4857833386090509,318.69927672013193,908.4509969511681,0
28.61852682412563,-1.4857833386090509,318.8431247886548,908.4509969511681,0
28.61852682412563,-1.4957428312266832,318.8431247886548,908.5947871258352,0
29.08405455397321,-1.5055569619441023,318.9869728571777,908.736478638068,0
29.08405455397321,-1.5156618164619475,318.9869728571777,908.8823674751694,0
29.53609618638381,-1.5156618164619475,319.12665372159256,908.8823674751694,0
29.53609618638381,-1.5256213090795798,319.12665372159256,909.0261576498365,0
30.001623916231388,-1.5256213090795798,319.2705017901155,909.0261576498365,0
30.001623916231388,-1.535435439796999,319.2705017901155,909.1678491620692,0
30.467151646078968,-1.5455402943148444,319.4143498586384,909.3137379991706,0
30.467151646078968,-1.5554997869324767,319.4143498586384,909.4575281738377,0
30.925884853553715,-1.5554997869324767,319.5560984197481,909.4575281738377,0
30.925884853553715,-1.5653139176498958,319.5560984197481,909.5992196860703,0
31.391412583401294,-1.5754187721677413,319.699946488271,909.7451085231718,0
31.391412583401294,-1.5853782647853734,319.699946488271,909.8888986978388,0
31.85694031324887,-1.5853782647853734,319.8437945567939,909.8888986978388,0
31.85694031324887,-1.5953377574030057,319.8437945567939,910.0326888725059,0
32.3157764680323,-1.605297250020638,319.985574928622,910.176479047173,0
32.78130419787988,-1.6152567426382702,320.12942299714484,910.32026922184,0
32.78130419787988,-1.6252162352559025,320.12942299714484,910.4640593965071,0
33.24003740535463,-1.6252162352559025,320.2711715582546,910.4640593965071,0
33.24003740535463,-1.6351757278735348,320.2711715582546,910.6078495711741,0
33.705565135202214,-1.6451352204911671,320.41501962677745,910.7516397458412,0
34.16440128998563,-1.6552356701029454,320.5567999986055,910.8974649871112,0
34.16440128998563,-1.6650542057264315,320.5567999986055,911.0392200951753,0
34.62992901983321,-1.6650542057264315,320.70064806712844,911.0392200951753,0
34.62992901983321,-1.6750136983440638,320.70064806712844,911.1830102698424,0
35.088662227307964,-1.684973190961696,320.84239662823813,911.3268004445094,0
35.088662227307964,-1.6949326835793284,320.84239662823813,911.4705906191765,0
35.55418995715554,-1.6949326835793284,320.98624469676105,911.4705906191765,0
35.55418995715554,-1.7048921761969607,320.98624469676105,911.6143807938436,0
36.012923164630294,-1.714992625808739,321.12799325787074,911.7602060351137,0
36.012923164630294,-1.724806756526158,321.12799325787074,911.9018975473464,0
36.47845089447787,-1.724806756526158,321.27184132639366,911.9018975473464,0
36.943978624325446,-1.7347706540498573,321.41568939491657,912.0457513178449,0
36.943978624325446,-1.7448711036616358,321.41568939491657,912.1915765591149,0
37.40281477910887,-1.7448711036616358,321.55746976674465,912.1915765591149,0
37.40281477910887,-1.7548305962792679,321.55746976674465,912.3353667337819,0
37.86154798658362,-1.7646447269966872,321.69921832785434,912.4770582460146,0
37.86154798658362,-1.7747495815145324,321.69921832785434,912.6229470831161,0
38.32707571643121,-1.7747495815145324,321.84306639637725,912.6229470831161,0
38.32707571643121,-1.7847090741321647,321.84306639637725,912.7667372577831,0
38.78591187121464,-1.7847090741321647,321.98484676820533,912.7667372577831,0
38.78591187121464,-1.7945232048495838,321.98484676820533,912.9084287700159,0
39.251439601062216,-1.8046280593674293,322.1286948367282,913.0543176071172,0
39.251439601062216,-1.8145875519850616,322.1286948367282,913.1981077817843,0
39.71017280853696,-1.8145875519850616,322.27044339783794,913.1981077817843,0
39.71017280853696,-1.8245470446026937,322.27044339783794,913.3418979564514,0
40.17570053838454,-1.8245470446026937,322.4142914663608,913.3418979564514,0
40.17570053838454,-1.834506537220326,322.4142914663608,913.4856881311184,0
40.634536693167966,-1.8444660298379583,322.55607183818887,913.6294783057855,0
40.634536693167966,-1.8544255224555906,322.55607183818887,913.7732684804525,0
41.100064423015546,-1.8544255224555906,322.6999199067118,913.7732684804525,0
41.100064423015546,-1.8643850150732229,322.6999199067118,913.9170586551196,0
41.565592152863125,-1.8743445076908551,322.8437679752347,914.0608488297867,0
41.565592152863125,-1.8843040003084874,322.8437679752347,914.2046390044537,0
42.02432536033787,-1.8843040003084874,322.9855165363444,914.2046390044537,0
42.02432536033787,-1.8942634929261195,322.9855165363444,914.3484291791209,0
42.489853090185456,-1.8942634929261195,323.1293646048673,914.3484291791209,0
42.489853090185456,-1.9042229855437518,323.1293646048673,914.492219353788,0
42.948586297660206,-1.9042229855437518,323.271113165977,914.492219353788,0
42.948586297660206,-1.914182478161384,323.271113165977,914.636009528455,0
43.414114027507786,-1.914182478161384,323.4149612344999,914.636009528455,0
43.414114027507786,-1.9241419707790164,323.4149612344999,914.7797997031221,0
43.87295018229121,-1.9341014633966487,323.556741606328,914.9235898777891,0
43.87295018229121,-1.944060956014281,323.556741606328,915.0673800524562,0
44.33847791213879,-1.944060956014281,323.70058967485085,915.0673800524562,0
44.33847791213879,-1.9540204486319133,323.70058967485085,915.2111702271233,0
44.804005641986365,-1.9540204486319133,323.84443774337376,915.2111702271233,0
44.804005641986365,-1.9639799412495456,323.84443774337376,915.3549604017903,0
45.262738849461115,-1.9740847957673908,323.98618630448345,915.5008492388916,0
45.72157500424454,-1.98389892648481,324.12796667631153,915.6425407511244,0
46.18710273409212,-1.9938584191024422,324.27181474483444,915.7863309257915,0
46.18710273409212,-2.0038179117200743,324.27181474483444,915.9301211004586,0
46.6526304639397,-2.0038179117200743,324.41566281335736,915.9301211004586,0
46.6526304639397,-2.0137774043377066,324.41566281335736,916.0739112751256,0
47.111363671414445,-2.0137774043377066,324.55741137446705,916.0739112751256,0
47.111363671414445,-2.023736896955339,324.55741137446705,916.2177014497927,0
47.57689140126203,-2.0338417514731844,324.70125944298997,916.3635902868941,0
48.03572755604546,-2.0436558821906035,324.84303981481804,916.5052817991268,0
48.49446076352021,-2.053760736708449,324.98478837592774,916.6511706362282,0
48.95998849336779,-2.0637202293260812,325.12863644445065,916.7949608108953,0
48.95998849336779,-2.0736797219437135,325.12863644445065,916.9387509855624,0
49.42551622321537,-2.0736797219437135,325.27248451297356,916.9387509855624,0
49.42551622321537,-2.083639214561346,325.27248451297356,917.0825411602294,0
49.88424943069011,-2.083639214561346,325.41423307408326,917.0825411602294,0
49.88424943069011,-2.093598707178978,325.41423307408326,917.2263313348965,0
50.34977716053769,-2.093598707178978,325.5580811426061,917.2263313348965,0
50.34977716053769,-2.1035581997966104,325.5580811426061,917.3701215095635,0
50.80861331532112,-2.1035581997966104,325.6998615144342,917.3701215095635,0
50.80861331532112,-2.1135176924142427,325.6998615144342,917.5139116842306,0
51.2741410451687,-2.1135176924142427,325.8437095829571,917.5139116842306,0
51.2741410451687,-2.123763503926234,325.8437095829571,917.661835587935,0
51.73287425264345,-2.133722996543866,325.9854581440668,917.8056257626021,0
52.198401982491035,-2.1436824891614985,326.1293062125897,917.9494159372691,0
52.198401982491035,-2.153641981779131,326.1293062125897,918.0932061119362,0
52.66392971233861,-2.153641981779131,326.2731542811126,918.0932061119362,0
52.66392971233861,-2.163601474396763,326.2731542811126,918.2369962866032,0
53.122765867122034,-2.163601474396763,326.4149346529407,918.2369962866032,0
53.122765867122034,-2.1735609670143954,326.4149346529407,918.3807864612703,0
53.581499074596785,-2.1735609670143954,326.5566832140504,918.3807864612703,0
53.581499074596785,-2.1835204596320277,326.5566832140504,918.5245766359374,0
54.047026804444364,-2.19347995224966,326.7005312825733,918.6683668106044,0
54.512554534291944,-2.203439444867292,326.8443793510962,918.8121569852715,0
54.97139068907537,-2.213398937484924,326.9861597229243,918.9559471599385,0
54.97139068907537,-2.2233584301025564,326.9861597229243,919.0997373346056,0
55.43691841892295,-2.2233584301025564,327.13000779144716,919.0997373346056,0
55.43691841892295,-2.2333179227201887,327.13000779144716,919.2435275092727,0
55.895651626397694,-2.2333179227201887,327.27175635255685,919.2435275092727,0
55.895651626397694,-2.243277415337821,327.27175635255685,919.3873176839398,0
56.35448778118113,-2.243277415337821,327.413536724385,919.3873176839398,0
56.35448778118113,-2.2532369079554533,327.413536724385,919.5311078586069,0
56.82001551102871,-2.2532369079554533,327.55738479290784,919.5311078586069,0
56.82001551102871,-2.2631964005730856,327.55738479290784,919.674898033274,0
57.28554324087629,-2.273155893190718,327.70123286143075,919.818688207941,0
57.74427644835104,-2.2832607477085634,327.84298142254045,919.9645770450423,0
58.20980417819861,-2.2930748784259825,327.98682949106336,920.1062685572751,0
58.20980417819861,-2.3030343710436147,327.98682949106336,920.2500587319422,0
58.66853738567336,-2.3030343710436147,328.12857805217305,920.2500587319422,0
58.66853738567336,-2.31313922556146,328.12857805217305,920.3959475690435,0
59.13406511552094,-2.31313922556146,328.27242612069597,920.3959475690435,0
59.13406511552094,-2.323098718179092,328.27242612069597,920.5397377437106,0
59.59290127030437,-2.323098718179092,328.41420649252404,920.5397377437106,0
59.59290127030437,-2.3329128488965116,328.41420649252404,920.6814292559434,0
60.058429000151946,-2.3329128488965116,328.55805456104696,920.6814292559434,0
60.058429000151946,-2.3430177034143567,328.55805456104696,920.8273180930448,0
60.51716220762669,-2.3430177034143567,328.69980312215665,920.8273180930448,0
60.51716220762669,-2.352977196031989,328.69980312215665,920.9711082677119,0
60.98268993747427,-2.352977196031989,328.84365119067957,920.9711082677119,0
60.98268993747427,-2.362791326749408,328.84365119067957,921.1127997799446,0
61.4415260922577,-2.362791326749408,328.98543156250764,921.1127997799446,0
61.4415260922577,-2.3728961812672535,328.98543156250764,921.258688617046,0
61.920539919542264,-2.382855673884886,329.13344683513856,921.4024787917131,0
62.386067649389844,-2.392669804602305,329.27729490366147,921.5441703039457,0
62.84480085686459,-2.4027746591201504,329.41904346477116,921.6900591410472,0
63.30363701164803,-2.4027746591201504,329.56082383659924,921.6900591410472,0
63.30363701164803,-2.4127341517377827,329.56082383659924,921.8338493157142,0
63.7691647414956,-2.422693644355415,329.70467190512215,921.9776394903813,0
64.22789794897035,-2.4326531369730473,329.84642046623185,922.1214296650484,0
64.22789794897035,-2.4426126295906796,329.84642046623185,922.2652198397154,0
64.69342567881793,-2.4426126295906796,329.9902685347547,922.2652198397154,0
65.15895340866551,-2.452572122208312,330.1341166032776,922.4090100143825,0
65.15895340866551,-2.4625316148259437,330.1341166032776,922.5528001890495,0
65.61768661614026,-2.4625316148259437,330.2758651643873,922.5528001890495,0
65.61768661614026,-2.472491107443576,330.2758651643873,922.6965903637166,0
66.08321434598784,-2.472491107443576,330.4197132329102,922.6965903637166,0
66.08321434598784,-2.4824506000612083,330.4197132329102,922.8403805383837,0
66.54205050077127,-2.4824506000612083,330.5614936047383,922.8403805383837,0
67.00757823061885,-2.4924100926788406,330.7053416732612,922.9841707130507,0
67.00757823061885,-2.502369585296473,330.7053416732612,923.1279608877178,0
67.46631143809358,-2.502369585296473,330.8470902343709,923.1279608877178,0
67.46631143809358,-2.5124744398143184,330.8470902343709,923.2738497248192,0
67.93183916794116,-2.5124744398143184,330.9909383028938,923.2738497248192,0
67.93183916794116,-2.5222885705317375,330.9909383028938,923.4155412370519,0
68.39067532272459,-2.5222885705317375,331.1327186747219,923.4155412370519,0
68.39067532272459,-2.53224806314937,331.1327186747219,923.559331411719,0
68.85620305257217,-2.53224806314937,331.2765667432448,923.559331411719,0
68.85620305257217,-2.5423485127611483,331.2765667432448,923.7051566529891,0
69.31493626004692,-2.5423485127611483,331.4183153043545,923.7051566529891,0
69.31493626004692,-2.5521670483846344,331.4183153043545,923.8469117610532,0
69.7804639898945,-2.5521670483846344,331.56216337287736,923.8469117610532,0
69.7804639898945,-2.5621265410022667,331.56216337287736,923.9907019357203,0
70.24599171974208,-2.5621265410022667,331.7060114414003,923.9907019357203,0
70.7048278745255,-2.5621265410022667,331.84779181322835,923.9907019357203,0
70.7048278745255,-2.5722269906140447,331.84779181322835,924.1365271769903,0
71.16356108200026,-2.5722269906140447,331.98954037433805,924.1365271769903,0
73.93644684127592,-2.5521670483846344,332.84636207395425,923.8469117610532,0
74.4019745711235,-2.5621265410022667,332.99021014247717,923.9907019357203,0
74.86750230097108,-2.5722269906140447,333.134058211,924.1365271769903,0
75.32633845575451,-2.5820455262375313,333.27583858282816,924.2782822850544,0
75.79186618560209,-2.5920050188551635,333.419686651351,924.4220724597214,0
76.25059939307684,-2.5920050188551635,333.5614352124607,924.4220724597214,0
76.25059939307684,-2.6021054684669416,333.5614352124607,924.5678977009915,0
76.71612712292442,-2.6021054684669416,333.7052832809836,924.5678977009915,0
76.71612712292442,-2.6119240040904277,333.7052832809836,924.7096528090556,0
77.17496327770785,-2.6119240040904277,333.8470636528117,924.7096528090556,0
77.17496327770785,-2.62188349670806,333.8470636528117,924.8534429837226,0
77.64049100755543,-2.62188349670806,333.9909117213346,924.8534429837226,0
77.64049100755543,-2.6319839463198385,333.9909117213346,924.9992682249926,0
78.106018737403,-2.6319839463198385,334.1347597898575,924.9992682249926,0
78.106018737403,-2.6418024819433246,334.1347597898575,925.1410233330568,0
78.56475194487774,-2.6418024819433246,334.2765083509672,925.1410233330568,0
78.56475194487774,-2.651761974560957,334.2765083509672,925.2848135077238,0
79.02348515235249,-2.651761974560957,334.4182569120769,925.2848135077238,0
79.02348515235249,-2.6618624241727353,334.4182569120769,925.4306387489938,0
79.48901288220007,-2.6618624241727353,334.5621049805998,925.4306387489938,0
79.48901288220007,-2.6718219167903676,334.5621049805998,925.5744289236609,0
79.95454061204765,-2.6718219167903676,334.70595304912274,925.5744289236609,0
79.95454061204765,-2.681781409408,334.70595304912274,925.718219098328,0
80.41337676683108,-2.681781409408,334.8477334209508,925.718219098328,0
80.41337676683108,-2.691740902025632,334.8477334209508,925.862009272995,0
80.87890449667866,-2.691740902025632,334.9915814894737,925.862009272995,0
81.33763770415341,-2.701700394643264,335.13333005058337,926.0057994476621,0
81.79647385893685,-2.7116598872608964,335.27511042241144,926.1495896223292,0
82.26200158878443,-2.7216193798785286,335.41895849093436,926.2933797969963,0
82.72752931863201,-2.731578872496161,335.5628065594573,926.4371699716634,0
83.18626252610676,-2.7415383651137932,335.70455512056697,926.5809601463304,0
83.65179025595432,-2.7514978577314255,335.8484031890899,926.7247503209975,0
84.11062641073775,-2.7514978577314255,335.99018356091796,926.7247503209975,0
84.11062641073775,-2.761457350349058,335.99018356091796,926.8685404956645,0
84.57615414058533,-2.761457350349058,336.13403162944087,926.8685404956645,0
84.57615414058533,-2.77141684296669,336.13403162944087,927.0123306703316,0
85.03488734806008,-2.77141684296669,336.27578019055056,927.0123306703316,0
85.50041507790766,-2.77141684296669,336.4196282590735,927.0123306703316,0
85.50041507790766,-2.7813763355843224,336.4196282590735,927.1561208449987,0
85.96594280775524,-2.7913358282019547,336.56347632759633,927.2999110196657,0
86.42467601522999,-2.7913358282019547,336.705224888706,927.2999110196657,0
86.42467601522999,-2.801295320819587,336.705224888706,927.4437011943328,0
86.88351217001342,-2.801295320819587,336.84700526053416,927.4437011943328,0
86.88351217001342,-2.8112548134372193,336.84700526053416,927.5874913689998,0
87.349039899861,-2.8112548134372193,336.990853329057,927.5874913689998,0
87.349039899861,-2.8212143060548516,336.990853329057,927.7312815436669,0
87.81456762970858,-2.8212143060548516,337.13470139757993,927.7312815436669,0
87.81456762970858,-2.8313191605726966,337.13470139757993,927.8771703807683,0
88.27330083718333,-2.8313191605726966,337.2764499586896,927.8771703807683,0
88.7388285670309,-2.8411332912901157,337.42029802721254,928.018861893001,0
89.19766472181432,-2.851092783907748,337.5620783990406,928.1626520676681,0
89.6631924516619,-2.8611976384255935,337.70592646756353,928.3085409047695,0
90.12192565913665,-2.8611976384255935,337.8476750286732,928.3085409047695,0
90.12192565913665,-2.8710117691430126,337.8476750286732,928.4502324170022,0
90.58745338898423,-2.8710117691430126,337.99152309719614,928.4502324170022,0
90.58745338898423,-2.880971261760645,337.99152309719614,928.5940225916693,0
91.04628954376767,-2.880971261760645,338.1333034690242,928.5940225916693,0
91.04628954376767,-2.8910761162784904,338.1333034690242,928.7399114287707,0
91.51181727361525,-2.8910761162784904,338.27715153754707,928.7399114287707,0
91.51181727361525,-2.9008902469959095,338.27715153754707,928.8816029410034,0
91.97055048109,-2.9008902469959095,338.4189000986568,928.8816029410034,0
91.97055048109,-2.9108497396135418,338.4189000986568,929.0253931156705,0
92.43607821093758,-2.9108497396135418,338.5627481671797,929.0253931156705,0
92.89481141841233,-2.9209545941313872,338.70449672828937,929.1712819527719,0
93.36033914825991,-2.9309140867490195,338.8483447968123,929.315072127439,0
93.81917530304334,-2.9309140867490195,338.99012516864036,929.315072127439,0
93.81917530304334,-2.940873579366652,338.99012516864036,929.458862302106,0
94.2847030328909,-2.940873579366652,339.1339732371633,929.458862302106,0
94.2847030328909,-2.950833071984284,339.1339732371633,929.6026524767731,0
94.74343624036565,-2.950833071984284,339.27572179827297,929.6026524767731,0
95.20896397021323,-2.960792564601916,339.4195698667959,929.7464426514401,0
95.67449170006081,-2.9707520572195483,339.5634179353188,929.8902328261072,0
96.13332785484424,-2.9707520572195483,339.7051983071469,929.8902328261072,0
96.13332785484424,-2.9807115498371806,339.7051983071469,930.0340230007743,0
96.59885558469182,-2.9807115498371806,339.8490463756698,930.0340230007743,0
97.05758879216657,-2.990671042454813,339.9907949367795,930.1778131754413,0
97.52311652201415,-3.000630535072445,340.13464300530234,930.3216033501084,0
97.98195267679758,-3.000630535072445,340.2764233771304,930.3216033501084,0
97.98195267679758,-3.0105900276900774,340.2764233771304,930.4653935247755,0
98.44748040664516,-3.0105900276900774,340.4202714456533,930.4653935247755,0
98.44748040664516,-3.0205495203077097,340.4202714456533,930.6091836994426,0
98.9062136141199,-3.0205495203077097,340.562020006763,930.6091836994426,0
98.9062136141199,-3.030509012925342,340.562020006763,930.7529738741097,0
99.37174134396749,-3.030509012925342,340.70586807528593,930.7529738741097,0
99.37174134396749,-3.0404685055429743,340.70586807528593,930.8967640487767,0
99.83057749875091,-3.0404685055429743,340.847648447114,930.8967640487767,0
100.29610522859849,-3.0504279981606066,340.9914965156369,931.0405542234438,0
100.76153001113738,-3.060387490778239,341.13531277344146,931.1843443981109,0
101.22036616592082,-3.060387490778239,341.27709314526953,931.1843443981109,0
101.67909937339557,-3.070346983395871,341.4188417063792,931.3281345727779,0
102.14462710324315,-3.0803064760135035,341.56268977490214,931.471924747445,0
102.60346325802658,-3.0803064760135035,341.7044701467302,931.471924747445,0
102.60346325802658,-3.090265968631136,341.7044701467302,931.615714922112,0
103.06899098787416,-3.090265968631136,341.8483182152531,931.615714922112,0
103.53451871772174,-3.1002254612487676,341.992166283776,931.7595050967791,0
103.99325192519649,-3.1002254612487676,342.1339148448857,931.7595050967791,0
103.99325192519649,-3.1101849538664,342.1339148448857,931.9032952714462,0
104.45208807997992,-3.1101849538664,342.27569521671376,931.9032952714462,0
104.45208807997992,-3.120144446484032,342.27569521671376,932.0470854461132,0
104.9176158098275,-3.120144446484032,342.41954328523667,932.0470854461132,0
104.9176158098275,-3.1301039391016645,342.41954328523667,932.1908756207803,0
105.38314353967506,-3.1301039391016645,342.5633913537596,932.1908756207803,0
105.84187674714981,-3.14020879361951,342.7051399148693,932.3367644578817,0
106.30740447699739,-3.14020879361951,342.8489879833922,932.3367644578817,0
106.30740447699739,-3.150022924336929,342.8489879833922,932.4784559701144,0
106.76613768447214,-3.150022924336929,342.9907365445019,932.4784559701144,0
106.76613768447214,-3.1599824169545614,342.9907365445019,932.6222461447815,0
107.23166541431972,-3.1599824169545614,343.1345846130248,932.6222461447815,0
107.69050156910315,-3.1599824169545614,343.2763649848529,932.6222461447815,0
107.69050156910315,-3.17008286656634,343.2763649848529,932.7680713860515,0
108.15602929895073,-3.17008286656634,343.4202130533758,932.7680713860515,0
108.15602929895073,-3.180046764090039,343.4202130533758,932.91192515655,0
108.6215570287983,-3.180046764090039,343.56406112189865,932.91192515655,0
108.6215570287983,-3.1900018518016044,343.56406112189865,933.0556517353857,0
109.08029023627306,-3.1900018518016044,343.70580968300834,933.0556517353857,0
109.5391263910565,-3.1900018518016044,343.8475900548364,933.0556517353857,0
109.5391263910565,-3.1999657493253038,343.8475900548364,933.1995055058841,0
110.00465412090408,-3.1999657493253038,343.99143812335933,933.1995055058841,0
110.00465412090408,-3.2099208370368686,343.99143812335933,933.3432320847198,0
110.46338732837881,-3.2099208370368686,344.133186684469,933.3432320847198,0
110.9289150582264,-3.2099208370368686,344.27703475299194,933.3432320847198,0
110.9289150582264,-3.219739372660355,344.27703475299194,933.4849871927838,0
111.39444278807397,-3.219739372660355,344.42088282151485,933.4849871927838,0
111.39444278807397,-3.229839822272133,344.42088282151485,933.630812434054,0
111.8532789428574,-3.229839822272133,344.5626631933429,933.630812434054,0
112.31201215033215,-3.229839822272133,344.7044117544526,933.630812434054,0
112.31201215033215,-3.2397993148897655,344.7044117544526,933.774602608721,0
112.77753988017973,-3.2397993148897655,344.84825982297554,933.774602608721,0
112.77753988017973,-3.2497588075073978,344.84825982297554,933.9183927833881,0
113.24306761002731,-3.2497588075073978,344.99210789149845,933.9183927833881,0
113.70190376481074,-3.2497588075073978,345.1338882633265,933.9183927833881,0
113.70190376481074,-3.25971830012503,345.1338882633265,934.0621829580551,0
114.16743149465832,-3.25971830012503,345.2777363318494,934.0621829580551,0
114.62616470213307,-3.2696777927426623,345.4194848929591,934.2059731327222,0
115.09169243198065,-3.2796372853602946,345.563332961482,934.3497633073893,0
115.55042563945538,-3.2796372853602946,345.7050815225917,934.3497633073893,0
115.55042563945538,-3.289596777977927,345.7050815225917,934.4935534820563,0
116.01595336930296,-3.289596777977927,345.8489295911146,934.4935534820563,0
116.01595336930296,-3.2995562705955592,345.8489295911146,934.6373436567234,0
116.47478952408639,-3.2995562705955592,345.9907099629427,934.6373436567234,0
116.94031725393397,-3.3095157632131915,346.1345580314656,934.7811338313904,0
117.39905046140872,-3.3095157632131915,346.2763065925753,934.7811338313904,0
117.39905046140872,-3.319475255830824,346.2763065925753,934.9249240060575,0
117.8645781912563,-3.319475255830824,346.4201546610982,934.9249240060575,0
117.8645781912563,-3.329434748448456,346.4201546610982,935.0687141807246,0
118.33010592110388,-3.329434748448456,346.5640027296211,935.0687141807246,0
118.78894207588732,-3.329434748448456,346.7057831014492,935.0687141807246,0
119.2544698057349,-3.3398303267667275,346.84963116997204,935.2188003426946,0
119.71320301320965,-3.3398303267667275,346.9913797310818,935.2188003426946,0
119.71320301320965,-3.34978981938436,346.9913797310818,935.3625905173617,0
120.17873074305723,-3.34978981938436,347.13522779960465,935.3625905173617,0
120.63746395053197,-3.359749312001992,347.27697636071434,935.5063806920288,0
121.10299168037955,-3.359749312001992,347.42082442923726,935.5063806920288,0
121.10299168037955,-3.3697088046196244,347.42082442923726,935.6501708666958,0
121.56851941022713,-3.3697088046196244,347.56467249776017,935.6501708666958,0
121.56851941022713,-3.3796682972372567,347.56467249776017,935.7939610413629,0
122.02735556501055,-3.3796682972372567,347.70645286958825,935.7939610413629,0
122.49288329485813,-3.389627789854889,347.85030093811116,935.9377512160299,0
122.95161650233288,-3.389627789854889,347.99204949922085,935.9377512160299,0
122.95161650233288,-3.3995872824725213,347.99204949922085,936.081541390697,0
123.41045265711631,-3.3995872824725213,348.13382987104893,936.081541390697,0
123.87598038696389,-3.3995872824725213,348.27767793957184,936.081541390697,0
123.87598038696389,-3.409546775090153,348.27767793957184,936.2253315653641,0
124.34150811681147,-3.409546775090153,348.4215260080947,936.2253315653641,0
124.80024132428622,-3.409546775090153,348.56327456920445,936.2253315653641,0
124.80024132428622,-3.4195062677077854,348.56327456920445,936.3691217400311,0
125.26576905413381,-3.4195062677077854,348.7071226377273,936.3691217400311,0
125.72460520891724,-3.4294657603254177,348.8489030095554,936.5129119146982,0
126.1901329387648,-3.43942525294305,348.9927510780783,936.6567020893652,0
126.64886614623954,-3.43942525294305,349.134499639188,936.6567020893652,0
127.11439387608714,-3.4493847455606823,349.2783477077109,936.8004922640323,0
127.57323003087056,-3.4493847455606823,349.420128079539,936.8004922640323,0
127.57323003087056,-3.4593442381783146,349.420128079539,936.9442824386995,0
128.03875776071814,-3.4593442381783146,349.5639761480619,936.9442824386995,0
128.4974909681929,-3.4593442381783146,349.7057247091716,936.9442824386995,0
128.4974909681929,-3.469303730795947,349.7057247091716,937.0880726133665,0
128.96301869804046,-3.469303730795947,349.8495727776945,937.0880726133665,0
129.42854642788802,-3.479263223413579,349.9934208462174,937.2318627880336,0
129.88727963536277,-3.479263223413579,350.1351694073271,937.2318627880336,0
129.88727963536277,-3.4892227160312115,350.1351694073271,937.3756529627007,0
130.3461157901462,-3.4892227160312115,350.2769497791552,937.3756529627007,0
130.8116435199938,-3.4892227160312115,350.42079784767805,937.3756529627007,0
130.8116435199938,-3.4991822086488438,350.42079784767805,937.5194431373677,0
131.27037672746854,-3.4991822086488438,350.5625464087878,937.5194431373677,0
131.7359044573161,-3.509137296360409,350.70639447731065,937.6631697162034,0
132.2014321871637,-3.509137296360409,350.85024254583357,937.6631697162034,0
132.66695991701127,-3.519242150878254,350.9940906143565,937.8090585533048,0
133.12579607179472,-3.519242150878254,351.13587098618456,937.8090585533048,0
133.58452927926947,-3.519242150878254,351.27761954729425,937.8090585533048,0
133.58452927926947,-3.5290562815956736,351.27761954729425,937.9507500655376,0
134.05005700911704,-3.5290562815956736,351.42146761581716,937.9507500655376,0
134.05005700911704,-3.5391611361135187,351.42146761581716,938.0966389026389,0
134.52907083640162,-3.5391611361135187,351.5694828884481,938.0966389026389,0
134.99459856624918,-3.549120628731151,351.713330956971,938.240429077306,0
135.4534347210326,-3.549120628731151,351.85511132879907,938.240429077306,0
135.4534347210326,-3.5590801213487833,351.85511132879907,938.384219251973,0
135.91216792850736,-3.5590801213487833,351.99685988990876,938.384219251973,0
136.37769565835495,-3.5690396139664156,352.1407079584317,938.5280094266401,0
136.37769565835495,-3.578999106584048,352.1407079584317,938.6717996013072,0
136.84322338820252,-3.578999106584048,352.2845560269546,938.6717996013072,0
137.30195659567727,-3.578999106584048,352.4263045880643,938.6717996013072,0
137.30195659567727,-3.58895859920168,352.4263045880643,938.8155897759742,0
137.76748432552486,-3.58895859920168,352.57015265658714,938.8155897759742,0
138.2263204803083,-3.5989180918193124,352.7119330284152,938.9593799506413,0
138.69184821015585,-3.6088775844369447,352.85578109693813,939.1031701253083,0
139.1505814176306,-3.618837077054577,352.9975296580478,939.2469602999755,0
139.6161091474782,-3.618837077054577,353.14137772657074,939.2469602999755,0
139.6161091474782,-3.6287965696722093,353.14137772657074,939.3907504746426,0
140.08163687732574,-3.6287965696722093,353.28522579509365,939.3907504746426,0
140.54047303210916,-3.6287965696722093,353.42700616692173,939.3907504746426,0
140.54047303210916,-3.6387560622898416,353.42700616692173,939.5345406493096,0
140.9992062395839,-3.6387560622898416,353.5687547280314,939.5345406493096,0
141.4647339694315,-3.6387560622898416,353.71260279655434,939.5345406493096,0
141.4647339694315,-3.6487155549074735,353.71260279655434,939.6783308239767,0
141.93026169927907,-3.6487155549074735,353.85645086507725,939.6783308239767,0
142.38909785406253,-3.6487155549074735,353.9982312369053,939.6783308239767,0
142.8546255839101,-3.6586750475251058,354.1420793054282,939.8221209986438,0
143.31335879138484,-3.6586750475251058,354.2838278665379,939.8221209986438,0
143.77888652123244,-3.6586750475251058,354.4276759350608,939.8221209986438,0
143.77888652123244,-3.668634540142738,354.4276759350608,939.9659111733108,0
144.23772267601586,-3.668634540142738,354.56945630688887,939.9659111733108,0
144.70314745855475,-3.668634540142738,354.7132725646934,939.9659111733108,0
144.70314745855475,-3.6785940327603703,354.7132725646934,940.1097013479779,0
145.16198361333818,-3.6785940327603703,354.8550529365215,940.1097013479779,0
145.62751134318577,-3.6785940327603703,354.9989010050444,940.1097013479779,0
146.08624455066052,-3.6885535253780026,355.1406495661541,940.2534915226449,0
146.5517722805081,-3.6885535253780026,355.284497634677,940.2534915226449,0
146.5517722805081,-3.698513017995635,355.284497634677,940.397281697312,0
147.01060843529152,-3.698513017995635,355.4262780065051,940.397281697312,0
147.4761361651391,-3.698513017995635,355.570126075028,940.397281697312,0
147.4761361651391,-3.708472510613267,355.570126075028,940.541071871979,0
147.94166389498668,-3.708472510613267,355.71397414355084,940.541071871979,0
148.40039710246143,-3.7184320032308995,355.8557227046606,940.6848620466461,0
148.85923325724485,-3.7184320032308995,355.99750307648867,940.6848620466461,0
149.32476098709245,-3.7184320032308995,356.1413511450115,940.6848620466461,0
149.32476098709245,-3.728391495848532,356.1413511450115,940.8286522213132,0
149.79028871694,-3.728391495848532,356.28519921353444,940.8286522213132,0
149.79028871694,-3.7384963503663773,356.28519921353444,940.9745410584146,0
150.24902192441476,-3.7384963503663773,356.42694777464413,940.9745410584146,0
150.71454965426233,-3.7384963503663773,356.57079584316705,940.9745410584146,0
151.17328286173708,-3.7384963503663773,356.71254440427674,940.9745410584146,0
151.17328286173708,-3.7483104810837964,356.71254440427674,941.1162325706473,0
151.63881059158464,-3.7483104810837964,356.85639247279966,941.1162325706473,0
152.0976467463681,-3.7483104810837964,356.99817284462773,941.1162325706473,0
152.0976467463681,-3.7582699737014287,356.99817284462773,941.2600227453144,0
152.56317447621566,-3.7582699737014287,357.14202091315065,941.2600227453144,0
152.56317447621566,-3.7683748282192737,357.14202091315065,941.4059115824158,0
153.02190768369042,-3.7683748282192737,357.28376947426034,941.4059115824158,0
153.487435413538,-3.7683748282192737,357.42761754278325,941.4059115824158,0
153.94627156832144,-3.7683748282192737,357.56939791461133,941.4059115824158,0
153.94627156832144,-3.778334320836906,357.56939791461133,941.5497017570829,0
154.411799298169,-3.778334320836906,357.7132459831342,941.5497017570829,0
154.8773270280166,-3.778334320836906,357.8570940516571,941.5497017570829,0
154.8773270280166,-3.7881484515543256,357.8570940516571,941.6913932693155,0
155.33606023549135,-3.7881484515543256,357.9988426127668,941.6913932693155,0
155.79489639027477,-3.7881484515543256,358.14062298459487,941.6913932693155,0
155.79489639027477,-3.7982533060721706,358.14062298459487,941.837282106417,0
156.26042412012234,-3.7982533060721706,358.2844710531178,941.837282106417,0
156.7191573275971,-3.7982533060721706,358.4262196142275,941.837282106417,0
156.7191573275971,-3.808212798689803,358.4262196142275,941.981072281084,0
157.18468505744468,-3.808212798689803,358.5700676827504,941.981072281084,0
157.65021278729225,-3.808212798689803,358.7139157512733,941.981072281084,0
158.10904894207567,-3.808212798689803,358.8556961231014,941.981072281084,0
158.56778214955042,-3.818026929407222,358.9974446842111,942.1227637933167,0
159.03330987939802,-3.818026929407222,359.141292752734,942.1227637933167,0
159.03330987939802,-3.8281317839250675,359.141292752734,942.2686526304182,0
159.49883760924558,-3.8281317839250675,359.28514082125685,942.2686526304182,0
159.95757081672033,-3.8281317839250675,359.4268893823666,942.2686526304182,0
160.42309854656793,-3.8281317839250675,359.57073745088945,942.2686526304182,0
160.42309854656793,-3.8380912765426998,359.57073745088945,942.4124428050852,0
160.88193470135135,-3.8380912765426998,359.71251782271753,942.4124428050852,0
161.34746243119895,-3.8380912765426998,359.85636589124044,942.4124428050852,0
161.80619563867367,-3.847905407260119,359.99811445235014,942.554134317318,0
162.27172336852124,-3.847905407260119,360.14196252087305,942.554134317318,0
162.73725109836883,-3.847905407260119,360.28581058939596,942.554134317318,0
162.73725109836883,-3.8580102617779644,360.28581058939596,942.7000231544193,0
163.19608725315226,-3.8580102617779644,360.42759096122404,942.7000231544193,0
163.654820460627,-3.8580102617779644,360.56933952233373,942.7000231544193,0
163.654820460627,-3.8679697543955966,360.56933952233373,942.8438133290864,0
164.12034819047457,-3.8679697543955966,360.71318759085665,942.8438133290864,0
164.57908139794932,-3.8679697543955966,360.85493615196634,942.8438133290864,0
165.04460912779692,-3.877929247013229,360.99878422048926,942.9876035037535,0
165.51013685764448,-3.877929247013229,361.1426322890121,942.9876035037535,0
165.9689730124279,-3.8878887396308612,361.2844126608402,943.1313936784205,0
166.42770621990266,-3.8878887396308612,361.4261612219499,943.1313936784205,0
166.89323394975025,-3.8878887396308612,361.5700092904728,943.1313936784205,0
166.89323394975025,-3.8978482322484935,361.5700092904728,943.2751838530876,0
167.35876167959782,-3.8978482322484935,361.7138573589957,943.2751838530876,0
167.81759783438125,-3.8978482322484935,361.8556377308238,943.2751838530876,0
168.28312556422884,-3.9078077248661254,361.9994857993467,943.4189740277546,0
168.7418587717036,-3.9078077248661254,362.1412343604564,943.4189740277546,0
169.20738650155116,-3.9078077248661254,362.2850824289793,943.4189740277546,0
169.20738650155116,-3.9177672174837577,362.2850824289793,943.5627642024217,0
169.6662226563346,-3.9177672174837577,362.4268628008074,943.5627642024217,0
170.13175038618218,-3.9177672174837577,362.5707108693303,943.5627642024217,0
170.59727811602977,-3.92772671010139,362.71455893785316,943.7065543770889,0
171.05601132350452,-3.92772671010139,362.85630749896285,943.7065543770889,0
171.51484747828795,-3.9376862027190223,362.9980878707909,943.8503445517559,0
171.9803752081355,-3.9376862027190223,363.14193593931384,943.8503445517559,0
172.44590293798308,-3.9376862027190223,363.28578400783675,943.8503445517559,0
172.44590293798308,-3.9476456953366545,363.28578400783675,943.994134726423,0
172.90463614545783,-3.9476456953366545,363.42753256894645,943.994134726423,0
173.3701638753054,-3.9476456953366545,363.57138063746936,943.994134726423,0
173.82889708278014,-3.9476456953366545,363.71312919857905,943.994134726423,0
173.82889708278014,-3.957605187954287,363.71312919857905,944.1379249010901,0
174.29442481262774,-3.957605187954287,363.85697726710197,944.1379249010901,0
174.75326096741117,-3.957605187954287,363.99875763893004,944.1379249010901,0
175.21878869725873,-3.957605187954287,364.14260570745296,944.1379249010901,0
175.21878869725873,-3.967564680571919,364.14260570745296,944.2817150757571,0
175.67752190473348,-3.967564680571919,364.28435426856265,944.2817150757571,0
176.14304963458108,-3.9775241731895514,364.4282023370855,944.4255052504242,0
176.6018857893645,-3.9775241731895514,364.56998270891364,944.4255052504242,0
177.06741351921207,-3.9775241731895514,364.7138307774365,944.4255052504242,0
177.52614672668682,-3.9775241731895514,364.8555793385462,944.4255052504242,0
177.9916744565344,-3.9874836658071837,364.9994274070691,944.5692954250912,0
178.45720218638198,-3.9874836658071837,365.143275475592,944.5692954250912,0
178.91593539385673,-3.997443158424816,365.2850240367017,944.7130855997583,0
179.37477154864018,-3.997443158424816,365.4268044085298,944.7130855997583,0
179.84029927848775,-3.997443158424816,365.5706524770527,944.7130855997583,0
180.30582700833534,-4.007402651042448,365.7145005455756,944.8568757744254,0
180.7645602158101,-4.007402651042448,365.8562491066853,944.8568757744254,0
181.23008794565766,-4.007402651042448,366.0000971752082,944.8568757744254,0
181.23008794565766,-4.017362143660081,366.0000971752082,945.0006659490924,0
181.68892410044108,-4.017362143660081,366.1418775470363,945.0006659490924,0
182.14765730791584,-4.017362143660081,366.283626108146,945.0006659490924,0
182.6131850377634,-4.017362143660081,366.42747417666885,945.0006659490924,0
182.6131850377634,-4.027462593271859,366.42747417666885,945.1464911903624,0
183.07871276761097,-4.027462593271859,366.57132224519177,945.1464911903624,0
183.54424049745856,-4.027462593271859,366.7151703137147,945.1464911903624,0
184.003076652242,-4.037281128895345,366.85695068554276,945.2882462984265,0
184.46860438208955,-4.037281128895345,367.00079875406567,945.2882462984265,0
184.9273375895643,-4.0472406215129775,367.14254731517536,945.4320364730936,0
185.38617374434773,-4.0472406215129775,367.28432768700344,945.4320364730936,0
185.85170147419532,-4.0472406215129775,367.42817575552635,945.4320364730936,0
186.3172292040429,-4.0472406215129775,367.57202382404927,945.4320364730936,0
186.3172292040429,-4.057341071124756,367.57202382404927,945.5778617143636,0
186.77596241151764,-4.057341071124756,367.71377238515896,945.5778617143636,0
187.2346956189924,-4.057341071124756,367.85552094626865,945.5778617143636,0
187.70022334883998,-4.067159606748242,367.9993690147915,945.7196168224277,0
188.16575107868755,-4.067159606748242,368.1432170833144,945.7196168224277,0
188.624587233471,-4.067159606748242,368.2849974551425,945.7196168224277,0
189.09011496331857,-4.077119099365874,368.4288455236654,945.8634069970948,0
189.54884817079332,-4.077119099365874,368.5705940847751,945.8634069970948,0
190.0143759006409,-4.077119099365874,368.714442153298,945.8634069970948,0
190.0143759006409,-4.087219548977652,368.714442153298,946.0092322383649,0
190.47321205542434,-4.087219548977652,368.8562225251261,946.0092322383649,0
190.9387397852719,-4.087219548977652,369.000070593649,946.0092322383649,0
191.40148793778513,-4.097108563098211,369.1430597727756,946.1520048797304,0
191.4042675151195,-4.087219548977652,369.1439186621719,946.0092322383649,0
191.4042675151195,-4.097179041595284,369.1439186621719,946.153022413032,0
191.86022114525989,-4.097108563098211,369.2848083338853,946.1520048797304,0
192.32574887510748,-4.097108563098211,369.4286564024082,946.1520048797304,0
192.79127660495504,-4.097108563098211,369.5725044709311,946.1520048797304,0
192.79127660495504,-4.107068055715843,369.5725044709311,946.2957950543974,0
193.25011275973847,-4.107068055715843,369.7142848427592,946.2957950543974,0
193.71564048958606,-4.107068055715843,369.8581329112821,946.2957950543974,0
194.17437369706082,-4.107068055715843,369.9998814723918,946.2957950543974,0
194.17437369706082,-4.117027548333476,369.9998814723918,946.4395852290646,0
194.63320985184424,-4.117027548333476,370.14166184421987,946.4395852290646,0
195.0987375816918,-4.117027548333476,370.2855099127428,946.4395852290646,0
195.5642653115394,-4.117027548333476,370.42935798126564,946.4395852290646,0
196.029793041387,-4.117027548333476,370.57320604978855,946.4395852290646,0
196.029793041387,-4.127132402851322,370.57320604978855,946.585474066166,0
196.48852624886175,-4.127132402851322,370.71495461089825,946.585474066166,0
196.94736240364517,-4.127132402851322,370.8567349827263,946.585474066166,0
197.41289013349274,-4.13694653356874,371.00058305124924,946.7271655783987,0
197.87162334096746,-4.13694653356874,371.14233161235893,946.7271655783987,0
198.33715107081505,-4.13694653356874,371.28617968088184,946.7271655783987,0
198.33715107081505,-4.146906026186373,371.28617968088184,946.8709557530658,0
198.80267880066262,-4.146906026186373,371.43002774940476,946.8709557530658,0
199.26141200813737,-4.146906026186373,371.57177631051445,946.8709557530658,0
199.7202481629208,-4.146906026186373,371.7135566823425,946.8709557530658,0
199.7202481629208,-4.1570108807042185,371.7135566823425,947.0168445901671,0
200.1857758927684,-4.146906026186373,371.85740475086544,946.8709557530658,0
200.1857758927684,-4.1570108807042185,371.85740475086544,947.0168445901671,0
200.65130362261596,-4.1570108807042185,372.0012528193883,947.0168445901671,0
201.1100368300907,-4.1570108807042185,372.143001380498,947.0168445901671,0
201.5755645599383,-4.1570108807042185,372.2868494490209,947.0168445901671,0
201.5755645599383,-4.166825011421637,372.2868494490209,947.1585361023999,0
202.03440071472173,-4.166825011421637,372.428629820849,947.1585361023999,0
202.4999284445693,-4.1570108807042185,372.5724778893719,947.0168445901671,0
202.4999284445693,-4.166825011421637,372.5724778893719,947.1585361023999,0
202.95866165204404,-4.166825011421637,372.7142264504816,947.1585361023999,0
203.42418938189164,-4.166825011421637,372.8580745190045,947.1585361023999,0
203.88302553667506,-4.166825011421637,372.9998548908326,947.1585361023999,0
204.34855326652263,-4.166825011421637,373.1437029593555,947.1585361023999,0
204.34855326652263,-4.1767845040392695,373.1437029593555,947.302326277067,0
204.80728647399738,-4.1767845040392695,373.2854515204652,947.302326277067,0
204.80728647399738,-4.186889358557115,373.2854515204652,947.4482151141683,0
205.27281420384497,-4.186889358557115,373.4292995889881,947.4482151141683,0
205.73834193369257,-4.186889358557115,373.57314765751096,947.4482151141683,0
206.19707514116732,-4.186889358557115,373.71489621862065,947.4482151141683,0
206.19707514116732,-4.196703489274534,373.71489621862065,947.5899066264011,0
206.66260287101488,-4.196703489274534,373.85874428714357,947.5899066264011,0
207.1349251232353,-4.196703489274534,374.0046918630797,947.5899066264011,0
207.59365833071004,-4.196703489274534,374.1464404241894,947.5899066264011,0
207.59365833071004,-4.206662981892166,374.1464404241894,947.7336968010682,0
208.05918606055764,-4.206662981892166,374.2902884927123,947.7336968010682,0
208.52471379040517,-4.206662981892166,374.43413656123516,947.7336968010682,0
208.52471379040517,-4.216767836410011,374.43413656123516,947.8795856381696,0
208.9835499451886,-4.216767836410011,374.57591693306324,947.8795856381696,0
209.44228315266335,-4.216767836410011,374.717665494173,947.8795856381696,0
209.90781088251094,-4.216767836410011,374.86151356269585,947.8795856381696,0
210.3733386123585,-4.226581967127431,375.00536163121876,948.0212771504023,0
210.83217476714194,-4.226581967127431,375.14714200304684,948.0212771504023,0
211.29770249698953,-4.226581967127431,375.29099007156975,948.0212771504023,0
211.75643570446428,-4.226581967127431,375.43273863267945,948.0212771504023,0
211.75643570446428,-4.236541459745063,375.43273863267945,948.1650673250693,0
212.22196343431185,-4.236541459745063,375.57658670120236,948.1650673250693,0
212.68079958909527,-4.236541459745063,375.71836707303044,948.1650673250693,0
213.14632731894287,-4.236541459745063,375.86221514155335,948.1650673250693,0
213.61185504879043,-4.236541459745063,376.0060632100762,948.1650673250693,0
213.61185504879043,-4.246646314262908,376.0060632100762,948.3109561621708,0
214.07058825626518,-4.246646314262908,376.14781177118596,948.3109561621708,0
214.52932146373993,-4.246646314262908,376.28956033229565,948.3109561621708,0
214.99484919358753,-4.256460444980328,376.4334084008185,948.4526476744035,0
218.6920988374942,-4.336281747821599,377.5758585407857,949.6050677341743,0
218.6920988374942,-4.346241240439231,377.5758585407857,949.7488579088414,0
219.15762656734177,-4.346241240439231,377.7197066093086,949.7488579088414,0
219.6164627221252,-4.346241240439231,377.8614869811367,949.7488579088414,0
220.08199045197276,-4.346241240439231,378.00533504965955,949.7488579088414,0
220.08199045197276,-4.3562007330568635,378.00533504965955,949.8926480835084,0
220.5407236594475,-4.3562007330568635,378.14708361076924,949.8926480835084,0
221.0062513892951,-4.3562007330568635,378.29093167929216,949.8926480835084,0
221.47177911914267,-4.3562007330568635,378.43477974781507,949.8926480835084,0
221.93051232661742,-4.3562007330568635,378.57652830892476,949.8926480835084,0
221.93051232661742,-4.366160225674496,378.57652830892476,950.0364382581755,0
222.38934848140084,-4.366160225674496,378.71830868075284,950.0364382581755,0
222.85487621124844,-4.366160225674496,378.86215674927575,950.0364382581755,0
223.3136094187232,-4.366160225674496,379.00390531038545,950.0364382581755,0
223.3136094187232,-4.376119718292128,379.00390531038545,950.1802284328426,0
223.77913714857075,-4.376119718292128,379.14775337890836,950.1802284328426,0
224.24466487841835,-4.376119718292128,379.2916014474313,950.1802284328426,0
224.70350103320177,-4.376119718292128,379.43338181925935,950.1802284328426,0
224.70350103320177,-4.38607921090976,379.43338181925935,950.3240186075096,0
225.16223424067653,-4.38607921090976,379.57513038036905,950.3240186075096,0
225.62776197052412,-4.38607921090976,379.71897844889196,950.3240186075096,0
226.09328970037168,-4.38607921090976,379.8628265174148,950.3240186075096,0
226.09328970037168,-4.396038703527393,379.8628265174148,950.4678087821767,0
226.5521258551551,-4.396038703527393,380.0046068892429,950.4678087821767,0
227.0176535850027,-4.396038703527393,380.1484549577658,950.4678087821767,0
227.47638679247746,-4.396038703527393,380.2902035188755,950.4678087821767,0
227.94191452232502,-4.405998196145025,380.4340515873984,950.6115989568437,0
228.40064772979977,-4.405998196145025,380.5758001485081,950.6115989568437,0
228.86617545964737,-4.405998196145025,380.719648217031,950.6115989568437,0
229.33170318949493,-4.415957688762657,380.86349628555394,950.7553891315109,0
229.79053934427836,-4.415957688762657,381.005276657382,950.7553891315109,0
230.24927255175308,-4.415957688762657,381.1470252184917,950.7553891315109,0
230.71480028160067,-4.415957688762657,381.2908732870146,950.7553891315109,0
231.18032801144824,-4.4259171813802896,381.4347213555375,950.899179306178,0
231.63916416623167,-4.4259171813802896,381.57650172736555,950.899179306178,0
231.63916416623167,-4.435872269091854,381.57650172736555,951.0429058850136,0
232.10469189607926,-4.435872269091854,381.72034979588847,951.0429058850136,0
232.563425103554,-4.435872269091854,381.86209835699816,951.0429058850136,0
233.02226125833744,-4.435872269091854,382.00387872882624,951.0429058850136,0
233.48778898818503,-4.435872269091854,382.14772679734915,951.0429058850136,0
233.48778898818503,-4.4459771236097,382.14772679734915,951.1887947221151,0
233.9533167180326,-4.4459771236097,382.29157486587206,951.1887947221151,0
234.41204992550735,-4.4459771236097,382.43332342698176,951.1887947221151,0
234.87757765535494,-4.4459771236097,382.5771714955047,951.1887947221151,0
235.3363108628297,-4.4459771236097,382.71892005661437,951.1887947221151,0
235.3363108628297,-4.455791254327119,382.71892005661437,951.3304862343477,0
235.80183859267726,-4.455791254327119,382.8627681251373,951.3304862343477,0
236.26067474746068,-4.455791254327119,383.00454849696536,951.3304862343477,0
236.72620247730828,-4.455791254327119,383.1483965654882,951.3304862343477,0
236.72620247730828,-4.465750746944751,383.1483965654882,951.4742764090148,0
237.19173020715584,-4.465750746944751,383.2922446340111,951.4742764090148,0
237.6504634146306,-4.465750746944751,383.4339931951208,951.4742764090148,0
238.10929956941402,-4.465750746944751,383.5757735669489,951.4742764090148,0
238.10929956941402,-4.475855601462596,383.5757735669489,951.6201652461162,0
238.5748272992616,-4.475855601462596,383.7196216354718,951.6201652461162,0
239.04035502910918,-4.475855601462596,383.8634697039947,951.6201652461162,0
239.49908823658393,-4.475855601462596,384.0052182651044,951.6201652461162,0
239.96461596643152,-4.485669732180016,384.14906633362733,951.761856758349,0
240.42345212121495,-4.485669732180016,384.2908467054554,951.761856758349,0
240.88218532868967,-4.485669732180016,384.4325952665651,951.761856758349,0
241.34771305853724,-4.485669732180016,384.576443335088,951.761856758349,0
241.81324078838483,-4.485669732180016,384.7202914036109,951.761856758349,0
241.81324078838483,-4.495774586697861,384.7202914036109,951.9077455954504,0
242.27197399585958,-4.495774586697861,384.8620399647206,951.9077455954504,0
242.73750172570715,-4.495774586697861,385.0058880332435,951.9077455954504,0
243.1963378804906,-4.505734079315493,385.14766840507156,952.0515357701174,0
243.66186561033817,-4.505734079315493,385.29151647359447,952.0515357701174,0
244.12059881781292,-4.505734079315493,385.43326503470416,952.0515357701174,0
244.5861265476605,-4.505734079315493,385.5771131032271,952.0515357701174,0
245.04496270244394,-4.515548210032913,385.71889347505515,952.1932272823502,0
245.5104904322915,-4.515548210032913,385.86274154357807,952.1932272823502,0
245.96922363976626,-4.525653064550758,386.00449010468776,952.3391161194515,0
246.43475136961385,-4.525653064550758,386.1483381732107,952.3391161194515,0
246.90027909946141,-4.525653064550758,386.2921862417336,952.3391161194515,0
247.35911525424484,-4.53561255716839,386.43396661356167,952.4829062941186,0
247.82464298409243,-4.53561255716839,386.5778146820845,952.4829062941186,0
248.28337619156719,-4.53561255716839,386.7195632431942,952.4829062941186,0
248.74890392141475,-4.53561255716839,386.86341131171713,952.4829062941186,0
248.74890392141475,-4.54542668788581,386.86341131171713,952.6245978063514,0
249.2076371288895,-4.54542668788581,387.0051598728268,952.6245978063514,0
249.6731648587371,-4.54542668788581,387.14900794134974,952.6245978063514,0
250.13200101352052,-4.54542668788581,387.2907883131778,952.6245978063514,0
250.13200101352052,-4.555822266204081,387.2907883131778,952.7746839683215,0
250.59752874336812,-4.555822266204081,387.4346363817007,952.7746839683215,0
251.05626195084284,-4.555822266204081,387.5763849428104,952.7746839683215,0
251.52178968069038,-4.555822266204081,387.72023301133333,952.7746839683215,0
251.98062583547386,-4.555822266204081,387.8620133831614,952.7746839683215,0
252.4461535653214,-4.565781758821713,388.0058614516843,952.9184741429885,0
252.90488677279615,-4.565781758821713,388.147610012794,952.9184741429885,0
253.37041450264374,-4.575595889539132,388.2914580813169,953.0601656552212,0
253.82925065742717,-4.575595889539132,388.433238453145,953.0601656552212,0
254.29477838727476,-4.575595889539132,388.57708652166787,953.0601656552212,0
254.76030611712235,-4.575595889539132,388.7209345901908,953.0601656552212,0
255.2190393245971,-4.585700744056978,388.8626831513005,953.2060544923227,0
255.67777253207186,-4.585700744056978,389.00443171241017,953.2060544923227,0
256.1433002619194,-4.585700744056978,389.1482797809331,953.2060544923227,0
256.608827991767,-4.585700744056978,389.292127849456,953.2060544923227,0
257.0676641465504,-4.59566023667461,389.43390822128407,953.3498446669897,0
257.533191876398,-4.59566023667461,389.577756289807,953.3498446669897,0
257.99192508387273,-4.59566023667461,389.7195048509167,953.3498446669897,0
258.45745281372035,-4.59566023667461,389.8633529194396,953.3498446669897,0
258.45745281372035,-4.605474367392029,389.8633529194396,953.4915361792224,0
258.91628896850375,-4.605474367392029,390.00513329126767,953.4915361792224,0
259.3818166983513,-4.605474367392029,390.1489813597905,953.4915361792224,0
259.8473444281989,-4.605474367392029,390.29282942831344,953.4915361792224,0
259.8473444281989,-4.615579221909875,390.29282942831344,953.6374250163238,0
260.30607763567366,-4.615579221909875,390.43457798942313,953.6374250163238,0
260.76491379045706,-4.615579221909875,390.5763583612512,953.6374250163238,0
261.2304415203047,-4.615579221909875,390.7202064297741,953.6374250163238,0
261.2304415203047,-4.625538714527507,390.7202064297741,953.7812151909909,0
261.6891747277794,-4.625538714527507,390.8619549908838,953.7812151909909,0
262.154702457627,-4.625538714527507,391.00580305940673,953.7812151909909,0
262.6202301874746,-4.625538714527507,391.14965112792964,953.7812151909909,0
263.07896339494937,-4.625538714527507,391.29139968903934,953.7812151909909,0
263.53779954973277,-4.625538714527507,391.4331800608674,953.7812151909909,0
263.53779954973277,-4.635352845244926,391.4331800608674,953.9229067032236,0
264.00332727958033,-4.635352845244926,391.5770281293903,953.9229067032236,0
264.4688550094279,-4.645457699762772,391.7208761979132,954.068795540325,0
264.9275882169027,-4.645457699762772,391.8626247590229,954.068795540325,0
265.39311594675024,-4.645457699762772,392.0064728275458,954.068795540325,0
265.8519521015337,-4.645457699762772,392.14825319937387,954.068795540325,0
266.31747983138126,-4.655417192380404,392.2921012678968,954.2125857149921,0
266.776213038856,-4.655417192380404,392.4338498290065,954.2125857149921,0
267.24174076870355,-4.655417192380404,392.5776978975294,954.2125857149921,0
267.7072684985511,-4.665376684998036,392.7215459660523,954.3563758896591,0
268.16610465333457,-4.665376684998036,392.8633263378804,954.3563758896591,0
268.6248378608093,-4.665376684998036,393.0050748989901,954.3563758896591,0
269.0903655906569,-4.665376684998036,393.148922967513,954.3563758896591,0
269.0903655906569,-4.6753361776156686,393.148922967513,954.5001660643262,0
269.54909879813164,-4.665376684998036,393.2906715286227,954.3563758896591,0
269.54909879813164,-4.6753361776156686,393.2906715286227,954.5001660643262,0
270.01462652797926,-4.6753361776156686,393.43451959714554,954.5001660643262,0
270.48015425782677,-4.6753361776156686,393.57836766566845,954.5001660643262,0
270.9389904126103,-4.6753361776156686,393.72014803749653,954.5001660643262,0
270.9389904126103,-4.685295670233301,393.72014803749653,954.6439562389933,0
271.397723620085,-4.685295670233301,393.8618965986062,954.6439562389933,0
271.86325134993257,-4.685295670233301,394.00574466712914,954.6439562389933,0
272.32877907978013,-4.685295670233301,394.14959273565205,954.6439562389933,0
272.7876152345636,-4.685295670233301,394.2913731074801,954.6439562389933,0
272.7876152345636,-4.695255162850932,394.2913731074801,954.7877464136603,0
273.25314296441115,-4.695255162850932,394.43522117600304,954.7877464136603,0
273.71187617188593,-4.695255162850932,394.57696973711273,954.7877464136603,0
273.71187617188593,-4.7052146554685645,394.57696973711273,954.9315365883274,0
274.1774039017335,-4.7052146554685645,394.72081780563565,954.9315365883274,0
274.63624005651695,-4.7052146554685645,394.8625981774637,954.9315365883274,0
275.10176778636446,-4.7052146554685645,395.00644624598664,954.9315365883274,0
275.10176778636446,-4.715174148086197,395.00644624598664,955.0753267629945,0
275.56050099383924,-4.715174148086197,395.14819480709633,955.0753267629945,0
276.0260287236868,-4.715174148086197,395.2920428756192,955.0753267629945,0
276.48486487847026,-4.715174148086197,395.43382324744726,955.0753267629945,0
276.48486487847026,-4.725133640703829,395.43382324744726,955.2191169376615,0
276.9503926083178,-4.725133640703829,395.5776713159702,955.2191169376615,0
277.4158173908568,-4.725133640703829,395.7214875737747,955.2191169376615,0
277.8746535456402,-4.725133640703829,395.8632679456028,955.2191169376615,0
277.8746535456402,-4.735093133321461,395.8632679456028,955.3629071123286,0
278.3401812754877,-4.735093133321461,396.0071160141257,955.3629071123286,0
278.79891448296246,-4.735093133321461,396.1488645752354,955.3629071123286,0
279.26444221281,-4.735093133321461,396.2927126437583,955.3629071123286,0
279.7367644650305,-4.735093133321461,396.4386602196944,955.3629071123286,0
280.20229219487805,-4.735093133321461,396.5825082882173,955.3629071123286,0
280.20229219487805,-4.745052625939094,396.5825082882173,955.5066972869956,0
280.66102540235283,-4.745052625939094,396.724256849327,955.5066972869956,0
281.12655313220034,-4.745052625939094,396.8681049178499,955.5066972869956,0
281.5853892869838,-4.755012118556726,397.009885289678,955.6504874616627,0
282.05091701683136,-4.755012118556726,397.1537333582009,955.6504874616627,0
282.50965022430614,-4.755012118556726,397.2954819193106,955.6504874616627,0
282.9751779541537,-4.755012118556726,397.4393299878335,955.6504874616627,0
283.43401410893716,-4.755012118556726,397.5811103596616,955.6504874616627,0
283.43401410893716,-4.764971611174358,397.5811103596616,955.7942776363299,0
283.8995418387847,-4.764971611174358,397.72495842818444,955.7942776363299,0
284.3582750462595,-4.764971611174358,397.86670698929413,955.7942776363299,0
284.823802776107,-4.764971611174358,398.01055505781704,955.7942776363299,0
284.823802776107,-4.774931103791991,398.01055505781704,955.9380678109969,0
285.28933050595464,-4.774931103791991,398.15440312633996,955.9380678109969,0
285.74806371342936,-4.774931103791991,398.29615168744965,955.9380678109969,0
286.2068998682128,-4.774931103791991,398.4379320592777,955.9380678109969,0
286.2068998682128,-4.785031553403769,398.4379320592777,956.083893052267,0
286.6724275980604,-4.785031553403769,398.58178012780064,956.083893052267,0
287.13116080553516,-4.785031553403769,398.72352868891033,956.083893052267,0
287.5966885353827,-4.785031553403769,398.86737675743325,956.083893052267,0
287.5966885353827,-4.794850089027255,398.86737675743325,956.225648160331,0
288.0622162652303,-4.794850089027255,399.01122482595616,956.225648160331,0
288.5210524200137,-4.794850089027255,399.15300519778424,956.225648160331,0
288.9865801498613,-4.794850089027255,399.2968532663071,956.225648160331,0
289.44531335733603,-4.794850089027255,399.43860182741685,956.225648160331,0
289.44531335733603,-4.804805176738821,399.43860182741685,956.3693747391667,0
289.9108410871836,-4.804805176738821,399.5824498959397,956.3693747391667,0
290.36967724196705,-4.804805176738821,399.7242302677678,956.3693747391667,0
290.8352049718146,-4.804805176738821,399.8680783362907,956.3693747391667,0
291.2939381792894,-4.804805176738821,400.0098268974004,956.3693747391667,0
291.2939381792894,-4.814910031256666,400.0098268974004,956.5152635762681,0
291.75946590913696,-4.814910031256666,400.1536749659233,956.5152635762681,0
292.21819911661174,-4.814910031256666,400.295423527033,956.5152635762681,0
292.68372684645925,-4.824869523874298,400.4392715955559,956.6590537509352,0
293.1492545763069,-4.824869523874298,400.5831196640788,956.6590537509352,0
293.6080907310903,-4.824869523874298,400.7249000359069,956.6590537509352,0
294.06682393856505,-4.824869523874298,400.8666485970166,956.6590537509352,0
294.06682393856505,-4.834683654591717,400.8666485970166,956.800745263168,0
294.5323516684126,-4.834683654591717,401.0104966655395,956.800745263168,0
294.99118782319607,-4.834683654591717,401.1522770373676,956.800745263168,0
295.45671555304364,-4.834683654591717,401.29612510589044,956.800745263168,0
295.45671555304364,-4.844788509109563,401.29612510589044,956.9466341002693,0
295.9222432828912,-4.844788509109563,401.43997317441335,956.9466341002693,0
296.3809764903659,-4.844788509109563,401.58172173552305,956.9466341002693,0
296.84650422021355,-4.844788509109563,401.72556980404596,956.9466341002693,0
297.30534037499694,-4.854748001727195,401.86735017587404,957.0904242749364,0
297.77086810484457,-4.854748001727195,402.01119824439695,957.0904242749364,0
298.2296013123193,-4.854748001727195,402.15294680550664,957.0904242749364,0
298.6951290421669,-4.854748001727195,402.29679487402956,957.0904242749364,0
299.15386224964163,-4.864562132444614,402.43854343513925,957.2321157871692,0
299.6193899794892,-4.864562132444614,402.58239150366217,957.2321157871692,0
300.07822613427265,-4.87466698696246,402.72417187549024,957.3780046242705,0
300.54375386412016,-4.87466698696246,402.8680199440131,957.3780046242705,0
301.0092815939678,-4.87466698696246,403.011868012536,957.3780046242705,0
301.4680148014425,-4.87466698696246,403.1536165736457,957.3780046242705,0
301.92685095622596,-4.884626479580092,403.2953969454738,957.5217947989375,0
302.3990702611377,-4.884626479580092,403.44131271069153,957.5217947989375,0
302.85790641592115,-4.884626479580092,403.5830930825196,957.5217947989375,0
303.3166396233959,-4.884626479580092,403.7248416436293,957.5217947989375,0
303.3166396233959,-4.894440610297511,403.7248416436293,957.6634863111703,0
303.78216735324344,-4.894440610297511,403.8686897121522,957.6634863111703,0
304.24100350802684,-4.894440610297511,404.0104700839803,957.6634863111703,0
304.70653123787446,-4.894440610297511,404.1543181525032,957.6634863111703,0
304.70653123787446,-4.904545464815357,404.1543181525032,957.8093751482717,0
305.1652644453492,-4.904545464815357,404.2960667136129,957.8093751482717,0
305.6307921751968,-4.904545464815357,404.4399147821358,957.8093751482717,0
306.09631990504437,-4.904545464815357,404.5837628506587,957.8093751482717,0
306.09631990504437,-4.914504957432989,404.5837628506587,957.9531653229387,0
306.5551560598278,-4.914504957432989,404.72554322248675,957.9531653229387,0
307.02058084236666,-4.914504957432989,404.8693594802913,957.9531653229387,0
307.47941699715017,-4.914504957432989,405.01113985211936,957.9531653229387,0
307.9449447269977,-4.914504957432989,405.15498792064227,957.9531653229387,0
307.9449447269977,-4.924464450050621,405.15498792064227,958.0969554976058,0
308.40367793447246,-4.924464450050621,405.29673648175196,958.0969554976058,0
308.86920566432,-4.924464450050621,405.4405845502749,958.0969554976058,0
309.3280418191035,-4.924464450050621,405.58236492210295,958.0969554976058,0
309.3280418191035,-4.934423942668253,405.58236492210295,958.240745672273,0
309.79356954895104,-4.934423942668253,405.72621299062587,958.240745672273,0
310.25230275642576,-4.934423942668253,405.86796155173556,958.240745672273,0
310.7178304862734,-4.934423942668253,406.0118096202585,958.240745672273,0
310.7178304862734,-4.944383435285885,406.0118096202585,958.38453584694,0
311.1766666410568,-4.944383435285885,406.15358999208655,958.38453584694,0
311.64219437090435,-4.944383435285885,406.2974380606094,958.38453584694,0
312.10092757837907,-4.954342927903517,406.4391866217191,958.5283260216071,0
312.5664553082267,-4.954342927903517,406.583034690242,958.5283260216071,0
313.0251885157014,-4.954342927903517,406.7247832513517,958.5283260216071,0
313.49071624554904,-4.954342927903517,406.8686313198746,958.5283260216071,0
313.9562439753966,-4.9643024205211495,407.01247938839754,958.6721161962741,0
314.41508013018006,-4.9643024205211495,407.1542597602256,958.6721161962741,0
314.88060786002757,-4.9643024205211495,407.2981078287485,958.6721161962741,0
314.88060786002757,-4.974261913138782,407.2981078287485,958.8159063709412,0
315.33934106750235,-4.974261913138782,407.4398563898582,958.8159063709412,0
315.8048687973499,-4.974261913138782,407.58370445838113,958.8159063709412,0
315.8048687973499,-4.984221405756414,407.58370445838113,958.9596965456083,0
316.26370495213337,-4.984221405756414,407.7254848302092,958.9596965456083,0
316.72923268198093,-4.984221405756414,407.86933289873207,958.9596965456083,0
317.19476041182855,-4.984221405756414,408.013180967255,958.9596965456083,0
317.19476041182855,-4.994180898374046,408.013180967255,959.1034867202753,0
317.6534936193033,-4.994180898374046,408.1549295283647,959.1034867202753,0
318.11232977408673,-4.994180898374046,408.29670990019275,959.1034867202753,0
318.5778575039343,-4.994180898374046,408.44055796871567,959.1034867202753,0
318.5778575039343,-5.004140390991679,408.44055796871567,959.2472768949424,0
319.0365907114091,-5.004140390991679,408.58230652982536,959.2472768949424,0
319.5021184412566,-5.004140390991679,408.7261545983483,959.2472768949424,0
319.9676461711042,-5.0142452455095246,408.8700026668712,959.3931657320437,0
320.4264823258876,-5.0142452455095246,409.01178303869926,959.3931657320437,0
320.8852155333624,-5.0142452455095246,409.15353159980896,959.3931657320437,0
321.35074326320995,-5.0142452455095246,409.29737966833187,959.3931657320437,0
321.8162709930575,-5.0142452455095246,409.4412277368547,959.3931657320437,0
322.2750042005323,-5.0142452455095246,409.5829762979645,959.3931657320437,0
322.7405319303798,-5.024059376226943,409.72682436648734,959.5348572442765,0
323.19936808516326,-5.024059376226943,409.8686047383154,959.5348572442765,0
323.6648958150108,-5.0340188688445755,410.0124528068383,959.6786474189436,0
324.1236290224856,-5.0340188688445755,410.154201367948,959.6786474189436,0
324.58915675233317,-5.0340188688445755,410.29804943647093,959.6786474189436,0
324.58915675233317,-5.044123723362421,410.29804943647093,959.824536256045,0
325.0546844821808,-5.044123723362421,410.44189750499385,959.824536256045,0
325.5135206369642,-5.044123723362421,410.5836778768219,959.824536256045,0
325.97225384443897,-5.044123723362421,410.7254264379316,959.824536256045,0
326.43778157428653,-5.044123723362421,410.86927450645453,959.824536256045,0
326.8965147817613,-5.05393785407984,411.0110230675642,959.9662277682777,0
327.3620425116088,-5.05393785407984,411.15487113608714,959.9662277682777,0
327.82757024145644,-5.05393785407984,411.29871920461,959.9662277682777,0
328.28640639623984,-5.05393785407984,411.44049957643807,959.9662277682777,0
328.28640639623984,-5.063897346697472,411.44049957643807,960.1100179429448,0
328.7451396037146,-5.063897346697472,411.58224813754777,960.1100179429448,0
329.2106673335622,-5.063897346697472,411.7260962060707,960.1100179429448,0
329.6761950634098,-5.074002201215317,411.8699442745936,960.2559067800462,0
330.1350312181932,-5.074002201215317,412.01172464642167,960.2559067800462,0
330.1350312181932,-5.083816331932737,412.01172464642167,960.3975982922789,0
330.60055894804077,-5.083816331932737,412.1555727149446,960.3975982922789,0
331.0592921555155,-5.083816331932737,412.2973212760543,960.3975982922789,0
331.52481988536306,-5.083816331932737,412.4411693445772,960.3975982922789,0
331.9836560401465,-5.093775824550369,412.58294971640527,960.5413884669459,0
332.4491837699941,-5.093775824550369,412.7267977849282,960.5413884669459,0
332.90791697746886,-5.093775824550369,412.8685463460379,960.5413884669459,0
333.3734447073164,-5.103880679068214,413.01239441456073,960.6872773040474,0
333.8322808620999,-5.103880679068214,413.15417478638886,960.6872773040474,0
334.2978085919474,-5.103880679068214,413.2980228549117,960.6872773040474,0
334.2978085919474,-5.113840171685847,413.2980228549117,960.8310674787144,0
334.763336321795,-5.113840171685847,413.44187092343464,960.8310674787144,0
335.22206952926973,-5.113840171685847,413.58361948454433,960.8310674787144,0
335.68759725911735,-5.113840171685847,413.72746755306724,960.8310674787144,0
335.68759725911735,-5.123654302403266,413.72746755306724,960.9727589909471,0
336.1463304665921,-5.123654302403266,413.86921611417694,960.9727589909471,0
336.60516662137553,-5.133759156921111,414.010996486005,961.1186478280486,0
337.0706943512231,-5.133759156921111,414.1548445545279,961.1186478280486,0
337.5362220810707,-5.133759156921111,414.29869262305084,961.1186478280486,0
337.5362220810707,-5.1437186495387435,414.29869262305084,961.2624380027156,0
337.99495528854544,-5.1437186495387435,414.44044118416053,961.2624380027156,0
338.460483018393,-5.1437186495387435,414.58428925268345,961.2624380027156,0
338.9193191731764,-5.1437186495387435,414.7260696245115,961.2624380027156,0
339.384846903024,-5.1437186495387435,414.8699176930344,961.2624380027156,0
339.384846903024,-5.153678142156376,414.8699176930344,961.4062281773827,0
339.84358011049875,-5.153678142156376,415.0116662541441,961.4062281773827,0
340.30910784034637,-5.153678142156376,415.155514322667,961.4062281773827,0
340.7678410478211,-5.163637634774008,415.2972628837767,961.5500183520497,0
341.2333687776687,-5.163637634774008,415.4411109522996,961.5500183520497,0
341.6922049324521,-5.163637634774008,415.5828913241277,961.5500183520497,0
342.1577326622997,-5.17359712739164,415.7267393926506,961.6938085267168,0
342.62326039214724,-5.17359712739164,415.8705874611735,961.6938085267168,0
343.08199359962197,-5.17359712739164,416.0123360222832,961.6938085267168,0
343.08199359962197,-5.18341125810906,416.0123360222832,961.8355000389496,0
343.5408297544054,-5.18341125810906,416.15411639411127,961.8355000389496,0
344.006357484253,-5.18341125810906,416.2979644626342,961.8355000389496,0
344.006357484253,-5.193516112626905,416.2979644626342,961.9813888760509,0
344.46509069172777,-5.193516112626905,416.4397130237439,961.9813888760509,0
344.93061842157533,-5.193516112626905,416.58356109226673,961.9813888760509,0
345.39614615142295,-5.203475605244537,416.72740916078965,962.125179050718,0
345.85498230620635,-5.203475605244537,416.8691895326177,962.125179050718,0
346.3205100360539,-5.203475605244537,417.01303760114064,962.125179050718,0
346.3205100360539,-5.2134350978621695,417.01303760114064,962.268969225385,0
346.77924324352864,-5.2134350978621695,417.15478616225033,962.268969225385,0
347.24477097337626,-5.2134350978621695,417.29863423077325,962.268969225385,0
347.70360712815966,-5.223394590479802,417.4404146026013,962.4127594000521,0
348.1691348580073,-5.223394590479802,417.58426267112424,962.4127594000521,0
348.627868065482,-5.233354083097434,417.72601123223393,962.5565495747193,0
349.0933957953296,-5.233354083097434,417.86985930075684,962.5565495747193,0
349.55212900280435,-5.233354083097434,418.01160786186654,962.5565495747193,0
350.0176567326519,-5.243313575715066,418.15545593038945,962.7003397493863,0
350.4831844624995,-5.243313575715066,418.2993039989123,962.7003397493863,0
350.94202061728294,-5.243313575715066,418.4410843707404,962.7003397493863,0
350.94202061728294,-5.253273068332699,418.4410843707404,962.8441299240534,0
351.40075382475766,-5.253273068332699,418.5828329318501,962.8441299240534,0
351.8662815546053,-5.253273068332699,418.726681000373,962.8441299240534,0
352.3452953818898,-5.263232560950331,418.8746962730039,962.9879200987205,0
352.8108231117374,-5.263232560950331,419.0185443415268,962.9879200987205,0
353.2696592665208,-5.263232560950331,419.1603247133549,962.9879200987205,0
353.7351869963684,-5.273192053567963,419.3041727818778,963.1317102733875,0
354.19392020384316,-5.273192053567963,419.4459213429875,963.1317102733875,0
354.6594479336907,-5.283151546185596,419.5897694115104,963.2755004480546,0
355.1182840884742,-5.283151546185596,419.7315497833385,963.2755004480546,0
355.5838118183217,-5.283151546185596,419.8753978518614,963.2755004480546,0
355.5838118183217,-5.293111038803228,419.8753978518614,963.4192906227216,0
356.04254502579647,-5.293111038803228,420.0171464129711,963.4192906227216,0
356.50807275564404,-5.293111038803228,420.160994481494,963.4192906227216,0
356.97360048549166,-5.30307053142086,420.3048425500169,963.5630807973887,0
357.4323336929664,-5.30307053142086,420.4465911111266,963.5630807973887,0
357.897861422814,-5.30307053142086,420.5904391796495,963.5630807973887,0
357.897861422814,-5.3130300240384924,420.5904391796495,963.7068709720558,0
358.3566975775974,-5.3130300240384924,420.73221955147756,963.7068709720558,0
358.82222530744497,-5.3130300240384924,420.87606762000047,963.7068709720558,0
358.82222530744497,-5.322989516656125,420.87606762000047,963.8506611467228,0
359.2809585149197,-5.322989516656125,421.01781618111016,963.8506611467228,0
359.7464862447673,-5.322989516656125,421.1616642496331,963.8506611467228,0
359.7464862447673,-5.333089966267902,421.1616642496331,963.9964863879928,0
360.2053223995507,-5.333089966267902,421.30344462146115,963.9964863879928,0
360.67085012939833,-5.333089966267902,421.44729268998407,963.9964863879928,0
361.12958333687305,-5.342908501891388,421.58904125109376,964.1382414960569,0
361.5951110667207,-5.342908501891388,421.7328893196167,964.1382414960569,0
362.0539472215041,-5.342908501891388,421.87466969144475,964.1382414960569,0
362.0539472215041,-5.352867994509021,421.87466969144475,964.282031670724,0
362.51947495135164,-5.352867994509021,422.01851775996766,964.282031670724,0
362.98489973389053,-5.362968444120799,422.16233401777214,964.427856911994,0
363.443735888674,-5.362968444120799,422.3041143896002,964.427856911994,0
363.90926361852155,-5.362968444120799,422.44796245812313,964.427856911994,0
363.90926361852155,-5.372786979744285,422.44796245812313,964.5696120200581,0
364.3679968259963,-5.372786979744285,422.5897110192328,964.5696120200581,0
364.8335245558439,-5.382746472361918,422.73355908775574,964.7134021947252,0
365.2923607106273,-5.382746472361918,422.8753394595838,964.7134021947252,0
365.7578884404749,-5.382746472361918,423.0191875281067,964.7134021947252,0
365.7578884404749,-5.392846921973696,423.0191875281067,964.8592274359953,0
366.2234161703224,-5.392846921973696,423.16303559662964,964.8592274359953,0
366.6754578027331,-5.392846921973696,423.3027164610445,964.8592274359953,0
366.6754578027331,-5.402665457597182,423.3027164610445,965.0009825440593,0
367.1409855325806,-5.402665457597182,423.4465645295674,965.0009825440593,0
367.6065132624282,-5.402665457597182,423.5904125980903,965.0009825440593,0
367.6065132624282,-5.4126249502148145,423.5904125980903,965.1447727187264,0
368.0720409922758,-5.4126249502148145,423.7342606666132,965.1447727187264,0
368.53077419975057,-5.4126249502148145,423.8760092277229,965.1447727187264,0
368.53077419975057,-5.422725399826593,423.8760092277229,965.2905979599965,0
368.99630192959813,-5.422725399826593,424.0198572962458,965.2905979599965,0
369.4551380843816,-5.432684892444225,424.16163766807387,965.4343881346635,0
369.9206658142291,-5.432684892444225,424.3054857365968,965.4343881346635,0
369.9206658142291,-5.442503428067711,424.3054857365968,965.5761432427277,0
370.3793990217039,-5.442503428067711,424.4472342977065,965.5761432427277,0
370.84492675155144,-5.442503428067711,424.5910823662294,965.5761432427277,0
370.84492675155144,-5.45260387767949,424.5910823662294,965.7219684839977,0
371.3036599590262,-5.45260387767949,424.7328309273391,965.7219684839977,0
371.7691876888738,-5.462563370297122,424.876678995862,965.8657586586647,0
372.22802384365724,-5.462563370297122,425.01845936769007,965.8657586586647,0
372.6935515735048,-5.472522862914754,425.162307436213,966.0095488333318,0
373.1522847809796,-5.472522862914754,425.3040559973227,966.0095488333318,0
373.61781251082715,-5.472522862914754,425.44790406584553,966.0095488333318,0
373.61781251082715,-5.482482355532387,425.44790406584553,966.1533390079989,0
374.0833402406747,-5.482482355532387,425.59175213436845,966.1533390079989,0
374.5421763954581,-5.492441848150019,425.7335325061965,966.2971291826659,0
375.00090960293284,-5.492441848150019,425.8752810673062,966.2971291826659,0
375.00090960293284,-5.502401340767651,425.8752810673062,966.440919357333,0
375.46643733278046,-5.502401340767651,426.01912913582913,966.440919357333,0
375.931965062628,-5.502401340767651,426.16297720435205,966.440919357333,0
375.931965062628,-5.512360833385284,426.16297720435205,966.584709532,0
376.3908012174115,-5.512360833385284,426.3047575761801,966.584709532,0
376.85632894725904,-5.512360833385284,426.44860564470304,966.584709532,0
376.85632894725904,-5.522320326002916,426.44860564470304,966.7284997066671,0
377.3150621547338,-5.522320326002916,426.59035420581273,966.7284997066671,0
377.78058988458133,-5.532279818620548,426.73420227433564,966.8722898813342,0
378.2394260393648,-5.532279818620548,426.8759826461637,966.8722898813342,0
378.2394260393648,-5.5422393112381805,426.8759826461637,967.0160800560012,0
378.7048508219037,-5.5422393112381805,427.01979890396825,967.0160800560012,0
379.1703785517513,-5.552198803855813,427.1636469724911,967.1598702306683,0
379.6292147065347,-5.552198803855813,427.3054273443192,967.1598702306683,0
379.6292147065347,-5.562158296473445,427.3054273443192,967.3036604053353,0
380.0879479140095,-5.562158296473445,427.4471759054289,967.3036604053353,0
380.55347564385704,-5.562158296473445,427.5910239739518,967.3036604053353,0
380.55347564385704,-5.5721177890910765,427.5910239739518,967.4474505800024,0
381.0123117986405,-5.5721177890910765,427.73280434577987,967.4474505800024,0
381.47783952848806,-5.582077281708709,427.8766524143028,967.5912407546695,0
381.9433672583356,-5.582077281708709,428.0205004828257,967.5912407546695,0
382.40210046581035,-5.592036774326341,428.1622490439354,967.7350309293365,0
382.8609366205938,-5.592036774326341,428.30402941576347,967.7350309293365,0
382.8609366205938,-5.601996266943973,428.30402941576347,967.8788211040036,0
383.32646435044137,-5.601996266943973,428.4478774842864,967.8788211040036,0
383.791992080289,-5.611955759561606,428.5917255528093,968.0226112786708,0
383.791992080289,-5.621915252179238,428.5917255528093,968.1664014533378,0
384.2507252877637,-5.621915252179238,428.733474113919,968.1664014533378,0
384.71625301761134,-5.621915252179238,428.87732218244184,968.1664014533378,0
384.71625301761134,-5.63187474479687,428.87732218244184,968.3101916280049,0
385.17498622508606,-5.63187474479687,429.01907074355154,968.3101916280049,0
385.64051395493357,-5.6418342374145025,429.16291881207445,968.4539818026719,0
386.099350109717,-5.6418342374145025,429.3046991839025,968.4539818026719,0
386.5648778395646,-5.651793730032135,429.44854725242544,968.597771977339,0
387.0304055694122,-5.651793730032135,429.59239532094836,968.597771977339,0
387.0304055694122,-5.661898584549981,429.59239532094836,968.7436608144403,0
387.48913877688693,-5.661898584549981,429.73414388205805,968.7436608144403,0
387.9479749316704,-5.671858077167613,429.8759242538861,968.8874509891074,0
388.41350266151795,-5.671858077167613,430.01977232240904,968.8874509891074,0
388.41350266151795,-5.681817569785245,430.01977232240904,969.0312411637744,0
388.8790303913655,-5.681817569785245,430.16362039093195,969.0312411637744,0
389.33776359884024,-5.691631700502664,430.30536895204165,969.1729326760072,0
389.80329132868786,-5.691631700502664,430.4492170205645,969.1729326760072,0
389.80329132868786,-5.701736555020509,430.4492170205645,969.3188215131087,0
390.26212748347126,-5.701736555020509,430.5909973923926,969.3188215131087,0
390.26212748347126,-5.711696047638141,430.5909973923926,969.4626116877757,0
390.72086069094604,-5.711696047638141,430.73274595350233,969.4626116877757,0
391.1863884207936,-5.711696047638141,430.8765940220252,969.4626116877757,0
391.1863884207936,-5.721655540255774,430.8765940220252,969.6064018624428,0
391.6519161506412,-5.721655540255774,431.0204420905481,969.6064018624428,0
391.6519161506412,-5.731615032873406,431.0204420905481,969.7501920371099,0
392.1107523054246,-5.731615032873406,431.1622224623762,969.7501920371099,0
392.57628003527225,-5.731615032873406,431.3060705308991,969.7501920371099,0
392.57628003527225,-5.741574525491038,431.3060705308991,969.8939822117769,0
393.03501324274697,-5.741574525491038,431.4478190920088,969.8939822117769,0
393.03501324274697,-5.7515340181086705,431.4478190920088,970.037772386444,0
393.50054097259454,-5.7515340181086705,431.5916671605317,970.037772386444,0
393.50054097259454,-5.761493510726303,431.5916671605317,970.181562561111,0
393.95927418006926,-5.761493510726303,431.7334157216414,970.181562561111,0
394.4248019099169,-5.761493510726303,431.8772637901643,970.181562561111,0
394.4248019099169,-5.771884684138508,431.8772637901643,970.3315851272497,0
394.8836380647003,-5.771884684138508,432.0190441619924,970.3315851272497,0
394.8836380647003,-5.78184417675614,432.0190441619924,970.4753753019168,0
395.3491657945479,-5.78184417675614,432.1628922305153,970.4753753019168,0
395.3491657945479,-5.791803669373772,432.1628922305153,970.6191654765838,0
395.8078990020226,-5.791803669373772,432.304640791625,970.6191654765838,0
396.2734267318702,-5.791803669373772,432.44848886014785,970.6191654765838,0
396.2734267318702,-5.8017631619914045,432.44848886014785,970.7629556512509,0
396.73895446171775,-5.8017631619914045,432.59233692867076,970.7629556512509,0
396.73895446171775,-5.811722654609037,432.59233692867076,970.9067458259179,0
397.19779061650115,-5.811722654609037,432.73411730049884,970.9067458259179,0
397.65652382397593,-5.811722654609037,432.87586586160853,970.9067458259179,0
397.65652382397593,-5.821682147226669,432.87586586160853,971.050536000585,0
398.1220515538235,-5.821682147226669,433.01971393013145,971.050536000585,0
398.1220515538235,-5.831641639844301,433.01971393013145,971.1943261752521,0
398.5807847612983,-5.831641639844301,433.16146249124114,971.1943261752521,0
398.5807847612983,-5.841601132461934,433.16146249124114,971.3381163499192,0
399.04631249114584,-5.841601132461934,433.30531055976405,971.3381163499192,0
399.51184022099346,-5.851560625079566,433.44915862828697,971.4819065245863,0
399.97067637577686,-5.861520117697198,433.59093900011504,971.6256966992534,0
400.4362041056245,-5.861520117697198,433.73478706863796,971.6256966992534,0
400.4362041056245,-5.871479610314831,433.73478706863796,971.7694868739204,0
400.8949373130992,-5.871479610314831,433.87653562974765,971.7694868739204,0
400.8949373130992,-5.881439102932463,433.87653562974765,971.9132770485875,0
401.36046504294677,-5.881439102932463,434.0203836982705,971.9132770485875,0
401.81930119773017,-5.891398595550094,434.1621640700986,972.0570672232545,0
402.2848289275778,-5.891398595550094,434.3060121386215,972.0570672232545,0
402.2848289275778,-5.901358088167727,434.3060121386215,972.2008573979216,0
402.7435621350525,-5.901358088167727,434.4477606997312,972.2008573979216,0
402.7435621350525,-5.911317580785359,434.4477606997312,972.3446475725887,0
403.20908986490014,-5.911317580785359,434.5916087682541,972.3446475725887,0
403.20908986490014,-5.921277073402991,434.5916087682541,972.4884377472557,0
403.66792601968353,-5.921277073402991,434.7333891400822,972.4884377472557,0
403.66792601968353,-5.931381927920837,434.7333891400822,972.634326584357,0
404.13345374953116,-5.931381927920837,434.8772372086051,972.634326584357,0
404.59898147937866,-5.931381927920837,435.021085277128,972.634326584357,0
404.59898147937866,-5.941196058638256,435.021085277128,972.7760180965898,0
405.05771468685344,-5.941196058638256,435.1628338382377,972.7760180965898,0
405.05771468685344,-5.951300913156102,435.1628338382377,972.9219069336913,0
405.51655084163684,-5.951300913156102,435.3046142100658,972.9219069336913,0
405.51655084163684,-5.96111504387352,435.3046142100658,973.063598445924,0
405.98207857148446,-5.96111504387352,435.4484622785887,973.063598445924,0
406.44760630133203,-5.971074536491153,435.59231034711155,973.207388620591,0
406.90633950880675,-5.971074536491153,435.7340589082213,973.207388620591,0
406.90633950880675,-5.9811793910089985,435.7340589082213,973.3532774576925,0
407.3718672386544,-5.991138883626631,435.87790697674416,973.4970676323595,0
407.8306004461291,-5.991138883626631,436.01965553785385,973.4970676323595,0
407.8306004461291,-6.0009530143440495,436.01965553785385,973.6387591445922,0
408.29612817597666,-6.0009530143440495,436.16350360637676,973.6387591445922,0
408.29612817597666,-6.0110578688618945,436.16350360637676,973.7846479816936,0
408.75496433076006,-6.0110578688618945,436.30528397820484,973.7846479816936,0
409.2204920606077,-6.021017361479527,436.44913204672775,973.9284381563607,0
409.68601979045525,-6.021017361479527,436.59298011525067,973.9284381563607,0
409.68601979045525,-6.030831492196946,436.59298011525067,974.0701296685934,0
410.14475299793,-6.030831492196946,436.73472867636036,974.0701296685934,0
410.14475299793,-6.040936346714791,436.73472867636036,974.2160185056948,0
410.6035891527134,-6.040936346714791,436.87650904818844,974.2160185056948,0
411.06911688256105,-6.050895839332424,437.02035711671135,974.3598086803619,0
411.52785009003577,-6.060709970049843,437.16210567782105,974.5015001925947,0
411.9933778198834,-6.060709970049843,437.30595374634396,974.5015001925947,0
411.9933778198834,-6.070814824567688,437.30595374634396,974.647389029696,0
412.4589055497309,-6.070814824567688,437.4498018148668,974.647389029696,0
412.9176387572057,-6.080774317185321,437.5915503759765,974.7911792043631,0
413.3764749119891,-6.090733809802953,437.7333307478046,974.9349693790301,0
413.8420026418367,-6.090733809802953,437.8771788163275,974.9349693790301,0
413.8420026418367,-6.100693302420585,437.8771788163275,975.0787595536972,0
414.30753037168427,-6.100693302420585,438.0210268848504,975.0787595536972,0
414.30753037168427,-6.1106527950382175,438.0210268848504,975.2225497283642,0
414.76626357915904,-6.1106527950382175,438.1627754459601,975.2225497283642,0
415.2317913090066,-6.12061228765585,438.306623514483,975.3663399030313,0
415.69062746379007,-6.12061228765585,438.4484038863111,975.3663399030313,0
415.69062746379007,-6.130571780273482,438.4484038863111,975.5101300776984,0
416.1561551936376,-6.130571780273482,438.592251954834,975.5101300776984,0
416.1561551936376,-6.140531272891114,438.592251954834,975.6539202523654,0
416.61488840111235,-6.140531272891114,438.7340005159437,975.6539202523654,0
417.0804161309599,-6.150490765508747,438.8778485844666,975.7977104270326,0
417.5392522857434,-6.150490765508747,439.0196289562947,975.7977104270326,0
417.5392522857434,-6.160450258126379,439.0196289562947,975.9415006016997,0
418.00478001559094,-6.160450258126379,439.16347702481755,975.9415006016997,0
418.00478001559094,-6.170409750744011,439.16347702481755,976.0852907763667,0
418.46351322306566,-6.170409750744011,439.3052255859273,976.0852907763667,0
418.46351322306566,-6.1803692433616435,439.3052255859273,976.2290809510338,0
418.9290409529133,-6.1803692433616435,439.44907365445016,976.2290809510338,0
419.3878771076967,-6.1803692433616435,439.59085402627824,976.2290809510338,0
419.3878771076967,-6.190328735979276,439.59085402627824,976.3728711257008,0
419.8534048375443,-6.190328735979276,439.73470209480115,976.3728711257008,0
419.8534048375443,-6.200288228596908,439.73470209480115,976.5166613003679,0
420.3189325673918,-6.200288228596908,439.87855016332406,976.5166613003679,0
420.7776657748666,-6.200288228596908,440.02029872443376,976.5166613003679,0
420.7776657748666,-6.210388678208687,440.02029872443376,976.6624865416379,0
421.2363989823413,-6.210388678208687,440.16204728554345,976.6624865416379,0
421.2363989823413,-6.220207213832173,440.16204728554345,976.804241649702,0
421.70192671218894,-6.220207213832173,440.30589535406637,976.804241649702,0
421.70192671218894,-6.2301623015437375,440.30589535406637,976.9479682285378,0
422.1674544420365,-6.2301623015437375,440.4497434225893,976.9479682285378,0
422.62629059681996,-6.2301623015437375,440.59152379441736,976.9479682285378,0
422.62629059681996,-6.240267156061583,440.59152379441736,977.0938570656391,0
423.0918183266675,-6.240267156061583,440.7353718629402,977.0938570656391,0
423.0918183266675,-6.250226648679215,440.7353718629402,977.2376472403062,0
423.5505515341423,-6.250226648679215,440.87712042404996,977.2376472403062,0
424.0160792639898,-6.260040779396634,441.0209684925728,977.379338752539,0
424.47491541877326,-6.260040779396634,441.1627488644009,977.379338752539,0
424.95392924605784,-6.270145633914479,441.31076413703187,977.5252275896403,0
425.4194569759054,-6.270145633914479,441.4546122055547,977.5252275896403,0
425.4194569759054,-6.280105126532112,441.4546122055547,977.6690177643073,0
425.8781901833801,-6.280105126532112,441.5963607666645,977.6690177643073,0
426.34371791322775,-6.289919257249531,441.74020883518733,977.8107092765401,0
426.8092456430753,-6.289919257249531,441.88405690371025,977.8107092765401,0
426.8092456430753,-6.300024111767376,441.88405690371025,977.9565981136415,0
427.26808179785877,-6.300024111767376,442.0258372755383,977.9565981136415,0
427.26808179785877,-6.309983604385009,442.0258372755383,978.1003882883086,0
427.73360952770634,-6.309983604385009,442.16968534406124,978.1003882883086,0
428.19913725755396,-6.309983604385009,442.31353341258415,978.1003882883086,0
428.19913725755396,-6.319797735102428,442.31353341258415,978.2420798005413,0
428.6578704650287,-6.319797735102428,442.45528197369384,978.2420798005413,0
428.6578704650287,-6.329902589620273,442.45528197369384,978.3879686376428,0
429.1233981948762,-6.329902589620273,442.59913004221676,978.3879686376428,0
429.58213140235097,-6.329902589620273,442.74087860332645,978.3879686376428,0
429.58213140235097,-6.3398620822379055,442.74087860332645,978.5317588123098,0
430.04765913219853,-6.3398620822379055,442.8847266718493,978.5317588123098,0
430.04765913219853,-6.349821574855538,442.8847266718493,978.6755489869769,0
430.506495286982,-6.349821574855538,443.0265070436774,978.6755489869769,0
430.9652284944567,-6.35978106747317,443.16825560478713,978.8193391616439,0
431.43075622430433,-6.35978106747317,443.31210367331,978.8193391616439,0
431.8962839541519,-6.369740560090802,443.4559517418329,978.963129336311,0
432.35512010893535,-6.379554690808222,443.597732113661,979.1048208485437,0
432.82064783878286,-6.379554690808222,443.7415801821839,979.1048208485437,0
433.2861755686305,-6.379554690808222,443.8854282507068,979.1048208485437,0
433.2861755686305,-6.389659545326067,443.8854282507068,979.2507096856451,0
433.7449087761052,-6.389659545326067,444.0271768118165,979.2507096856451,0
434.20364198358,-6.399619037943699,444.1689253729262,979.3944998603122,0
434.66916971342755,-6.399619037943699,444.3127734414491,979.3944998603122,0
434.66916971342755,-6.4095785305613315,444.3127734414491,979.5382900349792,0
435.128005868211,-6.4095785305613315,444.4545538132772,979.5382900349792,0
435.59353359805857,-6.4095785305613315,444.5984018818001,979.5382900349792,0
435.59353359805857,-6.419538023178964,444.5984018818001,979.6820802096463,0
436.052369752842,-6.419538023178964,444.7401822536282,979.6820802096463,0
436.51789748268953,-6.429497515796596,444.88403032215103,979.8258703843134,0
436.9766306901643,-6.429497515796596,445.0257788832607,979.8258703843134,0
436.9766306901643,-6.439602370314441,445.0257788832607,979.9717592214148,0
437.4421584200119,-6.439602370314441,445.16962695178364,979.9717592214148,0
437.9076861498595,-6.439602370314441,445.31347502030656,979.9717592214148,0
438.3664193573342,-6.449416501031861,445.45522358141625,980.1134507336475,0
438.83194708718185,-6.449416501031861,445.59907164993916,980.1134507336475,0
439.29078324196524,-6.459375993649493,445.74085202176724,980.2572409083145,0
439.7563109718128,-6.459375993649493,445.88470009029015,980.2572409083145,0
440.2150441792876,-6.459375993649493,446.02644865139985,980.2572409083145,0
440.2150441792876,-6.469335486267125,446.02644865139985,980.4010310829816,0
440.6805719091351,-6.469335486267125,446.17029671992276,980.4010310829816,0
441.13940806391855,-6.469335486267125,446.31207709175084,980.4010310829816,0
441.13940806391855,-6.479294978884758,446.31207709175084,980.5448212576487,0
441.6049357937661,-6.479294978884758,446.4559251602737,980.5448212576487,0
442.0636690012409,-6.48925447150239,446.5976737213834,980.6886114323157,0
442.52919673108846,-6.48925447150239,446.7415217899063,980.6886114323157,0
442.9947244609361,-6.48925447150239,446.8853698584292,980.6886114323157,0
442.9947244609361,-6.499359326020235,446.8853698584292,980.8345002694172,0
443.4534576684108,-6.499359326020235,447.0271184195389,980.8345002694172,0
443.91898539825837,-6.499359326020235,447.1709664880618,980.8345002694172,0
443.91898539825837,-6.5091734567376545,447.1709664880618,980.9761917816498,0
444.37782155304177,-6.5091734567376545,447.3127468598899,980.9761917816498,0
444.83655476051655,-6.5091734567376545,447.4544954209996,980.9761917816498,0
445.3020824903641,-6.519132949355287,447.5983434895225,981.119981956317,0
445.76761022021174,-6.519132949355287,447.7421915580454,981.119981956317,0
446.22644637499513,-6.52918054009426,447.8839719298735,981.2650440476109,0
446.22644637499513,-6.529237803873132,447.8839719298735,981.2658707934183,0
446.69197410484276,-6.52918054009426,448.02781999839635,981.2650440476109,0
447.1507073123175,-6.52918054009426,448.1695685595061,981.2650440476109,0
447.1507073123175,-6.538994670811679,448.1695685595061,981.4067355598436,0
447.6162350421651,-6.538994670811679,448.31341662802896,981.4067355598436,0
448.0750711969485,-6.538994670811679,448.45519699985704,981.4067355598436,0
448.54059892679606,-6.549099525329525,448.59904506837995,981.552624396945,0
448.9993321342708,-6.549099525329525,448.74079362948964,981.552624396945,0
449.4648598641184,-6.549099525329525,448.88464169801256,981.552624396945,0
449.4648598641184,-6.559059017947157,448.88464169801256,981.6964145716121,0
449.9236960189018,-6.559059017947157,449.02642206984063,981.6964145716121,0
450.3892237487494,-6.559059017947157,449.17027013836355,981.6964145716121,0
450.854751478597,-6.559059017947157,449.31411820688646,981.6964145716121,0
450.854751478597,-6.569018510564789,449.31411820688646,981.8402047462791,0
451.3134846860717,-6.569018510564789,449.45586676799616,981.8402047462791,0
451.7790124159193,-6.569018510564789,449.59971483651907,981.8402047462791,0
451.7790124159193,-6.578978003182421,449.59971483651907,981.9839949209462,0
452.2378485707027,-6.578978003182421,449.74149520834715,981.9839949209462,0
452.69658177817746,-6.578978003182421,449.88324376945684,981.9839949209462,0
452.69658177817746,-6.588937495800053,449.88324376945684,982.1277850956133,0
453.162109508025,-6.588937495800053,450.0270918379797,982.1277850956133,0
453.62763723787265,-6.588937495800053,450.1709399065026,982.1277850956133,0
454.08637044534737,-6.588937495800053,450.3126884676123,982.1277850956133,0
454.551898175195,-6.588937495800053,450.4565365361352,982.1277850956133,0
454.551898175195,-6.598896988417685,450.4565365361352,982.2715752702803,0
455.0107343299784,-6.598896988417685,450.5983169079633,982.2715752702803,0
455.47626205982596,-6.598896988417685,450.7421649764862,982.2715752702803,0
455.9349952673007,-6.598896988417685,450.8839135375959,982.2715752702803,0
455.9349952673007,-6.608856481035318,450.8839135375959,982.4153654449474,0
456.4005229971483,-6.608856481035318,451.0277616061188,982.4153654449474,0
456.8593591519317,-6.608856481035318,451.1695419779469,982.4153654449474,0
457.3248868817793,-6.61881597365295,451.3133900464698,982.5591556196144,0
457.78362008925404,-6.61881597365295,451.4551386075795,982.5591556196144,0
458.24914781910167,-6.61881597365295,451.59898667610236,982.5591556196144,0
458.24914781910167,-6.628775466270582,451.59898667610236,982.7029457942815,0
458.71467554894923,-6.628775466270582,451.74283474462527,982.7029457942815,0
459.1735117037327,-6.628775466270582,451.88461511645335,982.7029457942815,0
459.6322449112074,-6.628775466270582,452.02636367756304,982.7029457942815,0
460.097772641055,-6.628775466270582,452.17021174608595,982.7029457942815,0
460.56330037090254,-6.6387349588882145,452.31405981460887,982.8467359689486,0
461.02203357837726,-6.628775466270582,452.45580837571856,982.7029457942815,0
461.02203357837726,-6.6387349588882145,452.45580837571856,982.8467359689486,0
461.4875613082249,-6.628775466270582,452.5996564442415,982.7029457942815,0
461.4875613082249,-6.6387349588882145,452.5996564442415,982.8467359689486,0
461.9463974630083,-6.6387349588882145,452.74143681606955,982.8467359689486,0
462.4119251928559,-6.6387349588882145,452.88528488459247,982.8467359689486,0
462.8706584003306,-6.6387349588882145,453.02703344570216,982.8467359689486,0
462.8706584003306,-6.648694451505847,453.02703344570216,982.9905261436157,0
463.3361861301782,-6.648694451505847,453.1708815142251,982.9905261436157,0
463.7950222849616,-6.648694451505847,453.31266188605315,982.9905261436157,0
464.2605500148092,-6.658653944123479,453.456509954576,983.1343163182828,0
464.71928322228393,-6.658653944123479,453.5982585156857,983.1343163182828,0
465.18481095213156,-6.658653944123479,453.7421065842086,983.1343163182828,0
465.64364710691495,-6.658653944123479,453.8838869560367,983.1343163182828,0
466.1091748367626,-6.658653944123479,454.0277350245596,983.1343163182828,0
466.57470256661014,-6.658653944123479,454.1715830930825,983.1343163182828,0
466.57470256661014,-6.668613436741111,454.1715830930825,983.2781064929499,0
467.0334357740849,-6.668613436741111,454.3133316541922,983.2781064929499,0
467.49216898155964,-6.668613436741111,454.4550802153019,983.2781064929499,0
467.9576967114072,-6.668613436741111,454.5989282838248,983.2781064929499,0
468.4232244412548,-6.668613436741111,454.74277635234773,983.2781064929499,0
468.88206059603823,-6.668613436741111,454.8845567241758,983.2781064929499,0
469.3475883258858,-6.678572929358744,455.02840479269867,983.4218966676169,0
469.8063215333606,-6.678572929358744,455.17015335380836,983.4218966676169,0
470.27184926320814,-6.678572929358744,455.3140014223313,983.4218966676169,0
470.7306854179916,-6.678572929358744,455.45578179415935,983.4218966676169,0
471.1962131478391,-6.688532421976376,455.59962986268226,983.565686842284,0
471.6617408776867,-6.688532421976376,455.7434779312052,983.565686842284,0
472.12047408516145,-6.688532421976376,455.88522649231487,983.565686842284,0
472.57931023994485,-6.688532421976376,456.02700686414295,983.565686842284,0
473.04483796979247,-6.688532421976376,456.17085493266586,983.565686842284,0
473.5035711772672,-6.688532421976376,456.31260349377555,983.565686842284,0
473.9690989071148,-6.688532421976376,456.45645156229847,983.565686842284,0
474.4346266369624,-6.698491914594008,456.6002996308213,983.709477016951,0
474.89335984443716,-6.698491914594008,456.742048191931,983.709477016951,0
475.35219599922056,-6.698491914594008,456.88382856375915,983.709477016951,0
475.8177237290681,-6.698491914594008,457.027676632282,983.709477016951,0
476.27645693654284,-6.698491914594008,457.1694251933917,983.709477016951,0
476.7352930913263,-6.698491914594008,457.3112055652198,983.709477016951,0
477.20082082117386,-6.698491914594008,457.4550536337427,983.709477016951,0
477.65955402864864,-6.698491914594008,457.5968021948524,983.709477016951,0
477.65955402864864,-6.708451407211641,457.5968021948524,983.8532671916181,0
478.1250817584962,-6.698491914594008,457.7406502633753,983.709477016951,0
478.1250817584962,-6.708451407211641,457.7406502633753,983.8532671916181,0
478.58391791327966,-6.698491914594008,457.8824306352034,983.709477016951,0
478.58391791327966,-6.708451407211641,457.8824306352034,983.8532671916181,0
479.0494456431272,-6.708451407211641,458.0262787037263,983.8532671916181,0
479.5149733729748,-6.708451407211641,458.1701267722492,983.8532671916181,0
479.9737065804495,-6.708451407211641,458.3118753333589,983.8532671916181,0
480.43923431029714,-6.708451407211641,458.4557234018818,983.8532671916181,0
480.89807046508054,-6.708451407211641,458.5975037737099,983.8532671916181,0
481.36359819492816,-6.708451407211641,458.74135184223275,983.8532671916181,0
481.36359819492816,-6.718556261729486,458.74135184223275,983.9991560287194,0
481.8223314024029,-6.718556261729486,458.88310040334244,983.9991560287194,0
482.28785913225045,-6.718556261729486,459.02694847186535,983.9991560287194,0
482.7465923397252,-6.718556261729486,459.16869703297505,983.9991560287194,0
483.21212006957273,-6.718556261729486,459.31254510149796,983.9991560287194,0
483.67095622435625,-6.718556261729486,459.45432547332604,983.9991560287194,0
484.13648395420375,-6.718556261729486,459.59817354184895,983.9991560287194,0
484.13648395420375,-6.728370392446905,459.59817354184895,984.1408475409522,0
484.59521716167853,-6.728370392446905,459.73992210295864,984.1408475409522,0
485.0607448915261,-6.728370392446905,459.88377017148156,984.1408475409522,0
485.5262726213737,-6.728370392446905,460.0276182400045,984.1408475409522,0
485.9851087761571,-6.728370392446905,460.16939861183255,984.1408475409522,0
486.4438419836319,-6.728370392446905,460.31114717294224,984.1408475409522,0
486.90936971347946,-6.728370392446905,460.45499524146516,984.1408475409522,0
487.37489744332703,-6.728370392446905,460.598843309988,984.1408475409522,0
487.83363065080175,-6.728370392446905,460.7405918710977,984.1408475409522,0
488.2991583806494,-6.728370392446905,460.8844399396206,984.1408475409522,0
488.7579945354328,-6.7383298850645375,461.0262203114487,984.2846377156193,0
489.2235222652804,-6.7383298850645375,461.1700683799716,984.2846377156193,0
489.6822554727551,-6.7383298850645375,461.3118169410813,984.2846377156193,0
490.14778320260274,-6.7383298850645375,461.4556650096042,984.2846377156193,0
490.60661935738614,-6.7383298850645375,461.5974453814323,984.2846377156193,0
491.0721470872337,-6.7383298850645375,461.7412934499552,984.2846377156193,0
491.5308802947084,-6.7383298850645375,461.8830420110649,984.2846377156193,0
491.99640802455605,-6.7383298850645375,462.0268900795878,984.2846377156193,0
492.4619357544036,-6.7484347395823825,462.1707381481107,984.4305265527207,0
492.920771909187,-6.7484347395823825,462.31251851993875,984.4305265527207,0
493.3795051166618,-6.7484347395823825,462.45426708104844,984.4305265527207,0
493.84503284650935,-6.7484347395823825,462.59811514957136,984.4305265527207,0
494.3038690012928,-6.7484347395823825,462.73989552139943,984.4305265527207,0
494.7693967311404,-6.7484347395823825,462.88374358992235,984.4305265527207,0
495.23492446098794,-6.7484347395823825,463.02759165844526,984.4305265527207,0
495.69365766846266,-6.7484347395823825,463.16934021955495,984.4305265527207,0
496.15239087593744,-6.7484347395823825,463.31108878066465,984.4305265527207,0
496.617918605785,-6.7484347395823825,463.45493684918756,984.4305265527207,0
497.08344633563263,-6.7484347395823825,463.5987849177105,984.4305265527207,0
497.08344633563263,-6.758394232200015,463.5987849177105,984.5743167273878,0
497.56246016291715,-6.758394232200015,463.7468001903414,984.5743167273878,0
498.0212963177006,-6.758394232200015,463.88858056216947,984.5743167273878,0
498.48682404754817,-6.758394232200015,464.0324286306924,984.5743167273878,0
498.94555725502295,-6.758394232200015,464.1741771918021,984.5743167273878,0
499.4110849848705,-6.758394232200015,464.318025260325,984.5743167273878,0
499.8766127147181,-6.758394232200015,464.46187332884784,984.5743167273878,0
500.33544886950153,-6.768208362917434,464.6036537006759,984.7160082396205,0
500.79418207697626,-6.768208362917434,464.7454022617856,984.7160082396205,0
501.2597098068239,-6.768208362917434,464.8892503303085,984.7160082396205,0
501.72523753667144,-6.768208362917434,465.03309839883144,984.7160082396205,0
502.1840736914549,-6.768208362917434,465.1748787706595,984.7160082396205,0
502.64960142130246,-6.768208362917434,465.31872683918243,984.7160082396205,0
503.10833462877713,-6.768208362917434,465.4604754002921,984.7160082396205,0
503.57386235862475,-6.768208362917434,465.60432346881504,984.7160082396205,0
504.0325955660995,-6.768208362917434,465.74607202992473,984.7160082396205,0
504.4981232959471,-6.768208362917434,465.88992009844765,984.7160082396205,0
504.9569594507305,-6.768208362917434,466.0317004702757,984.7160082396205,0
505.4224871805781,-6.768208362917434,466.1755485387986,984.7160082396205,0
505.4224871805781,-6.778313217435279,466.1755485387986,984.8618970767219,0
505.88122038805284,-6.768208362917434,466.31729709990833,984.7160082396205,0
505.88122038805284,-6.778313217435279,466.31729709990833,984.8618970767219,0
506.34674811790035,-6.768208362917434,466.4611451684312,984.7160082396205,0
506.34674811790035,-6.778313217435279,466.4611451684312,984.8618970767219,0
506.80558427268386,-6.778313217435279,466.60292554025926,984.8618970767219,0
507.27111200253137,-6.778313217435279,466.7467736087822,984.8618970767219,0
507.73663973237905,-6.778313217435279,466.8906216773051,984.8618970767219,0
508.1953729398537,-6.778313217435279,467.0323702384148,984.8618970767219,0
508.6542090946372,-6.778313217435279,467.17415061024286,984.8618970767219,0
509.11973682448473,-6.778313217435279,467.3179986787658,984.8618970767219,0
509.11973682448473,-6.788272710052912,467.3179986787658,985.005687251389,0
509.5852645543323,-6.788272710052912,467.4618467472887,985.005687251389,0
510.0439977618071,-6.788272710052912,467.6035953083984,985.005687251389,0
510.50952549165464,-6.788272710052912,467.7474433769213,985.005687251389,0
510.9682586991294,-6.788272710052912,467.889191938031,985.005687251389,0
511.433786428977,-6.788272710052912,468.03304000655385,985.005687251389,0
511.89262258376044,-6.788272710052912,468.1748203783819,985.005687251389,0
512.358150313608,-6.788272710052912,468.31866844690484,985.005687251389,0
512.8168835210828,-6.788272710052912,468.46041700801453,985.005687251389,0
513.2824112509303,-6.788272710052912,468.60426507653744,985.005687251389,0
513.7412474057138,-6.788272710052912,468.7460454483655,985.005687251389,0
513.7412474057138,-6.798232202670544,468.7460454483655,985.149477426056,0
514.2067751355613,-6.788272710052912,468.88989351688843,985.005687251389,0
514.6723028654089,-6.788272710052912,469.03374158541135,985.005687251389,0
514.6723028654089,-6.798232202670544,469.03374158541135,985.149477426056,0
515.1310360728837,-6.798232202670544,469.17549014652104,985.149477426056,0
515.589872227667,-6.798232202670544,469.3172705183491,985.149477426056,0
516.0553999575147,-6.798232202670544,469.46111858687203,985.149477426056,0
516.5141331649894,-6.798232202670544,469.6028671479817,985.149477426056,0
516.979660894837,-6.798232202670544,469.7467152165046,985.149477426056,0
517.4451886246845,-6.798232202670544,469.8905632850275,985.149477426056,0
517.9039218321593,-6.798232202670544,470.0323118461372,985.149477426056,0
518.3694495620069,-6.798232202670544,470.1761599146601,985.149477426056,0
518.8282857167903,-6.798232202670544,470.3179402864882,985.149477426056,0
519.293813446638,-6.798232202670544,470.4617883550111,985.149477426056,0
519.7525466541126,-6.798232202670544,470.6035369161208,985.149477426056,0
520.2180743839602,-6.798232202670544,470.7473849846437,985.149477426056,0
520.6836021138079,-6.798232202670544,470.8912330531666,985.149477426056,0
521.1424382685913,-6.798232202670544,471.0330134249947,985.149477426056,0
521.601171476066,-6.798232202670544,471.1747619861044,985.149477426056,0
522.0666992059136,-6.798232202670544,471.31861005462724,985.149477426056,0
522.5322269357612,-6.808191695288176,471.46245812315016,985.2932676007231,0
522.9910630905446,-6.808191695288176,471.60423849497823,985.2932676007231,0
523.4497962980194,-6.808191695288176,471.7459870560879,985.2932676007231,0
523.9221185502397,-6.808191695288176,471.89193463202406,985.2932676007231,0
524.3741601826504,-6.808191695288176,472.0316154964389,985.2932676007231,0
524.8396879124979,-6.808191695288176,472.17546356496183,985.2932676007231,0
525.3051126950368,-6.808191695288176,472.31927982276636,985.2932676007231,0
525.7639488498203,-6.808191695288176,472.46106019459444,985.2932676007231,0
526.2294765796678,-6.808191695288176,472.60490826311735,985.2932676007231,0
526.6882097871426,-6.808191695288176,472.74665682422705,985.2932676007231,0
527.1537375169901,-6.808191695288176,472.89050489274996,985.2932676007231,0
527.6125736717736,-6.808191695288176,473.03228526457804,985.2932676007231,0
528.0781014016211,-6.808191695288176,473.1761333331009,985.2932676007231,0
528.0781014016211,-6.8181511879058085,473.1761333331009,985.4370577753901,0
528.5436291314687,-6.8181511879058085,473.3199814016238,985.4370577753901,0
529.0023623389435,-6.8181511879058085,473.4617299627335,985.4370577753901,0
529.467890068791,-6.8181511879058085,473.6055780312564,985.4370577753901,0
529.9267262235745,-6.8181511879058085,473.7473584030845,985.4370577753901,0
530.392253953422,-6.8181511879058085,473.8912064716074,985.4370577753901,0
530.8509871608968,-6.8181511879058085,474.0329550327171,985.4370577753901,0
531.3165148907444,-6.8181511879058085,474.17680310124,985.4370577753901,0
531.7752480982192,-6.8181511879058085,474.3185516623497,985.4370577753901,0
531.7752480982192,-6.828110680523441,474.3185516623497,985.5808479500572,0
532.2407758280667,-6.828110680523441,474.4623997308726,985.5808479500572,0
532.6996119828502,-6.828110680523441,474.6041801027007,985.5808479500572,0
533.1651397126977,-6.828110680523441,474.74802817122355,985.5808479500572,0
533.6238729201724,-6.828110680523441,474.88977673233325,985.5808479500572,0
534.0894006500201,-6.828110680523441,475.03362480085616,985.5808479500572,0
534.5482368048034,-6.828110680523441,475.17540517268424,985.5808479500572,0
535.0137645346512,-6.828110680523441,475.31925324120715,985.5808479500572,0
535.4792922644987,-6.838070173141073,475.46310130973006,985.7246381247243,0
535.9380254719734,-6.838070173141073,475.60484987083976,985.7246381247243,0
536.403553201821,-6.838070173141073,475.74869793936267,985.7246381247243,0
536.8623893566044,-6.838070173141073,475.89047831119075,985.7246381247243,0
537.327917086452,-6.838070173141073,476.03432637971366,985.7246381247243,0
537.7866502939266,-6.838070173141073,476.17607494082336,985.7246381247243,0
538.2521780237744,-6.838070173141073,476.3199230093462,985.7246381247243,0
538.7110141785577,-6.838070173141073,476.46170338117435,985.7246381247243,0
539.1765419084054,-6.838070173141073,476.6055514496972,985.7246381247243,0
539.1765419084054,-6.848029665758705,476.6055514496972,985.8684282993913,0
539.6419666909442,-6.848029665758705,476.74936770750173,985.8684282993913,0
540.1008028457277,-6.848029665758705,476.8911480793298,985.8684282993913,0
540.5595360532024,-6.848029665758705,477.0328966404395,985.8684282993913,0
541.02506378305,-6.848029665758705,477.1767447089624,985.8684282993913,0
541.4905915128976,-6.848029665758705,477.32059277748533,985.8684282993913,0
541.949427667681,-6.848029665758705,477.4623731493134,985.8684282993913,0
542.4149553975286,-6.848029665758705,477.6062212178363,985.8684282993913,0
542.8736886050033,-6.848029665758705,477.747969778946,985.8684282993913,0
543.3392163348509,-6.848029665758705,477.89181784746893,985.8684282993913,0
543.7980524896343,-6.848029665758705,478.033598219297,985.8684282993913,0
544.2635802194818,-6.848029665758705,478.17744628781986,985.8684282993913,0
544.7223134269567,-6.848029665758705,478.31919484892956,985.8684282993913,0
544.7223134269567,-6.857989158376338,478.31919484892956,986.0122184740584,0
545.1878411568042,-6.857989158376338,478.46304291745247,986.0122184740584,0
545.646574364279,-6.857989158376338,478.60479147856216,986.0122184740584,0
546.1121020941265,-6.857989158376338,478.7486395470851,986.0122184740584,0
546.5776298239741,-6.857989158376338,478.892487615608,986.0122184740584,0
547.0364659787575,-6.857989158376338,479.03426798743607,986.0122184740584,0
547.4951991862323,-6.857989158376338,479.17601654854576,986.0122184740584,0
547.9607269160799,-6.857989158376338,479.3198646170687,986.0122184740584,0
548.4195630708633,-6.857989158376338,479.46164498889675,986.0122184740584,0
548.8850908007109,-6.857989158376338,479.60549305741966,986.0122184740584,0
548.8850908007109,-6.8679442460879025,479.60549305741966,986.1559450528941,0
549.3506185305584,-6.8679442460879025,479.7493411259425,986.1559450528941,0
549.8093517380332,-6.8679442460879025,479.8910896870522,986.1559450528941,0
550.2748794678807,-6.8679442460879025,480.03493775557513,986.1559450528941,0
550.7337156226642,-6.8679442460879025,480.1767181274032,986.1559450528941,0
551.1992433525118,-6.8679442460879025,480.3205661959261,986.1559450528941,0
551.6579765599867,-6.8679442460879025,480.4623147570358,986.1559450528941,0
552.1235042898342,-6.8679442460879025,480.6061628255587,986.1559450528941,0
552.5823404446176,-6.8679442460879025,480.7479431973868,986.1559450528941,0
552.5823404446176,-6.877903738705535,480.7479431973868,986.2997352275612,0
553.0478681744652,-6.8679442460879025,480.8917912659097,986.1559450528941,0
553.5066013819398,-6.8679442460879025,481.0335398270194,986.1559450528941,0
553.9721291117875,-6.8679442460879025,481.1773878955423,986.1559450528941,0
554.4376568416351,-6.8679442460879025,481.3212359640652,986.1559450528941,0
554.4376568416351,-6.877903738705535,481.3212359640652,986.2997352275612,0
554.8963900491099,-6.877903738705535,481.4629845251749,986.2997352275612,0
555.3552262038933,-6.877903738705535,481.604764897003,986.2997352275612,0
555.8207539337408,-6.877903738705535,481.74861296552587,986.2997352275612,0
556.2794871412156,-6.877903738705535,481.89036152663556,986.2997352275612,0
556.7450148710631,-6.877903738705535,482.0342095951585,986.2997352275612,0
557.2105426009107,-6.877903738705535,482.1780576636814,986.2997352275612,0
557.6693787556941,-6.877903738705535,482.31983803550946,986.2997352275612,0
558.1281119631689,-6.887863231323167,482.46158659661916,986.4435254022283,0
558.5936396930165,-6.887863231323167,482.60543466514207,986.4435254022283,0
559.0591674228641,-6.887863231323167,482.749282733665,986.4435254022283,0
559.5179006303388,-6.887863231323167,482.8910312947747,986.4435254022283,0
559.9834283601863,-6.887863231323167,483.0348793632976,986.4435254022283,0
560.4422645149698,-6.887863231323167,483.17665973512567,986.4435254022283,0
560.9077922448173,-6.887863231323167,483.3205078036485,986.4435254022283,0
560.9077922448173,-6.897822723940799,483.3205078036485,986.5873155768953,0
561.3665254522922,-6.897822723940799,483.4622563647582,986.5873155768953,0
561.8320531821397,-6.897822723940799,483.60610443328113,986.5873155768953,0
562.2975809119873,-6.897822723940799,483.74995250180405,986.5873155768953,0
562.7564170667707,-6.897822723940799,483.8917328736321,986.5873155768953,0
563.2151502742455,-6.897822723940799,484.0334814347418,986.5873155768953,0
563.680678004093,-6.897822723940799,484.17732950326473,986.5873155768953,0
564.1462057339406,-6.897822723940799,484.32117757178764,986.5873155768953,0
564.605041888724,-6.897822723940799,484.4629579436157,986.5873155768953,0
565.0705696185717,-6.897822723940799,484.60680601213863,986.5873155768953,0
565.5293028260464,-6.907782216558432,484.7485545732483,986.7311057515624,0
565.9881389808298,-6.907782216558432,484.8903349450764,986.7311057515624,0
566.4536667106775,-6.907782216558432,485.03418301359926,986.7311057515624,0
566.919194440525,-6.907782216558432,485.1780310821222,986.7311057515624,0
567.3779276479997,-6.907782216558432,485.31977964323187,986.7311057515624,0
567.8434553778472,-6.907782216558432,485.4636277117548,986.7311057515624,0
568.302188585322,-6.907782216558432,485.6053762728645,986.7311057515624,0
568.7677163151697,-6.907782216558432,485.7492243413874,986.7311057515624,0
569.226552469953,-6.907782216558432,485.89100471321547,986.7311057515624,0
569.6920801998007,-6.907782216558432,486.0348527817384,986.7311057515624,0
569.6920801998007,-6.917741709176064,486.0348527817384,986.8748959262294,0
570.1576079296482,-6.917741709176064,486.1787008502613,986.8748959262294,0
570.6298272345599,-6.917741709176064,486.324616615479,986.8748959262294,0
571.0953549644075,-6.917741709176064,486.4684646840019,986.8748959262294,0
571.560882694255,-6.917741709176064,486.6123127525248,986.8748959262294,0
572.0197188490386,-6.917741709176064,486.7540931243529,986.8748959262294,0
572.4852465788861,-6.917741709176064,486.8979411928758,986.8748959262294,0
572.9439797863608,-6.917741709176064,487.0396897539855,986.8748959262294,0
573.4095075162085,-6.917741709176064,487.18353782250836,986.8748959262294,0
573.4095075162085,-6.927701201793696,487.18353782250836,987.0186861008965,0
573.8683436709919,-6.927701201793696,487.32531819433643,987.0186861008965,0
574.3338714008395,-6.917741709176064,487.46916626285935,986.8748959262294,0
574.3338714008395,-6.927701201793696,487.46916626285935,987.0186861008965,0
574.7926046083142,-6.927701201793696,487.61091482396904,987.0186861008965,0
575.2581323381618,-6.927701201793696,487.75476289249195,987.0186861008965,0
575.7168655456366,-6.927701201793696,487.89651145360165,987.0186861008965,0
576.1823932754841,-6.927701201793696,488.04035952212456,987.0186861008965,0
576.6479210053317,-6.927701201793696,488.1842075906475,987.0186861008965,0
576.6479210053317,-6.937660694411329,488.1842075906475,987.1624762755636,0
577.1067571601151,-6.937660694411329,488.32598796247555,987.1624762755636,0
577.5654903675899,-6.937660694411329,488.46773652358524,987.1624762755636,0
578.0310180974374,-6.937660694411329,488.61158459210816,987.1624762755636,0
578.4898542522209,-6.937660694411329,488.75336496393624,987.1624762755636,0
578.9553819820684,-6.937660694411329,488.89721303245915,987.1624762755636,0
579.420909711916,-6.937660694411329,489.041061100982,987.1624762755636,0
579.8864374417636,-6.937660694411329,489.1849091695049,987.1624762755636,0
580.3451706492383,-6.937660694411329,489.3266577306146,987.1624762755636,0
580.3451706492383,-6.947620187028961,489.3266577306146,987.3062664502306,0
580.8040068040218,-6.937660694411329,489.4684381024427,987.1624762755636,0
580.8040068040218,-6.947620187028961,489.4684381024427,987.3062664502306,0
581.2695345338693,-6.937660694411329,489.6122861709656,987.1624762755636,0
581.2695345338693,-6.947620187028961,489.6122861709656,987.3062664502306,0
581.7282677413441,-6.947620187028961,489.7540347320753,987.3062664502306,0
582.1937954711916,-6.947620187028961,489.8978828005982,987.3062664502306,0
582.6526316259751,-6.947620187028961,490.0396631724263,987.3062664502306,0
583.1181593558226,-6.947620187028961,490.1835112409492,987.3062664502306,0
583.5768925632975,-6.947620187028961,490.3252598020589,987.3062664502306,0
584.042420293145,-6.947620187028961,490.4691078705818,987.3062664502306,0
584.5079480229925,-6.947620187028961,490.61295593910467,987.3062664502306,0
584.9666812304673,-6.957579679646593,490.75470450021436,987.4500566248977,0
585.4322089603149,-6.957579679646593,490.8985525687373,987.4500566248977,0
585.8910451150983,-6.957579679646593,491.04033294056535,987.4500566248977,0
586.356572844946,-6.957579679646593,491.18418100908826,987.4500566248977,0
586.8153060524207,-6.957579679646593,491.32592957019796,987.4500566248977,0
587.2808337822682,-6.957579679646593,491.46977763872087,987.4500566248977,0
587.7463615121158,-6.957579679646593,491.6136257072438,987.4500566248977,0
588.2051976668993,-6.957579679646593,491.75540607907186,987.4500566248977,0
588.6639308743739,-6.957579679646593,491.89715464018155,987.4500566248977,0
588.6639308743739,-6.9675391722642255,491.89715464018155,987.5938467995647,0
589.1294586042217,-6.957579679646593,492.04100270870447,987.4500566248977,0
589.1294586042217,-6.9675391722642255,492.04100270870447,987.5938467995647,0
589.5949863340692,-6.9675391722642255,492.1848507772273,987.5938467995647,0
590.053719541544,-6.9675391722642255,492.326599338337,987.5938467995647,0
590.5192472713915,-6.9675391722642255,492.47044740685993,987.5938467995647,0
590.978083426175,-6.9675391722642255,492.612227778688,987.5938467995647,0
591.4436111560225,-6.9675391722642255,492.7560758472109,987.5938467995647,0
591.9023443634971,-6.9675391722642255,492.8978244083206,987.5938467995647,0
592.3678720933449,-6.9675391722642255,493.04167247684353,987.5938467995647,0
592.8267082481282,-6.9675391722642255,493.1834528486716,987.5938467995647,0
593.2922359779759,-6.977498664881858,493.3273009171945,987.7376369742318,0
593.7509691854506,-6.977498664881858,493.4690494783042,987.7376369742318,0
594.2164969152982,-6.977498664881858,493.6128975468271,987.7376369742318,0
594.6753330700816,-6.9675391722642255,493.7546779186552,987.5938467995647,0
595.1408607999292,-6.9675391722642255,493.89852598717806,987.5938467995647,0
595.1408607999292,-6.977498664881858,493.89852598717806,987.7376369742318,0
595.6063885297767,-6.977498664881858,494.042374055701,987.7376369742318,0
596.0651217372515,-6.977498664881858,494.18412261681067,987.7376369742318,0
596.5306494670991,-6.977498664881858,494.3279706853336,987.7376369742318,0
596.9894856218825,-6.977498664881858,494.46975105716166,987.7376369742318,0
597.4482188293573,-6.977498664881858,494.61149961827135,987.7376369742318,0
597.4482188293573,-6.9877488812999164,494.61149961827135,987.8856244737675,0
597.9137465592048,-6.977498664881858,494.75534768679427,987.7376369742318,0
597.9137465592048,-6.9877488812999164,494.75534768679427,987.8856244737675,0
598.3724797666796,-6.977498664881858,494.89709624790396,987.7376369742318,0
598.8380074965272,-6.977498664881858,495.0409443164269,987.7376369742318,0
598.8380074965272,-6.9877488812999164,495.0409443164269,987.8856244737675,0
599.2968436513106,-6.9877488812999164,495.18272468825495,987.8856244737675,0
599.7623713811582,-6.9877488812999164,495.32657275677786,987.8856244737675,0
600.2278991110057,-6.9877488812999164,495.4704208253008,987.8856244737675,0
600.6934268408534,-6.9877488812999164,495.61426889382363,987.8856244737675,0
601.152160048328,-6.9877488812999164,495.7560174549333,987.8856244737675,0
601.6176877781757,-6.9877488812999164,495.89986552345624,987.8856244737675,0
602.076523932959,-6.9877488812999164,496.0416458952843,987.8856244737675,0
602.5352571404338,-6.9978537358177615,496.183394456394,988.031513310869,0
603.0007848702814,-6.9978537358177615,496.3272425249169,988.031513310869,0
603.466312600129,-6.9978537358177615,496.47109059343984,988.031513310869,0
603.9250458076037,-6.9978537358177615,496.61283915454953,988.031513310869,0
604.3838819623871,-6.9978537358177615,496.7546195263776,988.031513310869,0
604.8494096922348,-6.9978537358177615,496.8984675949005,988.031513310869,0
605.3149374220823,-6.9978537358177615,497.04231566342344,988.031513310869,0
605.7736706295572,-6.9978537358177615,497.18406422453313,988.031513310869,0
605.7736706295572,-7.007667866535181,497.18406422453313,988.1732048231017,0
606.2391983594047,-7.007667866535181,497.327912293056,988.1732048231017,0
606.6980345141882,-7.007667866535181,497.46969266488406,988.1732048231017,0
607.1635622440357,-7.007667866535181,497.613540733407,988.1732048231017,0
607.6222954515104,-7.007667866535181,497.7552892945167,988.1732048231017,0
608.087823181358,-7.007667866535181,497.8991373630396,988.1732048231017,0
608.5533509112056,-7.007667866535181,498.0429854315625,988.1732048231017,0
609.012187065989,-7.007667866535181,498.1847658033906,988.1732048231017,0
609.4709202734638,-7.007667866535181,498.32651436450027,988.1732048231017,0
609.4709202734638,-7.017627359152813,498.32651436450027,988.3169949977688,0
609.9364480033114,-7.017627359152813,498.4703624330232,988.3169949977688,0
610.3952841580948,-7.017627359152813,498.61214280485126,988.3169949977688,0
610.8608118879423,-7.017627359152813,498.7559908733742,988.3169949977688,0
611.3263396177899,-7.017627359152813,498.89983894189703,988.3169949977688,0
611.7850728252646,-7.017627359152813,499.0415875030068,988.3169949977688,0
612.2506005551122,-7.017627359152813,499.18543557152964,988.3169949977688,0
612.709333762587,-7.027732213670658,499.32718413263933,988.4628838348701,0
613.1748614924346,-7.027732213670658,499.47103220116225,988.4628838348701,0
613.633697647218,-7.027732213670658,499.6128125729903,988.4628838348701,0
614.0992253770656,-7.027732213670658,499.75666064151324,988.4628838348701,0
614.5579585845403,-7.027732213670658,499.89840920262293,988.4628838348701,0
615.0234863143878,-7.027732213670658,500.04225727114584,988.4628838348701,0
615.4823224691713,-7.027732213670658,500.1840376429739,988.4628838348701,0
615.4823224691713,-7.037546344388078,500.1840376429739,988.6045753471029,0
615.9478501990188,-7.037546344388078,500.32788571149683,988.6045753471029,0
616.4133779288666,-7.037546344388078,500.47173378001975,988.6045753471029,0
616.8721111363412,-7.037546344388078,500.61348234112944,988.6045753471029,0
617.330844343816,-7.037546344388078,500.75523090223913,988.6045753471029,0
617.7963720736635,-7.037546344388078,500.899078970762,988.6045753471029,0
618.2618998035111,-7.037546344388078,501.0429270392849,988.6045753471029,0
618.7207359582945,-7.037546344388078,501.184707411113,988.6045753471029,0
619.1862636881422,-7.04750583700571,501.3285554796359,988.74836552177,0
619.6449968956169,-7.04750583700571,501.4703040407456,988.74836552177,0
620.1038330504003,-7.04750583700571,501.61208441257367,988.74836552177,0
620.569360780248,-7.04750583700571,501.7559324810966,988.74836552177,0
621.0348885100955,-7.04750583700571,501.8997805496195,988.74836552177,0
621.4936217175702,-7.04750583700571,502.0415291107292,988.74836552177,0
621.9591494474178,-7.04750583700571,502.1853771792521,988.74836552177,0
622.4179856022013,-7.057610691523555,502.3271575510802,988.8942543588713,0
622.8835133320488,-7.057610691523555,502.47100561960303,988.8942543588713,0
623.3422465395236,-7.057610691523555,502.6127541807128,988.8942543588713,0
623.8077742693712,-7.057610691523555,502.75660224923564,988.8942543588713,0
624.2733019992187,-7.057610691523555,502.90045031775855,988.8942543588713,0
624.7321381540022,-7.067424822240974,503.04223068958663,989.0359458711041,0
625.1908713614769,-7.067424822240974,503.1839792506963,989.0359458711041,0
625.6563990913245,-7.067424822240974,503.32782731921924,989.0359458711041,0
626.1219268211721,-7.067424822240974,503.47167538774215,989.0359458711041,0
626.5806600286468,-7.067424822240974,503.61342394885185,989.0359458711041,0
627.0461877584944,-7.067424822240974,503.75727201737476,989.0359458711041,0
627.5050239132778,-7.067424822240974,503.89905238920284,989.0359458711041,0
627.5050239132778,-7.07752967675882,503.89905238920284,989.1818347082054,0
627.9637571207526,-7.07752967675882,504.04080095031253,989.1818347082054,0
628.4292848506001,-7.07752967675882,504.18464901883544,989.1818347082054,0
628.8948125804478,-7.07752967675882,504.3284970873583,989.1818347082054,0
629.3536487352311,-7.07752967675882,504.4702774591864,989.1818347082054,0
629.8191764650787,-7.07752967675882,504.6141255277093,989.1818347082054,0
630.2779096725535,-7.07752967675882,504.755874088819,989.1818347082054,0
630.743437402401,-7.07752967675882,504.8997221573419,989.1818347082054,0
630.743437402401,-7.087489169376452,504.8997221573419,989.3256248828725,0
631.2021706098758,-7.087489169376452,505.0414707184516,989.3256248828725,0
631.6676983397234,-7.087489169376452,505.1853187869745,989.3256248828725,0
632.133226069571,-7.087489169376452,505.3291668554974,989.3256248828725,0
632.5920622243543,-7.087489169376452,505.4709472273255,989.3256248828725,0
633.0507954318292,-7.097448661994084,505.6126957884352,989.4694150575397,0
633.5163231616767,-7.097448661994084,505.7565438569581,989.4694150575397,0
633.9818508915242,-7.097448661994084,505.90039192548096,989.4694150575397,0
634.4406870463077,-7.097448661994084,506.04217229730904,989.4694150575397,0
634.9062147761553,-7.097448661994084,506.18602036583195,989.4694150575397,0
635.36494798363,-7.097448661994084,506.32776892694164,989.4694150575397,0
635.8304757134777,-7.097448661994084,506.47161699546456,989.4694150575397,0
636.289311868261,-7.097448661994084,506.61339736729263,989.4694150575397,0
636.289311868261,-7.107408154611717,506.61339736729263,989.6132052322067,0
636.7548395981087,-7.107408154611717,506.75724543581555,989.6132052322067,0
637.2135728055835,-7.107408154611717,506.89899399692524,989.6132052322067,0
637.679100535431,-7.107408154611717,507.04284206544816,989.6132052322067,0
638.1379366902144,-7.107408154611717,507.18462243727623,989.6132052322067,0
638.1379366902144,-7.117367647229349,507.18462243727623,989.7569954068738,0
638.603464420062,-7.117367647229349,507.32847050579915,989.7569954068738,0
639.0689921499095,-7.117367647229349,507.472318574322,989.7569954068738,0
639.5277253573844,-7.117367647229349,507.6140671354317,989.7569954068738,0
639.986458564859,-7.117367647229349,507.75581569654145,989.7569954068738,0
640.4519862947067,-7.117367647229349,507.8996637650643,989.7569954068738,0
640.9108224494901,-7.117367647229349,508.0414441368924,989.7569954068738,0
641.3763501793377,-7.117367647229349,508.1852922054153,989.7569954068738,0
641.3763501793377,-7.127327139846981,508.1852922054153,989.9007855815408,0
641.8418779091852,-7.127327139846981,508.3291402739382,989.9007855815408,0
642.30061111666,-7.127327139846981,508.4708888350479,989.9007855815408,0
642.7594472714434,-7.127327139846981,508.612669206876,989.9007855815408,0
643.238461098728,-7.127327139846981,508.7606844795069,989.9007855815408,0
643.7039888285755,-7.137286632464614,508.9045325480298,990.0445757562079,0
644.1627220360502,-7.137286632464614,509.0462811091395,990.0445757562079,0
644.6282497658979,-7.137286632464614,509.1901291776624,990.0445757562079,0
645.0870859206813,-7.137286632464614,509.3319095494905,990.0445757562079,0
645.5526136505289,-7.147246125082246,509.4757576180134,990.188365930875,0
646.0113468580037,-7.147246125082246,509.6175061791231,990.188365930875,0
646.4768745878512,-7.147246125082246,509.761354247646,990.188365930875,0
646.9424023176987,-7.147246125082246,509.90520231616887,990.188365930875,0
647.4011355251736,-7.147246125082246,510.0469508772786,990.188365930875,0
647.8599716799569,-7.147246125082246,510.1887312491067,990.188365930875,0
647.8599716799569,-7.157205617699878,510.1887312491067,990.332156105542,0
648.3254994098046,-7.157205617699878,510.33257931762955,990.332156105542,0
648.7842326172793,-7.157205617699878,510.47432787873925,990.332156105542,0
649.2497603471269,-7.157205617699878,510.61817594726216,990.332156105542,0
649.2497603471269,-7.16716511031751,510.61817594726216,990.4759462802091,0
649.7152880769744,-7.16716511031751,510.7620240157851,990.4759462802091,0
650.1741242317579,-7.16716511031751,510.90380438761315,990.4759462802091,0
650.6328574392326,-7.16716511031751,511.04555294872284,990.4759462802091,0
651.0983851690803,-7.177124602935142,511.18940101724576,990.6197364548761,0
651.5639128989278,-7.177124602935142,511.33324908576867,990.6197364548761,0
652.0227490537112,-7.187084095552774,511.47502945759675,990.7635266295432,0
652.4882767835588,-7.187084095552774,511.61887752611966,990.7635266295432,0
652.9470099910335,-7.187084095552774,511.76062608722935,990.7635266295432,0
653.405846145817,-7.187084095552774,511.90240645905743,990.7635266295432,0
653.8713738756645,-7.187084095552774,512.0462545275803,990.7635266295432,0
654.3369016055121,-7.1970435881704065,512.1901025961032,990.9073168042103,0
654.7956348129868,-7.1970435881704065,512.3318511572129,990.9073168042103,0
655.2611625428344,-7.1970435881704065,512.4756992257359,990.9073168042103,0
655.2611625428344,-7.207003080788039,512.4756992257359,991.0511069788773,0
655.7198957503092,-7.207003080788039,512.6174477868456,991.0511069788773,0
656.1854234801567,-7.207003080788039,512.7612958553684,991.0511069788773,0
656.6442596349402,-7.207003080788039,512.9030762271965,991.0511069788773,0
657.1097873647877,-7.207003080788039,513.0469242957194,991.0511069788773,0
657.1097873647877,-7.216962573405671,513.0469242957194,991.1948971535444,0
657.5753150946354,-7.216962573405671,513.1907723642423,991.1948971535444,0
658.0340483021101,-7.216962573405671,513.332520925352,991.1948971535444,0
658.4928844568935,-7.216962573405671,513.4743012971801,991.1948971535444,0
658.9584121867412,-7.216962573405671,513.618149365703,991.1948971535444,0
659.4239399165887,-7.226922066023303,513.7619974342259,991.3386873282114,0
659.8826731240634,-7.226922066023303,513.9037459953356,991.3386873282114,0
660.348200853911,-7.226922066023303,514.0475940638585,991.3386873282114,0
660.8069340613858,-7.236877153734869,514.1893426249682,991.4824139070472,0
661.2724617912334,-7.236877153734869,514.3331906934911,991.4824139070472,0
661.7312979460169,-7.236877153734869,514.4749710653192,991.4824139070472,0
662.1968256758644,-7.236877153734869,514.6188191338421,991.4824139070472,0
662.1968256758644,-7.246841051258568,514.6188191338421,991.6262676775456,0
662.6555588833392,-7.246841051258568,514.7605676949518,991.6262676775456,0
663.1210866131867,-7.246841051258568,514.9044157634746,991.6262676775456,0
663.5799227679701,-7.256941500870346,515.0461961353027,991.7720929188157,0
664.0454504978177,-7.256941500870346,515.1900442038257,991.7720929188157,0
664.5109782276653,-7.256941500870346,515.3338922723485,991.7720929188157,0
664.5109782276653,-7.266755631587766,515.3338922723485,991.9137844310484,0
664.9697114351401,-7.266755631587766,515.4756408334582,991.9137844310484,0
665.4285475899234,-7.266755631587766,515.6174212052863,991.9137844310484,0
665.8939723724624,-7.266755631587766,515.7612374630909,991.9137844310484,0
665.8939723724624,-7.276715124205398,515.7612374630909,992.0575746057154,0
666.3528085272458,-7.276715124205398,515.903017834919,992.0575746057154,0
666.8183362570933,-7.276715124205398,516.0468659034418,992.0575746057154,0
667.2838639869409,-7.286819978723243,516.1907139719647,992.2034634428169,0
667.7427001417243,-7.286819978723243,516.3324943437927,992.2034634428169,0
668.2082278715719,-7.286819978723243,516.4763424123157,992.2034634428169,0
668.6669610790467,-7.286819978723243,516.6180909734254,992.2034634428169,0
668.6669610790467,-7.296634109440662,516.6180909734254,992.3451549550496,0
669.1324888088943,-7.296634109440662,516.7619390419483,992.3451549550496,0
669.591222016369,-7.296634109440662,516.903687603058,992.3451549550496,0
670.0567497462166,-7.296634109440662,517.0475356715809,992.3451549550496,0
670.0567497462166,-7.306593602058294,517.0475356715809,992.4889451297166,0
670.515585901,-7.306593602058294,517.189316043409,992.4889451297166,0
670.9811136308475,-7.306593602058294,517.3331641119319,992.4889451297166,0
671.4398468383224,-7.31669845657614,517.4749126730416,992.6348339668181,0
671.9053745681699,-7.31669845657614,517.6187607415645,992.6348339668181,0
672.3709022980175,-7.326512587293559,517.7626088100874,992.7765254790507,0
672.8297384528009,-7.326512587293559,517.9043891819155,992.7765254790507,0
673.2884716602757,-7.326512587293559,518.0461377430252,992.7765254790507,0
673.2884716602757,-7.336472079911191,518.0461377430252,992.9203156537178,0
673.7539993901232,-7.336472079911191,518.189985811548,992.9203156537178,0
674.2127325975981,-7.336472079911191,518.3317343726577,992.9203156537178,0
674.6782603274456,-7.336472079911191,518.4755824411807,992.9203156537178,0
674.6782603274456,-7.346576934429037,518.4755824411807,993.0662044908192,0
675.1437880572931,-7.346576934429037,518.6194305097035,993.0662044908192,0
675.6026242120766,-7.346576934429037,518.7612108815316,993.0662044908192,0
675.6026242120766,-7.356536427046669,518.7612108815316,993.2099946654863,0
676.06146036686,-7.356536427046669,518.9029912533597,993.2099946654863,0
676.5268851493989,-7.356536427046669,519.0468075111643,993.2099946654863,0
676.5268851493989,-7.366350557764088,519.0468075111643,993.3516861777191,0
676.9924128792464,-7.366350557764088,519.1906555796871,993.3516861777191,0
677.45124903403,-7.366350557764088,519.3324359515152,993.3516861777191,0
677.9167767638775,-7.376455412281934,519.4762840200382,993.4975750148204,0
678.3755099713522,-7.376455412281934,519.6180325811479,993.4975750148204,0
678.8410377011999,-7.376455412281934,519.7618806496707,993.4975750148204,0
678.8410377011999,-7.386414904899566,519.7618806496707,993.6413651894875,0
679.2998738559833,-7.386414904899566,519.9036610214988,993.6413651894875,0
679.7654015858309,-7.386414904899566,520.0475090900217,993.6413651894875,0
679.7654015858309,-7.3963743975171985,520.0475090900217,993.7851553641545,0
680.2308263683698,-7.3963743975171985,520.1913253478263,993.7851553641545,0
680.6896625231532,-7.3963743975171985,520.3331057196543,993.7851553641545,0
681.1484986779366,-7.3963743975171985,520.4748860914824,993.7851553641545,0
681.1484986779366,-7.406333890134831,520.4748860914824,993.9289455388216,0
681.6140264077842,-7.406333890134831,520.6187341600053,993.9289455388216,0
682.0795541376318,-7.416293382752462,520.7625822285282,994.0727357134887,0
682.5382873451065,-7.416293382752462,520.9043307896379,994.0727357134887,0
683.0038150749541,-7.416293382752462,521.0481788581608,994.0727357134887,0
683.0038150749541,-7.4262528753700945,521.0481788581608,994.2165258881557,0
683.4625482824288,-7.4262528753700945,521.1899274192705,994.2165258881557,0
683.9280760122765,-7.4262528753700945,521.3337754877933,994.2165258881557,0
684.3869121670598,-7.436212367987727,521.4755558596214,994.3603160628228,0
684.8524398969075,-7.436212367987727,521.6194039281444,994.3603160628228,0
684.8524398969075,-7.446171860605359,521.6194039281444,994.5041062374899,0
685.317967626755,-7.446171860605359,521.7632519966672,994.5041062374899,0
685.7767008342297,-7.446171860605359,521.9050005577769,994.5041062374899,0
685.7767008342297,-7.456131353222991,521.9050005577769,994.6478964121569,0
686.2422285640773,-7.456131353222991,522.0488486262999,994.6478964121569,0
686.7010647188607,-7.456131353222991,522.190628998128,994.6478964121569,0
686.7010647188607,-7.466090845840624,522.190628998128,994.7916865868241,0
687.1665924487083,-7.466090845840624,522.3344770666508,994.7916865868241,0
687.625325656183,-7.466090845840624,522.4762256277605,994.7916865868241,0
688.0908533860307,-7.466090845840624,522.6200736962835,994.7916865868241,0
688.0908533860307,-7.476050338458256,522.6200736962835,994.9354767614911,0
688.5495865935054,-7.476050338458256,522.7618222573932,994.9354767614911,0
688.5495865935054,-7.486009831075888,522.7618222573932,995.0792669361582,0
689.015114323353,-7.486009831075888,522.905670325916,995.0792669361582,0
689.4739504781364,-7.486009831075888,523.0474506977441,995.0792669361582,0
689.4739504781364,-7.4959693236935205,523.0474506977441,995.2230571108253,0
689.9394782079839,-7.4959693236935205,523.191298766267,995.2230571108253,0
690.3983143627675,-7.505928816311153,523.3330791380951,995.3668472854923,0
690.8637391453063,-7.505928816311153,523.4768953958996,995.3668472854923,0
691.3225753000897,-7.505928816311153,523.6186757677277,995.3668472854923,0
691.3225753000897,-7.515888308928785,523.6186757677277,995.5106374601594,0
691.7881030299374,-7.515888308928785,523.7625238362506,995.5106374601594,0
691.7881030299374,-7.525847801546417,523.7625238362506,995.6544276348264,0
692.2468362374121,-7.525847801546417,523.9042723973603,995.6544276348264,0
692.7123639672596,-7.525847801546417,524.0481204658832,995.6544276348264,0
693.1778916971072,-7.525847801546417,524.1919685344061,995.6544276348264,0
693.1778916971072,-7.53580729416405,524.1919685344061,995.7982178094935,0
693.6367278518907,-7.53580729416405,524.3337489062342,995.7982178094935,0
694.1022555817382,-7.53580729416405,524.4775969747571,995.7982178094935,0
694.1022555817382,-7.545766786781682,524.4775969747571,995.9420079841606,0
694.5609887892131,-7.545766786781682,524.6193455358668,995.9420079841606,0
695.0198249439964,-7.545766786781682,524.7611259076949,995.9420079841606,0
695.0198249439964,-7.555726279399314,524.7611259076949,996.0857981588276,0
695.4853526738441,-7.555726279399314,524.9049739762178,996.0857981588276,0
695.9508804036916,-7.565685772016947,525.0488220447406,996.2295883334947,0
696.4164081335392,-7.565685772016947,525.1926701132636,996.2295883334947,0
696.8751413410139,-7.575645264634579,525.3344186743733,996.3733785081617,0
697.3338745484887,-7.575645264634579,525.476167235483,996.3733785081617,0
697.7994022783363,-7.585750119152424,525.6200153040058,996.5192673452632,0
698.2582384331196,-7.585750119152424,525.7617956758339,996.5192673452632,0
698.2582384331196,-7.5955642498698435,525.7617956758339,996.6609588574959,0
698.7237661629673,-7.5955642498698435,525.9056437443569,996.6609588574959,0
699.182499370442,-7.5955642498698435,526.0473923054666,996.6609588574959,0
699.182499370442,-7.6056691043876885,526.0473923054666,996.8068476945973,0
699.6480271002896,-7.6056691043876885,526.1912403739894,996.8068476945973,0
700.106863255073,-7.615628597005321,526.3330207458175,996.9506378692644,0
700.5723909849206,-7.615628597005321,526.4768688143404,996.9506378692644,0
701.0379187147681,-7.615628597005321,526.6207168828633,996.9506378692644,0
701.0379187147681,-7.62544272772274,526.6207168828633,997.092329381497,0
701.4966519222429,-7.62544272772274,526.762465443973,997.092329381497,0
701.9621796520905,-7.635547582240585,526.9063135124959,997.2382182185985,0
702.4209128595652,-7.635547582240585,527.0480620736056,997.2382182185985,0
702.4209128595652,-7.645507074858218,527.0480620736056,997.3820083932656,0
702.8864405894128,-7.645507074858218,527.1919101421286,997.3820083932656,0
703.3452767441962,-7.645507074858218,527.3336905139566,997.3820083932656,0
703.3452767441962,-7.65546656747585,527.3336905139566,997.5257985679326,0
703.8108044740438,-7.65546656747585,527.4775385824795,997.5257985679326,0
704.2763322038915,-7.665426060093482,527.6213866510025,997.6695887425997,0
704.7351683586747,-7.665426060093482,527.7631670228305,997.6695887425997,0
705.1939015661496,-7.675385552711115,527.9049155839402,997.8133789172667,0
705.6594292959971,-7.675385552711115,528.0487636524631,997.8133789172667,0
705.6594292959971,-7.685345045328747,528.0487636524631,997.9571690919338,0
706.1181625034719,-7.685345045328747,528.1905122135728,997.9571690919338,0
706.5836902333194,-7.685345045328747,528.3343602820956,997.9571690919338,0
706.5836902333194,-7.695304537946379,528.3343602820956,998.1009592666009,0
707.0492179631672,-7.695304537946379,528.4782083506186,998.1009592666009,0
707.0492179631672,-7.705264030564011,528.4782083506186,998.2447494412679,0
707.5080541179505,-7.705264030564011,528.6199887224467,998.2447494412679,0
707.9667873254252,-7.705264030564011,528.7617372835564,998.2447494412679,0
707.9667873254252,-7.715223523181644,528.7617372835564,998.388539615935,0
708.4323150552729,-7.715223523181644,528.9055853520792,998.388539615935,0
708.4323150552729,-7.725183015799276,528.9055853520792,998.532329790602,0
708.8978427851204,-7.725183015799276,529.0494334206022,998.532329790602,0
709.3566789399039,-7.735142508416908,529.1912137924303,998.6761199652691,0
709.8222066697514,-7.745102001034541,529.3350618609531,998.8199101399362,0
710.2809398772262,-7.745102001034541,529.4768104220628,998.8199101399362,0
710.7464676070737,-7.755061493652173,529.6206584905858,998.9637003146032,0
711.2052008145486,-7.755061493652173,529.7624070516955,998.9637003146032,0
711.6707285443961,-7.755061493652173,529.9062551202184,998.9637003146032,0
711.6707285443961,-7.765020986269805,529.9062551202184,999.1074904892703,0
712.1362562742436,-7.765020986269805,530.0501031887412,999.1074904892703,0
712.1362562742436,-7.7749804788874375,530.0501031887412,999.2512806639375,0
712.5950924290271,-7.7749804788874375,530.1918835605693,999.2512806639375,0
713.0538256365018,-7.7749804788874375,530.333632121679,999.2512806639375,0
713.5193533663494,-7.78493997150507,530.477480190202,999.3950708386045,0
713.984881096197,-7.78493997150507,530.6213282587248,999.3950708386045,0
713.984881096197,-7.794899464122702,530.6213282587248,999.5388610132716,0
714.4437172509804,-7.794899464122702,530.7631086305529,999.5388610132716,0
714.4437172509804,-7.804858956740334,530.7631086305529,999.6826511879386,0
714.909244980828,-7.804858956740334,530.9069566990759,999.6826511879386,0
715.3679781883028,-7.804858956740334,531.0487052601856,999.6826511879386,0
715.3679781883028,-7.814818449357966,531.0487052601856,999.8264413626057,0
715.8469920155874,-7.814818449357966,531.1967205328165,999.8264413626057,0
715.8469920155874,-7.824777941975598,531.1967205328165,999.9702315372728,0
716.3125197454349,-7.824777941975598,531.3405686013393,999.9702315372728,0
716.7713559002184,-7.83473743459323,531.4823489731674,1000.1140217119398,0
717.2368836300659,-7.83473743459323,531.6261970416904,1000.1140217119398,0
717.2368836300659,-7.844696927210863,531.6261970416904,1000.2578118866069,0
717.6956168375407,-7.844696927210863,531.7679456028001,1000.2578118866069,0
718.1611445673882,-7.854656419828495,531.9117936713229,1000.4016020612739,0
718.6266722972358,-7.854656419828495,532.0556417398458,1000.4016020612739,0
718.6266722972358,-7.864615912446127,532.0556417398458,1000.545392235941,0
719.0854055047106,-7.864615912446127,532.1973903009555,1000.545392235941,0
719.5442416594939,-7.864615912446127,532.3391706727836,1000.545392235941,0
719.5442416594939,-7.8745754050637595,532.3391706727836,1000.689182410608,0
720.0097693893416,-7.8745754050637595,532.4830187413065,1000.689182410608,0
720.4685025968163,-7.884675854675538,532.6247673024162,1000.8350076518781,0
720.9340303266639,-7.884675854675538,532.7686153709391,1000.8350076518781,0
721.3995580565114,-7.884675854675538,532.912463439462,1000.8350076518781,0
721.3995580565114,-7.894494390299024,532.912463439462,1000.9767627599422,0
721.8583942112948,-7.894494390299024,533.0542438112901,1000.9767627599422,0
721.8583942112948,-7.904564005568333,533.0542438112901,1001.1221428303928,0
721.8583942112948,-7.904594839910803,533.0542438112901,1001.1225880012122,0
722.3239219411424,-7.904564005568333,533.198091879813,1001.1221428303928,0
722.7826551486172,-7.904564005568333,533.3398404409227,1001.1221428303928,0
722.7826551486172,-7.914523498185965,533.3398404409227,1001.2659330050599,0
723.2481828784648,-7.914523498185965,533.4836885094456,1001.2659330050599,0
723.2481828784648,-7.924482990803598,533.4836885094456,1001.4097231797269,0
723.7070190332482,-7.924482990803598,533.6254688812737,1001.4097231797269,0
724.1724438157871,-7.924482990803598,533.7692851390782,1001.4097231797269,0
724.1724438157871,-7.93444248342123,533.7692851390782,1001.553513354394,0
724.6313829178793,-7.93444248342123,533.9110973216247,1001.553513354394,0
724.6313829178793,-7.944401976038862,533.9110973216247,1001.6973035290611,0
725.0969106477269,-7.944401976038862,534.0549453901475,1001.6973035290611,0
725.0969106477269,-7.9543614686564945,534.0549453901475,1001.8410937037281,0
725.5556438552015,-7.9543614686564945,534.1966939512572,1001.8410937037281,0
726.021171585049,-7.9543614686564945,534.3405420197802,1001.8410937037281,0
726.4866993148968,-7.964320961274127,534.484390088303,1001.9848838783952,0
726.9454325223714,-7.974280453891759,534.6261386494127,1002.1286740530622,0
727.4041657298462,-7.974280453891759,534.7678872105224,1002.1286740530622,0
727.4041657298462,-7.984239946509391,534.7678872105224,1002.2724642277294,0
727.8696934596937,-7.984239946509391,534.9117352790454,1002.2724642277294,0
728.328632561786,-7.984239946509391,535.0535474615918,1002.2724642277294,0
728.328632561786,-7.994199439127024,535.0535474615918,1002.4162544023965,0
728.7941602916335,-7.994199439127024,535.1973955301147,1002.4162544023965,0
729.2594821268636,-8.004158931744655,535.3411799772009,1002.5600445770635,0
729.7184212289558,-8.004158931744655,535.4829921597474,1002.5600445770635,0
730.1771544364304,-8.014118424362287,535.6247407208571,1002.7038347517306,0
730.1771544364304,-8.02407791697992,535.6247407208571,1002.8476249263977,0
730.6426821662782,-8.02407791697992,535.7685887893799,1002.8476249263977,0
730.6426821662782,-8.034037409597552,535.7685887893799,1002.9914151010647,0
731.1082098961257,-8.034037409597552,535.9124368579028,1002.9914151010647,0
731.5669431036005,-8.034037409597552,536.0541854190125,1002.9914151010647,0
731.5669431036005,-8.043996902215184,536.0541854190125,1003.1352052757318,0
732.032470833448,-8.043996902215184,536.1980334875354,1003.1352052757318,0
732.4912040409229,-8.043996902215184,536.3397820486451,1003.1352052757318,0
732.4912040409229,-8.053956394832817,536.3397820486451,1003.2789954503988,0
732.9567317707704,-8.053956394832817,536.483630117168,1003.2789954503988,0
733.4156708728625,-8.063915887450449,536.6254422997145,1003.4227856250659,0
733.88119860271,-8.063915887450449,536.7692903682374,1003.4227856250659,0
733.88119860271,-8.073875380068081,536.7692903682374,1003.566575799733,0
734.3467263325576,-8.073875380068081,536.9131384367603,1003.566575799733,0
734.3467263325576,-8.083834872685713,536.9131384367603,1003.7103659744,0
734.8054595400324,-8.083834872685713,537.05488699787,1003.7103659744,0
735.2641927475071,-8.093939727203558,537.1966355589797,1003.8562548115015,0
735.7297204773547,-8.093939727203558,537.3404836275025,1003.8562548115015,0
736.1952482072023,-8.093939727203558,537.4843316960255,1003.8562548115015,0
736.1952482072023,-8.103753857920978,537.4843316960255,1003.9979463237341,0
736.6539814146771,-8.103753857920978,537.6260802571352,1003.9979463237341,0
736.6539814146771,-8.11371335053861,537.6260802571352,1004.1417364984012,0
737.1195091445246,-8.11371335053861,537.769928325658,1004.1417364984012,0
737.5782423519993,-8.11371335053861,537.9116768867677,1004.1417364984012,0
737.5782423519993,-8.123818205056455,537.9116768867677,1004.2876253355026,0
738.0371814540915,-8.123818205056455,538.0534890693142,1004.2876253355026,0
738.502709183939,-8.133777697674088,538.1973371378372,1004.4314155101697,0
738.9682369137867,-8.14373719029172,538.34118520636,1004.5752056848368,0
739.4269701212613,-8.14373719029172,538.4829337674697,1004.5752056848368,0
739.892497851109,-8.153696682909352,538.6267818359927,1004.7189958595038,0
740.3512310585837,-8.163656175526985,538.7685303971024,1004.8627860341709,0
740.8167587884312,-8.163656175526985,538.9123784656252,1004.8627860341709,0
741.275491995906,-8.173615668144617,539.0541270267349,1005.0065762088379,0
741.7410197257535,-8.173615668144617,539.1979750952578,1005.0065762088379,0
741.7410197257535,-8.18357516076225,539.1979750952578,1005.150366383505,0
742.2065474556013,-8.18357516076225,539.3418231637808,1005.150366383505,0
742.2065474556013,-8.193534653379881,539.3418231637808,1005.2941565581721,0
742.6654865576933,-8.193534653379881,539.4836353463272,1005.2941565581721,0
743.1310142875409,-8.193534653379881,539.6274834148501,1005.2941565581721,0
743.1310142875409,-8.203925826792087,539.6274834148501,1005.4441791243107,0
743.5897474950156,-8.203925826792087,539.7692319759598,1005.4441791243107,0
743.5897474950156,-8.21388531940972,539.7692319759598,1005.5879692989779,0
744.0552752248633,-8.21388531940972,539.9130800444827,1005.5879692989779,0
744.514008432338,-8.223699450127137,540.0548286055924,1005.7296608112106,0
744.9795361621855,-8.223699450127137,540.1986766741153,1005.7296608112106,0
744.9795361621855,-8.233804304644984,540.1986766741153,1005.875549648312,0
745.4382693696602,-8.233804304644984,540.340425235225,1005.875549648312,0
745.897002577135,-8.243763797262616,540.4821737963347,1006.0193398229791,0
746.3625303069826,-8.243763797262616,540.6260218648576,1006.0193398229791,0
746.3625303069826,-8.253723289880247,540.6260218648576,1006.1631299976461,0
746.8280580368302,-8.253723289880247,540.7698699333805,1006.1631299976461,0
746.8280580368302,-8.26368278249788,540.7698699333805,1006.3069201723132,0
747.2935857666778,-8.26368278249788,540.9137180019034,1006.3069201723132,0
747.7525248687699,-8.273642275115511,541.0555301844498,1006.4507103469803,0
748.2180525986174,-8.273642275115511,541.1993782529728,1006.4507103469803,0
748.2180525986174,-8.283601767733144,541.1993782529728,1006.5945005216473,0
748.6767858060922,-8.283601767733144,541.3411268140825,1006.5945005216473,0
749.1423135359397,-8.293561260350776,541.4849748826053,1006.7382906963144,0
749.6010467434146,-8.293561260350776,541.626723443715,1006.7382906963144,0
749.6010467434146,-8.303520752968408,541.626723443715,1006.8820808709814,0
750.0665744732621,-8.303520752968408,541.770571512238,1006.8820808709814,0
750.0665744732621,-8.31348024558604,541.770571512238,1007.0258710456485,0
750.5253076807369,-8.31348024558604,541.9123200733477,1007.0258710456485,0
750.9908354105844,-8.323439738203673,542.0561681418706,1007.1696612203156,0
751.4495686180592,-8.323439738203673,542.1979167029803,1007.1696612203156,0
751.4495686180592,-8.333399230821305,542.1979167029803,1007.3134513949826,0
751.9150963479068,-8.333399230821305,542.3417647715031,1007.3134513949826,0
751.9150963479068,-8.343358723438937,542.3417647715031,1007.4572415696497,0
752.3740354499989,-8.343358723438937,542.4835769540496,1007.4572415696497,0
752.8395631798464,-8.35331821605657,542.6274250225725,1007.6010317443167,0
753.305090909694,-8.363277708674202,542.7712730910954,1007.7448219189838,0
753.7638241171688,-8.363277708674202,542.9130216522051,1007.7448219189838,0
753.7638241171688,-8.373237201291834,542.9130216522051,1007.8886120936509,0
754.2225573246435,-8.373237201291834,543.0547702133148,1007.8886120936509,0
754.6880850544911,-8.383196693909467,543.1986182818378,1008.0324022683179,0
755.1468182619658,-8.383196693909467,543.3403668429474,1008.0324022683179,0
755.1468182619658,-8.393156186527099,543.3403668429474,1008.176192442985,0
755.6123459918135,-8.393156186527099,543.4842149114703,1008.176192442985,0
756.0712850939055,-8.403115679144731,543.6260270940168,1008.319982617652,0
756.536812823753,-8.403115679144731,543.7698751625397,1008.319982617652,0
756.536812823753,-8.413075171762364,543.7698751625397,1008.4637727923191,0
756.9955460312278,-8.413075171762364,543.9116237236494,1008.4637727923191,0
757.4610737610755,-8.423034664379996,544.0554717921723,1008.6075629669863,0
757.9266014909231,-8.423034664379996,544.1993198606951,1008.6075629669863,0
757.9266014909231,-8.432994156997628,544.1993198606951,1008.7513531416533,0
758.3853346983977,-8.432994156997628,544.3410684218048,1008.7513531416533,0
758.3853346983977,-8.44295364961526,544.3410684218048,1008.8951433163204,0
758.8508624282454,-8.44295364961526,544.4849164903278,1008.8951433163204,0
758.8508624282454,-8.452913142232893,544.4849164903278,1009.0389334909875,0
759.3095956357201,-8.452913142232893,544.6266650514375,1009.0389334909875,0
759.7751233655677,-8.452913142232893,544.7705131199604,1009.0389334909875,0
759.7751233655677,-8.463013591844671,544.7705131199604,1009.1847587322575,0
760.2338565730424,-8.463013591844671,544.91226168107,1009.1847587322575,0
760.2338565730424,-8.472973084462303,544.91226168107,1009.3285489069245,0
760.6993843028899,-8.472973084462303,545.056109749593,1009.3285489069245,0
760.6993843028899,-8.482932577079936,545.056109749593,1009.4723390815916,0
761.1649120327376,-8.482932577079936,545.1999578181159,1009.4723390815916,0
761.6238511348297,-8.492892069697568,545.3417700006623,1009.6161292562587,0
762.0825843423045,-8.492892069697568,545.483518561772,1009.6161292562587,0
762.0825843423045,-8.5028515623152,545.483518561772,1009.7599194309257,0
762.548112072152,-8.5028515623152,545.627366630295,1009.7599194309257,0
763.0136398019996,-8.512811054932833,545.7712146988179,1009.9037096055928,0
763.4723730094744,-8.512811054932833,545.9129632599276,1009.9037096055928,0
763.4723730094744,-8.522770547550465,545.9129632599276,1010.0474997802598,0
763.9379007393219,-8.522770547550465,546.0568113284504,1010.0474997802598,0
763.9379007393219,-8.532730040168097,546.0568113284504,1010.1912899549269,0
764.3966339467967,-8.532730040168097,546.1985598895601,1010.1912899549269,0
764.8621616766442,-8.54268953278573,546.3424079580831,1010.335080129594,0
765.3208948841191,-8.54268953278573,546.4841565191928,1010.335080129594,0
765.3208948841191,-8.552649025403362,546.4841565191928,1010.478870304261,0
765.7864226139666,-8.552649025403362,546.6280045877156,1010.478870304261,0
765.7864226139666,-8.562608518020994,546.6280045877156,1010.6226604789281,0
766.2519503438142,-8.562608518020994,546.7718526562386,1010.6226604789281,0
766.2519503438142,-8.572568010638626,546.7718526562386,1010.7664506535951,0
766.7108894459062,-8.572568010638626,546.913664838785,1010.7664506535951,0
767.1696226533811,-8.582527503256259,547.0554133998947,1010.9102408282622,0
767.6351503832286,-8.592486995873891,547.1992614684176,1011.0540310029294,0
768.1006781130761,-8.592486995873891,547.3431095369405,1011.0540310029294,0
768.1006781130761,-8.602446488491523,547.3431095369405,1011.1978211775964,0
768.5594113205509,-8.602446488491523,547.4848580980502,1011.1978211775964,0
768.5594113205509,-8.612405981109156,547.4848580980502,1011.3416113522635,0
769.0249390503985,-8.612405981109156,547.6287061665731,1011.3416113522635,0
769.4836722578733,-8.622365473726788,547.7704547276828,1011.4854015269306,0
769.9426113599653,-8.63232496634442,547.9122669102293,1011.6291917015976,0
770.408139089813,-8.63232496634442,548.0561149787521,1011.6291917015976,0
770.408139089813,-8.642284458962052,548.0561149787521,1011.7729818762647,0
770.8736668196606,-8.642284458962052,548.1999630472751,1011.7729818762647,0
770.8736668196606,-8.652243951579685,548.1999630472751,1011.9167720509317,0
771.3324000271353,-8.652243951579685,548.3417116083848,1011.9167720509317,0
771.7979277569829,-8.662203444197317,548.4855596769077,1012.0605622255988,0
772.2566609644575,-8.662203444197317,548.6273082380173,1012.0605622255988,0
772.2566609644575,-8.67216293681495,548.6273082380173,1012.2043524002659,0
772.7221886943051,-8.67216293681495,548.7711563065403,1012.2043524002659,0
772.7221886943051,-8.682122429432582,548.7711563065403,1012.3481425749329,0
773.1809219017799,-8.682122429432582,548.91290486765,1012.3481425749329,0
773.6464496316275,-8.692081922050214,549.0567529361729,1012.4919327496,0
774.111977361475,-8.692081922050214,549.2006010046957,1012.4919327496,0
774.111977361475,-8.702041414667846,549.2006010046957,1012.635722924267,0
774.5707105689498,-8.702041414667846,549.3423495658054,1012.635722924267,0
774.5707105689498,-8.712146269185691,549.3423495658054,1012.7816117613685,0
775.029649671042,-8.712146269185691,549.4841617483519,1012.7816117613685,0
775.029649671042,-8.722105761803324,549.4841617483519,1012.9254019360355,0
775.4951774008895,-8.722105761803324,549.6280098168749,1012.9254019360355,0
775.9607051307371,-8.731919892520743,549.7718578853977,1013.0670934482682,0
776.4194383382118,-8.742024747038588,549.9136064465074,1013.2129822853697,0
776.8849660680595,-8.742024747038588,550.0574545150304,1013.2129822853697,0
776.8849660680595,-8.75198423965622,550.0574545150304,1013.3567724600367,0
777.3436992755342,-8.76179837037364,550.1992030761401,1013.4984639722694,0
777.8024324830089,-8.76179837037364,550.3409516372498,1013.4984639722694,0
777.8024324830089,-8.771903224891485,550.3409516372498,1013.6443528093708,0
778.2679602128565,-8.771903224891485,550.4847997057726,1013.6443528093708,0
778.2679602128565,-8.781862717509117,550.4847997057726,1013.7881429840379,0
778.7334879427041,-8.781862717509117,550.6286477742956,1013.7881429840379,0
778.7334879427041,-8.791676848226535,550.6286477742956,1013.9298344962706,0
779.1922211501789,-8.791676848226535,550.7703963354053,1013.9298344962706,0
779.6577488800264,-8.791676848226535,550.9142444039281,1013.9298344962706,0
779.6577488800264,-8.801781702744382,550.9142444039281,1014.075723333372,0
780.1166879821185,-8.801781702744382,551.0560565864746,1014.075723333372,0
780.1166879821185,-8.811741195362014,551.0560565864746,1014.2195135080391,0
780.5822157119661,-8.811741195362014,551.1999046549975,1014.2195135080391,0
780.5822157119661,-8.821700687979646,551.1999046549975,1014.3633036827061,0
781.0409489194409,-8.821700687979646,551.3416532161071,1014.3633036827061,0
781.0409489194409,-8.831660180597279,551.3416532161071,1014.5070938573732,0
781.5064766492884,-8.831660180597279,551.4855012846301,1014.5070938573732,0
781.5064766492884,-8.841619673214911,551.4855012846301,1014.6508840320403,0
781.9652098567632,-8.841619673214911,551.6272498457398,1014.6508840320403,0
781.9652098567632,-8.851579165832543,551.6272498457398,1014.7946742067073,0
782.4307375866108,-8.851579165832543,551.7710979142627,1014.7946742067073,0
782.4307375866108,-8.861538658450176,551.7710979142627,1014.9384643813744,0
782.8894707940856,-8.861538658450176,551.9128464753724,1014.9384643813744,0
783.3549985239331,-8.871498151067808,552.0566945438953,1015.0822545560414,0
783.8205262537806,-8.88145764368544,552.2005426124182,1015.2260447307085,0
784.2794653558727,-8.89141713630307,552.3423547949646,1015.3698349053757,0
784.7449930857204,-8.901376628920703,552.4862028634875,1015.5136250800427,0
785.2037262931951,-8.901376628920703,552.6279514245972,1015.5136250800427,0
785.2037262931951,-8.911336121538335,552.6279514245972,1015.6574152547098,0
785.6692540230426,-8.911336121538335,552.7717994931202,1015.6574152547098,0
785.6692540230426,-8.921295614155968,552.7717994931202,1015.8012054293769,0
786.1279872305174,-8.921295614155968,552.9135480542299,1015.8012054293769,0
786.1279872305174,-8.9312551067736,552.9135480542299,1015.9449956040439,0
786.593514960365,-8.9312551067736,553.0573961227527,1015.9449956040439,0
786.593514960365,-8.941214599391232,553.0573961227527,1016.088785778711,0
787.0522481678397,-8.941214599391232,553.1991446838624,1016.088785778711,0
787.0522481678397,-8.951174092008864,553.1991446838624,1016.232575953378,0
787.5177758976873,-8.951174092008864,553.3429927523854,1016.232575953378,0
787.976509105162,-8.961133584626497,553.4847413134951,1016.3763661280451,0
787.976509105162,-8.971238439144344,553.4847413134951,1016.5222549651464,0
788.4556258797553,-8.971238439144344,553.6327883968444,1016.5222549651464,0
788.4556258797553,-8.981052569861761,553.6327883968444,1016.6639464773792,0
788.9143590872301,-8.981052569861761,553.7745369579541,1016.6639464773792,0
789.3798868170776,-8.991012062479394,553.9183850264769,1016.8077366520463,0
789.8386200245524,-9.001112512091172,554.0601335875866,1016.9535618933163,0
790.3041477544,-9.001112512091172,554.2039816561096,1016.9535618933163,0
790.3041477544,-9.011072004708804,554.2039816561096,1017.0973520679834,0
790.7630868564921,-9.011072004708804,554.345793838656,1017.0973520679834,0
790.7630868564921,-9.02089054033229,554.345793838656,1017.2391071760475,0
791.2286145863396,-9.02089054033229,554.4896419071789,1017.2391071760475,0
791.2286145863396,-9.030990989944069,554.4896419071789,1017.3849324173175,0
791.6941423161873,-9.030990989944069,554.6334899757019,1017.3849324173175,0
791.6941423161873,-9.040950482561701,554.6334899757019,1017.5287225919845,0
792.152875523662,-9.040950482561701,554.7752385368116,1017.5287225919845,0
792.6116087311368,-9.050769018185187,554.9169870979213,1017.6704777000487,0
793.0771364609843,-9.060869467796966,555.0608351664441,1017.8163029413188,0
793.5426641908318,-9.070828960414598,555.204683234967,1017.9600931159858,0
794.0013973983066,-9.070828960414598,555.3464317960767,1017.9600931159858,0
794.0013973983066,-9.08078845303223,555.3464317960767,1018.1038832906529,0
794.4669251281542,-9.08078845303223,555.4902798645996,1018.1038832906529,0
794.4669251281542,-9.090747945649863,555.4902798645996,1018.24767346532,0
794.925658335629,-9.100707438267495,555.6320284257093,1018.391463639987,0
795.384597437721,-9.110525973890981,555.7738406082558,1018.5332187480511,0
795.8501251675686,-9.12062642350276,555.9176886767787,1018.6790439893211,0
796.3156528974163,-9.12062642350276,556.0615367453016,1018.6790439893211,0
796.3156528974163,-9.130585916120392,556.0615367453016,1018.8228341639882,0
796.7743861048909,-9.130585916120392,556.2032853064113,1018.8228341639882,0
796.7743861048909,-9.140545408738024,556.2032853064113,1018.9666243386553,0
797.2399138347386,-9.140545408738024,556.3471333749342,1018.9666243386553,0
797.2399138347386,-9.150504901355657,556.3471333749342,1019.1104145133223,0
797.6986470422132,-9.160464393973289,556.4888819360439,1019.2542046879894,0
798.164174772061,-9.160464393973289,556.6327300045668,1019.2542046879894,0
798.164174772061,-9.170423886590921,556.6327300045668,1019.3979948626564,0
798.6229079795356,-9.180383379208553,556.7744785656765,1019.5417850373235,0
799.0884357093832,-9.190342871826186,556.9183266341994,1019.6855752119906,0
799.5539634392308,-9.200302364443818,557.0621747027222,1019.8293653866576,0
800.0126966467056,-9.21026185706145,557.2039232638319,1019.9731555613247,0
800.4716357487977,-9.220221349679083,557.3457354463784,1020.1169457359917,0
800.4716357487977,-9.230326204196928,557.3457354463784,1020.2628345730932,0
800.9371634786452,-9.230326204196928,557.4895835149014,1020.2628345730932,0
800.9371634786452,-9.240140334914347,557.4895835149014,1020.4045260853259,0
801.4026912084928,-9.240140334914347,557.6334315834242,1020.4045260853259,0
801.8614244159676,-9.25009982753198,557.7751801445339,1020.5483162599929,0
801.8614244159676,-9.260204682049824,557.7751801445339,1020.6942050970944,0
802.3269521458152,-9.260204682049824,557.9190282130569,1020.6942050970944,0
802.3269521458152,-9.270018812767244,557.9190282130569,1020.8358966093272,0
802.7856853532899,-9.270018812767244,558.0607767741666,1020.8358966093272,0
802.7856853532899,-9.279978305384876,558.0607767741666,1020.9796867839942,0
803.2444185607646,-9.279978305384876,558.2025253352763,1020.9796867839942,0
803.2444185607646,-9.290083159902721,558.2025253352763,1021.1255756210955,0
803.7099462906123,-9.290083159902721,558.3463734037991,1021.1255756210955,0
803.7099462906123,-9.299897290620141,558.3463734037991,1021.2672671333283,0
804.1754740204598,-9.299897290620141,558.490221472322,1021.2672671333283,0
804.1754740204598,-9.309856783237773,558.490221472322,1021.4110573079954,0
804.6344131225519,-9.309856783237773,558.6320336548685,1021.4110573079954,0
804.6344131225519,-9.319961637755618,558.6320336548685,1021.5569461450967,0
805.0999408523994,-9.319961637755618,558.7758817233914,1021.5569461450967,0
805.0999408523994,-9.32992113037325,558.7758817233914,1021.7007363197638,0
805.5586740598742,-9.33973526109067,558.9176302845011,1021.8424278319966,0
806.0242017897218,-9.33973526109067,559.061478353024,1021.8424278319966,0
806.0242017897218,-9.349840115608515,559.061478353024,1021.9883166690979,0
806.4829349971966,-9.359799608226147,559.2032269141337,1022.1321068437651,0
806.4829349971966,-9.36975910084378,559.2032269141337,1022.2758970184321,0
806.9484627270441,-9.36975910084378,559.3470749826566,1022.2758970184321,0
806.9484627270441,-9.379718593461412,559.3470749826566,1022.4196871930992,0
807.4139904568916,-9.389678086079044,559.4909230511795,1022.5634773677663,0
807.8727236643665,-9.389678086079044,559.6326716122892,1022.5634773677663,0
807.8727236643665,-9.399637578696677,559.6326716122892,1022.7072675424333,0
808.3314568718412,-9.399637578696677,559.7744201733989,1022.7072675424333,0
808.3314568718412,-9.409597071314309,559.7744201733989,1022.8510577171004,0
808.7969846016888,-9.409597071314309,559.9182682419219,1022.8510577171004,0
808.7969846016888,-9.4198428828263,559.9182682419219,1022.9989816208048,0
809.2625123315363,-9.4198428828263,560.0621163104447,1022.9989816208048,0
809.2625123315363,-9.429802375443932,560.0621163104447,1023.1427717954718,0
809.7214514336285,-9.429802375443932,560.2039284929912,1023.1427717954718,0
809.7214514336285,-9.439761868061565,560.2039284929912,1023.2865619701389,0
810.186979163476,-9.449721360679197,560.347776561514,1023.430352144806,0
810.186979163476,-9.45968085329683,560.347776561514,1023.574142319473,0
810.6457123709508,-9.45968085329683,560.4895251226237,1023.574142319473,0
810.6457123709508,-9.469640345914462,560.4895251226237,1023.7179324941401,0
811.1112401007983,-9.469640345914462,560.6333731911467,1023.7179324941401,0
811.1112401007983,-9.479599838532094,560.6333731911467,1023.8617226688071,0
811.5699733082732,-9.479599838532094,560.7751217522564,1023.8617226688071,0
811.5699733082732,-9.489559331149726,560.7751217522564,1024.0055128434742,0
812.0355010381207,-9.489559331149726,560.9189698207792,1024.0055128434742,0
812.0355010381207,-9.499518823767358,560.9189698207792,1024.1493030181412,0
812.4942342455954,-9.50947831638499,561.0607183818889,1024.2930931928083,0
812.4942342455954,-9.519437809002623,561.0607183818889,1024.4368833674755,0
812.959761975443,-9.519437809002623,561.2045664504119,1024.4368833674755,0
812.959761975443,-9.529397301620255,561.2045664504119,1024.5806735421424,0
813.4187010775352,-9.529397301620255,561.3463786329584,1024.5806735421424,0
813.4187010775352,-9.539356794237888,561.3463786329584,1024.7244637168096,0
813.8842288073828,-9.539356794237888,561.4902267014812,1024.7244637168096,0
813.8842288073828,-9.549461648755733,561.4902267014812,1024.8703525539108,0
814.3429620148574,-9.559275779473152,561.6319752625909,1025.0120440661437,0
814.8084897447051,-9.569235272090785,561.7758233311139,1025.1558342408107,0
815.2672229521797,-9.57934012660863,561.9175718922236,1025.3017230779121,0
815.2672229521797,-9.589154257326049,561.9175718922236,1025.4434145901448,0
815.7327506820274,-9.589154257326049,562.0614199607464,1025.4434145901448,0
815.7327506820274,-9.599259111843894,562.0614199607464,1025.5893034272463,0
816.1914838895021,-9.599259111843894,562.2031685218561,1025.5893034272463,0
816.1914838895021,-9.609218604461526,562.2031685218561,1025.7330936019134,0
816.6570116193496,-9.609218604461526,562.347016590379,1025.7330936019134,0
816.6570116193496,-9.619032735178944,562.347016590379,1025.874785114146,0
817.1225393491973,-9.619032735178944,562.490864658902,1025.874785114146,0
817.1225393491973,-9.629137589696791,562.490864658902,1026.0206739512475,0
817.581272556672,-9.629137589696791,562.6326132200116,1026.0206739512475,0
817.581272556672,-9.639097082314423,562.6326132200116,1026.1644641259145,0
818.0402116587642,-9.639097082314423,562.7744254025581,1026.1644641259145,0
818.0402116587642,-9.648911213031841,562.7744254025581,1026.3061556381472,0
818.5057393886117,-9.659016067549688,562.918273471081,1026.4520444752486,0
818.9712671184593,-9.66897556016732,563.0621215396039,1026.5958346499158,0
819.4300003259341,-9.678789690884738,563.2038701007136,1026.7375261621485,0
819.4300003259341,-9.688894545402585,563.2038701007136,1026.88341499925,0
819.8955280557816,-9.688894545402585,563.3477181692365,1026.88341499925,0
819.8955280557816,-9.698854038020217,563.3477181692365,1027.0272051739169,0
820.3542612632564,-9.70881353063785,563.4894667303462,1027.170995348584,0
820.8197889931039,-9.718773023255482,563.633314798869,1027.314785523251,0
820.8197889931039,-9.728732515873112,563.633314798869,1027.4585756979181,0
821.2785222005788,-9.728732515873112,563.7750633599788,1027.4585756979181,0
821.2785222005788,-9.738692008490744,563.7750633599788,1027.602365872585,0
821.7440499304263,-9.738692008490744,563.9189114285017,1027.602365872585,0
821.7440499304263,-9.748651501108377,563.9189114285017,1027.7461560472523,0
822.2095776602739,-9.748651501108377,564.0627594970246,1027.7461560472523,0
822.2095776602739,-9.758610993726009,564.0627594970246,1027.8899462219192,0
822.6683108677486,-9.768570486343641,564.2045080581343,1028.0337363965864,0
823.1272499698408,-9.778529978961274,564.3463202406807,1028.1775265712533,0
823.1272499698408,-9.788489471578906,564.3463202406807,1028.3213167459205,0
823.5927776996883,-9.788489471578906,564.4901683092037,1028.3213167459205,0
823.5927776996883,-9.798448964196538,564.4901683092037,1028.4651069205875,0
824.051510907163,-9.798448964196538,564.6319168703134,1028.4651069205875,0
824.051510907163,-9.80840845681417,564.6319168703134,1028.6088970952546,0
824.5170386370106,-9.818367949431803,564.7757649388362,1028.7526872699218,0
824.9825663668582,-9.82847280394965,564.9196130073592,1028.898576107023,0
824.9825663668582,-9.838286934667067,564.9196130073592,1029.040267619256,0
825.441299574333,-9.838286934667067,565.0613615684689,1029.040267619256,0
825.441299574333,-9.8482464272847,565.0613615684689,1029.1840577939229,0
825.441299574333,-9.858351281802545,565.0613615684689,1029.3299466310243,0
825.9000327818077,-9.858351281802545,565.2031101295786,1029.3299466310243,0
825.9000327818077,-9.868165412519964,565.2031101295786,1029.471638143257,0
826.3655605116553,-9.878124905137597,565.3469581981014,1029.6154283179242,0
826.3655605116553,-9.888229759655442,565.3469581981014,1029.7613171550254,0
826.8310882415028,-9.888229759655442,565.4908062666243,1029.7613171550254,0
826.8310882415028,-9.898189252273074,565.4908062666243,1029.9051073296926,0
827.290027343595,-9.908003382990493,565.6326184491708,1030.0467988419252,0
827.290027343595,-9.918108237508338,565.6326184491708,1030.1926876790267,0
827.7555550734426,-9.918108237508338,565.7764665176937,1030.1926876790267,0
827.7555550734426,-9.92806773012597,565.7764665176937,1030.3364778536939,0
828.2142882809172,-9.938027222743603,565.9182150788034,1030.4802680283608,0
828.6798160107649,-9.947986715361235,566.0620631473263,1030.624058203028,0
829.1385492182396,-9.957946207978868,566.203811708436,1030.767848377695,0
829.1385492182396,-9.9679057005965,566.203811708436,1030.911638552362,0
829.6040769480873,-9.9679057005965,566.347659776959,1030.911638552362,0
829.6040769480873,-9.977865193214132,566.347659776959,1031.055428727029,0
830.0696046779348,-9.987824685831765,566.4915078454818,1031.1992189016962,0
830.5283378854095,-9.997784178449397,566.6332564065915,1031.3430090763632,0
830.9870710928843,-10.00774367106703,566.7750049677012,1031.4867992510303,0
830.9870710928843,-10.017703163684661,566.7750049677012,1031.6305894256973,0
831.4525988227318,-10.017703163684661,566.9188530362242,1031.6305894256973,0
831.4525988227318,-10.027658251396227,566.9188530362242,1031.7743160045331,0
831.911537924824,-10.037622148919926,567.0606652187706,1031.9181697750314,0
831.911537924824,-10.047577236631492,567.0606652187706,1032.0618963538673,0
832.3770656546715,-10.047577236631492,567.2045132872935,1032.0618963538673,0
832.8425933845192,-10.057682091149337,567.3483613558163,1032.2077851909685,0
832.8425933845192,-10.067496221866756,567.3483613558163,1032.3494767032014,0
833.3013265919939,-10.067496221866756,567.490109916926,1032.3494767032014,0
833.3013265919939,-10.077455714484389,567.490109916926,1032.4932668778683,0
833.7600597994686,-10.077455714484389,567.6318584780357,1032.4932668778683,0
833.7600597994686,-10.087560569002234,567.6318584780357,1032.6391557149698,0
834.2255875293162,-10.097374699719653,567.7757065465587,1032.7808472272025,0
834.6911152591638,-10.107334192337285,567.9195546150816,1032.9246374018696,0
835.1498484666386,-10.11743904685513,568.0613031761912,1033.070526238971,0
835.1498484666386,-10.12725317757255,568.0613031761912,1033.2122177512038,0
835.6153761964861,-10.12725317757255,568.2051512447142,1033.2122177512038,0
835.6153761964861,-10.137212670190182,568.2051512447142,1033.3560079258707,0
836.0743152985782,-10.147317524708027,568.3469634272607,1033.5018967629721,0
836.5396371338084,-10.147317524708027,568.4907478743468,1033.5018967629721,0
836.5396371338084,-10.157131655425447,568.4907478743468,1033.6435882752048,0
836.9985762359006,-10.16709114804308,568.6325600568932,1033.787378449872,0
836.9985762359006,-10.177196002560924,568.6325600568932,1033.9332672869734,0
837.4641039657481,-10.177196002560924,568.7764081254161,1033.9332672869734,0
837.4641039657481,-10.187010133278344,568.7764081254161,1034.0749587992061,0
837.9296316955957,-10.196969625895976,568.920256193939,1034.2187489738733,0
838.3883649030704,-10.207074480413821,569.0620047550487,1034.3646378109745,0
838.3883649030704,-10.217033973031453,569.0620047550487,1034.5084279856417,0
838.8470981105453,-10.217033973031453,569.2037533161584,1034.5084279856417,0
838.8470981105453,-10.226848103748873,569.2037533161584,1034.6501194978744,0
839.3126258403928,-10.226848103748873,569.3476013846813,1034.6501194978744,0
839.3126258403928,-10.236952958266718,569.3476013846813,1034.7960083349758,0
839.7781535702403,-10.236952958266718,569.4914494532043,1034.7960083349758,0
839.7781535702403,-10.24691245088435,569.4914494532043,1034.9397985096427,0
840.2368867777151,-10.256871943501983,569.633198014314,1035.08358868431,0
840.7024145075627,-10.256871943501983,569.7770460828368,1035.08358868431,0
840.7024145075627,-10.266831436119615,569.7770460828368,1035.2273788589769,0
841.1613536096548,-10.276790928737247,569.9188582653833,1035.371169033644,0
841.1613536096548,-10.28675042135488,569.9188582653833,1035.5149592083112,0
841.6200868171295,-10.28675042135488,570.060606826493,1035.5149592083112,0
841.6200868171295,-10.296709913972512,570.060606826493,1035.6587493829782,0
842.0856145469771,-10.296709913972512,570.2044548950159,1035.6587493829782,0
842.0856145469771,-10.306669406590144,570.2044548950159,1035.8025395576453,0
842.5511422768247,-10.306669406590144,570.3483029635388,1035.8025395576453,0
842.5511422768247,-10.316628899207776,570.3483029635388,1035.9463297323123,0
843.0098754842994,-10.326588391825409,570.4900515246485,1036.0901199069795,0
843.0098754842994,-10.336547884443041,570.4900515246485,1036.2339100816464,0
843.475403214147,-10.336547884443041,570.6338995931713,1036.2339100816464,0
843.9341364216217,-10.346507377060673,570.775648154281,1036.3777002563136,0
843.9341364216217,-10.356466869678306,570.775648154281,1036.5214904309805,0
844.3996641514694,-10.356466869678306,570.919496222804,1036.5214904309805,0
844.3996641514694,-10.366426362295936,570.919496222804,1036.6652806056477,0
844.8583973589441,-10.366426362295936,571.0612447839137,1036.6652806056477,0
844.8583973589441,-10.376385854913568,571.0612447839137,1036.8090707803146,0
845.3239250887917,-10.376385854913568,571.2050928524366,1036.8090707803146,0
845.3239250887917,-10.3863453475312,571.2050928524366,1036.9528609549818,0
845.7828641908837,-10.3863453475312,571.346905034983,1036.9528609549818,0
845.7828641908837,-10.396304840148833,571.346905034983,1037.0966511296488,0
846.2483919207315,-10.40640969466668,571.490753103506,1037.2425399667502,0
846.7071251282061,-10.416223825384098,571.6325016646157,1037.3842314789829,0
847.1726528580537,-10.42618331800173,571.7763497331385,1037.52802165365,0
847.1726528580537,-10.436288172519577,571.7763497331385,1037.6739104907515,0
847.6381805879013,-10.436288172519577,571.9201978016615,1037.6739104907515,0
847.6381805879013,-10.446247665137209,571.9201978016615,1037.8177006654184,0
848.0969137953759,-10.446247665137209,572.0619463627712,1037.8177006654184,0
848.0969137953759,-10.456061795854627,572.0619463627712,1037.9593921776511,0
848.5624415252237,-10.456061795854627,572.2057944312941,1037.9593921776511,0
848.5624415252237,-10.466166650372474,572.2057944312941,1038.1052810147526,0
849.0279692550712,-10.466166650372474,572.3496424998169,1038.1052810147526,0
849.0279692550712,-10.476126142990106,572.3496424998169,1038.2490711894197,0
849.486702462546,-10.485940273707524,572.4913910609266,1038.3907627016524,0
849.9454356700206,-10.485940273707524,572.6331396220363,1038.3907627016524,0
849.9454356700206,-10.496045128225369,572.6331396220363,1038.5366515387539,0
849.9454356700206,-10.506004620843001,572.6331396220363,1038.6804417134208,0
850.4111692944856,-10.506004620843001,572.777051311996,1038.6804417134208,0
850.4111692944856,-10.515964113460633,572.777051311996,1038.824231888088,0
850.8699025019604,-10.515964113460633,572.9187998731057,1038.824231888088,0
850.8699025019604,-10.525923606078265,572.9187998731057,1038.968022062755,0
851.3354302318079,-10.525923606078265,573.0626479416286,1038.968022062755,0
851.3354302318079,-10.535883098695898,573.0626479416286,1039.111812237422,0
851.7941634392827,-10.535883098695898,573.2043965027383,1039.111812237422,0
851.7941634392827,-10.54584259131353,573.2043965027383,1039.255602412089,0
852.2596911691303,-10.54584259131353,573.3482445712613,1039.255602412089,0
852.2596911691303,-10.555802083931162,573.3482445712613,1039.3993925867562,0
852.7184243766051,-10.555802083931162,573.489993132371,1039.3993925867562,0
852.7184243766051,-10.565761576548795,573.489993132371,1039.5431827614232,0
853.1839521064526,-10.575721069166427,573.6338412008938,1039.6869729360903,0
853.1839521064526,-10.58568056178406,573.6338412008938,1039.8307631107575,0
853.6494798363001,-10.595640054401692,573.7776892694167,1039.9745532854245,0
854.1150075661478,-10.595640054401692,573.9215373379396,1039.9745532854245,0
854.1150075661478,-10.605599547019324,573.9215373379396,1040.1183434600916,0
854.5737407736225,-10.615559039636956,574.0632858990493,1040.2621336347586,0
855.0326798757146,-10.625518532254588,574.2050980815958,1040.4059238094258,0
855.4982076055621,-10.635909705666794,574.3489461501186,1040.5559463755644,0
855.4982076055621,-10.645869198284426,574.3489461501186,1040.6997365502314,0
855.956940813037,-10.645869198284426,574.4906947112283,1040.6997365502314,0
855.956940813037,-10.655828690902059,574.4906947112283,1040.8435267248985,0
856.4224685428845,-10.665788183519691,574.6345427797513,1040.9873168995655,0
856.8812017503593,-10.675747676137322,574.776291340861,1041.1311070742327,0
857.3467294802068,-10.685707168754954,574.9201394093839,1041.2748972488996,0
857.3467294802068,-10.695666661372586,574.9201394093839,1041.4186874235668,0
857.8054626876816,-10.705626153990218,575.0618879704936,1041.5624775982337,0
857.8054626876816,-10.71558564660785,575.0618879704936,1041.706267772901,0
858.2709904175292,-10.71558564660785,575.2057360390165,1041.706267772901,0
858.2709904175292,-10.725545139225483,575.2057360390165,1041.850057947568,0
858.7365181473767,-10.725545139225483,575.3495841075394,1041.850057947568,0
858.7365181473767,-10.735504631843115,575.3495841075394,1041.993848122235,0
859.1952513548515,-10.745464124460748,575.4913326686491,1042.1376382969022,0
859.1952513548515,-10.75542361707838,575.4913326686491,1042.2814284715691,0
859.660779084699,-10.75542361707838,575.6351807371719,1042.2814284715691,0
859.660779084699,-10.765383109696012,575.6351807371719,1042.4252186462363,0
860.1197181867913,-10.765383109696012,575.7769929197184,1042.4252186462363,0
860.1197181867913,-10.775487964213859,575.7769929197184,1042.5711074833375,0
860.5852459166388,-10.775487964213859,575.9208409882414,1042.5711074833375,0
860.5852459166388,-10.785302094931277,575.9208409882414,1042.7127989955704,0
861.0641567966146,-10.795261587548909,576.0688244501539,1042.8565891702374,0
861.0641567966146,-10.805362037160688,576.0688244501539,1043.0024144115075,0
861.5228900040894,-10.805362037160688,576.2105730112636,1043.0024144115075,0
861.5228900040894,-10.815325934684386,576.2105730112636,1043.1462681820058,0
861.988417733937,-10.815325934684386,576.3544210797864,1043.1462681820058,0
861.988417733937,-10.825140065401806,576.3544210797864,1043.2879596942387,0
862.4473568360291,-10.835244919919651,576.4962332623329,1043.4338485313401,0
862.4473568360291,-10.845200007631217,576.4962332623329,1043.5775751101758,0
862.9128845658767,-10.845200007631217,576.6400813308559,1043.5775751101758,0
863.3784122957242,-10.855159500248849,576.7839293993787,1043.7213652848427,0
863.3784122957242,-10.865118992866481,576.7839293993787,1043.8651554595099,0
863.837145503199,-10.865118992866481,576.9256779604884,1043.8651554595099,0
863.837145503199,-10.875078485484114,576.9256779604884,1044.0089456341768,0
864.3026732330466,-10.885037978101746,577.0695260290114,1044.152735808844,0
864.3026732330466,-10.894997470719378,577.0695260290114,1044.2965259835112,0
864.7614064405213,-10.894997470719378,577.2112745901211,1044.2965259835112,0
864.7614064405213,-10.90495696333701,577.2112745901211,1044.4403161581781,0
865.2269341703688,-10.90495696333701,577.355122658644,1044.4403161581781,0
865.2269341703688,-10.914916455954643,577.355122658644,1044.5841063328453,0
865.6856673778437,-10.924875948572275,577.4968712197536,1044.7278965075122,0
865.6856673778437,-10.934835441189907,577.4968712197536,1044.8716866821794,0
866.1511951076913,-10.94479493380754,577.6407192882766,1045.0154768568464,0
866.1511951076913,-10.954754426425172,577.6407192882766,1045.1592670315135,0
866.609928315166,-10.954754426425172,577.7824678493863,1045.1592670315135,0
867.0754560450135,-10.964713919042804,577.9263159179092,1045.3030572061805,0
867.0754560450135,-10.974673411660437,577.9263159179092,1045.4468473808477,0
867.5343951471057,-10.984632904278069,578.0681281004556,1045.5906375555146,0
867.5343951471057,-10.994592396895701,578.0681281004556,1045.7344277301818,0
867.9999228769533,-10.994592396895701,578.2119761689785,1045.7344277301818,0
867.9999228769533,-11.004551889513333,578.2119761689785,1045.8782179048487,0
868.458656084428,-11.004551889513333,578.3537247300882,1045.8782179048487,0
868.458656084428,-11.014511382130966,578.3537247300882,1046.022008079516,0
868.9241838142756,-11.024470874748598,578.4975727986111,1046.1657982541828,0
868.9241838142756,-11.03443036736623,578.4975727986111,1046.30958842885,0
869.3897115441232,-11.03443036736623,578.641420867134,1046.30958842885,0
869.3897115441232,-11.044389859983863,578.641420867134,1046.453378603517,0
869.848444751598,-11.044389859983863,578.7831694282437,1046.453378603517,0
869.848444751598,-11.054349352601495,578.7831694282437,1046.5971687781841,0
870.3071779590726,-11.06445420711934,578.9249179893534,1046.7430576152856,0
870.3071779590726,-11.07426833783676,578.9249179893534,1046.8847491275183,0
870.7727056889202,-11.084373192354604,579.0687660578764,1047.0306379646197,0
871.2382334187678,-11.094332684972237,579.2126141263992,1047.1744281392866,0
871.2382334187678,-11.104146815689656,579.2126141263992,1047.3161196515196,0
871.6969666262426,-11.104146815689656,579.3543626875089,1047.3161196515196,0
871.6969666262426,-11.114251670207501,579.3543626875089,1047.4620084886208,0
872.1627002507075,-11.114251670207501,579.4982743774685,1047.4620084886208,0
872.1627002507075,-11.124211162825134,579.4982743774685,1047.605798663288,0
872.6214334581822,-11.134170655442766,579.6400229385782,1047.749588837955,0
872.6214334581822,-11.144130148060398,579.6400229385782,1047.893379012622,0
873.0869611880298,-11.144130148060398,579.7838710071012,1047.893379012622,0
873.0869611880298,-11.15408964067803,579.7838710071012,1048.037169187289,0
873.5456943955046,-11.164049133295663,579.9256195682109,1048.1809593619562,0
873.5456943955046,-11.174008625913295,579.9256195682109,1048.3247495366231,0
874.0112221253522,-11.183968118530927,580.0694676367337,1048.4685397112903,0
874.4699553328269,-11.19392761114856,580.2112161978434,1048.6123298859575,0
874.4699553328269,-11.203887103766192,580.2112161978434,1048.7561200606244,0
874.9354830626744,-11.203887103766192,580.3550642663664,1048.7561200606244,0
874.9354830626744,-11.213846596383824,580.3550642663664,1048.8999102352916,0
875.3942162701493,-11.223806089001457,580.4968128274761,1049.0437004099585,0
875.3942162701493,-11.233765581619089,580.4968128274761,1049.1874905846257,0
875.8597439999968,-11.243725074236721,580.640660895999,1049.3312807592927,0
876.3252717298444,-11.253684566854353,580.7845089645219,1049.4750709339598,0
876.3252717298444,-11.263644059471986,580.7845089645219,1049.6188611086268,0
876.7842108319364,-11.263644059471986,580.9263211470684,1049.6188611086268,0
876.7842108319364,-11.273603552089618,580.9263211470684,1049.762651283294,0
876.7842108319364,-11.28356304470725,580.9263211470684,1049.906441457961,0
877.2429440394113,-11.28356304470725,581.0680697081781,1049.906441457961,0
877.2429440394113,-11.293522537324883,581.0680697081781,1050.050231632628,0
877.7084717692588,-11.293522537324883,581.211917776701,1050.050231632628,0
877.7084717692588,-11.303482029942515,581.211917776701,1050.194021807295,0
878.1672049767336,-11.31358688446036,581.3536663378106,1050.3399106443965,0
878.1672049767336,-11.323546377077992,581.3536663378106,1050.4837008190636,0
878.6327327065811,-11.33336050779541,581.4975144063335,1050.6253923312963,0
878.6327327065811,-11.343465362313257,581.4975144063335,1050.7712811683978,0
879.0982604364287,-11.343465362313257,581.6413624748565,1050.7712811683978,0
879.0982604364287,-11.35342485493089,581.6413624748565,1050.9150713430647,0
879.5569936439035,-11.35342485493089,581.7831110359662,1050.9150713430647,0
879.5569936439035,-11.363238985648307,581.7831110359662,1051.0567628552974,0
879.5569936439035,-11.373343840166154,581.7831110359662,1051.2026516923988,0
880.0157268513782,-11.373343840166154,581.9248595970759,1051.2026516923988,0
880.0157268513782,-11.383303332783786,581.9248595970759,1051.346441867066,0
880.4812545812258,-11.393117463501204,582.0687076655987,1051.4881333792987,0
880.4812545812258,-11.40322231801905,582.0687076655987,1051.6340222164001,0
880.9467823110733,-11.40322231801905,582.2125557341217,1051.6340222164001,0
880.9467823110733,-11.413181810636683,582.2125557341217,1051.777812391067,0
881.4057214131656,-11.4229959413541,582.3543679166681,1051.9195039033,0
881.4057214131656,-11.43309639096588,582.3543679166681,1052.06532914457,0
881.8712491430131,-11.43309639096588,582.498215985191,1052.06532914457,0
881.8712491430131,-11.443060288489578,582.498215985191,1052.2091829150684,0
882.3299823504879,-11.453015376201144,582.6399645463007,1052.352909493904,0
882.3299823504879,-11.462979273724843,582.6399645463007,1052.4967632644025,0
882.7955100803354,-11.462979273724843,582.7838126148237,1052.4967632644025,0
882.7955100803354,-11.472934361436408,582.7838126148237,1052.6404898432381,0
882.7955100803354,-11.482898258960107,582.7838126148237,1052.7843436137366,0
883.2542432878101,-11.492853346671673,582.9255611759334,1052.9280701925722,0
883.2542432878101,-11.502817244195372,582.9255611759334,1053.0719239630707,0
883.7197710176578,-11.502817244195372,583.0694092444562,1053.0719239630707,0
883.7197710176578,-11.512772331906937,583.0694092444562,1053.2156505419064,0
884.1852987475053,-11.512772331906937,583.2132573129791,1053.2156505419064,0
884.1852987475053,-11.52273182452457,583.2132573129791,1053.3594407165735,0
884.1852987475053,-11.532691317142202,583.2132573129791,1053.5032308912405,0
884.64403195498,-11.542650809759834,583.3550058740888,1053.6470210659077,0
884.64403195498,-11.552610302377467,583.3550058740888,1053.7908112405746,0
885.1027651624548,-11.552610302377467,583.4967544351985,1053.7908112405746,0
885.1027651624548,-11.562569794995099,583.4967544351985,1053.9346014152418,0
885.5684987869198,-11.572674649512944,583.6406661251582,1054.0804902523432,0
885.5684987869198,-11.582488780230364,583.6406661251582,1054.222181764576,0
886.0272319943945,-11.582488780230364,583.7824146862679,1054.222181764576,0
886.0272319943945,-11.592448272847996,583.7824146862679,1054.365971939243,0
886.0272319943945,-11.60255312736584,583.7824146862679,1054.5118607763443,0
886.492759724242,-11.60255312736584,583.9262627547907,1054.5118607763443,0
886.492759724242,-11.61236725808326,583.9262627547907,1054.6535522885772,0
886.492759724242,-11.622326750700893,583.9262627547907,1054.7973424632441,0
886.9582874540897,-11.622326750700893,584.0701108233137,1054.7973424632441,0
886.9582874540897,-11.632431605218738,584.0701108233137,1054.9432313003456,0
887.4170206615644,-11.632431605218738,584.2118593844234,1054.9432313003456,0
887.4170206615644,-11.64239109783637,584.2118593844234,1055.0870214750125,0
887.4170206615644,-11.65220522855379,584.2118593844234,1055.2287129872454,0
887.8757538690392,-11.65220522855379,584.3536079455331,1055.2287129872454,0
887.8757538690392,-11.662310083071635,584.3536079455331,1055.3746018243469,0
888.3412815988867,-11.672269575689267,584.497456014056,1055.5183919990138,0
888.3412815988867,-11.682083706406686,584.497456014056,1055.6600835112465,0
888.8068093287344,-11.692188560924532,584.6413040825788,1055.805972348348,0
889.2655425362091,-11.702148053542164,584.7830526436886,1055.9497625230151,0
889.2655425362091,-11.711962184259583,584.7830526436886,1056.0914540352478,0
889.7310702660566,-11.711962184259583,584.9269007122115,1056.0914540352478,0
889.7310702660566,-11.722067038777428,584.9269007122115,1056.2373428723492,0
890.1900093681487,-11.73202653139506,585.0687128947579,1056.3811330470162,0
890.1900093681487,-11.741986024012693,585.0687128947579,1056.5249232216834,0
890.6555370979963,-11.741986024012693,585.2125609632808,1056.5249232216834,0
890.6555370979963,-11.751945516630325,585.2125609632808,1056.6687133963503,0
891.1142703054711,-11.761905009247958,585.3543095243905,1056.8125035710175,0
891.1142703054711,-11.77186450186559,585.3543095243905,1056.9562937456844,0
891.5797980353186,-11.781823994483222,585.4981575929135,1057.1000839203516,0
891.5797980353186,-11.791783487100854,585.4981575929135,1057.2438740950186,0
891.5797980353186,-11.801742979718487,585.4981575929135,1057.3876642696857,0
892.0453257651662,-11.801742979718487,585.6420056614363,1057.3876642696857,0
892.0453257651662,-11.811702472336119,585.6420056614363,1057.5314544443527,0
892.5040589726409,-11.821661964953751,585.783754222546,1057.6752446190198,0
892.5040589726409,-11.831766819471596,585.783754222546,1057.8211334561213,0
892.9627921801158,-11.831766819471596,585.9255027836557,1057.8211334561213,0
892.9627921801158,-11.841580950189016,585.9255027836557,1057.962824968354,0
893.4283199099633,-11.851826761701007,586.0693508521787,1058.1107488720584,0
893.4283199099633,-11.861931616218852,586.0693508521787,1058.2566377091598,0
893.8938476398108,-11.871745746936272,586.2131989207015,1058.3983292213925,0
894.3525808472856,-11.88170964445997,586.3549474818112,1058.542182991891,0
894.3525808472856,-11.891664732171536,586.3549474818112,1058.6859095707266,0
894.8181085771332,-11.901624224789169,586.4987955503341,1058.8296997453936,0
894.8181085771332,-11.9115837174068,586.4987955503341,1058.9734899200607,0
895.2770476792253,-11.921688571924646,586.6406077328805,1059.1193787571622,0
895.2770476792253,-11.931502702642065,586.6406077328805,1059.2610702693948,0
895.7357808867,-11.931502702642065,586.7823562939902,1059.2610702693948,0
895.7357808867,-11.941462195259698,586.7823562939902,1059.404860444062,0
895.7357808867,-11.951567049777543,586.7823562939902,1059.5507492811632,0
896.2013086165476,-11.951567049777543,586.9262043625132,1059.5507492811632,0
896.2013086165476,-11.961381180494962,586.9262043625132,1059.6924407933961,0
896.6668363463953,-11.971486035012807,587.0700524310361,1059.8383296304974,0
896.6668363463953,-11.98144552763044,587.0700524310361,1059.9821198051645,0
897.12556955387,-11.98144552763044,587.2118009921458,1059.9821198051645,0
897.12556955387,-11.99125965834786,587.2118009921458,1060.1238113173972,0
897.5910972837175,-12.001364512865704,587.3556490606687,1060.2697001544987,0
897.5910972837175,-12.011324005483337,587.3556490606687,1060.4134903291658,0
897.5910972837175,-12.021283498100969,587.3556490606687,1060.5572805038328,0
898.0498304911922,-12.021283498100969,587.4973976217784,1060.5572805038328,0
898.0498304911922,-12.031242990718601,587.4973976217784,1060.7010706785,0
898.0498304911922,-12.041202483336233,587.4973976217784,1060.844860853167,0
898.51535822104,-12.041202483336233,587.6412456903013,1060.844860853167,0
898.51535822104,-12.051161975953866,587.6412456903013,1060.988651027834,0
898.974297323132,-12.061121468571498,587.7830578728477,1061.132441202501,0
898.974297323132,-12.07108096118913,587.7830578728477,1061.2762313771682,0
899.4396191583622,-12.081040453806763,587.9268423199339,1061.4200215518351,0
899.4396191583622,-12.090999946424395,587.9268423199339,1061.5638117265023,0
899.8985582604543,-12.100959439042027,588.0686545024804,1061.7076019011693,0
899.8985582604543,-12.11091893165966,588.0686545024804,1061.8513920758364,0
900.364085990302,-12.120878424277292,588.2125025710033,1061.9951822505034,0
900.364085990302,-12.130837916894924,588.2125025710033,1062.1389724251706,0
900.8228191977767,-12.130837916894924,588.354251132113,1062.1389724251706,0
900.8228191977767,-12.140797409512556,588.354251132113,1062.2827625998375,0
901.2883469276243,-12.150756902130187,588.4980992006358,1062.4265527745047,0
901.2883469276243,-12.16071639474782,588.4980992006358,1062.5703429491716,0
901.7538746574718,-12.170675887365451,588.6419472691588,1062.7141331238388,0
902.2126078649464,-12.180635379983084,588.7836958302685,1062.8579232985057,0
902.2126078649464,-12.190594872600716,588.7836958302685,1063.001713473173,0
902.6713410724213,-12.200699727118563,588.9254443913782,1063.1476023102744,0
902.6713410724213,-12.210659219736195,588.9254443913782,1063.2913924849413,0
903.1368688022689,-12.220473350453613,589.069292459901,1063.4330839971742,0
903.1368688022689,-12.23057820497146,589.069292459901,1063.5789728342754,0
903.595807904361,-12.240537697589092,589.2111046424475,1063.7227630089426,0
904.0613356342085,-12.25035182830651,589.3549527109705,1063.8644545211753,0
904.0613356342085,-12.260456682824357,589.3549527109705,1064.0103433582767,0
904.5268633640562,-12.270416175441987,589.4988007794933,1064.1541335329437,0
904.5268633640562,-12.28037566805962,589.4988007794933,1064.2979237076108,0
904.9855965715309,-12.290335160677252,589.640549340603,1064.4417138822778,0
904.9855965715309,-12.300294653294884,589.640549340603,1064.585504056945,0
905.4511243013784,-12.310254145912516,589.7843974091259,1064.729294231612,0
905.9098575088532,-12.320213638530149,589.9261459702357,1064.873084406279,0
905.9098575088532,-12.330173131147781,589.9261459702357,1065.0168745809463,0
905.9098575088532,-12.340132623765413,589.9261459702357,1065.1606647556132,0
906.3753852387008,-12.340132623765413,590.0699940387585,1065.1606647556132,0
906.3753852387008,-12.350092116383045,590.0699940387585,1065.3044549302804,0
906.8341184461756,-12.360051609000678,590.2117425998682,1065.4482451049473,0
906.8341184461756,-12.37001110161831,590.2117425998682,1065.5920352796145,0
907.2996461760231,-12.37001110161831,590.3555906683911,1065.5920352796145,0
907.2996461760231,-12.379970594235942,590.3555906683911,1065.7358254542814,0
907.2996461760231,-12.389930086853575,590.3555906683911,1065.8796156289486,0
907.7585852781152,-12.389930086853575,590.4974028509375,1065.8796156289486,0
907.7585852781152,-12.399889579471207,590.4974028509375,1066.0234058036156,0
907.7585852781152,-12.40984907208884,590.4974028509375,1066.1671959782827,0
908.2239071133455,-12.40984907208884,590.6411872980237,1066.1671959782827,0
908.2239071133455,-12.419808564706472,590.6411872980237,1066.3109861529497,0
908.2239071133455,-12.42990901431825,590.6411872980237,1066.4568113942198,0
908.6828462154376,-12.42990901431825,590.7829994805702,1066.4568113942198,0
908.6828462154376,-12.439727549941736,590.7829994805702,1066.5985665022838,0
909.1469326829637,-12.459734633298343,590.9264021990357,1066.887418768245,0
909.1483739452851,-12.449687042559368,590.926847549093,1066.742356676951,0
909.1483739452851,-12.459787492171147,590.926847549093,1066.8881819182209,0
909.6124604128112,-12.469694125915975,591.0702502675587,1067.031208942912,0
909.6124604128112,-12.479649213627539,591.0702502675587,1067.1749355217476,0
910.071193620286,-12.48961311115124,591.2119988286684,1067.318789292246,0
910.071193620286,-12.499568198862804,591.2119988286684,1067.4625158710817,0
910.5367213501336,-12.509532096386504,591.3558468971912,1067.6063696415802,0
910.9954545576084,-12.519487184098068,591.4975954583009,1067.750096220416,0
910.9954545576084,-12.529451081621769,591.4975954583009,1067.8939499909143,0
911.4609822874559,-12.539406169333333,591.6414435268239,1068.0376765697501,0
911.4609822874559,-12.549370066857033,591.6414435268239,1068.1815303402484,0
911.4609822874559,-12.559325154568597,591.6414435268239,1068.3252569190843,0
911.9265100173034,-12.559325154568597,591.7852915953467,1068.3252569190843,0
911.9265100173034,-12.569289052092298,591.7852915953467,1068.4691106895825,0
912.3854491193956,-12.579244139803862,591.9271037778932,1068.6128372684184,0
912.3854491193956,-12.589208037327563,591.9271037778932,1068.7566910389166,0
912.8441823268703,-12.599163125039126,592.0688523390029,1068.9004176177525,0
912.8441823268703,-12.609127022562825,592.0688523390029,1069.0442713882508,0
913.3165045790907,-12.619082110274391,592.214799914939,1069.1879979670866,0
913.3165045790907,-12.62904600779809,592.214799914939,1069.3318517375849,0
913.7752377865654,-12.639001095509656,592.3565484760487,1069.4755783164208,0
913.7752377865654,-12.6491059500275,592.3565484760487,1069.6214671535222,0
914.2339709940402,-12.6491059500275,592.4982970371584,1069.6214671535222,0
914.2339709940402,-12.65892008074492,592.4982970371584,1069.7631586657549,0
914.2339709940402,-12.66888397826862,592.4982970371584,1069.9070124362534,0
914.6994987238878,-12.66888397826862,592.6421451056813,1069.9070124362534,0
914.6994987238878,-12.678988832786466,592.6421451056813,1070.0529012733546,0
914.6994987238878,-12.68894392049803,592.6421451056813,1070.1966278521904,0
915.1582319313626,-12.68894392049803,592.783893666791,1070.1966278521904,0
915.1582319313626,-12.69875805121545,592.783893666791,1070.3383193644231,0
915.6237596612101,-12.708862905733294,592.9277417353139,1070.4842082015246,0
915.6237596612101,-12.718826803256993,592.9277417353139,1070.6280619720228,0
916.0826987633021,-12.728781890968559,593.0695539178604,1070.7717885508587,0
916.0826987633021,-12.738745788492258,593.0695539178604,1070.915642321357,0
916.5480205985325,-12.738745788492258,593.2133383649465,1070.915642321357,0
916.5480205985325,-12.748700876203824,593.2133383649465,1071.0593689001928,0
916.5480205985325,-12.758664773727523,593.2133383649465,1071.2032226706913,0
917.01354832838,-12.758664773727523,593.3571864334693,1071.2032226706913,0
917.01354832838,-12.768619861439088,593.3571864334693,1071.346949249527,0
917.4724874304721,-12.768619861439088,593.4989986160158,1071.346949249527,0
917.4724874304721,-12.778583758962787,593.4989986160158,1071.4908030200254,0
917.4724874304721,-12.788538846674353,593.4989986160158,1071.634529598861,0
917.9380151603197,-12.788538846674353,593.6428466845388,1071.634529598861,0
917.9380151603197,-12.798502744198052,593.6428466845388,1071.7783833693595,0
917.9380151603197,-12.808457831909617,593.6428466845388,1071.9221099481952,0
918.3967483677945,-12.818421729433316,593.7845952456485,1072.0659637186936,0
918.862276097642,-12.828376817144882,593.9284433141713,1072.2096902975293,0
918.862276097642,-12.83834071466858,593.9284433141713,1072.3535440680278,0
919.3210093051167,-12.848295802380147,594.070191875281,1072.4972706468634,0
919.3210093051167,-12.858259699903845,594.070191875281,1072.6411244173619,0
919.7865370349643,-12.868214787615411,594.214039943804,1072.7848509961975,0
920.2452702424391,-12.87817868513911,594.3557885049137,1072.928704766696,0
920.2452702424391,-12.888133772850676,594.3557885049137,1073.0724313455316,0
920.7107979722867,-12.898097670374375,594.4996365734365,1073.2162851160301,0
920.7107979722867,-12.90805275808594,594.4996365734365,1073.3600116948658,0
921.1697370743788,-12.918157612603785,594.641448755983,1073.5059005319672,0
921.1697370743788,-12.927971743321205,594.641448755983,1073.6475920441999,0
921.6352648042264,-12.937935640844904,594.785296824506,1073.7914458146984,0
922.0939980117012,-12.948040495362749,594.9270453856157,1073.9373346517998,0
922.0939980117012,-12.957854626080168,594.9270453856157,1074.0790261640325,0
922.5595257415487,-12.967959480598013,595.0708934541385,1074.224915001134,0
922.5595257415487,-12.97791456830958,595.0708934541385,1074.3686415799696,0
923.0250534713963,-12.97791456830958,595.2147415226614,1074.3686415799696,0
923.0250534713963,-12.987728699026999,595.2147415226614,1074.5103330922022,0
923.0250534713963,-12.997833553544844,595.2147415226614,1074.6562219293037,0
923.483786678871,-12.997833553544844,595.3564900837711,1074.6562219293037,0
923.483786678871,-13.007797451068543,595.3564900837711,1074.8000756998022,0
923.9425198863457,-13.017752538780108,595.4982386448808,1074.9438022786378,0
923.9425198863457,-13.027716436303807,595.4982386448808,1075.0876560491363,0
924.4080476161934,-13.037671524015373,595.6420867134037,1075.231382627972,0
924.4080476161934,-13.047635421539072,595.6420867134037,1075.3752363984704,0
924.873575346041,-13.057590509250637,595.7859347819266,1075.518962977306,0
924.873575346041,-13.067554406774336,595.7859347819266,1075.6628167478045,0
925.3323085535156,-13.067554406774336,595.9276833430363,1075.6628167478045,0
925.3323085535156,-13.077941175280474,595.9276833430363,1075.8127757181119,0
925.7978362833633,-13.087905072804173,596.0715314115592,1075.9566294886104,0
925.7978362833633,-13.097860160515738,596.0715314115592,1076.100356067446,0
926.2567753854554,-13.107824058039437,596.2133435941057,1076.2442098379445,0
926.2567753854554,-13.117779145751003,596.2133435941057,1076.3879364167801,0
926.7223031153029,-13.117779145751003,596.3571916626286,1076.3879364167801,0
926.7223031153029,-13.127743043274702,596.3571916626286,1076.5317901872786,0
926.7223031153029,-13.137698130986267,596.3571916626286,1076.6755167661142,0
927.1810363227777,-13.137698130986267,596.4989402237383,1076.6755167661142,0
927.1810363227777,-13.147662028509966,596.4989402237383,1076.8193705366127,0
927.6465640526252,-13.157617116221532,596.6427882922612,1076.9630971154484,0
927.6465640526252,-13.167581013745231,596.6427882922612,1077.1069508859468,0
928.1120917824729,-13.167581013745231,596.7866363607841,1077.1069508859468,0
928.1120917824729,-13.177536101456797,596.7866363607841,1077.2506774647825,0
928.1120917824729,-13.187499998980496,596.7866363607841,1077.394531235281,0
928.5708249899476,-13.187499998980496,596.9283849218938,1077.394531235281,0
928.5708249899476,-13.197455086692061,596.9283849218938,1077.5382578141166,0
929.0295581974224,-13.20741898421576,597.0701334830035,1077.682111584615,0
929.4950859272699,-13.217374071927326,597.2139815515263,1077.8258381634507,0
929.4950859272699,-13.227337969451025,597.2139815515263,1077.9696919339492,0
929.9540250293621,-13.23729305716259,597.3557937340728,1078.1134185127848,0
929.9540250293621,-13.24725695468629,597.3557937340728,1078.2572722832833,0
930.4195527592096,-13.257212042397855,597.4996418025958,1078.400998862119,0
930.8848745944398,-13.267175939921554,597.6434262496819,1078.5448526326174,0
930.8848745944398,-13.277271984627266,597.6434262496819,1078.6906142780563,0
931.3438136965319,-13.287094925156818,597.7852384322283,1078.8324329819516,0
931.3438136965319,-13.29719096986253,597.7852384322283,1078.9781946273904,0
931.8025469040067,-13.30715486738623,597.926986993338,1079.1220483978886,0
932.2680746338543,-13.316968998103649,598.070835061861,1079.2637399101216,0
932.2680746338543,-13.327073852621494,598.070835061861,1079.4096287472228,0
932.7336023637018,-13.327073852621494,598.2146831303838,1079.4096287472228,0
932.7336023637018,-13.33702894033306,598.2146831303838,1079.5533553260586,0
932.7336023637018,-13.346851880862612,598.2146831303838,1079.695174029954,0
933.1923355711766,-13.346851880862612,598.3564316914935,1079.695174029954,0
933.1923355711766,-13.356947925568324,598.3564316914935,1079.8409356753928,0
933.6714523457699,-13.366911823092023,598.5044787748428,1079.9847894458912,0
933.6714523457699,-13.376866910803589,598.5044787748428,1080.1285160247269,0
934.1301855532446,-13.376866910803589,598.6462273359525,1080.1285160247269,0
934.1301855532446,-13.386830808327288,598.6462273359525,1080.2723697952254,0
934.5889187607194,-13.396785896038852,598.7879758970622,1080.416096374061,0
934.5889187607194,-13.406749793562552,598.7879758970622,1080.5599501445595,0
935.0544464905669,-13.416704881274116,598.9318239655852,1080.7036767233951,0
935.0544464905669,-13.426668778797817,598.9318239655852,1080.8475304938936,0
935.5199742204145,-13.426668778797817,599.075672034108,1080.8475304938936,0
935.5199742204145,-13.43662386650938,599.075672034108,1080.9912570727292,0
935.9787074278893,-13.446587764033081,599.2174205952177,1081.1351108432277,0
935.9787074278893,-13.456542851744645,599.2174205952177,1081.2788374220634,0
936.4442351577368,-13.456542851744645,599.3612686637407,1081.2788374220634,0
936.4442351577368,-13.466506749268346,599.3612686637407,1081.4226911925618,0
936.9031742598289,-13.47646183697991,599.5030808462872,1081.5664177713975,0
936.9031742598289,-13.48642573450361,599.5030808462872,1081.710271541896,0
937.3687019896764,-13.48642573450361,599.64692891481,1081.710271541896,0
937.3687019896764,-13.496380822215174,599.64692891481,1081.8539981207316,0
937.8274351971513,-13.496380822215174,599.7886774759197,1081.8539981207316,0
937.8274351971513,-13.506344719738875,599.7886774759197,1081.99785189123,0
937.8274351971513,-13.516299807450439,599.7886774759197,1082.1415784700657,0
938.2929629269988,-13.516299807450439,599.9325255444426,1082.1415784700657,0
938.2929629269988,-13.526404661968284,599.9325255444426,1082.2874673071672,0
938.7584906568464,-13.536218792685704,600.0763736129655,1082.4291588193998,0
939.2172238643211,-13.546182690209404,600.2181221740752,1082.5730125898983,0
939.2172238643211,-13.55628754472725,600.2181221740752,1082.7189014269998,0
939.2172238643211,-13.566242632438813,600.2181221740752,1082.8626280058354,0
939.675957071796,-13.566242632438813,600.3598707351849,1082.8626280058354,0
939.675957071796,-13.576056763156233,600.3598707351849,1083.004319518068,0
940.1414848016435,-13.586161617674078,600.5037188037078,1083.1502083551695,0
940.1414848016435,-13.596125515197778,600.5037188037078,1083.294062125668,0
940.607012531491,-13.605939645915196,600.6475668722308,1083.4357536379007,0
941.0657457389658,-13.616044500433043,600.7893154333404,1083.5816424750021,0
941.0657457389658,-13.625999588144607,600.7893154333404,1083.7253690538378,0
941.5246848410579,-13.625999588144607,600.9311276158869,1083.7253690538378,0
941.5246848410579,-13.635963485668308,600.9311276158869,1083.8692228243362,0
941.9902125709056,-13.645918573379872,601.0749756844098,1084.012949403172,0
942.4557403007531,-13.655882470903572,601.2188237529326,1084.1568031736704,0
942.4557403007531,-13.66569660162099,601.2188237529326,1084.298494685903,0
942.9144735082278,-13.66569660162099,601.3605723140423,1084.298494685903,0
942.9144735082278,-13.675801456138835,601.3605723140423,1084.4443835230045,0
943.3800012380755,-13.6857565438504,601.5044203825653,1084.5881101018401,0
943.3800012380755,-13.6957204413741,601.5044203825653,1084.7319638723386,0
943.8387344455502,-13.6957204413741,601.646168943675,1084.7319638723386,0
943.8387344455502,-13.705675529085665,601.646168943675,1084.8756904511743,0
944.3042621753978,-13.705675529085665,601.7900170121978,1084.8756904511743,0
944.3042621753978,-13.715639426609364,601.7900170121978,1085.0195442216727,0
944.7629953828724,-13.72559451432093,601.9317655733075,1085.1632708005084,0
944.7629953828724,-13.735558411844629,601.9317655733075,1085.3071245710069,0
945.2285231127202,-13.735558411844629,602.0756136418305,1085.3071245710069,0
945.2285231127202,-13.745513499556195,602.0756136418305,1085.4508511498427,0
945.6940508425677,-13.75561835407404,602.2194617103534,1085.596739986944,0
946.1527840500424,-13.75561835407404,602.361210271463,1085.596739986944,0
946.1527840500424,-13.765432484791459,602.361210271463,1085.7384314991768,0
946.61831177989,-13.775396382315158,602.505058339986,1085.882285269675,0
946.61831177989,-13.785501236833003,602.505058339986,1086.0281741067765,0
947.0772508819821,-13.785501236833003,602.6468705225325,1086.0281741067765,0
947.0772508819821,-13.795315367550423,602.6468705225325,1086.1698656190092,0
947.5359840894569,-13.805270455261988,602.7886190836422,1086.313592197845,0
948.0015118193044,-13.815375309779833,602.932467152165,1086.4594810349463,0
948.0015118193044,-13.825189440497253,602.932467152165,1086.6011725471792,0
948.467039549152,-13.825189440497253,603.0763152206879,1086.6011725471792,0
948.467039549152,-13.835153338020952,603.0763152206879,1086.7450263176775,0
948.9257727566267,-13.845258192538797,603.2180637817976,1086.890915154779,0
948.9257727566267,-13.855072323256216,603.2180637817976,1087.0326066670116,0
949.3913004864744,-13.855072323256216,603.3619118503206,1087.0326066670116,0
949.8500336939491,-13.865027410967782,603.5036604114302,1087.1763332458474,0
949.8500336939491,-13.875132265485627,603.5036604114302,1087.3222220829489,0
950.3155614237967,-13.875132265485627,603.6475084799531,1087.3222220829489,0
950.3155614237967,-13.885096163009326,603.6475084799531,1087.4660758534471,0
950.7745005258887,-13.894910293726745,603.7893206624996,1087.60776736568,0
950.7745005258887,-13.905006338432457,603.7893206624996,1087.7535290111186,0
951.2400282557364,-13.905006338432457,603.9331687310225,1087.7535290111186,0
951.2400282557364,-13.914970235956156,603.9331687310225,1087.8973827816171,0
951.6987614632111,-13.914970235956156,604.0749172921322,1087.8973827816171,0
951.6987614632111,-13.924925323667722,604.0749172921322,1088.0411093604528,0
952.1642891930586,-13.924925323667722,604.2187653606551,1088.0411093604528,0
952.1642891930586,-13.93488922119142,604.2187653606551,1088.1849631309512,0
952.6230224005334,-13.944844308902987,604.3605139217648,1088.3286897097869,0
953.088550130381,-13.954808206426685,604.5043619902877,1088.4725434802854,0
953.088550130381,-13.964763294138251,604.5043619902877,1088.616270059121,0
953.5540778602286,-13.964763294138251,604.6482100588106,1088.616270059121,0
953.5540778602286,-13.97472719166195,604.6482100588106,1088.7601238296195,0
954.0128110677033,-13.984682279373516,604.7899586199203,1088.9038504084551,0
954.4715442751781,-13.994646176897215,604.93170718103,1089.0477041789536,0
954.9370720050257,-14.00460126460878,605.0755552495528,1089.1914307577892,0
955.3960111071178,-14.01456516213248,605.2173674320993,1089.3352845282877,0
955.3960111071178,-14.024520249844045,605.2173674320993,1089.4790111071234,0
955.8615388369653,-14.024520249844045,605.3612155006223,1089.4790111071234,0
955.8615388369653,-14.034484147367744,605.3612155006223,1089.6228648776219,0
956.3270665668128,-14.034484147367744,605.5050635691451,1089.6228648776219,0
956.3270665668128,-14.044439235079308,605.5050635691451,1089.7665914564575,0
956.7857997742876,-14.044439235079308,605.6468121302548,1089.7665914564575,0
956.7857997742876,-14.054403132603008,605.6468121302548,1089.910445226956,0
957.2445329817624,-14.064358220314572,605.7885606913645,1090.0541718057916,0
957.2445329817624,-14.074463074832419,605.7885606913645,1090.200060642893,0
957.71006071161,-14.074463074832419,605.9324087598875,1090.200060642893,0
957.71006071161,-14.084277205549837,605.9324087598875,1090.3417521551257,0
958.1755884414575,-14.084277205549837,606.0762568284104,1090.3417521551257,0
958.1755884414575,-14.094241103073538,606.0762568284104,1090.4856059256242,0
958.6343216489323,-14.094241103073538,606.21800538952,1090.4856059256242,0
958.6343216489323,-14.104345957591383,606.21800538952,1090.6314947627257,0
959.0998493787799,-14.104345957591383,606.3618534580429,1090.6314947627257,0
959.0998493787799,-14.114160088308802,606.3618534580429,1090.7731862749583,0
959.5587884808721,-14.124115176020366,606.5036656405894,1090.9169128537942,0
960.0241103161022,-14.134220030538213,606.6474500876756,1091.0628016908954,0
960.0241103161022,-14.14403416125563,606.6474500876756,1091.2044932031283,0
960.4830494181942,-14.14403416125563,606.789262270222,1091.2044932031283,0
960.4830494181942,-14.153998058779331,606.789262270222,1091.3483469736266,0
960.948577148042,-14.153998058779331,606.9331103387449,1091.3483469736266,0
960.948577148042,-14.164102913297176,606.9331103387449,1091.494235810728,0
961.4141048778895,-14.164102913297176,607.0769584072679,1091.494235810728,0
961.4141048778895,-14.17405800100874,607.0769584072679,1091.6379623895637,0
961.8728380853643,-14.17405800100874,607.2187069683775,1091.6379623895637,0
961.8728380853643,-14.18387213172616,607.2187069683775,1091.7796539017966,0
962.3315712928389,-14.18387213172616,607.3604555294872,1091.7796539017966,0
962.3315712928389,-14.193976986244005,607.3604555294872,1091.925542738898,0
962.7970990226867,-14.203940883767705,607.5043035980101,1092.0693965093963,0
963.2626267525342,-14.21389597147927,607.6481516665331,1092.2131230882321,0
963.7213599600088,-14.22385986900297,607.7899002276428,1092.3569768587304,0
964.1868876898565,-14.233814956714534,607.9337482961656,1092.5007034375662,0
964.1868876898565,-14.243778854238235,607.9337482961656,1092.6445572080645,0
964.6458267919486,-14.243778854238235,608.0755604787121,1092.6445572080645,0
964.6458267919486,-14.253733941949799,608.0755604787121,1092.7882837869004,0
965.1045599994234,-14.253733941949799,608.2173090398218,1092.7882837869004,0
965.1045599994234,-14.2636978394735,608.2173090398218,1092.9321375573986,0
965.5700877292709,-14.2636978394735,608.3611571083446,1092.9321375573986,0
965.5700877292709,-14.273652927185063,608.3611571083446,1093.0758641362345,0
966.0356154591185,-14.273652927185063,608.5050051768676,1093.0758641362345,0
966.0356154591185,-14.283616824708764,608.5050051768676,1093.2197179067327,0
966.4943486665933,-14.283616824708764,608.6467537379773,1093.2197179067327,0
966.4943486665933,-14.293862636220755,608.6467537379773,1093.3676418104371,0
966.9598763964408,-14.293862636220755,608.7906018065001,1093.3676418104371,0
966.9598763964408,-14.303817723932319,608.7906018065001,1093.511368389273,0
967.4186096039156,-14.303817723932319,608.9323503676098,1093.511368389273,0
967.4186096039156,-14.31378162145602,608.9323503676098,1093.6552221597713,0
967.8841373337631,-14.31378162145602,609.0761984361328,1093.6552221597713,0
967.8841373337631,-14.323736709167584,609.0761984361328,1093.7989487386071,0
968.3428705412379,-14.333700606691284,609.2179469972425,1093.9428025091054,0
968.8083982710855,-14.333700606691284,609.3617950657654,1093.9428025091054,0
968.8083982710855,-14.343655694402848,609.3617950657654,1094.0865290879412,0
969.2739260009331,-14.343655694402848,609.5056431342883,1094.0865290879412,0
969.2739260009331,-14.353619591926549,609.5056431342883,1094.2303828584395,0
969.7328651030251,-14.353619591926549,609.6474553168348,1094.2303828584395,0
969.7328651030251,-14.363574679638113,609.6474553168348,1094.3741094372754,0
970.1915983104999,-14.373538577161813,609.7892038779445,1094.5179632077736,0
970.6571260403475,-14.373538577161813,609.9330519464673,1094.5179632077736,0
970.6571260403475,-14.383493664873377,609.9330519464673,1094.6616897866095,0
971.122653770195,-14.393457562397076,610.0769000149902,1094.805543557108,0
971.5813869776698,-14.403412650108642,610.2186485760999,1094.9492701359436,0
972.0469147075173,-14.41337654763234,610.3624966446229,1095.093123906442,0
972.5056479149922,-14.423331635343906,610.5042452057326,1095.2368504852777,0
972.9645870170842,-14.433295532867605,610.646057388279,1095.3807042557762,0
972.9645870170842,-14.443250620579171,610.646057388279,1095.5244308346118,0
973.4299088523145,-14.443250620579171,610.7898418353651,1095.5244308346118,0
973.4299088523145,-14.453355475097016,610.7898418353651,1095.6703196717133,0
973.8956424767794,-14.453355475097016,610.9337535253248,1095.6703196717133,0
973.8956424767794,-14.463169605814436,610.9337535253248,1095.812011183946,0
974.3543756842543,-14.463169605814436,611.0755020864345,1095.812011183946,0
974.3543756842543,-14.47327446033228,611.0755020864345,1095.9579000210474,0
974.8199034141018,-14.47327446033228,611.2193501549574,1095.9579000210474,0
974.8199034141018,-14.483238357855981,611.2193501549574,1096.101753791546,0
975.2786366215764,-14.483238357855981,611.3610987160671,1096.101753791546,0
975.744164351424,-14.4930524885734,611.50494678459,1096.2434453037786,0
976.2028975588988,-14.4930524885734,611.6466953456998,1096.2434453037786,0
976.2028975588988,-14.503157343091244,611.6466953456998,1096.38933414088,0
976.6684252887464,-14.51311243080281,611.7905434142226,1096.5330607197156,0
976.6684252887464,-14.523076328326509,611.7905434142226,1096.6769144902141,0
977.1271584962211,-14.523076328326509,611.9322919753323,1096.6769144902141,0
977.5926862260687,-14.533031416038074,612.0761400438552,1096.8206410690498,0
978.0516253281609,-14.542995313561773,612.2179522264016,1096.9644948395483,0
978.5171530580085,-14.552950401273339,612.3618002949246,1097.108221418384,0
978.982680787856,-14.562914298797038,612.5056483634474,1097.2520751888824,0
979.4414139953307,-14.572869386508604,612.6473969245571,1097.395801767718,0
979.4414139953307,-14.582833284032303,612.6473969245571,1097.5396555382165,0
979.9001472028054,-14.582833284032303,612.7891454856668,1097.5396555382165,0
979.9001472028054,-14.592788371743868,612.7891454856668,1097.6833821170521,0
980.3656749326531,-14.592788371743868,612.9329935541898,1097.6833821170521,0
980.8312026625007,-14.602752269267567,613.0768416227127,1097.8272358875506,0
981.2899358699754,-14.612707356979133,613.2185901838224,1097.9709624663863,0
981.2899358699754,-14.622671254502832,613.2185901838224,1098.1148162368847,0
981.755463599823,-14.622671254502832,613.3624382523452,1098.1148162368847,0
981.755463599823,-14.632626342214397,613.3624382523452,1098.2585428157204,0
982.2141968072978,-14.632626342214397,613.5041868134549,1098.2585428157204,0
982.2141968072978,-14.642590239738096,613.5041868134549,1098.4023965862189,0
982.6797245371453,-14.642590239738096,613.6480348819779,1098.4023965862189,0
983.1386636392374,-14.642590239738096,613.7898470645243,1098.4023965862189,0
983.1386636392374,-14.652545327449662,613.7898470645243,1098.5461231650545,0
983.6041913690849,-14.652545327449662,613.9336951330472,1098.5461231650545,0
984.0629245765598,-14.652545327449662,614.0754436941569,1098.5461231650545,0
984.0629245765598,-14.66250922497336,614.0754436941569,1098.689976935553,0
984.5284523064073,-14.66250922497336,614.2192917626799,1098.689976935553,0
984.5284523064073,-14.672464312684927,614.2192917626799,1098.8337035143886,0
984.9871855138821,-14.672464312684927,614.3610403237896,1098.8337035143886,0
984.9871855138821,-14.682428210208625,614.3610403237896,1098.977557284887,0
985.4527132437296,-14.692383297920191,614.5048883923124,1099.1212838637227,0
985.4527132437296,-14.702488152438036,614.5048883923124,1099.2671727008242,0
985.9114464512045,-14.702488152438036,614.6466369534221,1099.2671727008242,0
985.9114464512045,-14.712302283155456,614.6466369534221,1099.4088642130569,0
986.376974181052,-14.712302283155456,614.7904850219451,1099.4088642130569,0
986.376974181052,-14.722266180679155,614.7904850219451,1099.5527179835553,0
986.8425019108995,-14.722266180679155,614.9343330904679,1099.5527179835553,0
986.8425019108995,-14.732371035197,614.9343330904679,1099.6986068206568,0
987.3014410129916,-14.732371035197,615.0761452730144,1099.6986068206568,0
987.7601742204664,-14.74218516591442,615.2178938341241,1099.8402983328895,0
988.225701950314,-14.752290020432264,615.3617419026469,1099.986187169991,0
988.225701950314,-14.76224510814383,615.3617419026469,1100.1299137488265,0
988.6912296801615,-14.76224510814383,615.5055899711699,1100.1299137488265,0
988.6912296801615,-14.772209005667529,615.5055899711699,1100.273767519325,0
989.1499628876363,-14.772209005667529,615.6473385322796,1100.273767519325,0
989.6154906174838,-14.782164093379095,615.7911866008025,1100.4174940981607,0
989.6154906174838,-14.792127990902793,615.7911866008025,1100.5613478686591,0
990.0742238249587,-14.792127990902793,615.9329351619122,1100.5613478686591,0
990.5397515548062,-14.80208307861436,616.0767832304351,1100.7050744474948,0
990.5397515548062,-14.812046976138058,616.0767832304351,1100.8489282179933,0
990.9984847622809,-14.812046976138058,616.2185317915448,1100.8489282179933,0
990.9984847622809,-14.822002063849624,616.2185317915448,1100.992654796829,0
991.4640124921285,-14.822002063849624,616.3623798600677,1100.992654796829,0
991.4640124921285,-14.831965961373323,616.3623798600677,1101.1365085673274,0
991.9295402219761,-14.841921049084888,616.5062279285905,1101.280235146163,0
992.3884793240683,-14.851884946608587,616.648040111137,1101.4240889166615,0
992.3884793240683,-14.861840034320153,616.648040111137,1101.5678154954974,0
992.8472125315429,-14.861840034320153,616.7897886722468,1101.5678154954974,0
993.3127402613906,-14.871803931843852,616.9336367407697,1101.7116692659956,0
993.7714734688653,-14.881759019555417,617.0753853018794,1101.8553958448315,0
993.7714734688653,-14.891722917079116,617.0753853018794,1101.9992496153297,0
994.2370011987128,-14.891722917079116,617.2192333704022,1101.9992496153297,0
994.2370011987128,-14.901678004790682,617.2192333704022,1102.1429761941656,0
994.7025289285605,-14.901678004790682,617.3630814389252,1102.1429761941656,0
994.7025289285605,-14.911633092502246,617.3630814389252,1102.2867027730013,0
995.1612621360351,-14.911633092502246,617.5048300000349,1102.2867027730013,0
995.1612621360351,-14.921596990025947,617.5048300000349,1102.4305565434997,0
995.6267898658829,-14.921596990025947,617.6486780685577,1102.4305565434997,0
995.6267898658829,-14.931560887549645,617.6486780685577,1102.574410313998,0
996.0855230733575,-14.941515975261211,617.7904266296674,1102.7181368928339,0
996.5510508032052,-14.951471062972775,617.9342746981904,1102.8618634716695,0
997.0099899052972,-14.961575917490622,618.0760868807369,1103.007752308771,0
997.4755176351449,-14.97139004820804,618.2199349492597,1103.1494438210036,0
997.9342508426196,-14.98135394573174,618.3616835103694,1103.293297591502,0
998.3997785724671,-14.98135394573174,618.5055315788923,1103.293297591502,0
998.3997785724671,-14.991458800249585,618.5055315788923,1103.4391864286035,0
998.8585117799419,-14.991458800249585,618.647280140002,1103.4391864286035,0
998.8585117799419,-15.001272930967005,618.647280140002,1103.5808779408362,0
999.3240395097895,-15.001272930967005,618.7911282085249,1103.5808779408362,0
999.3240395097895,-15.011228018678569,618.7911282085249,1103.7246045196719,0
999.7827727172643,-15.021332873196414,618.9328767696346,1103.8704933567733,0
1000.2483004471119,-15.021332873196414,619.0767248381575,1103.8704933567733,0
1000.2483004471119,-15.031296770720115,619.0767248381575,1104.0143471272718,0
1000.7072395492038,-15.031296770720115,619.2185370207039,1104.0143471272718,0
1000.7072395492038,-15.041110901437532,619.2185370207039,1104.1560386395045,0
