x,y,pixel_x,pixel_y,gap_before
0.09723302792900651,0.7256347509923295,666.0300450056301,948.0425817539023,0
0.09723302792900651,0.7245843940359509,666.0300450056301,948.3030702790842,0
0.09723302792900651,0.7219628610366688,666.0300450056301,948.9532104629061,0
0.09723302792900651,0.7198621471239115,666.0300450056301,949.47418751327,0
0.09723302792900651,0.7193410716025831,666.0300450056301,949.6034142425594,0
0.09723302792900651,0.7104256027787507,666.0300450056301,951.8144505108698,0
0.09723302792900651,0.7030815664326255,666.0300450056301,953.6357715247088,0
0.09723302792900651,0.6988886009556363,666.0300450056301,954.6756269630022,0
0.09723302792900651,0.6983675254343078,666.0300450056301,954.8048536922917,0
0.09723302792900651,0.6962668115215505,666.0300450056301,955.3258307426555,0
0.09723302792900651,0.6941745599573186,666.0300450056301,955.844709130585,0
0.09723302792900651,0.6931242030009399,666.0300450056301,956.1051976557669,0
0.09723302792900651,0.6915527705232328,666.0300450056301,956.4949129102383,0
0.09723302792900651,0.6905024135668542,666.0300450056301,956.7554014354203,0
0.09723302792900651,0.6868305236111935,666.0300450056301,957.6660301444241,0
0.09723302792900651,0.6826373016994004,666.0300450056301,958.7059491785487,0
0.09723302792900651,0.6815869447430217,666.0300450056301,958.9664377037307,0
0.09723302792900651,0.680536587786643,666.0300450056301,959.2269262289126,0
0.09723302792900651,0.6758228032231293,666.0300450056301,960.395944800664,0
0.09723302792900651,0.6747724462667506,666.0300450056301,960.6564333258459,0
0.09723302792900651,0.6716295813113362,666.0300450056301,961.4358638347886,0
0.09723302792900651,0.671100299876286,666.0300450056301,961.5671256306811,0
0.09723302792900651,0.6658485150943927,666.0300450056301,962.8695682565907,0
0.09723302792900651,0.6621763687039282,666.0300450056301,963.7802605614258,0
0.09723302792900651,0.6600756547911708,666.0300450056301,964.3012376117897,0
0.09723302792900651,0.6579834032269389,666.0300450056301,964.8201159997192,0
0.09723302792900651,0.6574541217918888,666.0300450056301,964.9513777956116,0
0.09723302792900651,0.6391105709714211,666.0300450056301,969.5005783990875,0
0.09723302792900651,0.6081711990229348,666.0300450056301,977.1735426423122,0
0.09723302792900651,0.6034489521108954,666.0300450056301,978.344659876498,0
0.09723302792900651,0.5735430124217368,666.0300450056301,985.7613329194093,0
0.09723302792900651,0.5698795848146015,666.0300450056301,986.6698629659788,0
0.09723302792900651,0.5620144729471479,666.0300450056301,988.6204107091073,0
0.5221995181569604,0.7398104669465808,666.1613596511105,944.527004197248,0
0.5221995181569604,0.7377097530338235,666.1613596511105,945.0479812476118,0
0.5221995181569604,0.7371886775124951,666.1613596511105,945.1772079769013,0
0.5221995181569604,0.7366593960774448,666.1613596511105,945.3084697727937,0
0.5221995181569604,0.7350879635997377,666.1613596511105,945.698185027265,0
0.5221995181569604,0.734567144513213,666.1613596511105,945.8273481607232,0
0.5221995181569604,0.7335167875568344,666.1613596511105,946.0878366859051,0
0.5221995181569604,0.731416073644077,666.1613596511105,946.608813736269,0
0.5221995181569604,0.7298277164693188,666.1613596511105,947.0027263156089,0
0.5221995181569604,0.7287773595129401,666.1613596511105,947.2632148407909,0
0.5221995181569604,0.7277270025565614,666.1613596511105,947.5237033659728,0
0.5221995181569604,0.7240551126009007,666.1613596511105,948.4343320749766,0
0.5221995181569604,0.7209125040802902,666.1613596511105,949.213698988088,0
0.9541664253751033,0.7544903337251095,666.2948374254408,940.8863972361728,0
0.9541664253751033,0.7534399767687309,666.2948374254408,941.1468857613547,0
0.9541664253751033,0.7523896198123522,666.2948374254408,941.4073742865367,0
0.9541664253751033,0.7487259357704132,666.2948374254408,942.3159679289375,0
0.9541664253751033,0.7481963979005593,666.2948374254408,942.4472933206613,0
0.9541664253751033,0.7445245079448986,666.2948374254408,943.3579220296651,0
0.9541664253751033,0.7419111808593382,666.2948374254408,944.0060271468841,0
0.9541664253751033,0.7403312860331055,666.2948374254408,944.3978410637899,0
0.9541664253751033,0.7366593960774448,666.2948374254408,945.3084697727937,0
0.9541664253751033,0.7308949981227485,666.2948374254408,946.7380404655584,0
0.9541664253751033,0.7251054695572794,666.2948374254408,948.1738435497947,0
0.9541664253751033,0.7224836801231935,666.2948374254408,948.824047329448,0
1.3723383932302264,0.7670692301560771,666.4240525635081,937.7668309212929,0
1.3723383932302264,0.7665484110695524,666.4240525635081,937.895994054751,0
1.3723383932302264,0.7654980541131737,666.4240525635081,938.1564825799329,0
1.3723383932302264,0.7634055461141381,666.4240525635081,938.6754245636938,0
1.3723383932302264,0.7602544752450021,666.4240525635081,939.4568901392395,0
1.3723383932302264,0.7576329422457201,666.4240525635081,940.1070303230614,0
1.3723383932302264,0.7550111528116342,666.4240525635081,940.7572341027147,0
1.3723383932302264,0.750818187334645,666.4240525635081,941.7970895410081,0
1.3723383932302264,0.7476755788140346,666.4240525635081,942.5764564541195,0
1.3723383932302264,0.7461041463363274,666.4240525635081,942.9661717085909,0
1.3723383932302264,0.7445245079448986,666.4240525635081,943.3579220296651,0
1.804099405831011,0.7649769785918453,666.5574667164018,938.2857093092224,0
1.804099405831011,0.762876264679088,666.5574667164018,938.8066863595863,0
1.804099405831011,0.7607840131148561,666.5574667164018,939.3255647475157,0
1.804099405831011,0.7581622236807702,666.5574667164018,939.975768527169,0
1.804099405831011,0.753969258203781,666.5574667164018,941.0156239654623,0
1.804099405831011,0.7523896198123522,666.5574667164018,941.4073742865367,0
1.804099405831011,0.7497762927267919,666.5574667164018,942.0554794037556,0
1.804099405831011,0.7476755788140346,666.5574667164018,942.5764564541195,0
1.804099405831011,0.7466252218576559,666.5574667164018,942.8369449793014,0
1.804099405831011,0.7455748649012772,666.5574667164018,943.0974335044833,0
2.2292717906763233,0.7670692301560771,666.688844983319,937.7668309212929,0
2.2292717906763233,0.7665484110695524,666.688844983319,937.895994054751,0
2.2292717906763233,0.7654980541131737,666.688844983319,938.1564825799329,0
2.2292717906763233,0.7644559030705168,666.688844983319,938.4149360385119,0
2.2292717906763233,0.7618259077227092,666.688844983319,939.0671748847681,0
2.2292717906763233,0.7592041182886234,666.688844983319,939.7173786644214,0
2.2292717906763233,0.7560615097680129,666.688844983319,940.4967455775328,0
2.2292717906763233,0.7544903337251095,666.688844983319,940.8863972361728,0
2.654238280904277,0.7717917335029203,666.8201596287994,936.5956500912757,0
2.654238280904277,0.7712706579815918,666.8201596287994,936.7248768205652,0
2.654238280904277,0.7702203010252131,666.8201596287994,936.9853653457471,0
2.654238280904277,0.7670692301560771,666.8201596287994,937.7668309212929,0
2.654238280904277,0.762876264679088,666.8201596287994,938.8066863595863,0
2.654238280904277,0.7581622236807702,666.8201596287994,939.975768527169,0
2.654238280904277,0.7555406906814882,666.8201596287994,940.625908710991,0
3.079204771132231,0.7681195871124558,666.9514742742798,937.506342396111,0
3.079204771132231,0.7623551891577595,666.9514742742798,938.9359130888756,0
3.079204771132231,0.7597336561584774,666.9514742742798,939.5860532726977,0
3.079204771132231,0.7571118667243916,666.9514742742798,940.2362570523509,0
3.079204771132231,0.7555406906814882,666.9514742742798,940.625908710991,0
3.079204771132231,0.753969258203781,666.9514742742798,941.0156239654623,0
3.5111716783503737,0.7618259077227092,667.0849520486103,939.0671748847681,0
3.5111716783503737,0.7607840131148561,667.0849520486103,939.3255647475157,0
3.5111716783503737,0.7592041182886234,667.0849520486103,939.7173786644214,0
3.5111716783503737,0.7571118667243916,667.0849520486103,940.2362570523509,0
3.5111716783503737,0.7565910476378669,667.0849520486103,940.3654201858091,0
3.5111716783503737,0.7544903337251095,667.0849520486103,940.8863972361728,0
3.936138168578327,0.7623551891577595,667.2162666940907,938.9359130888756,0
3.936138168578327,0.7581622236807702,667.2162666940907,939.975768527169,0
3.936138168578327,0.7555406906814882,667.2162666940907,940.625908710991,0
3.936138168578327,0.7534399767687309,667.2162666940907,941.1468857613547,0
3.936138168578327,0.7529189012474024,667.2162666940907,941.2761124906442,0
4.361104658806282,0.7744132665022023,667.3475813395711,935.9455099074538,0
4.361104658806282,0.772842090459299,667.3475813395711,936.3351615660939,0
4.361104658806282,0.772312552589445,667.3475813395711,936.4664869578177,0
4.361104658806282,0.7702203010252131,667.3475813395711,936.9853653457471,0
4.361104658806282,0.7675987680259311,667.3475813395711,937.6355055295691,0
4.361104658806282,0.7660188731996984,667.3475813395711,938.0273194464748,0
4.786277043651594,0.7686491249823098,667.4789596064883,937.3750170043871,0
4.786277043651594,0.7681195871124558,667.4789596064883,937.506342396111,0
4.786277043651594,0.7675987680259311,667.4789596064883,937.6355055295691,0
4.786277043651594,0.7670692301560771,667.4789596064883,937.7668309212929,0
5.211243533879547,0.7654980541131737,667.6102742519688,938.1564825799329,0
5.211243533879547,0.7602544752450021,667.6102742519688,939.4568901392395,0
5.211243533879547,0.7555406906814882,667.6102742519688,940.625908710991,0
5.211243533879547,0.7544903337251095,667.6102742519688,940.8863972361728,0
5.63641591872486,0.7523896198123522,667.741652518886,941.4073742865367,0
5.63641591872486,0.7481963979005593,667.741652518886,942.4472933206613,0
5.63641591872486,0.7424319999458628,667.741652518886,943.876864013426,0
5.63641591872486,0.7403312860331055,667.741652518886,944.3978410637899,0
6.074765559081117,0.7618259077227092,667.8771025577561,939.0671748847681,0
6.074765559081117,0.7592041182886234,667.8771025577561,939.7173786644214,0
6.074765559081117,0.7550111528116342,667.8771025577561,940.7572341027147,0
6.074765559081117,0.7492467548569379,667.8771025577561,942.1868047954794,0
6.074765559081117,0.7429530754671914,667.8771025577561,943.7476372841365,0
6.493143421553598,0.772842090459299,668.0063813172601,936.3351615660939,0
6.493143421553598,0.7702203010252131,668.0063813172601,936.9853653457471,0
6.493143421553598,0.7675987680259311,668.0063813172601,937.6355055295691,0
6.493143421553598,0.7649769785918453,668.0063813172601,938.2857093092224,0
6.924904434154382,0.772842090459299,668.1397954701537,936.3351615660939,0
6.924904434154382,0.7712706579815918,668.1397954701537,936.7248768205652,0
6.924904434154382,0.7686491249823098,668.1397954701537,937.3750170043871,0
6.924904434154382,0.7649769785918453,668.1397954701537,938.2857093092224,0
7.343282296626864,0.7602544752450021,668.2690742296577,939.4568901392395,0
7.343282296626864,0.7560615097680129,668.2690742296577,940.4967455775328,0
7.343282296626864,0.7529189012474024,668.2690742296577,941.2761124906442,0
7.343282296626864,0.750818187334645,668.2690742296577,941.7970895410081,0
7.775043309227648,0.7492467548569379,668.4024883825513,942.1868047954794,0
7.775043309227648,0.7487259357704132,668.4024883825513,942.3159679289375,0
7.775043309227648,0.7476755788140346,668.4024883825513,942.5764564541195,0
7.775043309227648,0.7466252218576559,668.4024883825513,942.8369449793014,0
8.200009799455602,0.7455748649012772,668.5338030280318,943.0974335044833,0
8.200009799455602,0.7450537893799487,668.5338030280318,943.2266602337727,0
8.200009799455602,0.7445245079448986,668.5338030280318,943.3579220296651,0
8.200009799455602,0.7429530754671914,668.5338030280318,943.7476372841365,0
8.631976706673745,0.7502971118133166,668.6672808023621,941.9263162702975,0
8.631976706673745,0.7471460409441806,668.6672808023621,942.7077818458432,0
8.631976706673745,0.7434823569022415,668.6672808023621,943.6163754882441,0
8.631976706673745,0.7419111808593382,668.6672808023621,944.0060271468841,0
9.050148674528868,0.7513392628559735,668.7964959404294,941.6678628117186,0
9.050148674528868,0.7481963979005593,668.7964959404294,942.4472933206613,0
9.050148674528868,0.7455748649012772,668.7964959404294,943.0974335044833,0
9.481909687129653,0.7445245079448986,668.9299100933231,943.3579220296651,0
9.481909687129653,0.7434823569022415,668.9299100933231,943.6163754882441,0
9.481909687129653,0.7408608239029595,668.9299100933231,944.266515672066,0
9.481909687129653,0.7387601099902021,668.9299100933231,944.7874927224299,0
9.907082071974965,0.7450537893799487,669.0612883602403,943.2266602337727,0
9.907082071974965,0.74400343242357,669.0612883602403,943.4871487589546,0
9.907082071974965,0.7419111808593382,669.0612883602403,944.0060271468841,0
9.907082071974965,0.7398104669465808,669.0612883602403,944.527004197248,0
10.33204856220292,0.7523896198123522,669.1926030057207,941.4073742865367,0
10.33204856220292,0.7481963979005593,669.1926030057207,942.4472933206613,0
10.33204856220292,0.7461041463363274,669.1926030057207,942.9661717085909,0
10.757015052430873,0.7581622236807702,669.3239176512011,939.975768527169,0
10.757015052430873,0.7565910476378669,669.3239176512011,940.3654201858091,0
10.757015052430873,0.7555406906814882,669.3239176512011,940.625908710991,0
10.757015052430873,0.7518685442910237,669.3239176512011,941.5366010158261,0
11.188981959649015,0.7502971118133166,669.4573954255316,941.9263162702975,0
11.61394844987697,0.7801776644568986,669.588710071012,934.5159392146892,0
11.61394844987697,0.7660188731996984,669.588710071012,938.0273194464748,0
11.61394844987697,0.7560615097680129,669.588710071012,940.4967455775328,0
11.61394844987697,0.7513392628559735,669.588710071012,941.6678628117186,0
12.038914940104924,0.8116547801889606,669.7200247164924,926.7096145131378,0
12.038914940104924,0.8074618147119714,669.7200247164924,927.7494699514311,0
12.038914940104924,0.7964456319753818,669.7200247164924,930.4814832701053,0
12.464087324950235,0.8090247848411531,669.8514029834096,927.361853359394,0
12.464087324950235,0.8011596729736994,669.8514029834096,929.3124011025226,0
12.464087324950235,0.7922357418013415,669.8514029834096,931.5255360332673,0
12.464087324950235,0.7812280214132773,669.8514029834096,934.2554506895073,0
12.88905381517819,0.7681195871124558,669.98271762889,937.506342396111,0
12.88905381517819,0.7550111528116342,669.98271762889,940.7572341027147,0
12.88905381517819,0.7434823569022415,669.98271762889,943.6163754882441,0
13.320814827778975,0.7366593960774448,670.1161317817837,945.3084697727937,0
13.320814827778975,0.7340460689918845,670.1161317817837,945.9565748900127,0
13.320814827778975,0.7329957120355058,670.1161317817837,946.2170634151946,0
13.739192690251455,0.7308949981227485,670.2454105412877,946.7380404655584,0
13.739192690251455,0.7277270025565614,670.2454105412877,947.5237033659728,0
13.739192690251455,0.7240551126009007,670.2454105412877,948.4343320749766,0
14.17095370285224,0.7272061834700367,670.3788246941813,947.652866499431,0
14.17095370285224,0.7240551126009007,670.3788246941813,948.4343320749766,0
14.17095370285224,0.7230132179930475,670.3788246941813,948.6927219377242,0
14.595920193080195,0.7534399767687309,670.5101393396618,941.1468857613547,0
14.595920193080195,0.7466252218576559,670.5101393396618,942.8369449793014,0
14.595920193080195,0.7387601099902021,670.5101393396618,944.7874927224299,0
14.595920193080195,0.7329957120355058,670.5101393396618,946.2170634151946,0
15.021092577925506,0.7581622236807702,670.641517606579,939.975768527169,0
15.021092577925506,0.7571118667243916,670.641517606579,940.2362570523509,0
15.021092577925506,0.7550111528116342,670.641517606579,940.7572341027147,0
15.44605906815346,0.7481963979005593,670.7728322520594,942.4472933206613,0
15.44605906815346,0.7392893914252524,670.7728322520594,944.6562309265374,0
15.44605906815346,0.731416073644077,670.7728322520594,946.608813736269,0
15.877820080754244,0.7245843940359509,670.9062464049531,948.3030702790842,0
15.877820080754244,0.7203914285589618,670.9062464049531,949.3429257173775,0
15.877820080754244,0.7182907146462044,670.9062464049531,949.8639027677414,0
16.30299246559956,0.7292984350342686,671.0376246718703,947.1339881115014,0
16.30299246559956,0.7235340370795722,671.0376246718703,948.5635588042661,0
16.30299246559956,0.7193410716025831,671.0376246718703,949.6034142425594,0
16.72795895582751,0.7361383205561164,671.1689393173507,945.4376965020832,0
16.72795895582751,0.7356175014695917,671.1689393173507,945.5668596355413,0
16.72795895582751,0.7335167875568344,671.1689393173507,946.0878366859051,0
17.15313134067282,0.7356175014695917,671.3003175842679,945.5668596355413,0
17.15313134067282,0.7350879635997377,671.3003175842679,945.698185027265,0
17.15313134067282,0.734567144513213,671.3003175842679,945.8273481607232,0
17.578097830900777,0.7450537893799487,671.4316322297483,943.2266602337727,0
17.578097830900777,0.7424319999458628,671.4316322297483,943.876864013426,0
17.578097830900777,0.7382390344688737,671.4316322297483,944.9167194517194,0
18.00306432112873,0.7518685442910237,671.5629468752287,941.5366010158261,0
18.00306432112873,0.750818187334645,671.5629468752287,941.7970895410081,0
18.00306432112873,0.7481963979005593,671.5629468752287,942.4472933206613,0
18.441619856102346,0.7502971118133166,671.6984605355356,941.9263162702975,0
18.441619856102346,0.7461041463363274,671.6984605355356,942.9661717085909,0
18.441619856102346,0.7403312860331055,671.6984605355356,944.3978410637899,0
18.859997718574828,0.734567144513213,671.8277392950396,945.8273481607232,0
18.859997718574828,0.7303487919906473,671.8277392950396,946.8734995863194,0
18.859997718574828,0.7298277164693188,671.8277392950396,947.0027263156089,0
19.291758731175612,0.7340460689918845,671.9611534479333,945.9565748900127,0
19.291758731175612,0.7335167875568344,671.9611534479333,946.0878366859051,0
19.291758731175612,0.7319453550791272,671.9611534479333,946.4775519403764,0
19.71013659364809,0.7356175014695917,672.0904322074373,945.5668596355413,0
19.71013659364809,0.734567144513213,672.0904322074373,945.8273481607232,0
19.71013659364809,0.7340460689918845,672.0904322074373,945.9565748900127,0
20.141897606248875,0.7377097530338235,672.2238463603309,945.0479812476118,0
20.141897606248875,0.7366593960774448,672.2238463603309,945.3084697727937,0
20.56686409647683,0.7419111808593382,672.3551610058113,944.0060271468841,0
20.56686409647683,0.7408608239029595,672.3551610058113,944.266515672066,0
20.56686409647683,0.7387601099902021,672.3551610058113,944.7874927224299,0
20.998625109077615,0.7419111808593382,672.488575158705,944.0060271468841,0
20.998625109077615,0.7413816429894842,672.488575158705,944.137352538608,0
21.417002971550097,0.7398104669465808,672.617853918209,944.527004197248,0
21.417002971550097,0.7392893914252524,672.617853918209,944.6562309265374,0
21.417002971550097,0.7387601099902021,672.617853918209,944.7874927224299,0
21.84876398415088,0.7461041463363274,672.7512680711026,942.9661717085909,0
21.84876398415088,0.7424319999458628,672.7512680711026,943.876864013426,0
21.84876398415088,0.7398104669465808,672.7512680711026,944.527004197248,0
22.273730474378837,0.7497762927267919,672.882582716583,942.0554794037556,0
22.273730474378837,0.7492467548569379,672.882582716583,942.1868047954794,0
22.273730474378837,0.7487259357704132,672.882582716583,942.3159679289375,0
22.698902859224148,0.7471460409441806,673.0139609835003,942.7077818458432,0
22.698902859224148,0.7455748649012772,673.0139609835003,943.0974335044833,0
22.698902859224148,0.7429530754671914,673.0139609835003,943.7476372841365,0
23.1238693494521,0.7419111808593382,673.1452756289807,944.0060271468841,0
23.1238693494521,0.7398104669465808,673.1452756289807,944.527004197248,0
23.1238693494521,0.7371886775124951,673.1452756289807,945.1772079769013,0
23.555630362052884,0.7335167875568344,673.2786897818743,946.0878366859051,0
23.555630362052884,0.731416073644077,673.2786897818743,946.608813736269,0
23.9808027468982,0.7329957120355058,673.4100680487916,946.2170634151946,0
23.9808027468982,0.7324664306004557,673.4100680487916,946.3483252110871,0
23.9808027468982,0.7319453550791272,673.4100680487916,946.4775519403764,0
24.405769237126155,0.7335167875568344,673.541382694272,946.0878366859051,0
24.405769237126155,0.7308949981227485,673.541382694272,946.7380404655584,0
24.405769237126155,0.7303487919906473,673.541382694272,946.8734995863194,0
24.830735727354107,0.7476755788140346,673.6726973397524,942.5764564541195,0
24.830735727354107,0.7434823569022415,673.6726973397524,943.6163754882441,0
24.830735727354107,0.7387601099902021,673.6726973397524,944.7874927224299,0
25.255908112199418,0.7534399767687309,673.8040756066696,941.1468857613547,0
25.255908112199418,0.7502971118133166,673.8040756066696,941.9263162702975,0
25.687669124800202,0.7555406906814882,673.9374897595633,940.625908710991,0
25.687669124800202,0.7550111528116342,673.9374897595633,940.7572341027147,0
26.106046987272684,0.7534399767687309,674.0667685190673,941.1468857613547,0
26.106046987272684,0.750818187334645,674.0667685190673,941.7970895410081,0
26.106046987272684,0.7476755788140346,674.0667685190673,942.5764564541195,0
26.53780799987347,0.7461041463363274,674.2001826719609,942.9661717085909,0
26.53780799987347,0.7434823569022415,674.2001826719609,943.6163754882441,0
26.53780799987347,0.7424319999458628,674.2001826719609,943.876864013426,0
26.962774490101424,0.7413816429894842,674.3314973174413,944.137352538608,0
26.962774490101424,0.7403312860331055,674.3314973174413,944.3978410637899,0
27.387946874946735,0.74400343242357,674.4628755843585,943.4871487589546,0
27.387946874946735,0.7424319999458628,674.4628755843585,943.876864013426,0
27.387946874946735,0.7408608239029595,674.4628755843585,944.266515672066,0
27.812913365174687,0.7450537893799487,674.594190229839,943.2266602337727,0
28.244674377775475,0.7461041463363274,674.7276043827326,942.9661717085909,0
28.244674377775475,0.7455748649012772,674.7276043827326,943.0974335044833,0
28.244674377775475,0.7434823569022415,674.7276043827326,943.6163754882441,0
28.669640868003427,0.7398104669465808,674.858919028213,944.527004197248,0
28.669640868003427,0.7371886775124951,674.858919028213,945.1772079769013,0
28.669640868003427,0.7366593960774448,674.858919028213,945.3084697727937,0
29.094813252848738,0.7361383205561164,674.9902972951303,945.4376965020832,0
29.094813252848738,0.734567144513213,674.9902972951303,945.8273481607232,0
29.094813252848738,0.7324664306004557,674.9902972951303,946.3483252110871,0
29.519779743076693,0.7356175014695917,675.1216119406107,945.5668596355413,0
29.519779743076693,0.7324664306004557,675.1216119406107,946.3483252110871,0
29.519779743076693,0.731416073644077,675.1216119406107,946.608813736269,0
29.944952127922008,0.7424319999458628,675.2529902075279,943.876864013426,0
29.944952127922008,0.7403312860331055,675.2529902075279,944.3978410637899,0
30.369918618149956,0.7424319999458628,675.3843048530083,943.876864013426,0
30.369918618149956,0.7403312860331055,675.3843048530083,944.3978410637899,0
30.369918618149956,0.7398104669465808,675.3843048530083,944.527004197248,0
30.808474153123576,0.7429530754671914,675.5198185133152,943.7476372841365,0
30.808474153123576,0.7413816429894842,675.5198185133152,944.137352538608,0
30.808474153123576,0.7403312860331055,675.5198185133152,944.3978410637899,0
31.226852015596055,0.7550111528116342,675.6490972728192,940.7572341027147,0
31.226852015596055,0.750818187334645,675.6490972728192,941.7970895410081,0
31.226852015596055,0.7461041463363274,675.6490972728192,942.9661717085909,0
31.658613028196843,0.762876264679088,675.7825114257128,938.8066863595863,0
31.658613028196843,0.7618259077227092,675.7825114257128,939.0671748847681,0
31.658613028196843,0.7592041182886234,675.7825114257128,939.7173786644214,0
32.07678499605196,0.7613048322013808,675.91172656378,939.1964016140575,0
32.07678499605196,0.7597336561584774,675.91172656378,939.5860532726977,0
32.52213505339841,0.7581622236807702,676.0493397315001,939.975768527169,0
32.52213505339841,0.7571118667243916,676.0493397315001,940.2362570523509,0
32.94710154362637,0.7581622236807702,676.1806543769806,939.975768527169,0
32.94710154362637,0.7565910476378669,676.1806543769806,940.3654201858091,0
32.94710154362637,0.753969258203781,676.1806543769806,941.0156239654623,0
33.37227392847168,0.7502971118133166,676.3120326438977,941.9263162702975,0
33.37227392847168,0.7476755788140346,676.3120326438977,942.5764564541195,0
33.37227392847168,0.7461041463363274,676.3120326438977,942.9661717085909,0
33.79724041869963,0.7487259357704132,676.4433472893782,942.3159679289375,0
33.79724041869963,0.7455748649012772,676.4433472893782,943.0974335044833,0
33.79724041869963,0.7445245079448986,676.4433472893782,943.3579220296651,0
34.22900143130041,0.7571118667243916,676.5767614422718,940.2362570523509,0
34.22900143130041,0.7534399767687309,676.5767614422718,941.1468857613547,0
34.65417381614572,0.7571118667243916,676.708139709189,940.2362570523509,0
34.65417381614572,0.7544903337251095,676.708139709189,940.8863972361728,0
34.65417381614572,0.7518685442910237,676.708139709189,941.5366010158261,0
35.07914030637368,0.7518685442910237,676.8394543546694,941.5366010158261,0
35.07914030637368,0.7513392628559735,676.8394543546694,941.6678628117186,0
35.07914030637368,0.750818187334645,676.8394543546694,941.7970895410081,0
35.50410679660163,0.7497762927267919,676.9707690001499,942.0554794037556,0
35.50410679660163,0.7471460409441806,676.9707690001499,942.7077818458432,0
35.50410679660163,0.7466252218576559,676.9707690001499,942.8369449793014,0
35.92927918144695,0.7487259357704132,677.102147267067,942.3159679289375,0
36.354245671674896,0.7455748649012772,677.2334619125476,943.0974335044833,0
36.354245671674896,0.7408608239029595,677.2334619125476,944.266515672066,0
36.354245671674896,0.7377097530338235,677.2334619125476,945.0479812476118,0
36.779418056520214,0.7523896198123522,677.3648401794647,941.4073742865367,0
36.779418056520214,0.7455748649012772,677.3648401794647,943.0974335044833,0
36.779418056520214,0.7398104669465808,677.3648401794647,944.527004197248,0
37.211179069120995,0.7576329422457201,677.4982543323583,940.1070303230614,0
37.211179069120995,0.7560615097680129,677.4982543323583,940.4967455775328,0
37.636145559348954,0.7602544752450021,677.6295689778389,939.4568901392395,0
37.636145559348954,0.7581622236807702,677.6295689778389,939.975768527169,0
38.061317944194265,0.7592041182886234,677.760947244756,939.7173786644214,0
38.061317944194265,0.7544903337251095,677.760947244756,940.8863972361728,0
38.061317944194265,0.7466252218576559,677.760947244756,942.8369449793014,0
38.48628443442222,0.7392893914252524,677.8922618902365,944.6562309265374,0
38.48628443442222,0.7356175014695917,677.8922618902365,945.5668596355413,0
38.48628443442222,0.7329957120355058,677.8922618902365,946.2170634151946,0
38.918045447023,0.7387601099902021,678.02567604313,944.7874927224299,0
38.918045447023,0.7335167875568344,678.02567604313,946.0878366859051,0
38.918045447023,0.7324664306004557,678.02567604313,946.3483252110871,0
39.34301193725096,0.7492467548569379,678.1569906886106,942.1868047954794,0
39.34301193725096,0.7424319999458628,678.1569906886106,943.876864013426,0
39.76818432209627,0.7618259077227092,678.2883689555277,939.0671748847681,0
39.76818432209627,0.7607840131148561,678.2883689555277,939.3255647475157,0
39.76818432209627,0.7555406906814882,678.2883689555277,940.625908710991,0
40.19315081232422,0.7607840131148561,678.4196836010082,939.3255647475157,0
40.19315081232422,0.7592041182886234,678.4196836010082,939.7173786644214,0
40.19315081232422,0.7576329422457201,678.4196836010082,940.1070303230614,0
40.624911824925,0.7571118667243916,678.5530977539019,940.2362570523509,0
40.624911824925,0.7555406906814882,678.5530977539019,940.625908710991,0
41.04328968739749,0.7555406906814882,678.6823765134058,940.625908710991,0
41.04328968739749,0.7550111528116342,678.6823765134058,940.7572341027147,0
41.04328968739749,0.7544903337251095,678.6823765134058,940.8863972361728,0
41.47505069999828,0.7529189012474024,678.8157906662994,941.2761124906442,0
41.47505069999828,0.7502971118133166,678.8157906662994,941.9263162702975,0
41.47505069999828,0.7471460409441806,678.8157906662994,942.7077818458432,0
41.90022308484358,0.7450537893799487,678.9471689332166,943.2266602337727,0
41.90022308484358,0.74400343242357,678.9471689332166,943.4871487589546,0
41.90022308484358,0.7429530754671914,678.9471689332166,943.7476372841365,0
42.33198409744437,0.7581622236807702,679.0805830861103,939.975768527169,0
42.33198409744437,0.7534399767687309,679.0805830861103,941.1468857613547,0
42.33198409744437,0.7487259357704132,679.0805830861103,942.3159679289375,0
42.75015606529949,0.762876264679088,679.2097982241776,938.8066863595863,0
42.75015606529949,0.7613048322013808,679.2097982241776,939.1964016140575,0
43.18191707790027,0.762876264679088,679.3432123770712,938.8066863595863,0
43.18191707790027,0.7613048322013808,679.3432123770712,939.1964016140575,0
43.18191707790027,0.7607840131148561,679.3432123770712,939.3255647475157,0
43.600294940372756,0.7607840131148561,679.4724911365752,939.3255647475157,0
43.600294940372756,0.7602544752450021,679.4724911365752,939.4568901392395,0
43.600294940372756,0.7576329422457201,679.4724911365752,940.1070303230614,0
44.03885047534637,0.7560615097680129,679.608004796882,940.4967455775328,0
44.03885047534637,0.7550111528116342,679.608004796882,940.7572341027147,0
44.45722833781885,0.7550111528116342,679.737283556386,940.7572341027147,0
44.45722833781885,0.7544903337251095,679.737283556386,940.8863972361728,0
44.888989350419635,0.7571118667243916,679.8706977092796,940.2362570523509,0
44.888989350419635,0.7550111528116342,679.8706977092796,940.7572341027147,0
44.888989350419635,0.7544903337251095,679.8706977092796,940.8863972361728,0
45.31395584064759,0.7665484110695524,680.00201235476,937.895994054751,0
45.31395584064759,0.7644559030705168,680.00201235476,938.4149360385119,0
45.31395584064759,0.7607840131148561,680.00201235476,939.3255647475157,0
45.739128225492905,0.7670692301560771,680.1333906216773,937.7668309212929,0
45.739128225492905,0.7665484110695524,680.1333906216773,937.895994054751,0
46.16409471572086,0.7644559030705168,680.2647052671578,938.4149360385119,0
46.16409471572086,0.7607840131148561,680.2647052671578,939.3255647475157,0
46.16409471572086,0.7571118667243916,680.2647052671578,940.2362570523509,0
46.595855728321645,0.7544903337251095,680.3981194200513,940.8863972361728,0
46.595855728321645,0.7523896198123522,680.3981194200513,941.4073742865367,0
46.595855728321645,0.7518685442910237,680.3981194200513,941.5366010158261,0
47.0208222185496,0.7571118667243916,680.5294340655319,940.2362570523509,0
47.0208222185496,0.7534399767687309,680.5294340655319,941.1468857613547,0
47.44599460339491,0.7744132665022023,680.660812332449,935.9455099074538,0
47.44599460339491,0.7691699440688344,680.660812332449,937.2458538709291,0
47.44599460339491,0.7623551891577595,680.660812332449,938.9359130888756,0
47.87096109362286,0.7765057745012379,680.7921269779295,935.426567923693,0
47.87096109362286,0.7759846989799095,680.7921269779295,935.5557946529825,0
48.29613347846817,0.7759846989799095,680.9235052448466,935.5557946529825,0
48.29613347846817,0.775463623458581,680.9235052448466,935.6850213822719,0
48.29613347846817,0.7733629095458237,680.9235052448466,936.2059984326357,0
48.72109996869613,0.7707413765465416,681.054819890327,936.8561386164577,0
48.72109996869613,0.7691699440688344,681.054819890327,937.2458538709291,0
49.15286098129691,0.7665484110695524,681.1882340432207,937.895994054751,0
49.15286098129691,0.7660188731996984,681.1882340432207,938.0273194464748,0
49.15286098129691,0.7623551891577595,681.1882340432207,938.9359130888756,0
49.57803336614223,0.7565910476378669,681.3196123101379,940.3654201858091,0
49.57803336614223,0.7513392628559735,681.3196123101379,941.6678628117186,0
49.57803336614223,0.7476755788140346,681.3196123101379,942.5764564541195,0
50.00299985637018,0.7523896198123522,681.4509269556183,941.4073742865367,0
50.00299985637018,0.7497762927267919,681.4509269556183,942.0554794037556,0
50.00299985637018,0.7476755788140346,681.4509269556183,942.5764564541195,0
50.42796634659813,0.7586832992020988,681.5822416010988,939.8465417978795,0
50.42796634659813,0.7550111528116342,681.5822416010988,940.7572341027147,0
50.853138731443444,0.7660188731996984,681.713619868016,938.0273194464748,0
50.853138731443444,0.7644559030705168,681.713619868016,938.4149360385119,0
50.853138731443444,0.7607840131148561,681.713619868016,939.3255647475157,0
51.28489974404423,0.7660188731996984,681.8470340209096,938.0273194464748,0
51.28489974404423,0.7639266216354667,681.8470340209096,938.5461978344043,0
51.28489974404423,0.7618259077227092,681.8470340209096,939.0671748847681,0
51.709866234272184,0.7581622236807702,681.97834866639,939.975768527169,0
51.709866234272184,0.7560615097680129,681.97834866639,940.4967455775328,0
52.135038619117495,0.7544903337251095,682.1097269333073,940.8863972361728,0
52.135038619117495,0.7534399767687309,682.1097269333073,941.1468857613547,0
52.135038619117495,0.7529189012474024,682.1097269333073,941.2761124906442,0
52.56000510934545,0.753969258203781,682.2410415787878,941.0156239654623,0
52.56000510934545,0.7518685442910237,682.2410415787878,941.5366010158261,0
52.56000510934545,0.7513392628559735,682.2410415787878,941.6678628117186,0
52.984971599573406,0.7613048322013808,682.3723562242682,939.1964016140575,0
52.984971599573406,0.7607840131148561,682.3723562242682,939.3255647475157,0
52.984971599573406,0.7586832992020988,682.3723562242682,939.8465417978795,0
53.41014398441872,0.7602544752450021,682.5037344911854,939.4568901392395,0
53.41014398441872,0.7597336561584774,682.5037344911854,939.5860532726977,0
53.8419049970195,0.7749343420235308,682.637148644079,935.8162831781643,0
53.8419049970195,0.7702203010252131,682.637148644079,936.9853653457471,0
53.8419049970195,0.7639266216354667,682.637148644079,938.5461978344043,0
54.26687148724745,0.7791357698490455,682.7684632895595,934.7743290774367,0
54.26687148724745,0.7786064884139953,682.7684632895595,934.9055908733292,0
54.26687148724745,0.7780854128926669,682.7684632895595,935.0348176026187,0
54.69863249984824,0.7796568453703739,682.901877442453,934.6451023481472,0
54.69863249984824,0.7780854128926669,682.901877442453,935.0348176026187,0
54.69863249984824,0.7749343420235308,682.901877442453,935.8162831781643,0
55.11701036232072,0.7702203010252131,683.0311562019571,936.9853653457471,0
55.11701036232072,0.7660188731996984,683.0311562019571,938.0273194464748,0
55.54877137492151,0.7675987680259311,683.1645703548508,937.6355055295691,0
55.54877137492151,0.7654980541131737,683.1645703548508,938.1564825799329,0
55.54877137492151,0.7644559030705168,683.1645703548508,938.4149360385119,0
55.96714923739399,0.7681195871124558,683.2938491143548,937.506342396111,0
55.96714923739399,0.7675987680259311,683.2938491143548,937.6355055295691,0
55.96714923739399,0.7660188731996984,683.2938491143548,938.0273194464748,0
56.4057047723676,0.7634055461141381,683.4293627746615,938.6754245636938,0
56.4057047723676,0.7597336561584774,683.4293627746615,939.5860532726977,0
56.82387674022272,0.7560615097680129,683.5585779127288,940.4967455775328,0
56.82387674022272,0.753969258203781,683.5585779127288,941.0156239654623,0
56.82387674022272,0.7523896198123522,683.5585779127288,941.4073742865367,0
57.25563775282351,0.7518685442910237,683.6919920656225,941.5366010158261,0
57.25563775282351,0.750818187334645,683.6919920656225,941.7970895410081,0
57.25563775282351,0.7502971118133166,683.6919920656225,941.9263162702975,0
57.68081013766882,0.7555406906814882,683.8233703325396,940.625908710991,0
57.68081013766882,0.7544903337251095,683.8233703325396,940.8863972361728,0
57.68081013766882,0.7529189012474024,683.8233703325396,941.2761124906442,0
58.10577662789677,0.7586832992020988,683.95468497802,939.8465417978795,0
58.10577662789677,0.7576329422457201,683.95468497802,940.1070303230614,0
58.530949012742084,0.762876264679088,684.0860632449372,938.8066863595863,0
58.530949012742084,0.7607840131148561,684.0860632449372,939.3255647475157,0
58.530949012742084,0.7597336561584774,684.0860632449372,939.5860532726977,0
58.96271002534287,0.7675987680259311,684.2194773978309,937.6355055295691,0
58.96271002534287,0.7654980541131737,684.2194773978309,938.1564825799329,0
59.387676515570824,0.7644559030705168,684.3507920433113,938.4149360385119,0
59.387676515570824,0.7607840131148561,684.3507920433113,939.3255647475157,0
59.81284890041614,0.7576329422457201,684.4821703102285,940.1070303230614,0
59.81284890041614,0.753969258203781,684.4821703102285,941.0156239654623,0
59.81284890041614,0.7497762927267919,684.4821703102285,942.0554794037556,0
60.237815390644094,0.7445245079448986,684.613484955709,943.3579220296651,0
60.237815390644094,0.7424319999458628,684.613484955709,943.876864013426,0
60.237815390644094,0.7413816429894842,684.613484955709,944.137352538608,0
60.662781880872046,0.7518685442910237,684.7447996011895,941.5366010158261,0
60.662781880872046,0.7461041463363274,684.7447996011895,942.9661717085909,0
61.08795426571736,0.7660188731996984,684.8761778681067,938.0273194464748,0
61.08795426571736,0.7618259077227092,684.8761778681067,939.0671748847681,0
61.08795426571736,0.7571118667243916,684.8761778681067,940.2362570523509,0
61.519715278318145,0.769691019590163,685.0095920210002,937.1166271416396,0
61.519715278318145,0.7691699440688344,685.0095920210002,937.2458538709291,0
61.519715278318145,0.7681195871124558,685.0095920210002,937.506342396111,0
61.9446817685461,0.7649769785918453,685.1409066664808,938.2857093092224,0
61.9446817685461,0.7618259077227092,685.1409066664808,939.0671748847681,0
61.9446817685461,0.7597336561584774,685.1409066664808,939.5860532726977,0
62.36985415339141,0.7555406906814882,685.2722849333979,940.625908710991,0
62.36985415339141,0.7502971118133166,685.2722849333979,941.9263162702975,0
62.79482064361937,0.7471460409441806,685.4035995788784,942.7077818458432,0
62.79482064361937,0.7461041463363274,685.4035995788784,942.9661717085909,0
62.79482064361937,0.7455748649012772,685.4035995788784,943.0974335044833,0
63.21978713384732,0.7592041182886234,685.5349142243588,939.7173786644214,0
63.21978713384732,0.7529189012474024,685.5349142243588,941.2761124906442,0
63.21978713384732,0.7497762927267919,685.5349142243588,942.0554794037556,0
63.65175404106546,0.7780854128926669,685.6683919986892,935.0348176026187,0
63.65175404106546,0.7733629095458237,685.6683919986892,936.2059984326357,0
63.65175404106546,0.7660188731996984,685.6683919986892,938.0273194464748,0
64.07672053129342,0.7812280214132773,685.7997066441696,934.2554506895073,0
64.07672053129342,0.7807072023267526,685.7997066441696,934.3846138229653,0
64.50168702152138,0.7801776644568986,685.9310212896501,934.5159392146892,0
64.50168702152138,0.7775561314576166,685.9310212896501,935.1660793985111,0
64.50168702152138,0.7717917335029203,685.9310212896501,936.5956500912757,0
64.92685940636667,0.7649769785918453,686.0623995565672,938.2857093092224,0
64.92685940636667,0.7576329422457201,686.0623995565672,940.1070303230614,0
64.92685940636667,0.753969258203781,686.0623995565672,941.0156239654623,0
65.35182589659463,0.7529189012474024,686.1937142020478,941.2761124906442,0
65.35182589659463,0.7523896198123522,686.1937142020478,941.4073742865367,0
65.77679238682259,0.7613048322013808,686.3250288475282,939.1964016140575,0
65.77679238682259,0.7565910476378669,686.3250288475282,940.3654201858091,0
65.77679238682259,0.7544903337251095,686.3250288475282,940.8863972361728,0
66.20875929404073,0.775463623458581,686.4585066218585,935.6850213822719,0
66.20875929404073,0.7744132665022023,686.4585066218585,935.9455099074538,0
66.20875929404073,0.7686491249823098,686.4585066218585,937.3750170043871,0
66.63372578426868,0.7717917335029203,686.589821267339,936.5956500912757,0
66.63372578426868,0.7654980541131737,686.589821267339,938.1564825799329,0
67.06548679686946,0.7592041182886234,686.7232354202326,939.7173786644214,0
67.06548679686946,0.7550111528116342,686.7232354202326,940.7572341027147,0
67.06548679686946,0.7529189012474024,686.7232354202326,941.2761124906442,0
67.48386465934195,0.7529189012474024,686.8525141797367,941.2761124906442,0
67.48386465934195,0.7523896198123522,686.8525141797367,941.4073742865367,0
67.91562567194273,0.7654980541131737,686.9859283326302,938.1564825799329,0
67.91562567194273,0.7602544752450021,686.9859283326302,939.4568901392395,0
67.91562567194273,0.7555406906814882,686.9859283326302,940.625908710991,0
68.33400353441522,0.7675987680259311,687.1152070921343,937.6355055295691,0
68.77235317477147,0.769691019590163,687.2506571310043,937.1166271416396,0
68.77235317477147,0.7675987680259311,687.2506571310043,937.6355055295691,0
69.19073103724395,0.7759846989799095,687.3799358905084,935.5557946529825,0
69.19073103724395,0.775463623458581,687.3799358905084,935.6850213822719,0
69.19073103724395,0.7733629095458237,687.3799358905084,936.2059984326357,0
69.62249204984474,0.7738839850671522,687.513350043402,936.0767717033463,0
69.62249204984474,0.769691019590163,687.513350043402,937.1166271416396,0
70.04766443469005,0.7654980541131737,687.6447283103192,938.1564825799329,0
70.04766443469005,0.7613048322013808,687.6447283103192,939.1964016140575,0
70.04766443469005,0.7550111528116342,687.6447283103192,940.7572341027147,0
70.472630924918,0.7487259357704132,687.7760429557997,942.3159679289375,0
70.472630924918,0.7413816429894842,687.7760429557997,944.137352538608,0
70.472630924918,0.7356175014695917,687.7760429557997,945.5668596355413,0
70.89759741514595,0.7419111808593382,687.9073576012801,944.0060271468841,0
70.89759741514595,0.7361383205561164,687.9073576012801,945.4376965020832,0
71.3295643223641,0.7644559030705168,688.0408353756105,938.4149360385119,0
71.3295643223641,0.7597336561584774,688.0408353756105,939.5860532726977,0
71.3295643223641,0.7513392628559735,688.0408353756105,941.6678628117186,0
71.75453081259207,0.7749343420235308,688.1721500210909,935.8162831781643,0
71.75453081259207,0.7712706579815918,688.1721500210909,936.7248768205652,0
71.75453081259207,0.7675987680259311,688.1721500210909,937.6355055295691,0
72.17949730282001,0.7765057745012379,688.3034646665714,935.426567923693,0
72.17949730282001,0.7744132665022023,688.3034646665714,935.9455099074538,0
72.17949730282001,0.7686491249823098,688.3034646665714,937.3750170043871,0
72.60466968766532,0.7634055461141381,688.4348429334885,938.6754245636938,0
72.60466968766532,0.7597336561584774,688.4348429334885,939.5860532726977,0
73.02963617789328,0.7576329422457201,688.566157578969,940.1070303230614,0
73.02963617789328,0.7550111528116342,688.566157578969,940.7572341027147,0
73.02963617789328,0.7523896198123522,688.566157578969,941.4073742865367,0
73.45460266812124,0.7492467548569379,688.6974722244495,942.1868047954794,0
73.45460266812124,0.7487259357704132,688.6974722244495,942.3159679289375,0
73.45460266812124,0.7476755788140346,688.6974722244495,942.5764564541195,0
73.88656957533938,0.7586832992020988,688.8309499987798,939.8465417978795,0
73.88656957533938,0.7555406906814882,688.8309499987798,940.625908710991,0
73.88656957533938,0.7523896198123522,688.8309499987798,941.4073742865367,0
74.31153606556732,0.7670692301560771,688.9622646442602,937.7668309212929,0
74.31153606556732,0.7634055461141381,688.9622646442602,938.6754245636938,0
74.73650255579528,0.7702203010252131,689.0935792897408,936.9853653457471,0
74.73650255579528,0.7691699440688344,689.0935792897408,937.2458538709291,0
75.1616749406406,0.7686491249823098,689.224957556658,937.3750170043871,0
75.1616749406406,0.7665484110695524,689.224957556658,937.895994054751,0
75.1616749406406,0.7644559030705168,689.224957556658,938.4149360385119,0
75.58664143086854,0.7670692301560771,689.3562722021384,937.7668309212929,0
75.58664143086854,0.7649769785918453,689.3562722021384,938.2857093092224,0
76.01840244346933,0.7786064884139953,689.489686355032,934.9055908733292,0
76.01840244346933,0.7744132665022023,689.489686355032,935.9455099074538,0
76.01840244346933,0.7702203010252131,689.489686355032,936.9853653457471,0
76.44357482831464,0.782278378369656,689.6210646219492,933.9949621643253,0
76.44357482831464,0.7812280214132773,689.6210646219492,934.2554506895073,0
76.44357482831464,0.7801776644568986,689.6210646219492,934.5159392146892,0
76.8685413185426,0.775463623458581,689.7523792674297,935.6850213822719,0
76.8685413185426,0.7681195871124558,689.7523792674297,937.506342396111,0
76.8685413185426,0.7613048322013808,689.7523792674297,939.1964016140575,0
77.29350780877054,0.7560615097680129,689.8836939129101,940.4967455775328,0
77.29350780877054,0.7544903337251095,689.8836939129101,940.8863972361728,0
77.71868019361585,0.7586832992020988,690.0150721798273,939.8465417978795,0
77.71868019361585,0.7565910476378669,690.0150721798273,940.3654201858091,0
77.71868019361585,0.7544903337251095,690.0150721798273,940.8863972361728,0
78.14364668384381,0.7613048322013808,690.1463868253077,939.1964016140575,0
78.14364668384381,0.7607840131148561,690.1463868253077,939.3255647475157,0
78.5754076964446,0.7607840131148561,690.2798009782014,939.3255647475157,0
78.5754076964446,0.7586832992020988,690.2798009782014,939.8465417978795,0
78.5754076964446,0.7550111528116342,690.2798009782014,940.7572341027147,0
79.00058008128991,0.7560615097680129,690.4111792451185,940.4967455775328,0
79.00058008128991,0.7529189012474024,690.4111792451185,941.2761124906442,0
79.43234109389068,0.7686491249823098,690.5445933980122,937.3750170043871,0
79.43234109389068,0.7654980541131737,690.5445933980122,938.1564825799329,0
79.43234109389068,0.7607840131148561,690.5445933980122,939.3255647475157,0
79.85071895636318,0.7707413765465416,690.6738721575163,936.8561386164577,0
80.28247996896397,0.7712706579815918,690.8072863104098,936.7248768205652,0
80.28247996896397,0.7675987680259311,690.8072863104098,937.6355055295691,0
80.28247996896397,0.7618259077227092,690.8072863104098,939.0671748847681,0
80.70065193681909,0.7550111528116342,690.9365014484771,940.7572341027147,0
80.70065193681909,0.7513392628559735,690.9365014484771,941.6678628117186,0
80.70065193681909,0.7502971118133166,690.9365014484771,941.9263162702975,0
81.1392074717927,0.7550111528116342,691.072015108784,940.7572341027147,0
81.1392074717927,0.7523896198123522,691.072015108784,941.4073742865367,0
81.55758533426518,0.7618259077227092,691.201293868288,939.0671748847681,0
81.55758533426518,0.7607840131148561,691.201293868288,939.3255647475157,0
81.55758533426518,0.7586832992020988,691.201293868288,939.8465417978795,0
81.98934634686597,0.762876264679088,691.3347080211815,938.8066863595863,0
81.98934634686597,0.7613048322013808,691.3347080211815,939.1964016140575,0
81.98934634686597,0.7586832992020988,691.3347080211815,939.8465417978795,0
82.41431283709393,0.7571118667243916,691.466022666662,940.2362570523509,0
82.83948522193924,0.7592041182886234,691.5974009335793,939.7173786644214,0
82.83948522193924,0.7576329422457201,691.5974009335793,940.1070303230614,0
83.26445171216719,0.7686491249823098,691.7287155790597,937.3750170043871,0
83.26445171216719,0.7654980541131737,691.7287155790597,938.1564825799329,0
83.26445171216719,0.7623551891577595,691.7287155790597,938.9359130888756,0
83.69621272476797,0.772312552589445,691.8621297319532,936.4664869578177,0
83.69621272476797,0.7712706579815918,691.8621297319532,936.7248768205652,0
83.69621272476797,0.7702203010252131,691.8621297319532,936.9853653457471,0
84.12138510961329,0.7686491249823098,691.9935079988704,937.3750170043871,0
84.12138510961329,0.7670692301560771,691.9935079988704,937.7668309212929,0
84.54635159984124,0.7670692301560771,692.124822644351,937.7668309212929,0
84.54635159984124,0.7649769785918453,692.124822644351,938.2857093092224,0
84.54635159984124,0.7602544752450021,692.124822644351,939.4568901392395,0
84.97131809006919,0.7560615097680129,692.2561372898314,940.4967455775328,0
84.97131809006919,0.7555406906814882,692.2561372898314,940.625908710991,0
84.97131809006919,0.753969258203781,692.2561372898314,941.0156239654623,0
85.3964904749145,0.7644559030705168,692.3875155567486,938.4149360385119,0
85.3964904749145,0.7592041182886234,692.3875155567486,939.7173786644214,0
85.82825148751529,0.7733629095458237,692.5209297096422,936.2059984326357,0
85.82825148751529,0.7702203010252131,692.5209297096422,936.9853653457471,0
85.82825148751529,0.7675987680259311,692.5209297096422,937.6355055295691,0
86.25321797774325,0.7812280214132773,692.6522443551227,934.2554506895073,0
86.25321797774325,0.7801776644568986,692.6522443551227,934.5159392146892,0
86.25321797774325,0.7775561314576166,692.6522443551227,935.1660793985111,0
86.67839036258854,0.7759846989799095,692.7836226220398,935.5557946529825,0
86.67839036258854,0.769691019590163,692.7836226220398,937.1166271416396,0
86.67839036258854,0.7644559030705168,692.7836226220398,938.4149360385119,0
87.1033568528165,0.7613048322013808,692.9149372675203,939.1964016140575,0
87.1033568528165,0.7586832992020988,692.9149372675203,939.8465417978795,0
87.52832334304446,0.7565910476378669,693.0462519130007,940.3654201858091,0
87.52832334304446,0.7544903337251095,693.0462519130007,940.8863972361728,0
87.52832334304446,0.7523896198123522,693.0462519130007,941.4073742865367,0
87.95349572788977,0.7513392628559735,693.177630179918,941.6678628117186,0
87.95349572788977,0.7502971118133166,693.177630179918,941.9263162702975,0
88.38525674049055,0.7544903337251095,693.3110443328115,940.8863972361728,0
88.38525674049055,0.7534399767687309,693.3110443328115,941.1468857613547,0
88.8102232307185,0.7602544752450021,693.442358978292,939.4568901392395,0
88.8102232307185,0.7576329422457201,693.442358978292,940.1070303230614,0
88.8102232307185,0.7560615097680129,693.442358978292,940.4967455775328,0
89.23539561556383,0.7759846989799095,693.5737372452091,935.5557946529825,0
89.23539561556383,0.7707413765465416,693.5737372452091,936.8561386164577,0
89.23539561556383,0.7644559030705168,693.5737372452091,938.4149360385119,0
89.66036210579178,0.7786064884139953,693.7050518906897,934.9055908733292,0
89.66036210579178,0.7775561314576166,693.7050518906897,935.1660793985111,0
90.0855344906371,0.782278378369656,693.8364301576069,933.9949621643253,0
90.0855344906371,0.7807072023267526,693.8364301576069,934.3846138229653,0
90.0855344906371,0.7786064884139953,693.8364301576069,934.9055908733292,0
90.51050098086505,0.7817490969346058,693.9677448030873,934.1262239602178,0
90.51050098086505,0.7775561314576166,693.9677448030873,935.1660793985111,0
90.51050098086505,0.7686491249823098,693.9677448030873,937.3750170043871,0
90.94226199346583,0.7597336561584774,694.101158955981,939.5860532726977,0
90.94226199346583,0.7529189012474024,694.101158955981,941.2761124906442,0
90.94226199346583,0.7487259357704132,694.101158955981,942.3159679289375,0
91.36743437831115,0.7455748649012772,694.2325372228981,943.0974335044833,0
91.36743437831115,0.7434823569022415,694.2325372228981,943.6163754882441,0
91.79919539091193,0.7560615097680129,694.3659513757917,940.4967455775328,0
91.79919539091193,0.7476755788140346,694.3659513757917,942.5764564541195,0
91.79919539091193,0.74400343242357,694.3659513757917,943.4871487589546,0
92.21736735876705,0.772312552589445,694.495166513859,936.4664869578177,0
92.21736735876705,0.7712706579815918,694.495166513859,936.7248768205652,0
92.21736735876705,0.7644559030705168,694.495166513859,938.4149360385119,0
92.64912837136784,0.7691699440688344,694.6285806667527,937.2458538709291,0
92.64912837136784,0.7649769785918453,694.6285806667527,938.2857093092224,0
93.06750623384032,0.7623551891577595,694.7578594262567,938.9359130888756,0
93.06750623384032,0.7618259077227092,694.7578594262567,939.0671748847681,0
93.06750623384032,0.7613048322013808,694.7578594262567,939.1964016140575,0
93.50606176881394,0.769691019590163,694.8933730865634,937.1166271416396,0
93.50606176881394,0.7665484110695524,694.8933730865634,937.895994054751,0
93.50606176881394,0.7634055461141381,694.8933730865634,938.6754245636938,0
93.9244396312864,0.7717917335029203,695.0226518460674,936.5956500912757,0
93.92629268284264,0.7723138347634639,695.0232244389983,936.4661689786609,0
93.92629268284264,0.7717927592421355,695.0232244389983,936.5953957079504,0
94.35125917307059,0.7696920453293782,695.1545390844788,937.1163727583142,0
94.35125917307059,0.764969541982535,695.1545390844788,938.2875535883313,0
94.35125917307059,0.7607765765055458,695.1545390844788,939.3274090266247,0
94.78322608028873,0.7586758625927884,695.2880168588092,939.8483860769885,0
94.78322608028873,0.7576339679849353,695.2880168588092,940.106775939736,0
94.78322608028873,0.7571128924636068,695.2880168588092,940.2360026690255,0
95.20139804814386,0.7675913314166208,695.4172319968765,937.6373498086781,0
95.20139804814386,0.762348008983253,695.4172319968765,938.9376937721532,0
95.63315906074465,0.7744145486762213,695.55064614977,935.9451919282972,0
95.63315906074465,0.7723138347634639,695.55064614977,936.4661689786609,0
95.63315906074465,0.7717927592421355,695.55064614977,936.5953957079504,0
96.05833144558996,0.768120612851671,695.6820244166872,937.5060880127857,0
96.05833144558996,0.7633983659396316,695.6820244166872,938.6772052469714,0
96.05833144558996,0.7607765765055458,695.6820244166872,939.3274090266247,0
96.49009245819073,0.7592054004626424,695.8154385695809,939.7170606852646,0
96.49009245819073,0.7581550435062637,695.8154385695809,939.9775492104466,0
96.49009245819073,0.7571128924636068,695.8154385695809,940.2360026690255,0
96.90826442604586,0.7639276473746818,695.9446537076482,938.5459434510789,0
96.90826442604586,0.7592054004626424,695.9446537076482,939.7170606852646,0
97.340231333264,0.7733641917198426,696.0781314819785,936.205680453479,0
97.340231333264,0.7707424022857569,696.0781314819785,936.8558842331323,0
97.75840330111912,0.7607765765055458,696.2073466200458,939.3274090266247,0
97.75840330111912,0.7497688561174816,696.2073466200458,942.0573236828645,0
97.75840330111912,0.7419037442500279,696.2073466200458,944.0078714259931,0
98.1901643137199,0.7382318542943672,696.3407607729395,944.918500134997,0
98.1901643137199,0.7356100648602814,696.3407607729395,945.5687039146502,0
98.61533669856523,0.7466262475968711,696.4721390398566,942.8366905959759,0
98.61533669856523,0.7387611357294174,696.4721390398566,944.7872383391045,0
98.61533669856523,0.7350889893389528,696.4721390398566,945.6979306439397,0
99.04709771116602,0.7717927592421355,696.6055531927502,936.5953957079504,0
99.04709771116602,0.7665409744602422,696.6055531927502,937.8978383338599,0
99.04709771116602,0.7576339679849353,696.6055531927502,940.106775939736,0
99.47206420139398,0.7728431161985142,696.7368678382308,936.3349071827685,0
99.89723658623927,0.7717927592421355,696.8682461051479,936.5953957079504,0
99.89723658623927,0.7707424022857569,696.8682461051479,936.8558842331323,0
99.89723658623927,0.7670702558952923,696.8682461051479,937.7665765379675,0
100.32220307646723,0.7613061143753997,696.9995607506283,939.1960836349009,0
100.32220307646723,0.7565836110285566,696.9995607506283,940.367264464918,0
100.32220307646723,0.7550121785508495,696.9995607506283,940.7569797193894,0
100.75396408906802,0.7544828971157993,697.132974903522,940.8882415152818,0
100.75396408906802,0.7539618215944708,697.132974903522,941.0174682445712,0
101.17913647391333,0.7592054004626424,697.2643531704392,939.7170606852646,0
101.17913647391333,0.755533254072178,697.2643531704392,940.6277529900999,0
101.17913647391333,0.7534410025079461,697.2643531704392,941.1466313780294,0
101.60410296414128,0.7675913314166208,697.3956678159196,937.6373498086781,0
101.60410296414128,0.7644487228960103,697.3956678159196,938.4167167217895,0
102.02906945436924,0.7639276473746818,697.5269824614,938.5459434510789,0
102.02906945436924,0.7592054004626424,697.5269824614,939.7170606852646,0
102.02906945436924,0.7565836110285566,697.5269824614,940.367264464918,0
102.47441951171568,0.7565836110285566,697.6645956291201,940.367264464918,0
102.47441951171568,0.755533254072178,697.6645956291201,940.6277529900999,0
102.89938600194364,0.7586758625927884,697.7959102746006,939.8483860769885,0
102.89938600194364,0.7565836110285566,697.7959102746006,940.367264464918,0
102.89938600194364,0.7560625355072281,697.7959102746006,940.4964911942075,0
103.33135290916178,0.765499079852389,697.929388048931,938.1562281966076,0
103.33135290916178,0.764969541982535,697.929388048931,938.2875535883313,0
103.33135290916178,0.7618269334619244,697.929388048931,939.0669205014427,0
103.7495248770169,0.7639276473746818,698.0586031869982,938.5459434510789,0
103.7495248770169,0.7607765765055458,698.0586031869982,939.3274090266247,0
104.18128588961768,0.7628772904183031,698.1920173398919,938.8064319762608,0
104.18128588961768,0.7597262195491671,698.1920173398919,939.5878975518066,0
104.18128588961768,0.7592054004626424,698.1920173398919,939.7170606852646,0
104.606458274463,0.7686416883729995,698.3233956068091,937.3768612834962,0
104.606458274463,0.7660198989389136,698.3233956068091,938.0270650631494,0
105.03142476469095,0.7691709698080497,698.4547102522895,937.2455994876037,0
105.03142476469095,0.7686416883729995,698.4547102522895,937.3768612834962,0
105.46318577729173,0.7707424022857569,698.5881244051832,936.8558842331323,0
105.46318577729173,0.7702213267644283,698.5881244051832,936.9851109624218,0
105.46318577729173,0.7686416883729995,698.5881244051832,937.3768612834962,0
105.88156363976421,0.764969541982535,698.7174031646871,938.2875535883313,0
105.88156363976421,0.7633983659396316,698.7174031646871,938.6772052469714,0
106.313324652365,0.764969541982535,698.8508173175808,938.2875535883313,0
106.73170251483748,0.762348008983253,698.9800960770848,938.9376937721532,0
106.73170251483748,0.7607765765055458,698.9800960770848,939.3274090266247,0
106.73170251483748,0.7597262195491671,698.9800960770848,939.5878975518066,0
107.16346352743825,0.7639276473746818,699.1135102299784,938.5459434510789,0
107.16346352743825,0.7633983659396316,699.1135102299784,938.6772052469714,0
107.16346352743825,0.7618269334619244,699.1135102299784,939.0669205014427,0
107.58843001766621,0.7665409744602422,699.2448248754588,937.8978383338599,0
107.58843001766621,0.765499079852389,699.2448248754588,938.1562281966076,0
107.58843001766621,0.7639276473746818,699.2448248754588,938.5459434510789,0
108.020191030267,0.7675913314166208,699.3782390283525,937.6373498086781,0
108.020191030267,0.7660198989389136,699.3782390283525,938.0270650631494,0
108.44536341511233,0.7665409744602422,699.5096172952697,937.8978383338599,0
108.44536341511233,0.765499079852389,699.5096172952697,938.1562281966076,0
108.44536341511233,0.764969541982535,699.5096172952697,938.2875535883313,0
108.87032990534027,0.7660198989389136,699.6409319407501,938.0270650631494,0
108.87032990534027,0.7644487228960103,699.6409319407501,938.4167167217895,0
109.29550229018558,0.762348008983253,699.7723102076674,938.9376937721532,0
109.29550229018558,0.7613061143753997,699.7723102076674,939.1960836349009,0
109.72046878041354,0.7592054004626424,699.9036248531478,939.7170606852646,0
109.72046878041354,0.755533254072178,699.9036248531478,940.6277529900999,0
109.72046878041354,0.7497688561174816,699.9036248531478,942.0573236828645,0
110.1454352706415,0.746096709727017,700.0349394986282,942.9680159876998,0
110.1454352706415,0.7455758906404923,700.0349394986282,943.0971791211579,0
110.1454352706415,0.7445255336841137,700.0349394986282,943.3576676463398,0
110.57719628324227,0.7518611076817134,700.1683536515219,941.5384452949351,0
110.57719628324227,0.7481974236397744,700.1683536515219,942.447038937336,0
111.00236866808758,0.7633983659396316,700.2997319184391,938.6772052469714,0
111.00236866808758,0.7597262195491671,700.2997319184391,939.5878975518066,0
111.00236866808758,0.7560625355072281,700.2997319184391,940.4964911942075,0
111.42733515831554,0.7707424022857569,700.4310465639195,936.8558842331323,0
111.42733515831554,0.7702213267644283,700.4310465639195,936.9851109624218,0
111.42733515831554,0.7675913314166208,700.4310465639195,937.6373498086781,0
111.85250754316085,0.7675913314166208,700.5624248308367,937.6373498086781,0
111.85250754316085,0.7670702558952923,700.5624248308367,937.7665765379675,0
112.28426855576164,0.765499079852389,700.6958389837304,938.1562281966076,0
112.28426855576164,0.762348008983253,700.6958389837304,938.9376937721532,0
112.28426855576164,0.7597262195491671,700.6958389837304,939.5878975518066,0
112.70923504598959,0.7613061143753997,700.8271536292108,939.1960836349009,0
112.70923504598959,0.7602557574190211,700.8271536292108,939.4565721600828,0
112.70923504598959,0.7586758625927884,700.8271536292108,939.8483860769885,0
113.14099605859037,0.764969541982535,700.9605677821044,938.2875535883313,0
113.14099605859037,0.7628772904183031,700.9605677821044,938.8064319762608,0
113.55937392106286,0.7723138347634639,701.0898465416084,936.4661689786609,0
113.55937392106286,0.7691709698080497,701.0898465416084,937.2455994876037,0
113.55937392106286,0.7665409744602422,701.0898465416084,937.8978383338599,0
113.99113493366364,0.7744145486762213,701.2232606945021,935.9451919282972,0
113.99113493366364,0.771271683720807,701.2232606945021,936.7246224372399,0
113.99113493366364,0.7660198989389136,701.2232606945021,938.0270650631494,0
114.40951279613613,0.7586758625927884,701.3525394540061,939.8483860769885,0
114.40951279613613,0.7518611076817134,701.3525394540061,941.5384452949351,0
114.8412738087369,0.7476681422047242,701.4859536068997,942.5783007332284,0
114.8412738087369,0.7466262475968711,701.4859536068997,942.8366905959759,0
114.8412738087369,0.7455758906404923,701.4859536068997,943.0971791211579,0
115.26624029896486,0.7523906455515674,701.6172682523801,941.4071199032113,0
115.26624029896486,0.7502899316388101,701.6172682523801,941.9280969535752,0
115.26624029896486,0.7481974236397744,701.6172682523801,942.447038937336,0
115.69800131156565,0.7613061143753997,701.7506824052738,939.1960836349009,0
115.69800131156565,0.7592054004626424,701.7506824052738,939.7170606852646,0
115.69800131156565,0.7565836110285566,701.7506824052738,940.367264464918,0
116.11637917403813,0.7607765765055458,701.8799611647778,939.3274090266247,0
116.11637917403813,0.7586758625927884,701.8799611647778,939.8483860769885,0
116.5481401866389,0.7581550435062637,702.0133753176714,939.9775492104466,0
116.5481401866389,0.7565836110285566,702.0133753176714,940.367264464918,0
116.5481401866389,0.7560625355072281,702.0133753176714,940.4964911942075,0
116.97310667686686,0.7607765765055458,702.1446899631518,939.3274090266247,0
116.97310667686686,0.7597262195491671,702.1446899631518,939.5878975518066,0
117.39827906171219,0.7607765765055458,702.2760682300691,939.3274090266247,0
117.39827906171219,0.7602557574190211,702.2760682300691,939.4565721600828,0
117.39827906171219,0.7586758625927884,702.2760682300691,939.8483860769885,0
117.83004007431298,0.7581550435062637,702.4094823829627,939.9775492104466,0
117.83004007431298,0.7565836110285566,702.4094823829627,940.367264464918,0
117.83004007431298,0.7560625355072281,702.4094823829627,940.4964911942075,0
118.24841793678544,0.7639276473746818,702.5387611424667,938.5459434510789,0
118.24841793678544,0.7597262195491671,702.5387611424667,939.5878975518066,0
118.24841793678544,0.7571128924636068,702.5387611424667,940.2360026690255,0
118.68017894938623,0.7670702558952923,702.6721752953604,937.7665765379675,0
118.68017894938623,0.7665409744602422,702.6721752953604,937.8978383338599,0
119.09835091724136,0.764969541982535,702.8013904334275,938.2875535883313,0
119.09835091724136,0.7607765765055458,702.8013904334275,939.3274090266247,0
119.09835091724136,0.7571128924636068,702.8013904334275,940.2360026690255,0
119.5303178244595,0.7544828971157993,702.934868207758,940.8882415152818,0
119.5303178244595,0.7529114646380921,702.934868207758,941.2779567697531,0
119.5303178244595,0.7518611076817134,702.934868207758,941.5384452949351,0
119.95528431468745,0.7529114646380921,703.0661828532384,941.2779567697531,0
119.95528431468745,0.7513402885951888,703.0661828532384,941.6676084283932,0
120.38704532728823,0.7618269334619244,703.1995970061321,939.0669205014427,0
120.38704532728823,0.7592054004626424,703.1995970061321,939.7170606852646,0
120.38704532728823,0.7565836110285566,703.1995970061321,940.367264464918,0
120.8120118175162,0.7633983659396316,703.3309116516125,938.6772052469714,0
120.8120118175162,0.7628772904183031,703.3309116516125,938.8064319762608,0
121.2371842023615,0.7660198989389136,703.4622899185297,938.0270650631494,0
121.2371842023615,0.7639276473746818,703.4622899185297,938.5459434510789,0
121.66215069258945,0.768120612851671,703.5936045640101,937.5060880127857,0
121.66215069258945,0.765499079852389,703.5936045640101,938.1562281966076,0
122.08732307743476,0.7613061143753997,703.7249828309273,939.1960836349009,0
122.08732307743476,0.7565836110285566,703.7249828309273,940.367264464918,0
122.08732307743476,0.7544828971157993,703.7249828309273,940.8882415152818,0
122.51908409003555,0.7539618215944708,703.858396983821,941.0174682445712,0
122.51908409003555,0.7529114646380921,703.858396983821,941.2779567697531,0
122.94405058026351,0.7518611076817134,703.9897116293014,941.5384452949351,0
122.94405058026351,0.7513402885951888,703.9897116293014,941.6676084283932,0
122.94405058026351,0.7508107507253348,703.9897116293014,941.798933820117,0
123.36922296510882,0.7618269334619244,704.1210898962186,939.0669205014427,0
123.36922296510882,0.7592054004626424,704.1210898962186,939.7170606852646,0
123.36922296510882,0.7550121785508495,704.1210898962186,940.7569797193894,0
123.79418945533676,0.7628772904183031,704.2524045416991,938.8064319762608,0
123.79418945533676,0.7618269334619244,704.2524045416991,939.0669205014427,0
124.21915594556472,0.7686416883729995,704.3837191871795,937.3768612834962,0
124.21915594556472,0.768120612851671,704.3837191871795,937.5060880127857,0
124.21915594556472,0.765499079852389,704.3837191871795,938.1562281966076,0
124.65091695816551,0.7675913314166208,704.5171333400731,937.6373498086781,0
124.65091695816551,0.764969541982535,704.5171333400731,938.2875535883313,0
124.65091695816551,0.7597262195491671,704.5171333400731,939.5878975518066,0
125.07608934301082,0.7544828971157993,704.6485116069903,940.8882415152818,0
125.07608934301082,0.7518611076817134,704.6485116069903,941.5384452949351,0
125.5078503556116,0.7487184991611029,704.781925759884,942.3178122080465,0
125.5078503556116,0.7466262475968711,704.781925759884,942.8366905959759,0
125.5078503556116,0.7455758906404923,704.781925759884,943.0971791211579,0
125.92622821808408,0.7471470666833957,704.911204519388,942.7075274625179,0
125.92622821808408,0.7455758906404923,704.911204519388,943.0971791211579,0
126.35798923068486,0.7450463527706384,705.0446186722816,943.2285045128817,0
126.35798923068486,0.7439959958142597,705.0446186722816,943.4889930380637,0
126.77616119854,0.7529114646380921,705.1738338103488,941.2779567697531,0
126.77616119854,0.7508107507253348,705.1738338103488,941.798933820117,0
126.77616119854,0.7481974236397744,705.1738338103488,942.447038937336,0
127.20812810575814,0.7586758625927884,705.3073115846793,939.8483860769885,0
127.20812810575814,0.7560625355072281,705.3073115846793,940.4964911942075,0
127.20812810575814,0.7539618215944708,705.3073115846793,941.0174682445712,0
127.6330945959861,0.765499079852389,705.4386262301597,938.1562281966076,0
127.6330945959861,0.762348008983253,705.4386262301597,938.9376937721532,0
128.06485560858687,0.764969541982535,705.5720403830534,938.2875535883313,0
128.06485560858687,0.7602557574190211,705.5720403830534,939.4565721600828,0
128.06485560858687,0.7539618215944708,705.5720403830534,941.0174682445712,0
128.48323347105935,0.7497688561174816,705.7013191425573,942.0573236828645,0
128.48323347105935,0.7466262475968711,705.7013191425573,942.8366905959759,0
128.48323347105935,0.746096709727017,705.7013191425573,942.9680159876998,0
128.91499448366014,0.7492477805961532,705.834733295451,942.186550412154,0
128.91499448366014,0.7466262475968711,705.834733295451,942.8366905959759,0
129.33996097388808,0.7660198989389136,705.9660479409314,938.0270650631494,0
129.33996097388808,0.7597262195491671,705.9660479409314,939.5878975518066,0
129.33996097388808,0.7544828971157993,705.9660479409314,940.8882415152818,0
129.7651333587334,0.768120612851671,706.0974262078486,937.5060880127857,0
129.7651333587334,0.7660198989389136,706.0974262078486,938.0270650631494,0
130.1968943713342,0.7607765765055458,706.2308403607423,939.3274090266247,0
130.1968943713342,0.7539618215944708,706.2308403607423,941.0174682445712,0
130.1968943713342,0.7476681422047242,706.2308403607423,942.5783007332284,0
130.61506633918933,0.7424248197713563,706.3600554988095,943.8786446967036,0
130.61506633918933,0.7387611357294174,706.3600554988095,944.7872383391045,0
130.61506633918933,0.7382318542943672,706.3600554988095,944.918500134997,0
131.04703324640747,0.7607765765055458,706.4935332731399,939.3274090266247,0
131.04703324640747,0.7523906455515674,706.4935332731399,941.4071199032113,0
131.04703324640747,0.7439959958142597,706.4935332731399,943.4889930380637,0
131.46520521426257,0.7686416883729995,706.6227484112071,937.3768612834962,0
131.46520521426257,0.7665409744602422,706.6227484112071,937.8978383338599,0
131.89696622686336,0.768120612851671,706.7561625641008,937.5060880127857,0
131.89696622686336,0.7675913314166208,706.7561625641008,937.6373498086781,0
132.32213861170868,0.768120612851671,706.887540831018,937.5060880127857,0
132.75389962430947,0.7665409744602422,707.0209549839116,937.8978383338599,0
132.75389962430947,0.765499079852389,707.0209549839116,938.1562281966076,0
132.75389962430947,0.764969541982535,707.0209549839116,938.2875535883313,0
133.1788661145374,0.762348008983253,707.1522696293921,938.9376937721532,0
133.1788661145374,0.7602557574190211,707.1522696293921,939.4565721600828,0
133.1788661145374,0.7581550435062637,707.1522696293921,939.9775492104466,0
133.60403849938274,0.7565836110285566,707.2836478963093,940.367264464918,0
133.60403849938274,0.755533254072178,707.2836478963093,940.6277529900999,0
134.02900498961068,0.7707424022857569,707.4149625417897,936.8558842331323,0
134.02900498961068,0.764969541982535,707.4149625417897,938.2875535883313,0
134.02900498961068,0.7592054004626424,707.4149625417897,939.7170606852646,0
134.45397147983866,0.7738850108063673,707.5462771872701,936.0765173200209,0
134.45397147983866,0.7728431161985142,707.5462771872701,936.3349071827685,0
134.45397147983866,0.7670702558952923,707.5462771872701,937.7665765379675,0
134.8859383870568,0.7597262195491671,707.6797549616006,939.5878975518066,0
134.8859383870568,0.7502899316388101,707.6797549616006,941.9280969535752,0
135.3109048772847,0.7424248197713563,707.811069607081,943.8786446967036,0
135.3109048772847,0.7356100648602814,707.811069607081,945.5687039146502,0
135.3109048772847,0.7308960238619637,707.811069607081,946.737786082233,0
135.7358713675127,0.7335178132960495,707.9423842525614,946.0875823025798,0
135.7358713675127,0.7308960238619637,707.9423842525614,946.737786082233,0
135.7358713675127,0.7292994607734838,707.9423842525614,947.133733728176,0
136.16104375235798,0.7371814973379885,708.0737625194786,945.1789886601789,0
136.16104375235798,0.7361393462953315,708.0737625194786,945.4374421187578,0
136.58601024258596,0.7492477805961532,708.205077164959,942.186550412154,0
136.58601024258596,0.7429541012064066,708.205077164959,943.7473829008112,0
136.58601024258596,0.7398030303372706,708.205077164959,944.5288484763569,0
137.01777125518674,0.7691709698080497,708.3384913178527,937.2455994876037,0
137.01777125518674,0.7633983659396316,708.3384913178527,938.6772052469714,0
137.01777125518674,0.7571128924636068,708.3384913178527,940.2360026690255,0
137.44294364003204,0.774935367762746,708.4698695847699,935.816028794839,0
137.44294364003204,0.7728431161985142,708.4698695847699,936.3349071827685,0
137.87470465263283,0.7738850108063673,708.6032837376636,936.0765173200209,0
137.87470465263283,0.7696920453293782,708.6032837376636,937.1163727583142,0
137.87470465263283,0.7618269334619244,708.6032837376636,939.0669205014427,0
138.29287662048796,0.7529114646380921,708.7324988757308,941.2779567697531,0
138.29287662048796,0.746096709727017,708.7324988757308,942.9680159876998,0
138.29287662048796,0.7429541012064066,708.7324988757308,943.7473829008112,0
138.7248435277061,0.7455758906404923,708.8659766500612,943.0971791211579,0
138.7248435277061,0.743475176727735,708.8659766500612,943.6181561715217,0
139.1430154955612,0.7560625355072281,708.9951917881284,940.4964911942075,0
139.1430154955612,0.7518611076817134,708.9951917881284,941.5384452949351,0
139.1430154955612,0.7487184991611029,708.9951917881284,942.3178122080465,0
139.574776508162,0.7607765765055458,709.128605941022,939.3274090266247,0
139.574776508162,0.7586758625927884,709.128605941022,939.8483860769885,0
139.9999488930073,0.7529114646380921,709.2599842079393,941.2779567697531,0
139.9999488930073,0.746096709727017,709.2599842079393,942.9680159876998,0
140.4317099056081,0.7455758906404923,709.3933983608329,943.0971791211579,0
140.4317099056081,0.7408533872936492,709.3933983608329,944.2683599511751,0
140.84988187346323,0.7628772904183031,709.5226134989001,938.8064319762608,0
140.84988187346323,0.7576339679849353,709.5226134989001,940.106775939736,0
140.84988187346323,0.7523906455515674,709.5226134989001,941.4071199032113,0
141.28184878068137,0.7744145486762213,709.6560912732306,935.9451919282972,0
141.28184878068137,0.768120612851671,709.6560912732306,937.5060880127857,0
141.70681527090935,0.7801786901961139,709.787405918711,934.5156848313637,0
141.70681527090935,0.7796578711095892,709.787405918711,934.6448479648219,0
141.70681527090935,0.7754649056326,709.787405918711,935.6847034031152,0
142.1317817611373,0.7686416883729995,709.9187205641914,937.3768612834962,0
142.1317817611373,0.7628772904183031,709.9187205641914,938.8064319762608,0
142.1317817611373,0.7602557574190211,709.9187205641914,939.4565721600828,0
142.56374866835543,0.7597262195491671,710.0521983385217,939.5878975518066,0
142.98192063621053,0.7618269334619244,710.181413476589,939.0669205014427,0
142.98192063621053,0.7607765765055458,710.181413476589,939.3274090266247,0
143.41368164881132,0.7602557574190211,710.3148276294827,939.4565721600828,0
143.41368164881132,0.7576339679849353,710.3148276294827,940.106775939736,0
143.8320595112838,0.7539618215944708,710.4441063889867,941.0174682445712,0
143.8320595112838,0.7497688561174816,710.4441063889867,942.0573236828645,0
143.8320595112838,0.7450463527706384,710.4441063889867,943.2285045128817,0
144.2638205238846,0.7439959958142597,710.5775205418803,943.4889930380637,0
144.2638205238846,0.7413829251635032,710.5775205418803,944.1370345594512,0
144.2638205238846,0.7408533872936492,710.5775205418803,944.2683599511751,0
144.68878701411256,0.7759857247191246,710.7088351873607,935.5555402696571,0
144.68878701411256,0.765499079852389,710.7088351873607,938.1562281966076,0
144.68878701411256,0.7539618215944708,710.7088351873607,941.0174682445712,0
145.1207539213307,0.7859515504993357,710.8423129616912,933.0840154761647,0
145.1207539213307,0.7838508365865784,710.8423129616912,933.6049925265286,0
145.54572041155865,0.7864726260206643,710.9736276071716,932.9547887468752,0
145.54572041155865,0.7843719121079069,710.9736276071716,933.4757657972391,0
145.54572041155865,0.781750122673821,710.9736276071716,934.1259695768924,0
145.9706869017866,0.7791367955882608,711.104942252652,934.7740746941114,0
145.9706869017866,0.7775571571968318,711.104942252652,935.1658250151858,0
146.3958592866319,0.7770360816755033,711.2363205195693,935.2950517444751,0
146.3958592866319,0.774935367762746,711.2363205195693,935.816028794839,0
146.3958592866319,0.7744145486762213,711.2363205195693,935.9451919282972,0
146.82082577685986,0.7796578711095892,711.3676351650497,934.6448479648219,0
146.82082577685986,0.778086438631882,711.3676351650497,935.0345632192933,0
146.82082577685986,0.7723138347634639,711.3676351650497,936.4661689786609,0
147.25258678946065,0.764969541982535,711.5010493179433,938.2875535883313,0
147.25258678946065,0.7565836110285566,711.5010493179433,940.367264464918,0
147.67775917430595,0.7513402885951888,711.6324275848605,941.6676084283932,0
147.67775917430595,0.7481974236397744,711.6324275848605,942.447038937336,0
147.67775917430595,0.746096709727017,711.6324275848605,942.9680159876998,0
148.10272566453392,0.7476681422047242,711.763742230341,942.5783007332284,0
148.10272566453392,0.743475176727735,711.763742230341,943.6181561715217,0
148.52769215476187,0.7607765765055458,711.8950568758214,939.3274090266247,0
148.52769215476187,0.755533254072178,711.8950568758214,940.6277529900999,0
148.9528645396072,0.7639276473746818,712.0264351427386,938.5459434510789,0
148.9528645396072,0.7633983659396316,712.0264351427386,938.6772052469714,0
148.9528645396072,0.7618269334619244,712.0264351427386,939.0669205014427,0
149.38462555220798,0.7597262195491671,712.1598492956323,939.5878975518066,0
149.38462555220798,0.7586758625927884,712.1598492956323,939.8483860769885,0
149.38462555220798,0.7581550435062637,712.1598492956323,939.9775492104466,0
149.8095920424359,0.7571128924636068,712.2911639411127,940.2360026690255,0
149.8095920424359,0.755533254072178,712.2911639411127,940.6277529900999,0
150.24135305503668,0.7571128924636068,712.4245780940063,940.2360026690255,0
150.24135305503668,0.7550121785508495,712.4245780940063,940.7569797193894,0
150.24135305503668,0.7539618215944708,712.4245780940063,941.0174682445712,0
150.6597309175092,0.774935367762746,712.5538568535103,935.816028794839,0
150.6597309175092,0.7691709698080497,712.5538568535103,937.2455994876037,0
150.6597309175092,0.7628772904183031,712.5538568535103,938.8064319762608,0
151.09149193010998,0.774935367762746,712.687271006404,935.816028794839,0
151.09149193010998,0.771271683720807,712.687271006404,936.7246224372399,0
151.50986979258246,0.7675913314166208,712.816549765908,937.6373498086781,0
151.50986979258246,0.765499079852389,712.816549765908,938.1562281966076,0
151.94163080518325,0.764969541982535,712.9499639188016,938.2875535883313,0
151.94163080518325,0.7639276473746818,712.9499639188016,938.5459434510789,0
152.3665972954112,0.7613061143753997,713.081278564282,939.1960836349009,0
152.3665972954112,0.7602557574190211,713.081278564282,939.4565721600828,0
152.3665972954112,0.7592054004626424,713.081278564282,939.7170606852646,0
152.79856420262934,0.7696920453293782,713.2147563386125,937.1163727583142,0
152.79856420262934,0.7670702558952923,713.2147563386125,937.7665765379675,0
152.79856420262934,0.7628772904183031,713.2147563386125,938.8064319762608,0
153.21673617048444,0.7702213267644283,713.3439714766797,936.9851109624218,0
153.21673617048444,0.768120612851671,713.3439714766797,937.5060880127857,0
153.64849718308523,0.7644487228960103,713.4773856295733,938.4167167217895,0
153.64849718308523,0.7607765765055458,713.4773856295733,939.3274090266247,0
153.64849718308523,0.7597262195491671,713.4773856295733,939.5878975518066,0
154.07366956793055,0.7592054004626424,713.6087638964905,939.7170606852646,0
154.07366956793055,0.7586758625927884,713.6087638964905,939.8483860769885,0
154.07366956793055,0.7565836110285566,713.6087638964905,940.367264464918,0
154.4986360581585,0.7534410025079461,713.740078541971,941.1466313780294,0
154.4986360581585,0.7518611076817134,713.740078541971,941.5384452949351,0
154.93039707075928,0.7618269334619244,713.8734926948646,939.0669205014427,0
154.93039707075928,0.7565836110285566,713.8734926948646,940.367264464918,0
154.93039707075928,0.7518611076817134,713.8734926948646,941.5384452949351,0
155.34877493323177,0.7665409744602422,714.0027714543686,937.8978383338599,0
155.34877493323177,0.765499079852389,714.0027714543686,938.1562281966076,0
155.78053594583255,0.7644487228960103,714.1361856072623,938.4167167217895,0
155.78053594583255,0.7607765765055458,714.1361856072623,939.3274090266247,0
156.19891380830504,0.7576339679849353,714.2654643667662,940.106775939736,0
156.19891380830504,0.7544828971157993,714.2654643667662,940.8882415152818,0
156.19891380830504,0.7534410025079461,714.2654643667662,941.1466313780294,0
156.63067482090582,0.7586758625927884,714.3988785196599,939.8483860769885,0
156.63067482090582,0.7544828971157993,714.3988785196599,940.8882415152818,0
157.05564131113377,0.7702213267644283,714.5301931651403,936.9851109624218,0
157.05564131113377,0.7670702558952923,714.5301931651403,937.7665765379675,0
157.05564131113377,0.7639276473746818,714.5301931651403,938.5459434510789,0
157.48740232373456,0.7717927592421355,714.663607318034,936.5953957079504,0
157.48740232373456,0.7696920453293782,714.663607318034,937.1163727583142,0
157.91257470857985,0.7665409744602422,714.7949855849512,937.8978383338599,0
157.91257470857985,0.7639276473746818,714.7949855849512,938.5459434510789,0
158.33754119880783,0.7849011935429571,714.9263002304316,933.3445040013466,0
158.33754119880783,0.7744145486762213,714.9263002304316,935.9451919282972,0
158.33754119880783,0.7665409744602422,714.9263002304316,937.8978383338599,0
158.76250768903577,0.796976195584451,715.057614875912,930.3499034950562,0
158.76250768903577,0.7943459438018396,715.057614875912,931.0022059371438,0
158.76250768903577,0.7932873809317392,715.057614875912,931.2647295289287,0
159.1876800738811,0.788564877584896,715.1889931428292,932.4359103589458,0
159.1876800738811,0.7849011935429571,715.1889931428292,933.3445040013466,0
159.61264656410907,0.781750122673821,715.3203077883097,934.1259695768924,0
159.61264656410907,0.7786075141532105,715.3203077883097,934.9053364900038,0
159.61264656410907,0.7744145486762213,715.3203077883097,935.9451919282972,0
160.04440757670986,0.7744145486762213,715.4537219412033,935.9451919282972,0
160.04440757670986,0.7723138347634639,715.4537219412033,936.4661689786609,0
160.04440757670986,0.7717927592421355,715.4537219412033,936.5953957079504,0
160.46957996155516,0.7812290471524925,715.5851002081205,934.2551963061818,0
160.46957996155516,0.778086438631882,715.5851002081205,935.0345632192933,0
160.8945464517831,0.788564877584896,715.716414853601,932.4359103589458,0
160.8945464517831,0.7833215551515282,715.716414853601,933.736254322421,0
160.8945464517831,0.7812290471524925,715.716414853601,934.2551963061818,0
161.3197188366284,0.7938082000182639,715.8477931205182,931.1355663954705,0
161.3197188366284,0.7927663054104107,715.8477931205182,931.3939562582182,0
161.75147984922918,0.7890941590199463,715.9812072734118,932.3046485630533,0
161.75147984922918,0.7812290471524925,715.9812072734118,934.2551963061818,0
161.75147984922918,0.7717927592421355,715.9812072734118,936.5953957079504,0
162.17644633945716,0.764969541982535,716.1125219188922,938.2875535883313,0
162.17644633945716,0.7618269334619244,716.1125219188922,939.0669205014427,0
162.60820735205795,0.7691709698080497,716.2459360717859,937.2455994876037,0
162.60820735205795,0.7644487228960103,716.2459360717859,938.4167167217895,0
163.02658521453043,0.7896152345412747,716.3752148312899,932.1754218337638,0
163.02658521453043,0.7838508365865784,716.3752148312899,933.6049925265286,0
163.02658521453043,0.7765068002404532,716.3752148312899,935.4263135403676,0
163.45834622713122,0.7906655914976534,716.5086289841835,931.9149333085819,0
163.45834622713122,0.7880438020635676,716.5086289841835,932.5651370882352,0
163.45834622713122,0.7822794041088712,716.5086289841835,933.994707781,0
163.8767240896037,0.7759857247191246,716.6379077436875,935.5555402696571,0
163.8767240896037,0.7707424022857569,716.6379077436875,936.8558842331323,0
164.30848510220446,0.7702213267644283,716.7713218965812,936.9851109624218,0
164.30848510220446,0.7691709698080497,716.7713218965812,937.2455994876037,0
164.30848510220446,0.7686416883729995,716.7713218965812,937.3768612834962,0
164.7334515924324,0.7717927592421355,716.9026365420616,936.5953957079504,0
164.7334515924324,0.7707424022857569,716.9026365420616,936.8558842331323,0
165.1652126050332,0.7875229829770429,717.0360506949553,932.6943002216934,0
165.1652126050332,0.7812290471524925,717.0360506949553,934.2551963061818,0
165.1652126050332,0.774935367762746,717.0360506949553,935.816028794839,0
165.58359046750567,0.7911866670189819,717.1653294544592,931.7857065792925,0
165.58359046750567,0.7896152345412747,717.1653294544592,932.1754218337638,0
165.58359046750567,0.7838508365865784,717.1653294544592,933.6049925265286,0
166.01535148010646,0.7765068002404532,717.2987436073529,935.4263135403676,0
166.01535148010646,0.771271683720807,717.2987436073529,936.7246224372399,0
166.44031797033443,0.7691709698080497,717.4300582528333,937.2455994876037,0
166.44031797033443,0.7665409744602422,717.4300582528333,937.8978383338599,0
166.44031797033443,0.764969541982535,717.4300582528333,938.2875535883313,0
166.87228487755257,0.7754649056326,717.5635360271638,935.6847034031152,0
166.87228487755257,0.7691709698080497,717.5635360271638,937.2455994876037,0
166.87228487755257,0.7644487228960103,717.5635360271638,938.4167167217895,0
167.29725136778052,0.7864726260206643,717.6948506726442,932.9547887468752,0
167.29725136778052,0.7822794041088712,717.6948506726442,933.994707781,0
167.72221785800846,0.7859515504993357,717.8261653181246,933.0840154761647,0
167.72221785800846,0.7828004796301997,717.8261653181246,933.8654810517105,0
167.72221785800846,0.7754649056326,717.8261653181246,935.6847034031152,0
168.1473902428538,0.768120612851671,717.9575435850418,937.5060880127857,0
168.1473902428538,0.762348008983253,717.9575435850418,938.9376937721532,0
168.5655622107089,0.7675913314166208,718.086758723109,937.6373498086781,0
168.5655622107089,0.7639276473746818,718.086758723109,938.5459434510789,0
168.5655622107089,0.762348008983253,718.086758723109,938.9376937721532,0
168.99752911792706,0.7833215551515282,718.2202364974395,933.736254322421,0
168.99752911792706,0.7770360816755033,718.2202364974395,935.2950517444751,0
168.99752911792706,0.771271683720807,718.2202364974395,936.7246224372399,0
169.422495608155,0.7948754816716936,718.3515511429199,930.8708805454199,0
169.422495608155,0.790144515976325,718.3515511429199,932.0441600378714,0
169.8542566207558,0.7953963007582183,718.4849652958135,930.7417174119619,0
169.8542566207558,0.7906655914976534,718.4849652958135,931.9149333085819,0
169.8542566207558,0.7859515504993357,718.4849652958135,933.0840154761647,0
170.27922311098376,0.7812290471524925,718.616279941294,934.2551963061818,0
170.27922311098376,0.7801786901961139,718.616279941294,934.5156848313637,0
170.27922311098376,0.7786075141532105,718.616279941294,934.9053364900038,0
170.70439549582906,0.7759857247191246,718.7476582082112,935.5555402696571,0
170.70439549582906,0.7728431161985142,718.7476582082112,936.3349071827685,0
171.12936198605703,0.7707424022857569,718.8789728536916,936.8558842331323,0
171.12936198605703,0.768120612851671,718.8789728536916,937.5060880127857,0
171.12936198605703,0.765499079852389,718.8789728536916,938.1562281966076,0
171.55453437090233,0.7628772904183031,719.0103511206088,938.8064319762608,0
171.97950086113028,0.7665409744602422,719.1416657660892,937.8978383338599,0
171.97950086113028,0.7644487228960103,719.1416657660892,938.4167167217895,0
172.42485091847672,0.7670702558952923,719.2792789338093,937.7665765379675,0
172.42485091847672,0.764969541982535,719.2792789338093,938.2875535883313,0
172.42485091847672,0.7639276473746818,719.2792789338093,938.5459434510789,0
172.84302288633185,0.7791367955882608,719.4084940718765,934.7740746941114,0
172.84302288633185,0.7733641917198426,719.4084940718765,936.205680453479,0
173.27478389893264,0.7812290471524925,719.5419082247702,934.2551963061818,0
173.27478389893264,0.7801786901961139,719.5419082247702,934.5156848313637,0
173.27478389893264,0.7796578711095892,719.5419082247702,934.6448479648219,0
173.69995628377794,0.781750122673821,719.6732864916873,934.1259695768924,0
173.69995628377794,0.7812290471524925,719.6732864916873,934.2551963061818,0
173.69995628377794,0.7807082280659678,719.6732864916873,934.38435943964,0
174.13171729637872,0.7770360816755033,719.806700644581,935.2950517444751,0
174.13171729637872,0.7723138347634639,719.806700644581,936.4661689786609,0
174.5500951588512,0.7686416883729995,719.935979404085,937.3768612834962,0
174.5500951588512,0.768120612851671,719.935979404085,937.5060880127857,0
174.5500951588512,0.7675913314166208,719.935979404085,937.6373498086781,0
174.981856171452,0.7675913314166208,720.0693935569786,937.6373498086781,0
174.981856171452,0.7670702558952923,720.0693935569786,937.7665765379675,0
175.40682266167994,0.7723138347634639,720.200708202459,936.4661689786609,0
175.40682266167994,0.7696920453293782,720.200708202459,937.1163727583142,0
175.40682266167994,0.7675913314166208,720.200708202459,937.6373498086781,0
175.83858367428073,0.781750122673821,720.3341223553527,934.1259695768924,0
175.83858367428073,0.7770360816755033,720.3341223553527,935.2950517444751,0
175.83858367428073,0.774935367762746,720.3341223553527,935.816028794839,0
176.26375605912602,0.7869934451071889,720.4655006222699,932.8256256134172,0
176.26375605912602,0.7849011935429571,720.4655006222699,933.3445040013466,0
176.688722549354,0.7859515504993357,720.5968152677503,933.0840154761647,0
176.688722549354,0.7838508365865784,720.5968152677503,933.6049925265286,0
176.688722549354,0.7828004796301997,720.5968152677503,933.8654810517105,0
177.11368903958194,0.781750122673821,720.7281299132308,934.1259695768924,0
177.11368903958194,0.7801786901961139,720.7281299132308,934.5156848313637,0
177.11368903958194,0.778086438631882,720.7281299132308,935.0345632192933,0
177.53886142442727,0.7733641917198426,720.859508180148,936.205680453479,0
177.53886142442727,0.7686416883729995,720.859508180148,937.3768612834962,0
177.96382791465524,0.774935367762746,720.9908228256285,935.816028794839,0
177.96382791465524,0.771271683720807,720.9908228256285,936.7246224372399,0
177.96382791465524,0.768120612851671,720.9908228256285,937.5060880127857,0
178.39558892725603,0.7786075141532105,721.124236978522,934.9053364900038,0
178.39558892725603,0.7775571571968318,721.124236978522,935.1658250151858,0
178.82076131210133,0.7791367955882608,721.2556152454392,934.7740746941114,0
178.82076131210133,0.7775571571968318,721.2556152454392,935.1658250151858,0
178.82076131210133,0.7770360816755033,721.2556152454392,935.2950517444751,0
179.24572780232927,0.7765068002404532,721.3869298909198,935.4263135403676,0
179.24572780232927,0.7754649056326,721.3869298909198,935.6847034031152,0
179.24572780232927,0.7723138347634639,721.3869298909198,936.4661689786609,0
179.67069429255722,0.7691709698080497,721.5182445364002,937.2455994876037,0
179.67069429255722,0.7660198989389136,721.5182445364002,938.0270650631494,0
180.09586667740254,0.7775571571968318,721.6496228033174,935.1658250151858,0
180.09586667740254,0.7728431161985142,721.6496228033174,936.3349071827685,0
180.09586667740254,0.7675913314166208,721.6496228033174,937.6373498086781,0
180.52083316763049,0.7822794041088712,721.7809374487978,933.994707781,0
180.52083316763049,0.7801786901961139,721.7809374487978,934.5156848313637,0
180.95259418023127,0.7906655914976534,721.9143516016915,931.9149333085819,0
180.95259418023127,0.7864726260206643,721.9143516016915,932.9547887468752,0
181.3777665650766,0.7938082000182639,722.0457298686086,931.1355663954705,0
181.3777665650766,0.7932873809317392,722.0457298686086,931.2647295289287,0
181.3777665650766,0.7896152345412747,722.0457298686086,932.1754218337638,0
181.80273305530454,0.7875229829770429,722.1770445140891,932.6943002216934,0
182.22790544014987,0.7880438020635676,722.3084227810062,932.5651370882352,0
182.22790544014987,0.7854222690642856,722.3084227810062,933.2152772720572,0
182.22790544014987,0.7822794041088712,722.3084227810062,933.994707781,0
182.65287193037778,0.788564877584896,722.4397374264868,932.4359103589458,0
182.65287193037778,0.7859515504993357,722.4397374264868,933.0840154761647,0
182.65287193037778,0.7828004796301997,722.4397374264868,933.8654810517105,0
183.08463294297857,0.788564877584896,722.5731515793804,932.4359103589458,0
183.08463294297857,0.7859515504993357,722.5731515793804,933.0840154761647,0
183.5098053278239,0.781750122673821,722.7045298462975,934.1259695768924,0
183.5098053278239,0.7791367955882608,722.7045298462975,934.7740746941114,0
183.5098053278239,0.7786075141532105,722.7045298462975,934.9053364900038,0
183.93477181805184,0.7791367955882608,722.835844491778,934.7740746941114,0
183.93477181805184,0.7770360816755033,722.835844491778,935.2950517444751,0
183.93477181805184,0.774935367762746,722.835844491778,935.816028794839,0
184.35973830827982,0.7744145486762213,722.9671591372585,935.9451919282972,0
184.35973830827982,0.7738850108063673,722.9671591372585,936.0765173200209,0
184.7914993208806,0.7770360816755033,723.100573290152,935.2950517444751,0
184.7914993208806,0.7765068002404532,723.100573290152,935.4263135403676,0
184.7914993208806,0.7759857247191246,723.100573290152,935.5555402696571,0
185.2098771833531,0.778086438631882,723.2298520496561,935.0345632192933,0
185.2098771833531,0.7770360816755033,723.2298520496561,935.2950517444751,0
185.64163819595387,0.7906655914976534,723.3632662025498,931.9149333085819,0
185.64163819595387,0.7859515504993357,723.3632662025498,933.0840154761647,0
185.64163819595387,0.7812290471524925,723.3632662025498,934.2551963061818,0
186.0668105807992,0.7922370239753606,723.494644469467,931.5252180541106,0
186.49857159339996,0.7875229829770429,723.6280586223605,932.6943002216934,0
186.49857159339996,0.7812290471524925,723.6280586223605,934.2551963061818,0
186.49857159339996,0.7759857247191246,723.6280586223605,935.5555402696571,0
186.91674356125506,0.7744145486762213,723.7572737604278,935.9451919282972,0
186.91674356125506,0.7733641917198426,723.7572737604278,936.205680453479,0
187.34850457385585,0.7759857247191246,723.8906879133215,935.5555402696571,0
187.34850457385585,0.7754649056326,723.8906879133215,935.6847034031152,0
187.77367695870117,0.7765068002404532,724.0220661802387,935.4263135403676,0
187.77367695870117,0.7759857247191246,724.0220661802387,935.5555402696571,0
187.77367695870117,0.7754649056326,724.0220661802387,935.6847034031152,0
188.20543797130196,0.7796578711095892,724.1554803331322,934.6448479648219,0
188.20543797130196,0.7786075141532105,724.1554803331322,934.9053364900038,0
188.20543797130196,0.7775571571968318,724.1554803331322,935.1658250151858,0
188.63040446152993,0.7812290471524925,724.2867949786128,934.2551963061818,0
188.63040446152993,0.7801786901961139,724.2867949786128,934.5156848313637,0
189.05557684637523,0.7828004796301997,724.4181732455299,933.8654810517105,0
189.05557684637523,0.7796578711095892,724.4181732455299,934.6448479648219,0
189.4805433366032,0.774935367762746,724.5494878910104,935.816028794839,0
189.4805433366032,0.7728431161985142,724.5494878910104,936.3349071827685,0
189.90571572144847,0.7875229829770429,724.6808661579275,932.6943002216934,0
189.90571572144847,0.7822794041088712,724.6808661579275,933.994707781,0
189.90571572144847,0.7754649056326,724.6808661579275,935.6847034031152,0
190.33068221167645,0.7896152345412747,724.812180803408,932.1754218337638,0
190.33068221167645,0.7880438020635676,724.812180803408,932.5651370882352,0
190.33068221167645,0.7843719121079069,724.812180803408,933.4757657972391,0
190.76244322427723,0.7801786901961139,724.9455949563016,934.5156848313637,0
190.76244322427723,0.7770360816755033,724.9455949563016,935.2950517444751,0
191.18761560912253,0.7744145486762213,725.0769732232188,935.9451919282972,0
191.18761560912253,0.7717927592421355,725.0769732232188,936.5953957079504,0
191.18761560912253,0.771271683720807,725.0769732232188,936.7246224372399,0
191.6125820993505,0.7896152345412747,725.2082878686992,932.1754218337638,0
191.6125820993505,0.7828004796301997,725.2082878686992,933.8654810517105,0
191.6125820993505,0.774935367762746,725.2082878686992,935.816028794839,0
192.03754858957845,0.7948754816716936,725.3396025141798,930.8708805454199,0
192.03754858957845,0.7938082000182639,725.3396025141798,931.1355663954705,0
192.46272097442377,0.7927663054104107,725.470980781097,931.3939562582182,0
192.46272097442377,0.7890941590199463,725.470980781097,932.3046485630533,0
192.46272097442377,0.7864726260206643,725.470980781097,932.9547887468752,0
192.88768746465172,0.7854222690642856,725.6022954265774,933.2152772720572,0
193.31944847725248,0.7922370239753606,725.735709579471,931.5252180541106,0
193.31944847725248,0.790144515976325,725.735709579471,932.0441600378714,0
193.31944847725248,0.7880438020635676,725.735709579471,932.5651370882352,0
193.7446208620978,0.7927663054104107,725.8670878463882,931.3939562582182,0
193.7446208620978,0.7911866670189819,725.8670878463882,931.7857065792925,0
193.7446208620978,0.7890941590199463,725.8670878463882,932.3046485630533,0
194.16958735232575,0.7875229829770429,725.9984024918687,932.6943002216934,0
194.16958735232575,0.7859515504993357,725.9984024918687,933.0840154761647,0
194.59455384255372,0.7838508365865784,726.1297171373491,933.6049925265286,0
194.59455384255372,0.7801786901961139,726.1297171373491,934.5156848313637,0
194.59455384255372,0.7770360816755033,726.1297171373491,935.2950517444751,0
195.01972622739902,0.7791367955882608,726.2610954042663,934.7740746941114,0
195.01972622739902,0.7765068002404532,726.2610954042663,935.4263135403676,0
195.4514872399998,0.7822794041088712,726.39450955716,933.994707781,0
195.4514872399998,0.781750122673821,726.39450955716,934.1259695768924,0
195.87645373022778,0.7864726260206643,726.5258242026404,932.9547887468752,0
195.87645373022778,0.7833215551515282,726.5258242026404,933.736254322421,0
195.87645373022778,0.7812290471524925,726.5258242026404,934.2551963061818,0
196.3016261150731,0.7943459438018396,726.6572024695575,931.0022059371438,0
196.3016261150731,0.791715948454032,726.6572024695575,931.6544447834001,0
196.72659260530105,0.7938082000182639,726.788517115038,931.1355663954705,0
196.72659260530105,0.7922370239753606,726.788517115038,931.5252180541106,0
196.72659260530105,0.7911866670189819,726.788517115038,931.7857065792925,0
197.1583536179018,0.7911866670189819,726.9219312679317,931.7857065792925,0
197.1583536179018,0.7890941590199463,726.9219312679317,932.3046485630533,0
197.5767314803743,0.7849011935429571,727.0512100274357,933.3445040013466,0
197.5767314803743,0.7801786901961139,727.0512100274357,934.5156848313637,0
197.5767314803743,0.7775571571968318,727.0512100274357,935.1658250151858,0
198.00849249297508,0.7875229829770429,727.1846241803293,932.6943002216934,0
198.00849249297508,0.7822794041088712,727.1846241803293,933.994707781,0
198.00849249297508,0.778086438631882,727.1846241803293,935.0345632192933,0
198.43345898320305,0.7927663054104107,727.3159388258097,931.3939562582182,0
198.43345898320305,0.790144515976325,727.3159388258097,932.0441600378714,0
198.86521999580384,0.803261412625672,727.4493529787034,928.7911696688334,0
198.86521999580384,0.8006398796263899,727.4493529787034,929.4413098526553,0
198.86521999580384,0.7959258386280723,727.4493529787034,930.6103920202381,0
199.28359785827632,0.799597728583733,727.5786317382074,929.6997633112343,0
199.28359785827632,0.7927663054104107,727.5786317382074,931.3939562582182,0
199.7153588708771,0.7854222690642856,727.712045891101,933.2152772720572,0
199.7153588708771,0.7796578711095892,727.712045891101,934.6448479648219,0
199.7153588708771,0.7754649056326,727.712045891101,935.6847034031152,0
200.1405312557224,0.7738850108063673,727.8434241580183,936.0765173200209,0
200.1405312557224,0.7728431161985142,727.8434241580183,936.3349071827685,0
200.1405312557224,0.7723138347634639,727.8434241580183,936.4661689786609,0
200.5722922683232,0.7838508365865784,727.9768383109118,933.6049925265286,0
200.5722922683232,0.778086438631882,727.9768383109118,935.0345632192933,0
200.9904642361783,0.791715948454032,728.1060534489791,931.6544447834001,0
200.9904642361783,0.7911866670189819,728.1060534489791,931.7857065792925,0
200.9904642361783,0.7896152345412747,728.1060534489791,932.1754218337638,0
201.42243114339644,0.7896152345412747,728.2395312233094,932.1754218337638,0
201.42243114339644,0.788564877584896,728.2395312233094,932.4359103589458,0
201.8473976336244,0.7875229829770429,728.37084586879,932.6943002216934,0
201.8473976336244,0.7854222690642856,728.37084586879,933.2152772720572,0
201.8473976336244,0.7843719121079069,728.37084586879,933.4757657972391,0
202.27236412385236,0.7869934451071889,728.5021605142704,932.8256256134172,0
202.27236412385236,0.7843719121079069,728.5021605142704,933.4757657972391,0
202.27236412385236,0.7833215551515282,728.5021605142704,933.736254322421,0
202.69753650869768,0.7932873809317392,728.6335387811876,931.2647295289287,0
202.69753650869768,0.7911866670189819,728.6335387811876,931.7857065792925,0
203.12929752129847,0.7932873809317392,728.7669529340812,931.2647295289287,0
203.12929752129847,0.7927663054104107,728.7669529340812,931.3939562582182,0
203.12929752129847,0.791715948454032,728.7669529340812,931.6544447834001,0
203.5542640115264,0.790144515976325,728.8982675795617,932.0441600378714,0
203.5542640115264,0.7869934451071889,728.8982675795617,932.8256256134172,0
203.97943639637174,0.7838508365865784,729.0296458464788,933.6049925265286,0
203.97943639637174,0.7770360816755033,729.0296458464788,935.2950517444751,0
203.97943639637174,0.7702213267644283,729.0296458464788,936.9851109624218,0
204.40440288659966,0.7628772904183031,729.1609604919593,938.8064319762608,0
204.40440288659966,0.7586758625927884,729.1609604919593,939.8483860769885,0
204.40440288659966,0.7571128924636068,729.1609604919593,940.2360026690255,0
204.82936937682763,0.7644487228960103,729.2922751374397,938.4167167217895,0
204.82936937682763,0.7586758625927884,729.2922751374397,939.8483860769885,0
205.26133628404577,0.7833215551515282,729.4257529117701,933.736254322421,0
205.26133628404577,0.778086438631882,729.4257529117701,935.0345632192933,0
205.26133628404577,0.7717927592421355,729.4257529117701,936.5953957079504,0
205.68630277427374,0.7890941590199463,729.5570675572505,932.3046485630533,0
205.68630277427374,0.7875229829770429,729.5570675572505,932.6943002216934,0
206.1112692645017,0.7875229829770429,729.688382202731,932.6943002216934,0
206.1112692645017,0.7833215551515282,729.688382202731,933.736254322421,0
206.1112692645017,0.7775571571968318,729.688382202731,935.1658250151858,0
206.536441649347,0.7791367955882608,729.8197604696481,934.7740746941114,0
206.536441649347,0.7744145486762213,729.8197604696481,935.9451919282972,0
206.96140813957496,0.7896152345412747,729.9510751151287,932.1754218337638,0
206.96140813957496,0.7849011935429571,729.9510751151287,933.3445040013466,0
207.38637462980293,0.7938082000182639,730.0823897606091,931.1355663954705,0
207.38637462980293,0.7932873809317392,730.0823897606091,931.2647295289287,0
207.38637462980293,0.7927663054104107,730.0823897606091,931.3939562582182,0
207.81834153702107,0.7922370239753606,730.2158675349394,931.5252180541106,0
207.81834153702107,0.7906655914976534,730.2158675349394,931.9149333085819,0
208.243308027249,0.788564877584896,730.34718218042,932.4359103589458,0
208.243308027249,0.7864726260206643,730.34718218042,932.9547887468752,0
208.243308027249,0.7849011935429571,730.34718218042,933.3445040013466,0
208.66827451747696,0.7896152345412747,730.4784968259004,932.1754218337638,0
208.66827451747696,0.7875229829770429,730.4784968259004,932.6943002216934,0
208.66827451747696,0.7854222690642856,730.4784968259004,933.2152772720572,0
209.09344690232226,0.7896152345412747,730.6098750928176,932.1754218337638,0
209.09344690232226,0.7864726260206643,730.6098750928176,932.9547887468752,0
209.52520791492304,0.7807082280659678,730.7432892457113,934.38435943964,0
209.52520791492304,0.7728431161985142,730.7432892457113,936.3349071827685,0
209.52520791492304,0.765499079852389,730.7432892457113,938.1562281966076,0
209.94337988277817,0.7602557574190211,730.8725043837784,939.4565721600828,0
209.94337988277817,0.7581550435062637,730.8725043837784,939.9775492104466,0
210.3819354177518,0.765499079852389,731.0080180440852,938.1562281966076,0
210.3819354177518,0.7607765765055458,731.0080180440852,939.3274090266247,0
210.3819354177518,0.7586758625927884,731.0080180440852,939.8483860769885,0
210.8003132802243,0.8016902365827686,731.1372968035893,929.1808213274734,0
210.8003132802243,0.7890941590199463,731.1372968035893,932.3046485630533,0
210.8003132802243,0.774935367762746,731.1372968035893,935.816028794839,0
211.23022124126882,0.8153294909274632,731.2701383635521,925.7982862499891,0
211.23022124126882,0.8111280631019485,731.2701383635521,926.8402403507167,0
211.23207429282508,0.8111265244931257,731.270710956483,926.8406219257048,0
211.6485991037413,0.8163713855353163,731.3994171230561,925.5398963872416,0
211.6485991037413,0.8142791339710845,731.3994171230561,926.0587747751711,0
211.6485991037413,0.81060698758062,731.3994171230561,926.9694670800062,0
212.0803601163421,0.8064055597551053,731.5328312759497,928.0114211807339,0
212.0803601163421,0.8027336697994446,731.5328312759497,928.9220498897378,0
212.50532660657004,0.7964481963234198,731.6641459214301,930.4808473117919,0
212.50532660657004,0.7911882056278047,731.6641459214301,931.7853250043045,0
212.50532660657004,0.7880453406723904,731.6641459214301,932.5647555132472,0
212.93708761917082,0.7848942698032544,731.7975600743238,933.346221088793,0
212.93708761917082,0.783323093760351,731.7975600743238,933.735872747433,0
212.93708761917082,0.7817516612826438,731.7975600743238,934.1255880019044,0
213.3554654816433,0.7807013043262652,731.9268388338278,934.3860765270863,0
213.3554654816433,0.7796509473698865,731.9268388338278,934.6465650522681,0
213.7872264942441,0.7780795148921793,732.0602529867214,935.0362803067395,0
213.7872264942441,0.776508338849276,732.0602529867214,935.4259319653796,0
213.7872264942441,0.775978800979422,732.0602529867214,935.5572573571034,0
214.21219298447207,0.7749369063715689,732.1915676322019,935.8156472198509,0
214.63736536931737,0.7812305857613153,732.3229458991191,934.2548147311938,0
214.63736536931737,0.7780795148921793,732.3229458991191,935.0362803067395,0
214.63736536931737,0.7754579818928973,732.3229458991191,935.6864204905614,0
215.0623318595453,0.7885664161937189,732.4542605445995,932.4355287839577,0
215.0623318595453,0.786474164629487,732.4542605445995,932.9544071718872,0
215.0623318595453,0.7838439128468757,732.4542605445995,933.6067096139749,0
215.4940928721461,0.792759381670708,732.5876746974931,931.3956733456644,0
215.4940928721461,0.7906671301064763,732.5876746974931,931.914551733594,0
215.91926525699142,0.7995910612788341,732.7190529644104,929.7014168028492,0
215.91926525699142,0.7964481963234198,732.7190529644104,930.4808473117919,0
215.91926525699142,0.794868557931991,732.7190529644104,930.8725976328662,0
216.34423174721937,0.8090273491891912,732.8503676098908,927.3612174010806,0
216.34423174721937,0.8032629512344948,732.8503676098908,928.7907880938453,0
216.7694041320647,0.8168924610566448,732.981745876808,925.4106696579521,0
216.7694041320647,0.8142791339710845,732.981745876808,926.0587747751711,0
216.7694041320647,0.8137498525360343,732.981745876808,926.1900365710635,0
217.20116514466548,0.807455916711484,733.1151600297017,927.750932655552,0
217.20116514466548,0.794868557931991,733.1151600297017,930.8725976328662,0
217.62613163489343,0.7807013043262652,733.2464746751821,934.3860765270863,0
217.62613163489343,0.7675928700254436,733.2464746751821,937.63696823369,0
217.62613163489343,0.7560640741160509,733.2464746751821,940.4961096192194,0
218.0578926474942,0.747669680813547,733.3798888280757,942.5779191582403,0
218.0578926474942,0.7445270722929366,733.3798888280757,943.3572860713517,0
218.47627050996667,0.7681221514604938,733.5091675875797,937.5057064377976,0
218.47627050996667,0.7560640741160509,733.5091675875797,940.4961096192194,0
218.90803152256746,0.798019628801127,733.6425817404734,930.0911320573206,0
218.90803152256746,0.7906671301064763,733.6425817404734,931.914551733594,0
218.90803152256746,0.7801802288049366,733.6425817404734,934.5153032563757,0
219.32640938503994,0.8016833128430659,733.7718604999773,929.1825384149197,0
219.32640938503994,0.8011622373217374,733.7718604999773,929.3117651442091,0
219.75817039764073,0.8006414182352127,733.905274652871,929.4409282776672,0
219.75817039764073,0.7985407043224554,733.905274652871,929.9619053280311,0
219.75817039764073,0.794868557931991,733.905274652871,930.8725976328662,0
220.1831368878687,0.7917090247143294,734.0365892983514,931.6561618708463,0
220.1831368878687,0.7875160592373402,734.0365892983514,932.6960173091396,0
220.1831368878687,0.7854238076731084,734.0365892983514,933.2148956970691,0
220.6148979004695,0.7843734507167297,734.1700034512451,933.475384222251,0
221.03327576294197,0.7838439128468757,734.2992822107491,933.6067096139749,0
221.03327576294197,0.7817516612826438,734.2992822107491,934.1255880019044,0
221.03327576294197,0.779129871848558,734.2992822107491,934.7757917815576,0
221.46503677554276,0.7775586958056546,734.4326963636427,935.1654434401977,0
221.46503677554276,0.7770291579358006,734.4326963636427,935.2967688319214,0
221.89000326577067,0.7796509473698865,734.5640110091231,934.6465650522681,0
221.89000326577067,0.7786090527620333,734.5640110091231,934.9049549150158,0
222.315175650616,0.7843734507167297,734.6953892760404,933.475384222251,0
222.315175650616,0.7812305857613153,734.6953892760404,934.2548147311938,0
222.315175650616,0.7807013043262652,734.6953892760404,934.3860765270863,0
222.7469366632168,0.7938097386270867,734.828803428934,931.1351848204826,0
222.7469366632168,0.7906671301064763,734.828803428934,931.914551733594,0
223.17190315344473,0.7938097386270867,734.9601180744144,931.1351848204826,0
223.17190315344473,0.7906671301064763,734.9601180744144,931.914551733594,0
223.17190315344473,0.7875160592373402,734.9601180744144,932.6960173091396,0
223.59707553829006,0.7869949837160117,735.0914963413315,932.8252440384291,0
223.59707553829006,0.786474164629487,735.0914963413315,932.9544071718872,0
224.02204202851803,0.7869949837160117,735.2228109868121,932.8252440384291,0
224.02204202851803,0.7838439128468757,735.2228109868121,933.6067096139749,0
224.02204202851803,0.779129871848558,735.2228109868121,934.7757917815576,0
224.44721441336333,0.7807013043262652,735.3541892537293,934.3860765270863,0
224.44721441336333,0.7786090527620333,735.3541892537293,934.9049549150158,0
224.44721441336333,0.776508338849276,735.3541892537293,935.4259319653796,0
224.8721809035913,0.779129871848558,735.4855038992097,934.7757917815576,0
224.8721809035913,0.7744076249365186,735.4855038992097,935.9469090157434,0
225.3039419161921,0.7780795148921793,735.6189180521034,935.0362803067395,0
225.3039419161921,0.7733657303286655,735.6189180521034,936.205298878491,0
225.3039419161921,0.7717942978509583,735.6189180521034,936.5950141329623,0
225.72231977866454,0.783323093760351,735.7481968116073,933.735872747433,0
225.72231977866454,0.7817516612826438,735.7481968116073,934.1255880019044,0
226.15408079126533,0.7828020182390225,735.881610964501,933.8650994767224,0
226.15408079126533,0.7807013043262652,735.881610964501,934.3860765270863,0
226.15408079126533,0.7775586958056546,735.881610964501,935.1654434401977,0
226.57904728149327,0.7749369063715689,736.0129256099814,935.8156472198509,0
226.57904728149327,0.7717942978509583,736.0129256099814,936.5950141329623,0
226.57904728149327,0.7686432269818223,736.0129256099814,937.3764797085081,0
227.0042196663386,0.7738865494151902,736.1443038768986,936.0761357450328,0
227.0042196663386,0.769693583938201,736.1443038768986,937.1159911833262,0
227.42918615656654,0.8001203427138843,736.2756185223791,929.5701550069567,0
227.42918615656654,0.7911882056278047,736.2756185223791,931.7853250043045,0
227.42918615656654,0.7817516612826438,736.2756185223791,934.1255880019044,0
227.86094716916733,0.8058847406685806,736.4090326752727,928.140584314192,0
227.86094716916733,0.804304845842348,736.4090326752727,928.5323982310977,0
228.28611955401266,0.7985407043224554,736.5404109421899,929.9619053280311,0
228.28611955401266,0.793288919540562,736.5404109421899,931.2643479539406,0
228.28611955401266,0.7911882056278047,736.5404109421899,931.7853250043045,0
228.7110860442406,0.7890956976287691,736.6717255876703,932.3042669880653,0
228.7110860442406,0.7854238076731084,736.6717255876703,933.2148956970691,0
229.13605253446855,0.7801802288049366,736.8030402331508,934.5153032563757,0
229.13605253446855,0.7770291579358006,736.8030402331508,935.2967688319214,0
229.13605253446855,0.775978800979422,736.8030402331508,935.5572573571034,0
229.56781354706933,0.7817516612826438,736.9364543860444,934.1255880019044,0
229.56781354706933,0.7801802288049366,736.9364543860444,934.5153032563757,0
229.56781354706933,0.7796509473698865,736.9364543860444,934.6465650522681,0
229.99298593191463,0.776508338849276,737.0678326529616,935.4259319653796,0
229.99298593191463,0.7754579818928973,737.0678326529616,935.6864204905614,0
230.42474694451542,0.7869949837160117,737.2012468058552,932.8252440384291,0
230.42474694451542,0.7822727368039724,737.2012468058552,933.9963612726149,0
230.42474694451542,0.7775586958056546,737.2012468058552,935.1654434401977,0
230.8431248069879,0.7985407043224554,737.3305255653593,929.9619053280311,0
230.8431248069879,0.7943474824106624,737.3305255653593,931.0018243621557,0
230.8431248069879,0.7906671301064763,737.3305255653593,931.914551733594,0
231.2748858195887,0.8058847406685806,737.4639397182528,928.140584314192,0
231.2748858195887,0.8032629512344948,737.4639397182528,928.7907880938453,0
231.69305778744382,0.8058847406685806,737.5931548563201,928.140584314192,0
231.69305778744382,0.804834383712202,737.5931548563201,928.4010728393739,0
231.69305778744382,0.8016833128430659,737.5931548563201,929.1825384149197,0
232.1248188000446,0.7959189148883696,737.7265690092138,930.6121091076843,0
232.1248188000446,0.7896167731500976,737.7265690092138,932.1750402587758,0
232.54999118488993,0.783323093760351,737.857947276131,933.735872747433,0
232.54999118488993,0.7801802288049366,737.857947276131,934.5153032563757,0
232.54999118488993,0.779129871848558,737.857947276131,934.7757917815576,0
232.9817521974907,0.7848942698032544,737.9913614290246,933.346221088793,0
232.9817521974907,0.7817516612826438,737.9913614290246,934.1255880019044,0
233.40013005996317,0.793288919540562,738.1206401885286,931.2643479539406,0
233.40013005996317,0.7911882056278047,738.1206401885286,931.7853250043045,0
233.40013005996317,0.7885664161937189,738.1206401885286,932.4355287839577,0
233.83189107256396,0.794868557931991,738.2540543414223,930.8725976328662,0
233.83189107256396,0.792759381670708,738.2540543414223,931.3956733456644,0
234.25685756279194,0.786474164629487,738.3853689869027,932.9544071718872,0
234.25685756279194,0.7796509473698865,738.3853689869027,934.6465650522681,0
234.68202994763723,0.7749369063715689,738.5167472538199,935.8156472198509,0
234.68202994763723,0.7733657303286655,738.5167472538199,936.205298878491,0
234.68202994763723,0.7723153733722868,738.5167472538199,936.4657874036728,0
235.11379096023802,0.7906671301064763,738.6501614067136,931.914551733594,0
235.11379096023802,0.7822727368039724,738.6501614067136,933.9963612726149,0
235.538757450466,0.8137498525360343,738.781476052194,926.1900365710635,0
235.538757450466,0.8079769922328125,738.781476052194,927.6217059262625,0
235.538757450466,0.7995910612788341,738.781476052194,929.7014168028492,0
235.96372394069394,0.8158505664487917,738.9127906976744,925.6690595206996,0
235.96372394069394,0.8137498525360343,738.9127906976744,926.1900365710635,0
235.96372394069394,0.8111280631019485,738.9127906976744,926.8402403507167,0
236.38889632553924,0.8069350976249593,739.0441689645916,927.88009578901,0
236.38889632553924,0.8053552027987266,739.0441689645916,928.2719097059158,0
236.81386281576718,0.8027336697994446,739.1754836100721,928.9220498897378,0
236.81386281576718,0.8011622373217374,739.1754836100721,929.3117651442091,0
236.81386281576718,0.7995910612788341,739.1754836100721,929.7014168028492,0
237.2390352006125,0.7974985532797985,739.3068618769893,930.22035878661,0
237.2390352006125,0.7959189148883696,739.3068618769893,930.6121091076843,0
237.6707962132133,0.7922385625841833,739.4402760298829,931.5248364791225,0
237.6707962132133,0.7869949837160117,739.4402760298829,932.8252440384291,0
237.6707962132133,0.779129871848558,739.4402760298829,934.7757917815576,0
238.08896818106842,0.7723153733722868,739.5694911679501,936.4657874036728,0
238.08896818106842,0.7670717945041151,739.5694911679501,937.7661949629794,0
238.08896818106842,0.7660214375477364,739.5694911679501,938.0266834881613,0
238.52093508828656,0.7670717945041151,739.7029689422806,937.7661949629794,0
238.52093508828656,0.7660214375477364,739.7029689422806,938.0266834881613,0
238.9459015785145,0.7712650164159082,739.834283587761,936.7262759288548,0
238.9459015785145,0.7681221514604938,739.834283587761,937.5057064377976,0
238.9459015785145,0.7670717945041151,739.834283587761,937.7661949629794,0
239.37086806874248,0.7817516612826438,739.9655982332414,934.1255880019044,0
239.37086806874248,0.775978800979422,739.9655982332414,935.5572573571034,0
239.79604045358778,0.794868557931991,740.0969765001586,930.8725976328662,0
239.79604045358778,0.7906671301064763,740.0969765001586,931.914551733594,0
239.79604045358778,0.7859446267596331,740.0969765001586,933.085732563611,0
240.22780146618854,0.7959189148883696,740.2303906530523,930.6121091076843,0
240.22780146618854,0.793288919540562,740.2303906530523,931.2643479539406,0
240.6527679564165,0.7880453406723904,740.3617052985327,932.5647555132472,0
240.6527679564165,0.7807013043262652,740.3617052985327,934.3860765270863,0
240.6527679564165,0.7754579818928973,740.3617052985327,935.6864204905614,0
241.0779403412618,0.7780795148921793,740.4930835654499,935.0362803067395,0
241.0779403412618,0.7770291579358006,740.4930835654499,935.2967688319214,0
241.0779403412618,0.7754579818928973,740.4930835654499,935.6864204905614,0
241.50290683148978,0.783323093760351,740.6243982109303,933.735872747433,0
241.50290683148978,0.7801802288049366,740.6243982109303,934.5153032563757,0
241.93466784409057,0.7943474824106624,740.757812363824,931.0018243621557,0
241.93466784409057,0.7938097386270867,740.757812363824,931.1351848204826,0
241.93466784409057,0.7890956976287691,740.757812363824,932.3042669880653,0
242.3598402289359,0.7911882056278047,740.8891906307412,931.7853250043045,0
242.3598402289359,0.7854238076731084,740.8891906307412,933.2148956970691,0
242.804984391665,0.7812305857613153,741.0267401770244,934.2548147311938,0
242.804984391665,0.7801802288049366,741.0267401770244,934.5153032563757,0
242.804984391665,0.7796509473698865,741.0267401770244,934.6465650522681,0
243.22336225413747,0.7828020182390225,741.1560189365284,933.8650994767224,0
243.22336225413747,0.7812305857613153,741.1560189365284,934.2548147311938,0
243.22336225413747,0.7796509473698865,741.1560189365284,934.6465650522681,0
243.65512326673826,0.7896167731500976,741.2894330894221,932.1750402587758,0
243.65512326673826,0.7869949837160117,741.2894330894221,932.8252440384291,0
244.08008975696617,0.7911882056278047,741.4207477349025,931.7853250043045,0
244.08008975696617,0.790137848671426,741.4207477349025,932.0458135294864,0
244.5120566641843,0.7890956976287691,741.5542255092329,932.3042669880653,0
244.5120566641843,0.7875160592373402,741.5542255092329,932.6960173091396,0
244.9370231544123,0.7848942698032544,741.6855401547134,933.346221088793,0
244.9370231544123,0.7828020182390225,741.6855401547134,933.8650994767224,0
245.36198964464023,0.7859446267596331,741.8168548001938,933.085732563611,0
245.36198964464023,0.7828020182390225,741.8168548001938,933.8650994767224,0
245.78716202948556,0.7943474824106624,741.948233067111,931.0018243621557,0
245.78716202948556,0.7922385625841833,741.948233067111,931.5248364791225,0
245.78716202948556,0.7885664161937189,741.948233067111,932.4355287839577,0
246.2121285197135,0.7922385625841833,742.0795477125914,931.5248364791225,0
246.2121285197135,0.7885664161937189,742.0795477125914,932.4355287839577,0
246.6438895323143,0.7838439128468757,742.2129618654851,933.6067096139749,0
246.6438895323143,0.779129871848558,742.2129618654851,934.7757917815576,0
246.6438895323143,0.776508338849276,742.2129618654851,935.4259319653796,0
247.06906191715962,0.7817516612826438,742.3443401324023,934.1255880019044,0
247.06906191715962,0.7807013043262652,742.3443401324023,934.3860765270863,0
247.06906191715962,0.779129871848558,742.3443401324023,934.7757917815576,0
247.49402840738753,0.7838439128468757,742.4756547778827,933.6067096139749,0
247.49402840738753,0.7817516612826438,742.4756547778827,934.1255880019044,0
247.9189948976155,0.7890956976287691,742.6069694233631,932.3042669880653,0
247.9189948976155,0.7875160592373402,742.6069694233631,932.6960173091396,0
248.3441672824608,0.7875160592373402,742.7383476902804,932.6960173091396,0
248.3441672824608,0.783323093760351,742.7383476902804,933.735872747433,0
248.76913377268878,0.7801802288049366,742.8696623357608,934.5153032563757,0
248.76913377268878,0.779129871848558,742.8696623357608,934.7757917815576,0
248.76913377268878,0.7786090527620333,742.8696623357608,934.9049549150158,0
249.20089478528956,0.7770291579358006,743.0030764886544,935.2967688319214,0
249.20089478528956,0.7749369063715689,743.0030764886544,935.8156472198509,0
249.20089478528956,0.7723153733722868,743.0030764886544,936.4657874036728,0
249.62606717013486,0.7707439408945796,743.1344547555716,936.8555026581442,0
249.62606717013486,0.7702146594595295,743.1344547555716,936.9867644540367,0
250.0510336603628,0.779129871848558,743.2657694010521,934.7757917815576,0
250.0510336603628,0.7754579818928973,743.2657694010521,935.6864204905614,0
250.0510336603628,0.7723153733722868,743.2657694010521,936.4657874036728,0
250.4760001505908,0.7843734507167297,743.3970840465325,933.475384222251,0
250.4760001505908,0.7822727368039724,743.3970840465325,933.9963612726149,0
250.9011725354361,0.790137848671426,743.5284623134497,932.0458135294864,0
250.9011725354361,0.7875160592373402,743.5284623134497,932.6960173091396,0
250.9011725354361,0.7859446267596331,743.5284623134497,933.085732563611,0
251.32613902566402,0.7922385625841833,743.6597769589301,931.5248364791225,0
251.32613902566402,0.7906671301064763,743.6597769589301,931.914551733594,0
251.7579000382648,0.7906671301064763,743.7931911118238,931.914551733594,0
251.7579000382648,0.790137848671426,743.7931911118238,932.0458135294864,0
252.18307242311016,0.7890956976287691,743.924569378741,932.3042669880653,0
252.18307242311016,0.7859446267596331,743.924569378741,933.085732563611,0
252.18307242311016,0.7817516612826438,743.924569378741,934.1255880019044,0
252.61483343571095,0.7801802288049366,744.0579835316347,934.5153032563757,0
252.61483343571095,0.7780795148921793,744.0579835316347,935.0362803067395,0
253.0332112981834,0.7770291579358006,744.1872622911386,935.2967688319214,0
253.0332112981834,0.7754579818928973,744.1872622911386,935.6864204905614,0
253.0332112981834,0.7733657303286655,744.1872622911386,936.205298878491,0
253.4649723107842,0.7754579818928973,744.3206764440323,935.6864204905614,0
253.4649723107842,0.7733657303286655,744.3206764440323,936.205298878491,0
253.88993880101214,0.7817516612826438,744.4519910895127,934.1255880019044,0
253.88993880101214,0.7796509473698865,744.4519910895127,934.6465650522681,0
254.32169981361292,0.7859446267596331,744.5854052424064,933.085732563611,0
254.32169981361292,0.7848942698032544,744.5854052424064,933.346221088793,0
254.32169981361292,0.7817516612826438,744.5854052424064,934.1255880019044,0
254.7400776760854,0.7838439128468757,744.7146840019103,933.6067096139749,0
254.7400776760854,0.7796509473698865,744.7146840019103,934.6465650522681,0
255.1718386886862,0.7812305857613153,744.848098154804,934.2548147311938,0
255.1718386886862,0.7775586958056546,744.848098154804,935.1654434401977,0
255.1718386886862,0.776508338849276,744.848098154804,935.4259319653796,0
255.59021655115865,0.786474164629487,744.977376914308,932.9544071718872,0
255.59021655115865,0.7848942698032544,744.977376914308,933.346221088793,0
256.02197756375944,0.7890956976287691,745.1107910672016,932.3042669880653,0
256.02197756375944,0.786474164629487,745.1107910672016,932.9544071718872,0
256.02197756375944,0.7859446267596331,745.1107910672016,933.085732563611,0
256.4469440539874,0.7917090247143294,745.2421057126821,931.6561618708463,0
256.4469440539874,0.7911882056278047,745.2421057126821,931.7853250043045,0
256.8787050665882,0.7906671301064763,745.3755198655757,931.914551733594,0
256.8787050665882,0.7885664161937189,745.3755198655757,932.4355287839577,0
256.8787050665882,0.7854238076731084,745.3755198655757,933.2148956970691,0
257.3038774514335,0.7843734507167297,745.5068981324929,933.475384222251,0
257.3038774514335,0.7817516612826438,745.5068981324929,934.1255880019044,0
257.72884394166147,0.7796509473698865,745.6382127779734,934.6465650522681,0
257.72884394166147,0.775978800979422,745.6382127779734,935.5572573571034,0
257.72884394166147,0.7733657303286655,745.6382127779734,936.205298878491,0
258.1538104318894,0.7712650164159082,745.7695274234538,936.7262759288548,0
258.1538104318894,0.7702146594595295,745.7695274234538,936.9867644540367,0
258.57898281673477,0.7686432269818223,745.900905690371,937.3764797085081,0
258.57898281673477,0.7681221514604938,745.900905690371,937.5057064377976,0
259.0039493069627,0.7691725084168725,746.0322203358514,937.2452179126157,0
259.0039493069627,0.7686432269818223,746.0322203358514,937.3764797085081,0
259.0039493069627,0.7675928700254436,746.0322203358514,937.63696823369,0
259.4357103195635,0.776508338849276,746.1656344887451,935.4259319653796,0
259.4357103195635,0.7723153733722868,746.1656344887451,936.4657874036728,0
259.86088270440877,0.7985407043224554,746.2970127556623,929.9619053280311,0
259.86088270440877,0.7922385625841833,746.2970127556623,931.5248364791225,0
259.86088270440877,0.7838439128468757,746.2970127556623,933.6067096139749,0
260.2858491946367,0.7985407043224554,746.4283274011427,929.9619053280311,0
260.2858491946367,0.7953978393670411,746.4283274011427,930.7413358369738,0
260.71102157948206,0.790137848671426,746.5597056680599,932.0458135294864,0
260.71102157948206,0.7869949837160117,746.5597056680599,932.8252440384291,0
260.71102157948206,0.7848942698032544,746.5597056680599,933.346221088793,0
261.13598806971,0.7869949837160117,746.6910203135403,932.8252440384291,0
261.13598806971,0.7843734507167297,746.6910203135403,933.475384222251,0
261.5677490823108,0.792759381670708,746.824434466434,931.3956733456644,0
261.5677490823108,0.7917090247143294,746.824434466434,931.6561618708463,0
261.5677490823108,0.7896167731500976,746.824434466434,932.1750402587758,0
261.9927155725387,0.7917090247143294,746.9557491119144,931.6561618708463,0
261.9927155725387,0.7885664161937189,746.9557491119144,932.4355287839577,0
262.4178879573841,0.7817516612826438,747.0871273788316,934.1255880019044,0
262.4178879573841,0.7744076249365186,747.0871273788316,935.9469090157434,0
262.4178879573841,0.7702146594595295,747.0871273788316,936.9867644540367,0
262.842854447612,0.7786090527620333,747.2184420243121,934.9049549150158,0
262.842854447612,0.7733657303286655,747.2184420243121,936.205298878491,0
262.842854447612,0.7691725084168725,747.2184420243121,937.2452179126157,0
263.26802683245734,0.786474164629487,747.3498202912293,932.9544071718872,0
263.26802683245734,0.7843734507167297,747.3498202912293,933.475384222251,0
263.69299332268525,0.786474164629487,747.4811349367097,932.9544071718872,0
263.69299332268525,0.7843734507167297,747.4811349367097,933.475384222251,0
263.69299332268525,0.7812305857613153,747.4811349367097,934.2548147311938,0
264.124754335286,0.7749369063715689,747.6145490896033,935.8156472198509,0
264.124754335286,0.7686432269818223,747.6145490896033,937.3764797085081,0
264.5499267201314,0.7633999045484544,747.7459273565206,938.6768236719834,0
264.5499267201314,0.760257296027844,747.7459273565206,939.4561905850948,0
264.5499267201314,0.75972775815799,747.7459273565206,939.5875159768185,0
264.98168773273215,0.7660214375477364,747.8793415094142,938.0266834881613,0
264.98168773273215,0.7618284720707473,747.8793415094142,939.0665389264547,0
265.3998597005873,0.7707439408945796,748.0085566474814,936.8555026581442,0
265.3998597005873,0.7691725084168725,748.0085566474814,937.2452179126157,0
265.3998597005873,0.7675928700254436,748.0085566474814,937.63696823369,0
265.83162071318804,0.7801802288049366,748.1419708003751,934.5153032563757,0
265.83162071318804,0.7754579818928973,748.1419708003751,935.6864204905614,0
266.25679309803337,0.7880453406723904,748.2733490672923,932.5647555132472,0
266.25679309803337,0.7848942698032544,748.2733490672923,933.346221088793,0
266.68855411063413,0.786474164629487,748.4067632201859,932.9544071718872,0
266.68855411063413,0.7828020182390225,748.4067632201859,933.8650994767224,0
266.68855411063413,0.7796509473698865,748.4067632201859,934.6465650522681,0
267.10693197310667,0.776508338849276,748.5360419796899,935.4259319653796,0
267.10693197310667,0.7738865494151902,748.5360419796899,936.0761357450328,0
267.5386929857074,0.7922385625841833,748.6694561325836,931.5248364791225,0
267.5386929857074,0.7828020182390225,748.6694561325836,933.8650994767224,0
267.5386929857074,0.7754579818928973,748.6694561325836,935.6864204905614,0
267.9568649535625,0.8022125942781161,748.7986712706509,929.0512766190272,0
267.9568649535625,0.7985407043224554,748.7986712706509,929.9619053280311,0
268.3886259661633,0.8016833128430659,748.9320854235444,929.1825384149197,0
268.3886259661633,0.8001203427138843,748.9320854235444,929.5701550069567,0
268.3886259661633,0.7964481963234198,748.9320854235444,930.4808473117919,0
268.81379835100864,0.7890956976287691,749.0634636904616,932.3042669880653,0
268.81379835100864,0.7812305857613153,749.0634636904616,934.2548147311938,0
269.24555936360946,0.7744076249365186,749.1968778433553,935.9469090157434,0
269.24555936360946,0.7707439408945796,749.1968778433553,936.8555026581442,0
269.6705258538374,0.7723153733722868,749.3281924888357,936.4657874036728,0
269.6705258538374,0.7712650164159082,749.3281924888357,936.7262759288548,0
270.0956982386827,0.7702146594595295,749.4595707557529,936.9867644540367,0
270.0956982386827,0.7675928700254436,749.4595707557529,937.63696823369,0
270.5206647289107,0.7639291859835047,749.5908854012333,938.5455618760909,0
270.5206647289107,0.75972775815799,749.5908854012333,939.5875159768185,0
270.5206647289107,0.7592069390714653,749.5908854012333,939.7166791102766,0
270.945837113756,0.7754579818928973,749.7222636681506,935.6864204905614,0
270.945837113756,0.7655006184612118,749.7222636681506,938.1558466216195,0
271.3708036039839,0.8032629512344948,749.853578313631,928.7907880938453,0
271.3708036039839,0.7959189148883696,749.853578313631,930.6121091076843,0
271.3708036039839,0.7859446267596331,749.853578313631,933.085732563611,0
271.8025646165847,0.8100777061455698,749.9869924665246,927.1007288758987,0
271.8025646165847,0.8085062736678627,749.9869924665246,927.4904441303701,0
272.22773700143,0.8053552027987266,750.1183707334418,928.2719097059158,0
272.22773700143,0.7959189148883696,750.1183707334418,930.6121091076843,0
272.22773700143,0.7812305857613153,750.1183707334418,934.2548147311938,0
272.652703491658,0.7670717945041151,750.2496853789223,937.7661949629794,0
272.652703491658,0.7576355065937581,750.2496853789223,940.106394364748,0
273.07766998188595,0.7571144310724296,750.3810000244027,940.2356210940375,0
273.07766998188595,0.7534425411167689,750.3810000244027,941.1462498030413,0
273.5028423667312,0.7633999045484544,750.5123782913199,938.6768236719834,0
273.5028423667312,0.762878829027126,750.5123782913199,938.8060504012727,0
273.5028423667312,0.7607781151143687,750.5123782913199,939.3270274516366,0
273.93460337933203,0.7660214375477364,750.6457924442136,938.0266834881613,0
273.93460337933203,0.7644502615048331,750.6457924442136,938.4163351468014,0
274.35956986955995,0.7702146594595295,750.777107089694,936.9867644540367,0
274.35956986955995,0.769693583938201,750.777107089694,937.1159911833262,0
274.35956986955995,0.7691725084168725,750.777107089694,937.2452179126157,0
274.7847422544053,0.7754579818928973,750.9084853566112,935.6864204905614,0
274.7847422544053,0.7702146594595295,750.9084853566112,936.9867644540367,0
275.20970874463325,0.7959189148883696,751.0398000020916,930.6121091076843,0
275.20970874463325,0.7943474824106624,751.0398000020916,931.0018243621557,0
275.20970874463325,0.7854238076731084,751.0398000020916,933.2148956970691,0
275.63467523486116,0.793288919540562,751.171114647572,931.2643479539406,0
275.63467523486116,0.7906671301064763,751.171114647572,931.914551733594,0
276.0598476197065,0.790137848671426,751.3024929144893,932.0458135294864,0
276.0598476197065,0.7896167731500976,751.3024929144893,932.1750402587758,0
276.0598476197065,0.7890956976287691,751.3024929144893,932.3042669880653,0
276.49160863230725,0.7875160592373402,751.4359070673829,932.6960173091396,0
276.49160863230725,0.7859446267596331,751.4359070673829,933.085732563611,0
276.49160863230725,0.7854238076731084,751.4359070673829,933.2148956970691,0
276.9165751225353,0.7953978393670411,751.5672217128633,930.7413358369738,0
276.9165751225353,0.790137848671426,751.5672217128633,932.0458135294864,0
277.34833613513604,0.7969692718447483,751.700635865757,930.3516205825024,0
277.34833613513604,0.794868557931991,751.700635865757,930.8725976328662,0
277.34833613513604,0.7896167731500976,751.700635865757,932.1750402587758,0
277.7667139976085,0.7838439128468757,751.829914625261,933.6067096139749,0
277.7667139976085,0.7775586958056546,751.829914625261,935.1654434401977,0
278.1984750102093,0.7707439408945796,751.9633287781546,936.8555026581442,0
278.1984750102093,0.7660214375477364,751.9633287781546,938.0266834881613,0
278.1984750102093,0.762878829027126,751.9633287781546,938.8060504012727,0
278.6236473950546,0.7670717945041151,752.0947070450718,937.7661949629794,0
278.6236473950546,0.7639291859835047,752.0947070450718,938.5455618760909,0
279.0554084076554,0.7807013043262652,752.2281211979655,934.3860765270863,0
279.0554084076554,0.776508338849276,752.2281211979655,935.4259319653796,0
279.0554084076554,0.7717942978509583,752.2281211979655,936.5950141329623,0
279.4735803755105,0.7859446267596331,752.3573363360327,933.085732563611,0
279.4735803755105,0.7843734507167297,752.3573363360327,933.475384222251,0
279.9053413881113,0.7859446267596331,752.4907504889263,933.085732563611,0
279.9053413881113,0.7828020182390225,752.4907504889263,933.8650994767224,0
279.9053413881113,0.775978800979422,752.4907504889263,935.5572573571034,0
280.3237192505838,0.7681221514604938,752.6200292484303,937.5057064377976,0
280.3237192505838,0.7633999045484544,752.6200292484303,938.6768236719834,0
280.7554802631846,0.7801802288049366,752.753443401324,934.5153032563757,0
280.7554802631846,0.7723153733722868,752.753443401324,936.4657874036728,0
280.7554802631846,0.7660214375477364,752.753443401324,938.0266834881613,0
281.1806526480299,0.7964481963234198,752.8848216682412,930.4808473117919,0
281.1806526480299,0.793288919540562,752.8848216682412,931.2643479539406,0
281.1806526480299,0.7869949837160117,752.8848216682412,932.8252440384291,0
281.6124136606307,0.7974985532797985,753.0182358211348,930.22035878661,0
281.6124136606307,0.793288919540562,753.0182358211348,931.2643479539406,0
282.0373801508586,0.783323093760351,753.1495504666153,933.735872747433,0
282.0373801508586,0.7707439408945796,753.1495504666153,936.8555026581442,0
282.0373801508586,0.7571144310724296,753.1495504666153,940.2356210940375,0
282.4625525357039,0.749249319204976,753.2809287335325,942.186168837166,0
282.4625525357039,0.7466277862056939,753.2809287335325,942.836309020988,0
282.8875190259319,0.7686432269818223,753.4122433790129,937.3764797085081,0
282.8875190259319,0.7586774012016113,753.4122433790129,939.8480045020004,0
282.8875190259319,0.7513418272040115,753.4122433790129,941.6672268534052,0
283.3124855161598,0.790137848671426,753.5435580244933,932.0458135294864,0
283.3124855161598,0.7807013043262652,753.5435580244933,934.3860765270863,0
283.74424652876064,0.7969692718447483,753.676972177387,930.3516205825024,0
283.74424652876064,0.7964481963234198,753.676972177387,930.4808473117919,0
283.74424652876064,0.7943474824106624,753.676972177387,931.0018243621557,0
284.1694189136059,0.7880453406723904,753.8083504443042,932.5647555132472,0
284.1694189136059,0.7817516612826438,753.8083504443042,934.1255880019044,0
284.5943854038339,0.7770291579358006,753.9396650897846,935.2967688319214,0
284.5943854038339,0.775978800979422,753.9396650897846,935.5572573571034,0
285.02614641643464,0.7775586958056546,754.0730792426783,935.1654434401977,0
285.4445242789071,0.7754579818928973,754.2023580021823,935.6864204905614,0
285.4445242789071,0.7723153733722868,754.2023580021823,936.4657874036728,0
285.4445242789071,0.766542513069065,754.2023580021823,937.897456758872,0
285.8694907691351,0.7618284720707473,754.3336726476628,939.0665389264547,0
285.8694907691351,0.7581565821150866,754.3336726476628,939.9771676354585,0
285.8694907691351,0.7571144310724296,754.3336726476628,940.2356210940375,0
286.3014576763532,0.7707439408945796,754.4671504219931,936.8555026581442,0
286.3014576763532,0.7607781151143687,754.4671504219931,939.3270274516366,0
286.7264241665812,0.8027336697994446,754.5984650674735,928.9220498897378,0
286.7264241665812,0.7953978393670411,754.5984650674735,930.7413358369738,0
286.7264241665812,0.7843734507167297,754.5984650674735,933.475384222251,0
287.15139065680916,0.804304845842348,754.729779712954,928.5323982310977,0
287.15139065680916,0.8022125942781161,754.729779712954,929.0512766190272,0
287.5765630416545,0.798019628801127,754.8611579798712,930.0911320573206,0
287.5765630416545,0.7922385625841833,754.8611579798712,931.5248364791225,0
287.5765630416545,0.7843734507167297,754.8611579798712,933.475384222251,0
288.0015295318824,0.7775586958056546,754.9924726253516,935.1654434401977,0
288.0015295318824,0.7712650164159082,754.9924726253516,936.7262759288548,0
288.0015295318824,0.7670717945041151,754.9924726253516,937.7661949629794,0
288.42649602211037,0.7655006184612118,755.123787270832,938.1558466216195,0
288.42649602211037,0.7644502615048331,755.123787270832,938.4163351468014,0
288.865051557084,0.7707439408945796,755.2593009311389,936.8555026581442,0
288.865051557084,0.7660214375477364,755.2593009311389,938.0266834881613,0
288.865051557084,0.7644502615048331,755.2593009311389,938.4163351468014,0
289.28342941955646,0.7822727368039724,755.3885796906429,933.9963612726149,0
289.28342941955646,0.7770291579358006,755.3885796906429,935.2967688319214,0
289.71519043215727,0.7885664161937189,755.5219938435366,932.4355287839577,0
289.71519043215727,0.7869949837160117,755.5219938435366,932.8252440384291,0
289.71519043215727,0.7859446267596331,755.5219938435366,933.085732563611,0
290.1335682946297,0.790137848671426,755.6512726030405,932.0458135294864,0
290.1335682946297,0.7896167731500976,755.6512726030405,932.1750402587758,0
290.5653293072305,0.7906671301064763,755.7846867559342,931.914551733594,0
290.5653293072305,0.790137848671426,755.7846867559342,932.0458135294864,0
290.5653293072305,0.7885664161937189,755.7846867559342,932.4355287839577,0
290.9902957974585,0.793288919540562,755.9160014014146,931.2643479539406,0
290.9902957974585,0.790137848671426,755.9160014014146,932.0458135294864,0
291.4220568100593,0.7943474824106624,756.0494155543083,931.0018243621557,0
291.4220568100593,0.7911882056278047,756.0494155543083,931.7853250043045,0
291.8404346725317,0.7885664161937189,756.1786943138122,932.4355287839577,0
291.8404346725317,0.786474164629487,756.1786943138122,932.9544071718872,0
292.27219568513254,0.786474164629487,756.3121084667059,932.9544071718872,0
292.27219568513254,0.7848942698032544,756.3121084667059,933.346221088793,0
292.690573547605,0.7875160592373402,756.4413872262099,932.6960173091396,0
292.690573547605,0.7859446267596331,756.4413872262099,933.085732563611,0
292.690573547605,0.783323093760351,756.4413872262099,933.735872747433,0
293.1223345602058,0.779129871848558,756.5748013791035,934.7757917815576,0
293.1223345602058,0.776508338849276,756.5748013791035,935.4259319653796,0
293.54730105043376,0.775978800979422,756.706116024584,935.5572573571034,0
293.54730105043376,0.7749369063715689,756.706116024584,935.8156472198509,0
293.54730105043376,0.7723153733722868,756.706116024584,936.4657874036728,0
293.97926795765187,0.7723153733722868,756.8395937989144,936.4657874036728,0
293.97926795765187,0.7707439408945796,756.8395937989144,936.8555026581442,0
294.40423444787984,0.7880453406723904,756.9709084443948,932.5647555132472,0
294.40423444787984,0.7828020182390225,756.9709084443948,933.8650994767224,0
294.40423444787984,0.7770291579358006,756.9709084443948,935.2967688319214,0
294.82920093810776,0.7917090247143294,757.1022230898753,931.6561618708463,0
294.82920093810776,0.7911882056278047,757.1022230898753,931.7853250043045,0
295.25437332295314,0.7969692718447483,757.2336013567925,930.3516205825024,0
295.25437332295314,0.7953978393670411,757.2336013567925,930.7413358369738,0
295.25437332295314,0.792759381670708,757.2336013567925,931.3956733456644,0
295.6861343355539,0.794868557931991,757.3670155096861,930.8725976328662,0
295.6861343355539,0.7875160592373402,757.3670155096861,932.6960173091396,0
296.1111008257819,0.7786090527620333,757.4983301551665,934.9049549150158,0
296.1111008257819,0.7707439408945796,757.4983301551665,936.8555026581442,0
296.1111008257819,0.7649710805913578,757.4983301551665,938.2871720133433,0
296.53627321062714,0.7728361924588115,757.6297084220838,936.3366242702148,0
296.53627321062714,0.7681221514604938,757.6297084220838,937.5057064377976,0
296.53627321062714,0.7639291859835047,757.6297084220838,938.5455618760909,0
296.96123970085506,0.7807013043262652,757.7610230675642,934.3860765270863,0
296.96123970085506,0.7775586958056546,757.7610230675642,935.1654434401977,0
297.3930007134559,0.793288919540562,757.8944372204578,931.2643479539406,0
297.3930007134559,0.7906671301064763,757.8944372204578,931.914551733594,0
297.3930007134559,0.7854238076731084,757.8944372204578,933.2148956970691,0
297.81137857592836,0.7906671301064763,758.0237159799618,931.914551733594,0
297.81137857592836,0.7859446267596331,758.0237159799618,933.085732563611,0
298.23634506615633,0.7817516612826438,758.1550306254422,934.1255880019044,0
298.23634506615633,0.7812305857613153,758.1550306254422,934.2548147311938,0
298.23634506615633,0.7796509473698865,758.1550306254422,934.6465650522681,0
298.6681060787571,0.786474164629487,758.2884447783359,932.9544071718872,0
298.6681060787571,0.7848942698032544,758.2884447783359,933.346221088793,0
299.0932784636025,0.786474164629487,758.4198230452531,932.9544071718872,0
299.0932784636025,0.7859446267596331,758.4198230452531,933.085732563611,0
299.0932784636025,0.7854238076731084,758.4198230452531,933.2148956970691,0
299.5182449538304,0.7848942698032544,758.5511376907335,933.346221088793,0
299.5182449538304,0.7843734507167297,758.5511376907335,933.475384222251,0
299.9432114440583,0.7880453406723904,758.682452336214,932.5647555132472,0
299.9432114440583,0.7859446267596331,758.682452336214,933.085732563611,0
300.36838382890363,0.790137848671426,758.8138306031312,932.0458135294864,0
300.36838382890363,0.7896167731500976,758.8138306031312,932.1750402587758,0
300.36838382890363,0.7880453406723904,758.8138306031312,932.5647555132472,0
300.7933503191316,0.7869949837160117,758.9451452486117,932.8252440384291,0
300.7933503191316,0.786474164629487,758.9451452486117,932.9544071718872,0
301.2319058541052,0.786474164629487,759.0806589089185,932.9544071718872,0
301.2319058541052,0.783323093760351,759.0806589089185,933.735872747433,0
301.2319058541052,0.7780795148921793,759.0806589089185,935.0362803067395,0
301.6502837165777,0.7728361924588115,759.2099376684225,936.3366242702148,0
301.6502837165777,0.7691725084168725,759.2099376684225,937.2452179126157,0
302.0820447291785,0.7675928700254436,759.3433518213161,937.63696823369,0
302.0820447291785,0.7655006184612118,759.3433518213161,938.1558466216195,0
302.0820447291785,0.7649710805913578,759.3433518213161,938.2871720133433,0
302.50042259165093,0.7670717945041151,759.4726305808201,937.7661949629794,0
302.50042259165093,0.7649710805913578,759.4726305808201,938.2871720133433,0
302.93218360425175,0.7796509473698865,759.6060447337138,934.6465650522681,0
302.93218360425175,0.776508338849276,759.6060447337138,935.4259319653796,0
302.93218360425175,0.7717942978509583,759.6060447337138,936.5950141329623,0
303.3571500944797,0.7796509473698865,759.7373593791942,934.6465650522681,0
303.7889111070805,0.7786090527620333,759.8707735320878,934.9049549150158,0
303.7889111070805,0.7775586958056546,759.8707735320878,935.1654434401977,0
303.7889111070805,0.7733657303286655,759.8707735320878,936.205298878491,0
304.20728896955296,0.7712650164159082,760.0000522915918,936.7262759288548,0
304.20728896955296,0.769693583938201,760.0000522915918,937.1159911833262,0
304.6390499821537,0.769693583938201,760.1334664444855,937.1159911833262,0
304.6390499821537,0.7691725084168725,760.1334664444855,937.2452179126157,0
305.05742784462626,0.7775586958056546,760.2627452039894,935.1654434401977,0
305.05742784462626,0.7744076249365186,760.2627452039894,935.9469090157434,0
305.05742784462626,0.7717942978509583,760.2627452039894,936.5950141329623,0
305.489188857227,0.779129871848558,760.3961593568831,934.7757917815576,0
305.914155347455,0.775978800979422,760.5274740023635,935.5572573571034,0
305.914155347455,0.7723153733722868,760.5274740023635,936.4657874036728,0
305.914155347455,0.7707439408945796,760.5274740023635,936.8555026581442,0
306.34591636005575,0.7707439408945796,760.6608881552572,936.8555026581442,0
306.7710887449011,0.7848942698032544,760.7922664221744,933.346221088793,0
306.7710887449011,0.7775586958056546,760.7922664221744,935.1654434401977,0
306.7710887449011,0.7723153733722868,760.7922664221744,936.4657874036728,0
307.19605523512905,0.7885664161937189,760.9235810676548,932.4355287839577,0
307.19605523512905,0.7880453406723904,760.9235810676548,932.5647555132472,0
307.19605523512905,0.7843734507167297,760.9235810676548,933.475384222251,0
307.62102172535697,0.7780795148921793,761.0548957131352,935.0362803067395,0
307.62102172535697,0.7733657303286655,761.0548957131352,936.205298878491,0
308.0461941102023,0.783323093760351,761.1862739800525,933.735872747433,0
308.0461941102023,0.7775586958056546,761.1862739800525,935.1654434401977,0
308.0461941102023,0.7733657303286655,761.1862739800525,936.205298878491,0
308.47795512280305,0.792759381670708,761.3196881329461,931.3956733456644,0
308.47795512280305,0.7890956976287691,761.3196881329461,932.3042669880653,0
308.902921613031,0.7964481963234198,761.4510027784265,930.4808473117919,0
308.902921613031,0.792759381670708,761.4510027784265,931.3956733456644,0
309.32809399787635,0.786474164629487,761.5823810453437,932.9544071718872,0
309.32809399787635,0.7775586958056546,761.5823810453437,935.1654434401977,0
309.75985501047717,0.7702146594595295,761.7157951982374,936.9867644540367,0
309.75985501047717,0.769693583938201,761.7157951982374,937.1159911833262,0
309.75985501047717,0.7670717945041151,761.7157951982374,937.7661949629794,0
310.1782328729496,0.7880453406723904,761.8450739577414,932.5647555132472,0
310.1782328729496,0.7786090527620333,761.8450739577414,934.9049549150158,0
310.60319936317757,0.7953978393670411,761.9763886032218,930.7413358369738,0
310.60319936317757,0.7938097386270867,761.9763886032218,931.1351848204826,0
311.0349603757783,0.7911882056278047,762.1098027561155,931.7853250043045,0
311.0349603757783,0.7875160592373402,762.1098027561155,932.6960173091396,0
311.4599268660063,0.7817516612826438,762.241117401596,934.1255880019044,0
311.4599268660063,0.7749369063715689,762.241117401596,935.8156472198509,0
311.4599268660063,0.7702146594595295,762.241117401596,936.9867644540367,0
311.8850992508516,0.7733657303286655,762.3724956685131,936.205298878491,0
311.8850992508516,0.769693583938201,762.3724956685131,937.1159911833262,0
311.8850992508516,0.7681221514604938,762.3724956685131,937.5057064377976,0
312.31006574107954,0.776508338849276,762.5038103139935,935.4259319653796,0
312.31006574107954,0.7754579818928973,762.5038103139935,935.6864204905614,0
312.75541579842604,0.7770291579358006,762.6414234817136,935.2967688319214,0
312.75541579842604,0.775978800979422,762.6414234817136,935.5572573571034,0
313.1735877662811,0.7770291579358006,762.7706386197808,935.2967688319214,0
313.1735877662811,0.7749369063715689,762.7706386197808,935.8156472198509,0
313.6055546734993,0.7744076249365186,762.9041163941113,935.9469090157434,0
313.6055546734993,0.7733657303286655,762.9041163941113,936.205298878491,0
313.6055546734993,0.7728361924588115,762.9041163941113,936.3366242702148,0
314.0237266413544,0.7733657303286655,763.0333315321785,936.205298878491,0
314.0237266413544,0.7707439408945796,763.0333315321785,936.8555026581442,0
314.4554876539552,0.7702146594595295,763.1667456850721,936.9867644540367,0
314.4554876539552,0.7686432269818223,763.1667456850721,937.3764797085081,0
314.4554876539552,0.7681221514604938,763.1667456850721,937.5057064377976,0
314.8806600388005,0.7723153733722868,763.2981239519893,936.4657874036728,0
314.8806600388005,0.7712650164159082,763.2981239519893,936.7262759288548,0
315.31242105140126,0.7812305857613153,763.431538104883,934.2548147311938,0
315.31242105140126,0.7770291579358006,763.431538104883,935.2967688319214,0
315.31242105140126,0.7738865494151902,763.431538104883,936.0761357450328,0
315.73738754162923,0.786474164629487,763.5628527503634,932.9544071718872,0
315.73738754162923,0.7859446267596331,763.5628527503634,933.085732563611,0
316.16255992647456,0.7890956976287691,763.6942310172806,932.3042669880653,0
316.16255992647456,0.7859446267596331,763.6942310172806,933.085732563611,0
316.58752641670253,0.7906671301064763,763.8255456627611,931.914551733594,0
316.58752641670253,0.7890956976287691,763.8255456627611,932.3042669880653,0
317.01249290693045,0.7854238076731084,763.9568603082415,933.2148956970691,0
317.01249290693045,0.7801802288049366,763.9568603082415,934.5153032563757,0
317.01249290693045,0.7733657303286655,763.9568603082415,936.205298878491,0
317.4444598141486,0.7660214375477364,764.0903380825719,938.0266834881613,0
317.4444598141486,0.760257296027844,764.0903380825719,939.4561905850948,0
317.86942630437653,0.7560640741160509,764.2216527280523,940.4961096192194,0
317.86942630437653,0.7529130032469149,764.2216527280523,941.2775751947651,0
317.86942630437653,0.7523921841603902,764.2216527280523,941.4067383282232,0
318.2943927946045,0.7691725084168725,764.3529673735328,937.2452179126157,0
318.2943927946045,0.762878829027126,764.3529673735328,938.8060504012727,0
318.2943927946045,0.7565851496373794,764.3529673735328,940.3668828899299,0
318.71956517944983,0.7754579818928973,764.48434564045,935.6864204905614,0
318.71956517944983,0.7738865494151902,764.48434564045,936.0761357450328,0
319.14453166967775,0.7738865494151902,764.6156602859304,936.0761357450328,0
319.14453166967775,0.7707439408945796,764.6156602859304,936.8555026581442,0
319.14453166967775,0.7686432269818223,764.6156602859304,937.3764797085081,0
319.57629268227856,0.7723153733722868,764.7490744388241,936.4657874036728,0
319.57629268227856,0.769693583938201,764.7490744388241,937.1159911833262,0
320.00146506712383,0.7775586958056546,764.8804527057413,935.1654434401977,0
320.00146506712383,0.7749369063715689,764.8804527057413,935.8156472198509,0
320.00146506712383,0.7738865494151902,764.8804527057413,936.0761357450328,0
320.43322607972465,0.786474164629487,765.0138668586349,932.9544071718872,0
320.43322607972465,0.7828020182390225,765.0138668586349,933.8650994767224,0
320.8513980475798,0.786474164629487,765.1430819967021,932.9544071718872,0
320.8513980475798,0.7828020182390225,765.1430819967021,933.8650994767224,0
320.8513980475798,0.776508338849276,765.1430819967021,935.4259319653796,0
321.28336495479795,0.7712650164159082,765.2765597710326,936.7262759288548,0
321.28336495479795,0.7681221514604938,765.2765597710326,937.5057064377976,0
321.701536922653,0.776508338849276,765.4057749090998,935.4259319653796,0
321.701536922653,0.7733657303286655,765.4057749090998,936.205298878491,0
321.701536922653,0.769693583938201,765.4057749090998,937.1159911833262,0
322.1332979352538,0.7854238076731084,765.5391890619934,933.2148956970691,0
322.1332979352538,0.7807013043262652,765.5391890619934,934.3860765270863,0
322.55847032009916,0.7911882056278047,765.6705673289106,931.7853250043045,0
322.55847032009916,0.790137848671426,765.6705673289106,932.0458135294864,0
322.55847032009916,0.7869949837160117,765.6705673289106,932.8252440384291,0
322.9834368103271,0.7796509473698865,765.801881974391,934.6465650522681,0
322.9834368103271,0.7712650164159082,765.801881974391,936.7262759288548,0
323.4086091951724,0.7639291859835047,765.9332602413083,938.5455618760909,0
323.4086091951724,0.7592069390714653,765.9332602413083,939.7166791102766,0
323.4086091951724,0.7576355065937581,765.9332602413083,940.106394364748,0
323.8335756854003,0.7691725084168725,766.0645748867887,937.2452179126157,0
323.8335756854003,0.7623495475920757,766.0645748867887,938.9373121971652,0
324.26533669800114,0.7859446267596331,766.1979890396823,933.085732563611,0
324.26533669800114,0.783323093760351,766.1979890396823,933.735872747433,0
324.26533669800114,0.7770291579358006,766.1979890396823,935.2967688319214,0
324.6903031882291,0.7848942698032544,766.3293036851628,933.346221088793,0
324.6903031882291,0.7828020182390225,766.3293036851628,933.8650994767224,0
324.6903031882291,0.7786090527620333,766.3293036851628,934.9049549150158,0
325.1222700954473,0.7749369063715689,766.4627814594932,935.8156472198509,0
325.1222700954473,0.7712650164159082,766.4627814594932,936.7262759288548,0
325.54044206330235,0.7717942978509583,766.5919965975604,936.5950141329623,0
325.54044206330235,0.7681221514604938,766.5919965975604,937.5057064377976,0
325.54044206330235,0.7675928700254436,766.5919965975604,937.63696823369,0
325.9722030759031,0.7801802288049366,766.7254107504541,934.5153032563757,0
325.9722030759031,0.7775586958056546,766.7254107504541,935.1654434401977,0
326.39058093837565,0.7807013043262652,766.854689509958,934.3860765270863,0
326.39058093837565,0.7796509473698865,766.854689509958,934.6465650522681,0
326.39058093837565,0.7780795148921793,766.854689509958,935.0362803067395,0
326.8223419509764,0.775978800979422,766.9881036628517,935.5572573571034,0
326.8223419509764,0.7728361924588115,766.9881036628517,936.3366242702148,0
327.2473084412044,0.769693583938201,767.1194183083321,937.1159911833262,0
327.2473084412044,0.7655006184612118,767.1194183083321,938.1558466216195,0
327.2473084412044,0.7649710805913578,767.1194183083321,938.2871720133433,0
327.6792753484225,0.769693583938201,767.2528960826626,937.1159911833262,0
327.6792753484225,0.7660214375477364,767.2528960826626,938.0266834881613,0
328.10424183865047,0.7717942978509583,767.384210728143,936.5950141329623,0
328.10424183865047,0.7712650164159082,767.384210728143,936.7262759288548,0
328.52920832887844,0.7712650164159082,767.5155253736234,936.7262759288548,0
328.52920832887844,0.7707439408945796,767.5155253736234,936.8555026581442,0
328.52920832887844,0.7702146594595295,767.5155253736234,936.9867644540367,0
328.95438071372376,0.775978800979422,767.6469036405406,935.5572573571034,0
328.95438071372376,0.7728361924588115,767.6469036405406,936.3366242702148,0
329.3861417263245,0.7854238076731084,767.7803177934343,933.2148956970691,0
329.3861417263245,0.7828020182390225,767.7803177934343,933.8650994767224,0
329.3861417263245,0.7796509473698865,767.7803177934343,934.6465650522681,0
329.81110821655244,0.7880453406723904,767.9116324389147,932.5647555132472,0
329.81110821655244,0.7869949837160117,767.9116324389147,932.8252440384291,0
330.23628060139777,0.7890956976287691,768.0430107058319,932.3042669880653,0
330.23628060139777,0.7885664161937189,768.0430107058319,932.4355287839577,0
330.23628060139777,0.7854238076731084,768.0430107058319,933.2148956970691,0
330.66124709162574,0.779129871848558,768.1743253513123,934.7757917815576,0
330.66124709162574,0.7744076249365186,768.1743253513123,935.9469090157434,0
331.08641947647106,0.7733657303286655,768.3057036182295,936.205298878491,0
331.08641947647106,0.7728361924588115,768.3057036182295,936.3366242702148,0
331.511385966699,0.7712650164159082,768.43701826371,936.7262759288548,0
331.511385966699,0.7681221514604938,768.43701826371,937.5057064377976,0
331.51200365055104,0.768120612851671,768.4372091280203,937.5060880127857,0
331.93697014077907,0.7723135783286602,768.5685237735007,936.4662325744923,0
331.93697014077907,0.7686416883729995,768.5685237735007,937.3768612834962,0
331.93697014077907,0.7665491803739638,768.5685237735007,937.895803267257,0
332.3689370479972,0.7723135783286602,768.7020015478311,936.4662325744923,0
332.3689370479972,0.7691709698080497,768.7020015478311,937.2455994876037,0
332.79390353822515,0.764969541982535,768.8333161933116,938.2875535883313,0
332.79390353822515,0.7623477525484491,768.8333161933116,938.9377573679847,0
333.21887002845307,0.7691709698080497,768.964630838792,937.2455994876037,0
333.21887002845307,0.7654988234175851,768.964630838792,938.1562917924389,0
333.6440424132984,0.7786072577184067,769.0960091057092,934.9054000858351,0
333.6440424132984,0.774935367762746,769.0960091057092,935.816028794839,0
333.6440424132984,0.771271683720807,769.0960091057092,936.7246224372399,0
334.06900890352637,0.7833212987167244,769.2273237511896,933.7363179182523,0
334.06900890352637,0.7828004796301997,769.2273237511896,933.8654810517105,0
334.06900890352637,0.7807079716311641,769.2273237511896,934.3844230354713,0
334.5007699161271,0.7759857247191246,769.3607379040833,935.5555402696571,0
334.5007699161271,0.7702213267644283,769.3607379040833,936.9851109624218,0
334.92594230097245,0.764969541982535,769.4921161710005,938.2875535883313,0
334.92594230097245,0.7628772904183031,769.4921161710005,938.8064319762608,0
334.92594230097245,0.7623477525484491,769.4921161710005,938.9377573679847,0
335.35090879120037,0.771271683720807,769.6234308164809,936.7246224372399,0
335.35090879120037,0.7665491803739638,769.6234308164809,937.895803267257,0
335.77587528142834,0.7786072577184067,769.7547454619613,934.9054000858351,0
335.77587528142834,0.7754646491977962,769.7547454619613,935.6847669989465,0
336.20104766627367,0.7770360816755033,769.8861237288785,935.2950517444751,0
336.20104766627367,0.774935367762746,769.8861237288785,935.816028794839,0
336.6328086788745,0.7707424022857569,770.0195378817722,936.8558842331323,0
336.6328086788745,0.7675995373303425,770.0195378817722,937.635314742075,0
336.6328086788745,0.7665491803739638,770.0195378817722,937.895803267257,0
337.0577751691024,0.7707424022857569,770.1508525272526,936.8558842331323,0
337.0577751691024,0.768120612851671,770.1508525272526,937.5060880127857,0
337.4895361817032,0.781750122673821,770.2842666801463,934.1259695768924,0
337.4895361817032,0.7786072577184067,770.2842666801463,934.9054000858351,0
337.4895361817032,0.774935367762746,770.2842666801463,935.816028794839,0
337.90791404417564,0.7828004796301997,770.4135454396503,933.8654810517105,0
338.3396750567764,0.7807079716311641,770.5469595925439,934.3844230354713,0
338.3396750567764,0.777556900762028,770.5469595925439,935.1658886110171,0
338.3396750567764,0.7738850108063673,770.5469595925439,936.0765173200209,0
338.75805291924894,0.7702213267644283,770.6762383520479,936.9851109624218,0
338.75805291924894,0.768120612851671,770.6762383520479,937.5060880127857,0
338.75805291924894,0.7675995373303425,770.6762383520479,937.635314742075,0
339.1898139318497,0.7691709698080497,770.8096525049415,937.2455994876037,0
339.6147804220777,0.7686416883729995,770.940967150422,937.3768612834962,0
339.6147804220777,0.7670702558952923,770.940967150422,937.7665765379675,0
340.0467473292958,0.7665491803739638,771.0744449247524,937.895803267257,0
340.46491929715097,0.7670702558952923,771.2036600628196,937.7665765379675,0
340.46491929715097,0.7665491803739638,771.2036600628196,937.895803267257,0
340.89668030975173,0.7754646491977962,771.3370742157133,935.6847669989465,0
340.89668030975173,0.7696920453293782,771.3370742157133,937.1163727583142,0
341.32185269459706,0.7828004796301997,771.4684524826305,933.8654810517105,0
341.32185269459706,0.7812290471524925,771.4684524826305,934.2551963061818,0
341.32185269459706,0.7801786901961139,771.4684524826305,934.5156848313637,0
341.7536137071978,0.7765065438056493,771.6018666355241,935.426377136199,0
341.7536137071978,0.7696920453293782,771.6018666355241,937.1163727583142,0
342.17858019742573,0.7633981095048278,771.7331812810046,938.6772688428027,0
342.17858019742573,0.75815478707146,771.7331812810046,939.977612806278,0
342.17858019742573,0.7544828971157993,771.7331812810046,940.8882415152818,0
342.6037525822711,0.7513400321603849,771.8645595479218,941.6676720242245,0
343.02871907249903,0.7654988234175851,771.9958741934022,938.1562917924389,0
343.02871907249903,0.7607765765055458,771.9958741934022,939.3274090266247,0
343.02871907249903,0.7550121785508495,771.9958741934022,940.7569797193894,0
343.453685562727,0.7717927592421355,772.1271888388826,936.5953957079504,0
343.453685562727,0.7691709698080497,772.1271888388826,937.2455994876037,0
343.87885794757227,0.7723135783286602,772.2585671057998,936.4662325744923,0
343.87885794757227,0.7696920453293782,772.2585671057998,937.1163727583142,0
343.87885794757227,0.7660198989389136,772.2585671057998,938.0270650631494,0
344.3038244378003,0.7633981095048278,772.3898817512802,938.6772688428027,0
344.3038244378003,0.7628772904183031,772.3898817512802,938.8064319762608,0
344.73558545040106,0.7733639352850389,772.5232959041739,936.2057440493104,0
344.73558545040106,0.7717927592421355,772.5232959041739,936.5953957079504,0
344.73558545040106,0.7670702558952923,772.5232959041739,937.7665765379675,0
345.16075783524633,0.7717927592421355,772.6546741710911,936.5953957079504,0
345.16075783524633,0.7670702558952923,772.6546741710911,937.7665765379675,0
345.16075783524633,0.7633981095048278,772.6546741710911,938.6772688428027,0
345.5857243254743,0.7597262195491671,772.7859888165715,939.5878975518066,0
345.5857243254743,0.7550121785508495,772.7859888165715,940.7569797193894,0
346.0106908157022,0.7497688561174816,772.917303462052,942.0573236828645,0
346.0106908157022,0.7450463527706384,772.917303462052,943.2285045128817,0
346.0106908157022,0.7439959958142597,772.917303462052,943.4889930380637,0
346.4358632005476,0.7529114646380921,773.0486817289692,941.2779567697531,0
346.4358632005476,0.7476681422047242,773.0486817289692,942.5783007332284,0
346.8608296907755,0.7675995373303425,773.1799963744496,937.635314742075,0
346.8608296907755,0.764969541982535,773.1799963744496,938.2875535883313,0
346.8608296907755,0.7592051440278387,773.1799963744496,939.7171242810961,0
347.29259070337633,0.768120612851671,773.3134105273433,937.5060880127857,0
347.29259070337633,0.7660198989389136,773.3134105273433,938.0270650631494,0
347.7177630882216,0.764969541982535,773.4447887942605,938.2875535883313,0
347.7177630882216,0.7644484664612065,773.4447887942605,938.4167803176208,0
347.7177630882216,0.7639276473746818,773.4447887942605,938.5459434510789,0
348.14272957844963,0.7644484664612065,773.5761034397409,938.4167803176208,0
348.14272957844963,0.7633981095048278,773.5761034397409,938.6772688428027,0
348.5679019632949,0.771271683720807,773.7074817066581,936.7246224372399,0
348.5679019632949,0.768120612851671,773.7074817066581,937.5060880127857,0
348.5679019632949,0.7654988234175851,773.7074817066581,938.1562917924389,0
348.99966297589566,0.7738850108063673,773.8408958595518,936.0765173200209,0
348.99966297589566,0.7728431161985142,773.8408958595518,936.3349071827685,0
349.42462946612363,0.7707424022857569,773.9722105050322,936.8558842331323,0
349.42462946612363,0.7660198989389136,773.9722105050322,938.0270650631494,0
349.42462946612363,0.7602555009842173,773.9722105050322,939.4566357559141,0
349.8563904787244,0.7544828971157993,774.1056246579258,940.8882415152818,0
349.8563904787244,0.7518611076817134,774.1056246579258,941.5384452949351,0
350.27476834119693,0.7539618215944708,774.2349034174298,941.0174682445712,0
350.27476834119693,0.7523903891167636,774.2349034174298,941.4071834990426,0
350.27476834119693,0.7513400321603849,774.2349034174298,941.6676720242245,0
350.7065293537977,0.75815478707146,774.3683175703235,939.977612806278,0
350.7065293537977,0.7565836110285566,774.3683175703235,940.367264464918,0
351.1249072162702,0.7654988234175851,774.4975963298275,938.1562917924389,0
351.1249072162702,0.7628772904183031,774.4975963298275,938.8064319762608,0
351.1249072162702,0.7607765765055458,774.4975963298275,939.3274090266247,0
351.55666822887093,0.7696920453293782,774.6310104827211,937.1163727583142,0
351.55666822887093,0.7670702558952923,774.6310104827211,937.7665765379675,0
351.9816347190989,0.7717927592421355,774.7623251282015,936.5953957079504,0
351.9816347190989,0.7707424022857569,774.7623251282015,936.8558842331323,0
351.9816347190989,0.7702213267644283,774.7623251282015,936.9851109624218,0
352.41339573169967,0.768120612851671,774.8957392810952,937.5060880127857,0
352.41339573169967,0.764969541982535,774.8957392810952,938.2875535883313,0
352.41339573169967,0.7597262195491671,774.8957392810952,939.5878975518066,0
352.83177359417215,0.7513400321603849,775.0250180405992,941.6676720242245,0
352.83177359417215,0.7450463527706384,775.0250180405992,943.2285045128817,0
353.26353460677296,0.7523903891167636,775.1584321934928,941.4071834990426,0
353.26353460677296,0.7439959958142597,775.1584321934928,943.4889930380637,0
353.26353460677296,0.7413826687286994,775.1584321934928,944.1370981552826,0
353.6885010970009,0.7696920453293782,775.2897468389732,937.1163727583142,0
353.6885010970009,0.761305857940596,775.2897468389732,939.1961472307322,0
354.12046800421905,0.7796576146747853,775.4232246133037,934.6449115606532,0
354.12046800421905,0.777556900762028,775.4232246133037,935.1658886110171,0
354.12046800421905,0.7744142922414176,775.4232246133037,935.9452555241285,0
354.54543449444697,0.7786072577184067,775.5545392587841,934.9054000858351,0
354.54543449444697,0.7733639352850389,775.5545392587841,936.2057440493104,0
354.970400984675,0.7654988234175851,775.6858539042645,938.1562917924389,0
354.970400984675,0.7586758625927884,775.6858539042645,939.8483860769885,0
354.970400984675,0.7544828971157993,775.6858539042645,940.8882415152818,0
355.39557336952026,0.7550121785508495,775.8172321711818,940.7569797193894,0
355.39557336952026,0.7534407460731423,775.8172321711818,941.1466949738607,0
355.8205398597482,0.7602555009842173,775.9485468166622,939.4566357559141,0
355.8205398597482,0.7586758625927884,775.9485468166622,939.8483860769885,0
355.8205398597482,0.7576339679849353,775.9485468166622,940.106775939736,0
356.24550634997615,0.7675995373303425,776.0798614621426,937.635314742075,0
356.24550634997615,0.7633981095048278,776.0798614621426,938.6772688428027,0
356.6706787348215,0.7696920453293782,776.2112397290598,937.1163727583142,0
356.6706787348215,0.7675995373303425,776.2112397290598,937.635314742075,0
356.6706787348215,0.7618269334619244,776.2112397290598,939.0669205014427,0
357.1024397474223,0.755533254072178,776.3446538819535,940.6277529900999,0
357.1024397474223,0.7508107507253348,776.3446538819535,941.798933820117,0
357.5274062376502,0.7487184991611029,776.4759685274339,942.3178122080465,0
357.5274062376502,0.7466259911620673,776.4759685274339,942.8367541918074,0
357.95257862249554,0.7476681422047242,776.6073467943511,942.5783007332284,0
357.95257862249554,0.7450463527706384,776.6073467943511,943.2285045128817,0
357.95257862249554,0.74452527724931,776.6073467943511,943.3577312421711,0
358.3775451127235,0.7565836110285566,776.7386614398315,940.367264464918,0
358.3775451127235,0.7523903891167636,776.7386614398315,941.4071834990426,0
358.80271749756884,0.75815478707146,776.8700397067487,939.977612806278,0
358.80271749756884,0.7576339679849353,776.8700397067487,940.106775939736,0
359.22768398779675,0.75815478707146,777.0013543522292,939.977612806278,0
359.22768398779675,0.7571128924636068,777.0013543522292,940.2360026690255,0
359.22768398779675,0.7565836110285566,777.0013543522292,940.367264464918,0
359.6594450003975,0.7628772904183031,777.1347685051228,938.8064319762608,0
359.6594450003975,0.7607765765055458,777.1347685051228,939.3274090266247,0
359.6594450003975,0.7576339679849353,777.1347685051228,940.106775939736,0
360.0844114906255,0.7623477525484491,777.2660831506032,938.9377573679847,0
360.0844114906255,0.7592051440278387,777.2660831506032,939.7171242810961,0
360.5095838754708,0.75815478707146,777.3974614175205,939.977612806278,0
360.5095838754708,0.7576339679849353,777.3974614175205,940.106775939736,0
360.5095838754708,0.7571128924636068,777.3974614175205,940.2360026690255,0
360.9345503656988,0.7607765765055458,777.5287760630009,939.3274090266247,0
360.9345503656988,0.7597262195491671,777.5287760630009,939.5878975518066,0
361.36631137829954,0.75815478707146,777.6621902158945,939.977612806278,0
361.36631137829954,0.7560625355072281,777.6621902158945,940.4964911942075,0
361.36631137829954,0.7550121785508495,777.6621902158945,940.7569797193894,0
361.79148376314487,0.7665491803739638,777.7935684828117,937.895803267257,0
361.79148376314487,0.7639276473746818,777.7935684828117,938.5459434510789,0
362.2232447757456,0.764969541982535,777.9269826357054,938.2875535883313,0
362.2232447757456,0.7607765765055458,777.9269826357054,939.3274090266247,0
362.2232447757456,0.7571128924636068,777.9269826357054,940.2360026690255,0
362.64162263821817,0.7550121785508495,778.0562613952094,940.7569797193894,0
363.0733836508189,0.7539618215944708,778.189675548103,941.0174682445712,0
363.0733836508189,0.7513400321603849,778.189675548103,941.6676720242245,0
363.0733836508189,0.7508107507253348,778.189675548103,941.798933820117,0
363.491555618674,0.7539618215944708,778.3188906861702,941.0174682445712,0
363.491555618674,0.7508107507253348,778.3188906861702,941.798933820117,0
363.9233166312748,0.761305857940596,778.4523048390639,939.1961472307322,0
363.9233166312748,0.7586758625927884,778.4523048390639,939.8483860769885,0
363.9233166312748,0.7565836110285566,778.4523048390639,940.367264464918,0
364.3484890161201,0.7644484664612065,778.5836831059811,938.4167803176208,0
364.3484890161201,0.7628772904183031,778.5836831059811,938.8064319762608,0
364.7802500287209,0.7660198989389136,778.7170972588748,938.0270650631494,0
364.7802500287209,0.7654988234175851,778.7170972588748,938.1562917924389,0
364.7802500287209,0.7628772904183031,778.7170972588748,938.8064319762608,0
365.1986278911934,0.7602555009842173,778.8463760183787,939.4566357559141,0
365.1986278911934,0.7571128924636068,778.8463760183787,940.2360026690255,0
365.6303889037942,0.7550121785508495,778.9797901712724,940.7569797193894,0
365.6303889037942,0.7518611076817134,778.9797901712724,941.5384452949351,0
365.6303889037942,0.7492477805961532,778.9797901712724,942.186550412154,0
366.0553553940221,0.7513400321603849,779.1111048167528,941.6676720242245,0
366.0553553940221,0.7497688561174816,779.1111048167528,942.0573236828645,0
366.0553553940221,0.7492477805961532,779.1111048167528,942.186550412154,0
366.48711640662293,0.7576339679849353,779.2445189696465,940.106775939736,0
366.48711640662293,0.7544828971157993,779.2445189696465,940.8882415152818,0
366.91228879146826,0.764969541982535,779.3758972365637,938.2875535883313,0
366.91228879146826,0.7639276473746818,779.3758972365637,938.5459434510789,0
366.91228879146826,0.7618269334619244,779.3758972365637,939.0669205014427,0
367.3372552816962,0.7639276473746818,779.5072118820441,938.5459434510789,0
367.3372552816962,0.761305857940596,779.5072118820441,939.1961472307322,0
367.76222177192415,0.75815478707146,779.6385265275245,939.977612806278,0
367.76222177192415,0.755533254072178,779.6385265275245,940.6277529900999,0
368.1873941567694,0.761305857940596,779.7699047944417,939.1961472307322,0
368.1873941567694,0.7576339679849353,779.7699047944417,940.106775939736,0
368.61236064699744,0.7665491803739638,779.9012194399222,937.895803267257,0
368.61236064699744,0.7644484664612065,779.9012194399222,938.4167803176208,0
369.0375330318427,0.764969541982535,780.0325977068394,938.2875535883313,0
369.0375330318427,0.7597262195491671,780.0325977068394,939.5878975518066,0
369.46929404444353,0.7539618215944708,780.166011859733,941.0174682445712,0
369.46929404444353,0.7455756342056886,780.166011859733,943.0972427169893,0
369.46929404444353,0.7361393462953315,780.166011859733,945.4374421187578,0
369.89426053467145,0.7287783852521553,780.2973265052135,947.2629604574655,0
369.89426053467145,0.7271987468607265,780.2973265052135,947.6547107785399,0
370.31943291951677,0.7377107787730387,780.4287047721307,945.0477268642865,0
370.31943291951677,0.7329882754261955,780.4287047721307,946.2189076943035,0
370.31943291951677,0.7287783852521553,780.4287047721307,947.2629604574655,0
370.74439940974474,0.7487184991611029,780.5600194176111,942.3178122080465,0
370.74439940974474,0.7413826687286994,780.5600194176111,944.1370981552826,0
371.1761604223455,0.7696920453293782,780.6934335705047,937.1163727583142,0
371.1761604223455,0.764969541982535,780.6934335705047,938.2875535883313,0
371.1761604223455,0.7565836110285566,780.6934335705047,940.367264464918,0
371.6011269125735,0.7691709698080497,780.8247482159852,937.2455994876037,0
371.6011269125735,0.7654988234175851,780.8247482159852,938.1562917924389,0
372.02629929741875,0.7618269334619244,780.9561264829024,939.0669205014427,0
372.02629929741875,0.7597262195491671,780.9561264829024,939.5878975518066,0
372.02629929741875,0.7550121785508495,780.9561264829024,940.7569797193894,0
372.4512657876467,0.7492477805961532,781.0874411283828,942.186550412154,0
372.4512657876467,0.7424245633365526,781.0874411283828,943.878708292535,0
372.87643817249204,0.7424245633365526,781.2188193953,943.878708292535,0
372.87643817249204,0.7413826687286994,781.2188193953,944.1370981552826,0
372.87643817249204,0.7403323117723207,781.2188193953,944.3975866804644,0
373.30140466272,0.7419037442500279,781.3501340407804,944.0078714259931,0
373.30140466272,0.7398030303372706,781.3501340407804,944.5288484763569,0
373.7331656753208,0.7371812409031847,781.4835481936741,945.1790522560102,0
373.7331656753208,0.7361393462953315,781.4835481936741,945.4374421187578,0
373.7331656753208,0.7350889893389528,781.4835481936741,945.6979306439397,0
374.1583380601661,0.73666042181666,781.6149264605913,945.3082153894683,0
374.1583380601661,0.7361393462953315,781.6149264605913,945.4374421187578,0
374.59009907276686,0.7450463527706384,781.748340613485,943.2285045128817,0
374.59009907276686,0.7398030303372706,781.748340613485,944.5288484763569,0
374.59009907276686,0.73666042181666,781.748340613485,945.3082153894683,0
375.008271040622,0.7560625355072281,781.8775557515522,940.4964911942075,0
375.008271040622,0.7544828971157993,781.8775557515522,940.8882415152818,0
375.008271040622,0.7513400321603849,781.8775557515522,941.6676720242245,0
375.4400320532228,0.7550121785508495,782.0109699044458,940.7569797193894,0
375.4400320532228,0.7508107507253348,782.0109699044458,941.798933820117,0
375.85840991569523,0.7455756342056886,782.1402486639498,943.0972427169893,0
375.85840991569523,0.7408533872936492,782.1402486639498,944.2683599511751,0
375.85840991569523,0.7371812409031847,782.1402486639498,945.1790522560102,0
376.29017092829605,0.7350889893389528,782.2736628168434,945.6979306439397,0
376.29017092829605,0.7324671999048671,782.2736628168434,946.348134423593,0
376.7153433131414,0.73666042181666,782.4050410837607,945.3082153894683,0
376.7153433131414,0.7329882754261955,782.4050410837607,946.2189076943035,0
376.7153433131414,0.7319463808183424,782.4050410837607,946.4772975570511,0
377.1471043257422,0.7419037442500279,782.5384552366543,944.0078714259931,0
377.1471043257422,0.7413826687286994,782.5384552366543,944.1370981552826,0
377.56527629359726,0.7398030303372706,782.6676703747215,944.5288484763569,0
377.56527629359726,0.7345597079039027,782.6676703747215,945.8291924398321,0
377.56527629359726,0.7287783852521553,782.6676703747215,947.2629604574655,0
377.9972432008154,0.7245769574266406,782.801148149052,948.3049145581931,0
377.9972432008154,0.7224847058624088,782.801148149052,948.8237929461227,0
378.42220969104335,0.7292994607734838,782.9324627945324,947.133733728176,0
378.42220969104335,0.724056138340116,782.9324627945324,948.4340776916513,0
378.42220969104335,0.7224847058624088,782.9324627945324,948.8237929461227,0
378.8539707036441,0.7492477805961532,783.065876947426,942.186550412154,0
378.8539707036441,0.7382315978595634,783.065876947426,944.9185637308283,0
379.27893719387214,0.7586758625927884,783.1971915929065,939.8483860769885,0
379.27893719387214,0.7576339679849353,783.1971915929065,940.106775939736,0
379.27893719387214,0.7550121785508495,783.1971915929065,940.7569797193894,0
379.7041095787174,0.7550121785508495,783.3285698598237,940.7569797193894,0
379.7041095787174,0.7481974236397744,783.3285698598237,942.447038937336,0
380.1290760689454,0.7419037442500279,783.4598845053041,944.0078714259931,0
380.1290760689454,0.73666042181666,783.4598845053041,945.3082153894683,0
380.1290760689454,0.7335175568612458,783.4598845053041,946.0876458984111,0
380.55424845379065,0.7345597079039027,783.5912627722213,945.8291924398321,0
380.55424845379065,0.7329882754261955,783.5912627722213,946.2189076943035,0
380.9792149440187,0.7387611357294174,783.7225774177017,944.7872383391045,0
380.9792149440187,0.7377107787730387,783.7225774177017,945.0477268642865,0
381.41097595661944,0.7387611357294174,783.8559915705954,944.7872383391045,0
381.41097595661944,0.7371812409031847,783.8559915705954,945.1790522560102,0
381.41097595661944,0.73666042181666,783.8559915705954,945.3082153894683,0
381.8361483414647,0.7413826687286994,783.9873698375126,944.1370981552826,0
381.8361483414647,0.7377107787730387,783.9873698375126,945.0477268642865,0
382.2611148316927,0.746096709727017,784.118684482993,942.9680159876998,0
382.2611148316927,0.7455756342056886,784.118684482993,943.0972427169893,0
382.2611148316927,0.7429541012064066,784.118684482993,943.7473829008112,0
382.6996703666663,0.7382315978595634,784.2541981432998,944.9185637308283,0
382.6996703666663,0.7335175568612458,784.2541981432998,946.0876458984111,0
383.12463685689426,0.7314168429484884,784.3855127887803,946.608622948775,0
383.12463685689426,0.7303498177298625,784.3855127887803,946.8732452029941,0
383.12463685689426,0.7282491038171052,784.3855127887803,947.394222253358,0
383.56319239186786,0.7282491038171052,784.5210264490871,947.394222253358,0
383.56319239186786,0.7271987468607265,784.5210264490871,947.6547107785399,0
383.9815702543404,0.7434749202929313,784.6503052085911,943.618219767353,0
383.9815702543404,0.7403323117723207,784.6503052085911,944.3975866804644,0
383.9815702543404,0.7335175568612458,784.6503052085911,946.0876458984111,0
384.41333126694116,0.7429541012064066,784.7837193614848,943.7473829008112,0
384.41333126694116,0.7398030303372706,784.7837193614848,944.5288484763569,0
384.83150323479623,0.7403323117723207,784.912934499552,944.3975866804644,0
384.83150323479623,0.7387611357294174,784.912934499552,944.7872383391045,0
384.83150323479623,0.7371812409031847,784.912934499552,945.1790522560102,0
385.2634701420144,0.7413826687286994,785.0464122738824,944.1370981552826,0
385.6884366322423,0.7450463527706384,785.1777269193628,943.2285045128817,0
385.6884366322423,0.74452527724931,785.1777269193628,943.3577312421711,0
385.6884366322423,0.7429541012064066,785.1777269193628,943.7473829008112,0
386.12019764484313,0.7424245633365526,785.3111410722565,943.878708292535,0
386.12019764484313,0.7387611357294174,785.3111410722565,944.7872383391045,0
386.5385755073156,0.7382315978595634,785.4404198317606,944.9185637308283,0
386.5385755073156,0.7371812409031847,785.4404198317606,945.1790522560102,0
386.5385755073156,0.73666042181666,785.4404198317606,945.3082153894683,0
386.97033651991643,0.7377107787730387,785.5738339846541,945.0477268642865,0
386.97033651991643,0.7371812409031847,785.5738339846541,945.1790522560102,0
386.97033651991643,0.73666042181666,785.5738339846541,945.3082153894683,0
387.39530301014435,0.739281954815942,785.7051486301345,944.6580752056464,0
387.39530301014435,0.7377107787730387,785.7051486301345,945.0477268642865,0
387.82047539498967,0.73666042181666,785.8365268970517,945.3082153894683,0
387.82047539498967,0.7287783852521553,785.8365268970517,947.2629604574655,0
387.82047539498967,0.7203839919496514,785.8365268970517,949.3447699964864,0
388.25223640759043,0.7193420973417983,785.9699410499454,949.6031598592341,0
388.25223640759043,0.7177622025155656,785.9699410499454,949.9949737761398,0
388.6772028978184,0.7287783852521553,786.1012556954258,947.2629604574655,0
388.6772028978184,0.7261568522528733,786.1012556954258,947.9131006412874,0
388.6772028978184,0.7230057813837373,786.1012556954258,948.6945662168332,0
389.10237528266373,0.739281954815942,786.232633962343,944.6580752056464,0
389.10237528266373,0.7329882754261955,786.232633962343,946.2189076943035,0
389.52734177289165,0.7455756342056886,786.3639486078235,943.0972427169893,0
389.52734177289165,0.7450463527706384,786.3639486078235,943.2285045128817,0
389.52734177289165,0.7413826687286994,786.3639486078235,944.1370981552826,0
389.9523082631196,0.7345597079039027,786.495263253304,945.8291924398321,0
389.9523082631196,0.7319463808183424,786.495263253304,946.4772975570511,0
390.37748064796494,0.7340386323825742,786.6266415202211,945.9584191691216,0
390.37748064796494,0.7335175568612458,786.6266415202211,946.0876458984111,0
390.37748064796494,0.7329882754261955,786.6266415202211,946.2189076943035,0
390.80924166056576,0.7329882754261955,786.7600556731148,946.2189076943035,0
390.80924166056576,0.7319463808183424,786.7600556731148,946.4772975570511,0
391.2410026731665,0.7382315978595634,786.8934698260084,944.9185637308283,0
391.2410026731665,0.73666042181666,786.8934698260084,945.3082153894683,0
391.2410026731665,0.7345597079039027,786.8934698260084,945.8291924398321,0
391.659380535639,0.7271987468607265,787.0227485855124,947.6547107785399,0
391.659380535639,0.7219554244273586,787.0227485855124,948.9550547420151,0
392.09114154823976,0.7224847058624088,787.156162738406,948.8237929461227,0
392.09114154823976,0.7214343489060301,787.156162738406,949.0842814713045,0
392.09114154823976,0.7198629164283229,787.156162738406,949.4739967257759,0
392.5093135160949,0.7256273143830193,787.2853778764733,948.0444260330112,0
392.5093135160949,0.7235350628187874,787.2853778764733,948.5633044209408,0
392.9344859009402,0.7377107787730387,787.4167561433904,945.0477268642865,0
392.9344859009402,0.7356100648602814,787.4167561433904,945.5687039146502,0
392.9344859009402,0.7303498177298625,787.4167561433904,946.8732452029941,0
393.366246913541,0.7329882754261955,787.5501702962841,946.2189076943035,0
393.366246913541,0.7245769574266406,787.5501702962841,948.3049145581931,0
393.79121340376895,0.7182917403854197,787.6814849417646,949.8636483844159,0
393.79121340376895,0.7146195939949551,787.6814849417646,950.7743406892512,0
393.79121340376895,0.7125273424307232,787.6814849417646,951.2932190771807,0
394.2163857886143,0.7104266285179659,787.8128632086817,951.8141961275445,0
394.2163857886143,0.7072755576488299,787.8128632086817,952.5956617030902,0
394.64135227884225,0.7114769854743446,787.9441778541623,951.5537076023626,0
394.64135227884225,0.7083259146052086,787.9441778541623,952.3351731779082,0
394.64135227884225,0.7067544821275014,787.9441778541623,952.7248884323797,0
395.0665246636875,0.7177622025155656,788.0755561210794,949.9949737761398,0
395.0665246636875,0.7151406695162835,788.0755561210794,950.6451139599617,0
395.4914911539155,0.7182917403854197,788.2068707665599,949.8636483844159,0
395.4914911539155,0.7177622025155656,788.2068707665599,949.9949737761398,0
395.9300466888891,0.7188125594719442,788.3423844268667,949.7344852509578,0
395.9300466888891,0.7182917403854197,788.3423844268667,949.8636483844159,0
396.3482186567442,0.7172413834290409,788.471599564934,950.1241369095978,0
396.3482186567442,0.7167203079077125,788.471599564934,950.2533636388873,0
396.3482186567442,0.7161910264726622,788.471599564934,950.3846254347798,0
396.7801855639624,0.7177622025155656,788.6050773392643,949.9949737761398,0
396.7801855639624,0.7161910264726622,788.6050773392643,950.3846254347798,0
397.19835753181746,0.7314168429484884,788.7342924773316,946.608622948775,0
397.19835753181746,0.7271987468607265,788.7342924773316,947.6547107785399,0
397.19835753181746,0.7219554244273586,788.7342924773316,948.9550547420151,0
397.6301185444183,0.7361393462953315,788.8677066302253,945.4374421187578,0
397.6301185444183,0.7345597079039027,788.8677066302253,945.8291924398321,0
398.05529092926355,0.7340386323825742,788.9990848971424,945.9584191691216,0
398.05529092926355,0.7308960238619637,788.9990848971424,946.737786082233,0
398.05529092926355,0.7256273143830193,788.9990848971424,948.0444260330112,0
398.48705194186437,0.7182917403854197,789.132499050036,949.8636483844159,0
398.48705194186437,0.7098973470829157,789.132499050036,951.945457923437,0
398.48705194186437,0.7030825921718407,789.132499050036,953.6355171413835,0
398.90542980433685,0.698368551173523,789.26177780954,954.8045993089663,0
398.90542980433685,0.6973181942171444,789.26177780954,955.0650878341482,0
399.33719081693766,0.7114769854743446,789.3951919624337,951.5537076023626,0
399.33719081693766,0.7036118736068909,789.3951919624337,953.5042553454911,0
399.33719081693766,0.698368551173523,789.3951919624337,954.8045993089663,0
399.7621573071656,0.7251064952964946,789.5265066079141,948.1735891664694,0
399.7621573071656,0.7188125594719442,789.5265066079141,949.7344852509578,0
400.1871237973935,0.7345597079039027,789.6578212533946,945.8291924398321,0
400.1871237973935,0.7335175568612458,789.6578212533946,946.0876458984111,0
400.1871237973935,0.7303498177298625,789.6578212533946,946.8732452029941,0
400.6122961822389,0.7335175568612458,789.7891995203117,946.0876458984111,0
400.6122961822389,0.7324671999048671,789.7891995203117,946.348134423593,0
401.04405719483964,0.7303498177298625,789.9226136732054,946.8732452029941,0
401.04405719483964,0.726677671339398,789.9226136732054,947.7839375078294,0
401.04405719483964,0.7230057813837373,789.9226136732054,948.6945662168332,0
401.4690236850676,0.7219554244273586,790.0539283186858,948.9550547420151,0
401.4690236850676,0.7203839919496514,790.0539283186858,949.3447699964864,0
401.8941960699129,0.7177622025155656,790.185306585603,949.9949737761398,0
401.8941960699129,0.7146195939949551,790.185306585603,950.7743406892512,0
401.8941960699129,0.7109477040392944,790.185306585603,951.684969398255,0
402.31916256014085,0.7093762715615872,790.3166212310834,952.0746846527264,0
402.31916256014085,0.70780483908388,790.3166212310834,952.4643999071977,0
402.7443349449862,0.7041329491282193,790.4479994980007,953.3750286162016,0
402.7443349449862,0.697839013303669,790.4479994980007,954.9359247006901,0
402.7443349449862,0.6894530823496907,790.4479994980007,957.0156355772767,0
403.176095957587,0.6821090460035655,790.5814136508943,958.8369565911158,0
403.176095957587,0.6794957189180051,790.5814136508943,959.4850617083348,0
403.60785697018775,0.6873608307854588,790.714827803788,957.5345139652062,0
403.60785697018775,0.6826383274386156,790.714827803788,958.7056947952234,0
403.60785697018775,0.6794957189180051,790.714827803788,959.4850617083348,0
404.0260289380428,0.7036118736068909,790.8440429418553,953.5042553454911,0
404.0260289380428,0.6936460478266798,790.8440429418553,955.9757801389834,0
404.457995845261,0.7282491038171052,790.9775207161856,947.394222253358,0
404.457995845261,0.7245769574266406,790.9775207161856,948.3049145581931,0
404.457995845261,0.7151406695162835,790.9775207161856,950.6451139599617,0
404.8761678131161,0.7292994607734838,791.1067358542529,947.133733728176,0
404.8761678131161,0.7282491038171052,791.1067358542529,947.394222253358,0
404.8761678131161,0.7277280282957767,791.1067358542529,947.5234489826474,0
405.30792882571694,0.7256273143830193,791.2401500071466,948.0444260330112,0
405.30792882571694,0.7198629164283229,791.2401500071466,949.4739967257759,0
405.7331012105622,0.7125273424307232,791.3715282740637,951.2932190771807,0
405.7331012105622,0.7046622305632696,791.3715282740637,953.2437668203091,0
405.7331012105622,0.6994104457813762,791.3715282740637,954.5462094462188,0
406.1580677007902,0.6962678372607657,791.5028429195442,955.3255763593302,0
406.1580677007902,0.6936460478266798,791.5028429195442,955.9757801389834,0
406.5832400856355,0.6925956908703012,791.6342211864613,956.2362686641653,0
407.0082065758634,0.705183306084598,791.7655358319417,953.1145400910196,0
407.0082065758634,0.6988893702600477,791.7655358319417,954.6754361755081,0
407.0082065758634,0.6952259426529125,791.7655358319417,955.5839662220777,0
407.4331730660914,0.7172413834290409,791.8968504774222,950.1241369095978,0
407.4331730660914,0.7156699509513338,791.8968504774222,950.5138521640692,0
407.4331730660914,0.7114769854743446,791.8968504774222,951.5537076023626,0
407.86493407869216,0.7151406695162835,792.0302646303159,950.6451139599617,0
407.86493407869216,0.7098973470829157,792.0302646303159,951.945457923437,0
408.2969009859103,0.7025615166505123,792.1637424046463,953.764743870673,0
408.2969009859103,0.6957467617394372,792.1637424046463,955.4548030886195,0
408.2969009859103,0.6905034393060694,792.1637424046463,956.7551470520948,0
408.71507295376546,0.6852601168727015,792.2929575427135,958.05549101557,0
408.71507295376546,0.6810671513957123,792.2929575427135,959.0953464538634,0
409.1468339663663,0.6941755856965338,792.4263716956071,955.8444547472596,0
409.1468339663663,0.6852601168727015,792.4263716956071,958.05549101557,0
409.1468339663663,0.6805376135258583,792.4263716956071,959.2266718455871,0
409.5652118288387,0.70780483908388,792.5556504551112,952.4643999071977,0
409.5652118288387,0.7025615166505123,792.5556504551112,953.764743870673,0
409.9969728414395,0.7098973470829157,792.6890646080047,951.945457923437,0
409.9969728414395,0.7093762715615872,792.6890646080047,952.0746846527264,0
409.9969728414395,0.7088551960402587,792.6890646080047,952.2039113820158,0
410.4221452262848,0.7088551960402587,792.8204428749219,952.2039113820158,0
410.85390623888554,0.7083259146052086,792.9538570278156,952.3351731779082,0
410.85390623888554,0.70780483908388,792.9538570278156,952.4643999071977,0
411.27207820674073,0.7098973470829157,793.0830721658829,951.945457923437,0
411.7038392193415,0.7067544821275014,793.2164863187764,952.7248884323797,0
411.7038392193415,0.7025615166505123,793.2164863187764,953.764743870673,0
411.7038392193415,0.698368551173523,793.2164863187764,954.8045993089663,0
412.1290116041868,0.6952259426529125,793.3478645856937,955.5839662220777,0
412.1290116041868,0.6920748717837765,793.3478645856937,956.3654317976235,0
412.55397809441473,0.688402725393312,793.4791792311742,957.2761241024587,0
412.55397809441473,0.6842097599163228,793.4791792311742,958.315979540752,0
412.55397809441473,0.6805376135258583,793.4791792311742,959.2266718455871,0
412.9857391070156,0.6810671513957123,793.6125933840677,959.0953464538634,0
412.9857391070156,0.6800167944393336,793.6125933840677,959.3558349790453,0
413.4109114918609,0.6847305790028475,793.743971650985,958.1868164072938,0
413.4109114918609,0.6831594029599442,793.743971650985,958.5764680659339,0
413.4109114918609,0.6821090460035655,793.743971650985,958.8369565911158,0
413.83587798208885,0.7009900841728051,793.8752862964654,954.1544591251444,0
413.83587798208885,0.6952259426529125,793.8752862964654,955.5839662220777,0
413.83587798208885,0.6889320068283622,793.8752862964654,957.1448623065662,0
414.2610503669341,0.705183306084598,794.0066645633826,953.1145400910196,0
414.2610503669341,0.7046622305632696,794.0066645633826,953.2437668203091,0
414.6860168571621,0.7104266285179659,794.137979208863,951.8141961275445,0
414.6860168571621,0.7072755576488299,794.137979208863,952.5956617030902,0
414.6860168571621,0.7057041251711227,794.137979208863,952.9853769575616,0
415.1177778697629,0.7125273424307232,794.2713933617567,951.2932190771807,0
415.1177778697629,0.7109477040392944,794.2713933617567,951.684969398255,0
415.5427443599908,0.7057041251711227,794.4027080072372,952.9853769575616,0
415.5427443599908,0.6994104457813762,794.4027080072372,954.5462094462188,0
415.5427443599908,0.6915537962624481,794.4027080072372,956.4946585269129,0
415.974711267209,0.6852601168727015,794.5361857815675,958.05549101557,0
415.974711267209,0.6779160805265763,794.5361857815675,959.876812029409,0
416.39288323506406,0.674773215571162,794.6654009196347,960.6562425383519,0
416.39288323506406,0.6726809640069301,794.6654009196347,961.1751209262814,0
416.39288323506406,0.6711013256155013,794.6654009196347,961.5668712473557,0
416.8246442476649,0.6905034393060694,794.7988150725284,956.7551470520948,0
416.8246442476649,0.6826383274386156,794.7988150725284,958.7056947952234,0
417.24302211013736,0.702032235215462,794.9280938320325,953.8960056665654,0
417.24302211013736,0.6999397272164264,794.9280938320325,954.4149476503263,0
417.24302211013736,0.6967971186958158,794.9280938320325,955.1943145634377,0
417.6747831227381,0.7009900841728051,795.061507984926,954.1544591251444,0
417.6747831227381,0.697839013303669,795.061507984926,954.9359247006901,0
418.09995550758345,0.6915537962624481,795.1928862518432,956.4946585269129,0
418.09995550758345,0.6847305790028475,795.1928862518432,958.1868164072938,0
418.09995550758345,0.6821090460035655,795.1928862518432,958.8369565911158,0
418.52492199781136,0.6868312929156049,795.3242008973237,957.6658393569301,0
418.52492199781136,0.6831594029599442,795.3242008973237,958.5764680659339,0
418.9498884880394,0.7015111596941336,795.4555155428042,954.0252323958549,0
418.9498884880394,0.6952259426529125,795.4555155428042,955.5839662220777,0
418.9498884880394,0.6905034393060694,795.4555155428042,956.7551470520948,0
419.37506087288466,0.7125273424307232,795.5868938097213,951.2932190771807,0
419.37506087288466,0.7083259146052086,795.5868938097213,952.3351731779082,0
419.80002736311263,0.7119980609956731,795.7182084552018,951.4244808730731,0
419.80002736311263,0.7057041251711227,795.7182084552018,952.9853769575616,0
419.80002736311263,0.6967971186958158,795.7182084552018,955.1943145634377,0
420.2317883757134,0.6910245148273978,795.8516226080955,956.6259203228053,0
420.2317883757134,0.6863104738290802,795.8516226080955,957.7950024903881,0
420.6635493883142,0.6826383274386156,795.985036760989,958.7056947952234,0
420.6635493883142,0.6779160805265763,795.985036760989,959.876812029409,0
420.6635493883142,0.6763446480488691,795.985036760989,960.2665272838805,0
421.0819272507867,0.6873608307854588,796.114315520493,957.5345139652062,0
421.0819272507867,0.6800167944393336,796.114315520493,959.3558349790453,0
421.51368826338745,0.702032235215462,796.2477296733867,953.8960056665654,0
421.51368826338745,0.7004608027377549,796.2477296733867,954.2857209210368,0
421.51368826338745,0.6962678372607657,796.2477296733867,955.3255763593302,0
421.93206612585993,0.7004608027377549,796.3770084328906,954.2857209210368,0
421.93206612585993,0.6988893702600477,796.3770084328906,954.6754361755081,0
422.3638271384607,0.6936460478266798,796.5104225857843,955.9757801389834,0
422.3638271384607,0.6873608307854588,796.5104225857843,957.5345139652062,0
422.3638271384607,0.6773950050052477,796.5104225857843,960.0060387586985,0
422.7887936286887,0.6684795361814154,796.6417372312648,962.217075027009,0
422.7887936286887,0.6632277513995221,796.6417372312648,963.5195176529186,0
423.2205546412895,0.6732020395282586,796.7751513841584,961.0458941969919,0
423.2205546412895,0.666891435441461,796.7751513841584,962.6109240105177,0
423.2205546412895,0.6626984699644719,796.7751513841584,963.650779448811,0
423.63893250376196,0.6863104738290802,796.9044301436625,957.7950024903881,0
423.63893250376196,0.6794957189180051,796.9044301436625,959.4850617083348,0
424.0706935163627,0.6925956908703012,797.037844296556,956.2362686641653,0
424.0706935163627,0.6910245148273978,797.037844296556,956.6259203228053,0
424.0706935163627,0.6905034393060694,797.037844296556,956.7551470520948,0
424.49586590120805,0.6868312929156049,797.1692225634732,957.6658393569301,0
424.49586590120805,0.6836886843949943,797.1692225634732,958.4452062700415,0
424.920832391436,0.6810671513957123,797.3005372089536,959.0953464538634,0
424.920832391436,0.6805376135258583,797.3005372089536,959.2266718455871,0
424.920832391436,0.6794957189180051,797.3005372089536,959.4850617083348,0
425.34579888166394,0.6847305790028475,797.4318518544342,958.1868164072938,0
425.34579888166394,0.6826383274386156,797.4318518544342,958.7056947952234,0
425.7777657888821,0.6946964047830585,797.5653296287645,955.7152916138015,0
425.7777657888821,0.6915537962624481,797.5653296287645,956.4946585269129,0
425.7777657888821,0.688402725393312,797.5653296287645,957.2761241024587,0
426.20273227911,0.697839013303669,797.6966442742449,954.9359247006901,0
426.20273227911,0.6962678372607657,797.6966442742449,955.3255763593302,0
426.627698769338,0.7125273424307232,797.8279589197255,951.2932190771807,0
426.627698769338,0.7072755576488299,797.8279589197255,952.5956617030902,0
426.627698769338,0.7009900841728051,797.8279589197255,954.1544591251444,0
427.0528711541833,0.7135692370385764,797.9593371866426,951.0348292144331,0
427.0528711541833,0.7098973470829157,797.9593371866426,951.945457923437,0
427.48463216678414,0.7025615166505123,798.0927513395362,953.764743870673,0
427.48463216678414,0.6946964047830585,798.0927513395362,955.7152916138015,0
427.48463216678414,0.6863104738290802,798.0927513395362,957.7950024903881,0
427.90959865701205,0.6789664374829549,798.2240659850168,959.6163235042272,0
427.90959865701205,0.6705802500941728,798.2240659850168,961.6960979766452,0
428.34135966961287,0.6700591745728443,798.3574801379103,961.8253247059347,0
428.34135966961287,0.6663703599201326,798.3574801379103,962.7401507398072,0
428.34135966961287,0.6653200029637539,798.3574801379103,963.0006392649891,0
428.7597375320853,0.6842097599163228,798.4867588974143,958.315979540752,0
428.7597375320853,0.6779160805265763,798.4867588974143,959.876812029409,0
429.19149854468606,0.6910245148273978,798.6201730503079,956.6259203228053,0
429.19149854468606,0.6894530823496907,798.6201730503079,957.0156355772767,0
429.19149854468606,0.6889320068283622,798.6201730503079,957.1448623065662,0
429.6098764071586,0.6868312929156049,798.749451809812,957.6658393569301,0
429.6098764071586,0.6836886843949943,798.749451809812,958.4452062700415,0
429.6098764071586,0.6789664374829549,798.749451809812,959.6163235042272,0
430.04163741975935,0.6768657235701976,798.8828659627056,960.137300554591,0
430.04163741975935,0.6732020395282586,798.8828659627056,961.0458941969919,0
430.4666039099873,0.6737228586147833,799.014180608186,960.9167310635338,0
430.4666039099873,0.6716306070505514,799.014180608186,961.4356094514633,0
430.89177629483265,0.6805376135258583,799.1455588751032,959.2266718455871,0
430.89177629483265,0.6784453619616264,799.1455588751032,959.7455502335166,0
431.3167427850606,0.6773950050052477,799.2768735205836,960.0060387586985,0
431.3167427850606,0.6752942910924904,799.2768735205836,960.5270158090624,0
431.3167427850606,0.674773215571162,799.2768735205836,960.6562425383519,0
431.74170927528854,0.6805376135258583,799.4081881660642,959.2266718455871,0
431.74170927528854,0.6768657235701976,799.4081881660642,960.137300554591,0
432.16688166013387,0.6831594029599442,799.5395664329814,958.5764680659339,0
432.16688166013387,0.6826383274386156,799.5395664329814,958.7056947952234,0
432.5986426727346,0.6863104738290802,799.6729805858749,957.7950024903881,0
432.5986426727346,0.6836886843949943,799.6729805858749,958.4452062700415,0
433.0304036853354,0.6873608307854588,799.8063947387686,957.5345139652062,0
433.0304036853354,0.6868312929156049,799.8063947387686,957.6658393569301,0
433.0304036853354,0.6847305790028475,799.8063947387686,958.1868164072938,0
433.4487815478079,0.681587970482237,799.9356734982726,958.9661833204052,0
433.8805425604087,0.6878816498719835,800.0690876511662,957.4053508317481,0
433.8805425604087,0.6847305790028475,800.0690876511662,958.1868164072938,0
434.2987145282638,0.6847305790028475,800.1983027892335,958.1868164072938,0
434.2987145282638,0.6810671513957123,800.1983027892335,959.0953464538634,0
434.7306814354819,0.6779160805265763,800.3317805635639,959.876812029409,0
434.7306814354819,0.6742439341361117,800.3317805635639,960.7875043342443,0
434.7306814354819,0.6705802500941728,800.3317805635639,961.6960979766452,0
435.15564792570996,0.6679584606600869,800.4630952090444,962.3463017562984,0
435.15564792570996,0.6674291792250368,800.4630952090444,962.4775635521909,0
435.5874089383107,0.6852601168727015,800.5965093619379,958.05549101557,0
435.5874089383107,0.6794957189180051,800.5965093619379,959.4850617083348,0
435.5874089383107,0.6726809640069301,800.5965093619379,961.1751209262814,0
436.00578680078314,0.6868312929156049,800.725788121442,957.6658393569301,0
436.00578680078314,0.6857809359592262,800.725788121442,957.9263278821119,0
436.43754781338396,0.6878816498719835,800.8592022743356,957.4053508317481,0
436.43754781338396,0.6863104738290802,800.8592022743356,957.7950024903881,0
436.8625143036119,0.6831594029599442,800.9905169198161,958.5764680659339,0
436.8625143036119,0.6763446480488691,800.9905169198161,960.2665272838805,0
437.28768668845726,0.6873608307854588,801.1218951867332,957.5345139652062,0
437.28768668845726,0.6805376135258583,801.1218951867332,959.2266718455871,0
437.28768668845726,0.6752942910924904,801.1218951867332,960.5270158090624,0
437.7126531786852,0.6915537962624481,801.2532098322137,956.4946585269129,0
438.144414191286,0.6899741578710191,801.3866239851073,956.8864088479872,0
438.144414191286,0.6878816498719835,801.3866239851073,957.4053508317481,0
438.144414191286,0.6852601168727015,801.3866239851073,958.05549101557,0
438.56958657613126,0.6826383274386156,801.5180022520245,958.7056947952234,0
438.56958657613126,0.6779160805265763,801.5180022520245,959.876812029409,0
438.99455306635923,0.6726809640069301,801.649316897505,961.1751209262814,0
438.99455306635923,0.6711013256155013,801.649316897505,961.5668712473557,0
439.4195195565872,0.6831594029599442,801.7806315429854,958.5764680659339,0
439.4195195565872,0.6773950050052477,801.7806315429854,960.0060387586985,0
439.8514864638053,0.6952259426529125,801.9141093173158,955.5839662220777,0
439.8514864638053,0.6931252287401551,801.9141093173158,956.1049432724416,0
439.8514864638053,0.688402725393312,801.9141093173158,957.2761241024587,0
440.2764529540333,0.6936460478266798,802.0454239627962,955.9757801389834,0
440.2764529540333,0.6899741578710191,802.0454239627962,956.8864088479872,0
440.70821396663405,0.6878816498719835,802.1788381156899,957.4053508317481,0
440.70821396663405,0.6873608307854588,802.1788381156899,957.5345139652062,0
441.1265918291066,0.6868312929156049,802.308116875194,957.6658393569301,0
441.1265918291066,0.6842097599163228,802.308116875194,958.315979540752,0
441.55835284170735,0.6857809359592262,802.4415310280875,957.9263278821119,0
441.55835284170735,0.6836886843949943,802.4415310280875,958.4452062700415,0
441.55835284170735,0.6831594029599442,802.4415310280875,958.5764680659339,0
441.9765248095625,0.6852601168727015,802.5707461661548,958.05549101557,0
441.9765248095625,0.6831594029599442,802.5707461661548,958.5764680659339,0
442.4084917167806,0.6794957189180051,802.7042239404851,959.4850617083348,0
442.4084917167806,0.6768657235701976,802.7042239404851,960.137300554591,0
442.4084917167806,0.6763446480488691,802.7042239404851,960.2665272838805,0
442.83345820700856,0.6773950050052477,802.8355385859657,960.0060387586985,0
443.25842469723653,0.6800167944393336,802.9668532314461,959.3558349790453,0
443.25842469723653,0.6768657235701976,802.9668532314461,960.137300554591,0
443.25842469723653,0.6763446480488691,802.9668532314461,960.2665272838805,0
443.6835970820818,0.6857809359592262,803.0982314983632,957.9263278821119,0
443.6835970820818,0.6831594029599442,803.0982314983632,958.5764680659339,0
444.1085635723098,0.688402725393312,803.2295461438437,957.2761241024587,0
444.1085635723098,0.6873608307854588,803.2295461438437,957.5345139652062,0
444.53373595715505,0.6836886843949943,803.3609244107608,958.4452062700415,0
444.53373595715505,0.6789664374829549,803.3609244107608,959.6163235042272,0
444.96549696975586,0.6758235725275407,803.4943385636545,960.39575401317,0
444.96549696975586,0.67215168257188,803.4943385636545,961.3063827221738,0
444.96549696975586,0.6705802500941728,803.4943385636545,961.6960979766452,0
445.3972579823566,0.6684795361814154,803.6277527165482,962.217075027009,0
445.8154299502118,0.6810671513957123,803.7569678546154,959.0953464538634,0
445.8154299502118,0.6742439341361117,803.7569678546154,960.7875043342443,0
445.8154299502118,0.6700591745728443,803.7569678546154,961.8253247059347,0
446.2473968574299,0.6936460478266798,803.8904456289458,955.9757801389834,0
446.2473968574299,0.688402725393312,803.8904456289458,957.2761241024587,0
446.665568825285,0.7130484179520518,804.0196607670131,951.1639923478912,0
446.665568825285,0.7041329491282193,804.0196607670131,953.3750286162016,0
446.665568825285,0.697839013303669,804.0196607670131,954.9359247006901,0
447.0973298378858,0.7251064952964946,804.1530749199067,948.1735891664694,0
447.0973298378858,0.7203839919496514,804.1530749199067,949.3447699964864,0
447.52250222273113,0.7256273143830193,804.2844531868238,948.0444260330112,0
447.52250222273113,0.7219554244273586,804.2844531868238,948.9550547420151,0
447.52250222273113,0.7156699509513338,804.2844531868238,950.5138521640692,0
447.95426323533195,0.7093762715615872,804.4178673397175,952.0746846527264,0
447.95426323533195,0.7062336630409767,804.4178673397175,952.8540515658378,0
448.3726410978044,0.7025615166505123,804.5471460992215,953.764743870673,0
448.3726410978044,0.697839013303669,804.5471460992215,954.9359247006901,0
448.3726410978044,0.6941755856965338,804.5471460992215,955.8444547472596,0
448.8044021104052,0.6920748717837765,804.6805602521151,956.3654317976235,0
449.2293686006331,0.6957467617394372,804.8118748975957,955.4548030886195,0
449.2293686006331,0.6952259426529125,804.8118748975957,955.5839662220777,0
449.2293686006331,0.6936460478266798,804.8118748975957,955.9757801389834,0
449.6611296132339,0.6957467617394372,804.9452890504892,955.4548030886195,0
449.6611296132339,0.6946964047830585,804.9452890504892,955.7152916138015,0
450.08630199807925,0.697839013303669,805.0766673174064,954.9359247006901,0
450.08630199807925,0.6957467617394372,805.0766673174064,955.4548030886195,0
450.51126848830717,0.6994104457813762,805.207981962887,954.5462094462188,0
450.51126848830717,0.698368551173523,805.207981962887,954.8045993089663,0
450.93623497853514,0.7015111596941336,805.3392966083674,954.0252323958549,0
450.93623497853514,0.7009900841728051,805.3392966083674,954.1544591251444,0
450.93623497853514,0.6994104457813762,805.3392966083674,954.5462094462188,0
451.36140736338047,0.6931252287401551,805.4706748752845,956.1049432724416,0
451.36140736338047,0.688402725393312,805.4706748752845,957.2761241024587,0
451.78637385360844,0.6878816498719835,805.601989520765,957.4053508317481,0
451.78637385360844,0.6863104738290802,805.601989520765,957.7950024903881,0
452.2181348662092,0.6894530823496907,805.7354036736587,957.0156355772767,0
452.2181348662092,0.6889320068283622,805.7354036736587,957.1448623065662,0
452.6433072510545,0.6905034393060694,805.8667819405758,956.7551470520948,0
452.6433072510545,0.688402725393312,805.8667819405758,957.2761241024587,0
453.0818627860281,0.6852601168727015,806.0022956008827,958.05549101557,0
453.0818627860281,0.6821090460035655,806.0022956008827,958.8369565911158,0
453.5068292762561,0.6847305790028475,806.1336102463631,958.1868164072938,0
453.5068292762561,0.681587970482237,806.1336102463631,958.9661833204052,0
453.5068292762561,0.6810671513957123,806.1336102463631,959.0953464538634,0
453.931795766484,0.6941755856965338,806.2649248918435,955.8444547472596,0
453.931795766484,0.6894530823496907,806.2649248918435,957.0156355772767,0
454.35696815132934,0.7130484179520518,806.3963031587607,951.1639923478912,0
454.35696815132934,0.70780483908388,806.3963031587607,952.4643999071977,0
454.35696815132934,0.7015111596941336,806.3963031587607,954.0252323958549,0
454.7819346415573,0.7151406695162835,806.5276178042412,950.6451139599617,0
454.7819346415573,0.7140903125599048,806.5276178042412,950.9056024851436,0
455.2136956541581,0.7125273424307232,806.6610319571348,951.2932190771807,0
455.2136956541581,0.7109500119525286,806.6610319571348,951.6843970357729,0
455.2136956541581,0.7109477040392944,806.6610319571348,951.684969398255,0
455.2136956541581,0.7104289364312001,806.6610319571348,951.8136237650624,0
455.63207351663056,0.7098996549961499,806.7903107166388,951.9448855609548,0
455.63207351663056,0.7088492980397713,806.7903107166388,952.2053740861368,0
456.0638345292313,0.7098996549961499,806.9237248695324,951.9448855609548,0
456.0638345292313,0.7077989410833926,806.9237248695324,952.4658626113187,0
456.48880101945934,0.704656332562782,807.0550395150129,953.2452295244301,0
456.48880101945934,0.7041352570414536,807.0550395150129,953.3744562537195,0
456.9205620320601,0.7104289364312001,807.1884536679065,951.8136237650624,0
456.9205620320601,0.7088492980397713,807.1884536679065,952.2053740861368,0
456.9205620320601,0.7062275086056854,807.1884536679065,952.85557786579,0
457.3389398945326,0.7146221583429931,807.3177324274105,950.7737047309378,0
457.3389398945326,0.7120003689089073,807.3177324274105,951.423908510591,0
457.77070090713335,0.726680235687436,807.4511465803042,947.7833015495158,0
457.77070090713335,0.7245795217746787,807.4511465803042,948.3042785998797,0
457.77070090713335,0.7193444052550325,807.4511465803042,949.602587496752,0
458.19566739736126,0.7245795217746787,807.5824612257846,948.3042785998797,0
458.19566739736126,0.7156725152993718,807.5824612257846,950.5132162057558,0
458.6276343045795,0.7051856139978323,807.715939000115,953.1139677285377,0
458.6276343045795,0.6973205021303786,807.715939000115,955.0645154716661,0
458.6276343045795,0.6915478982619605,807.715939000115,956.4961212310338,0
459.0526007948074,0.6868338572636429,807.8472536455955,957.6652033986165,0
459.0526007948074,0.684212067829557,807.8472536455955,958.3154071782699,0
459.4775672850354,0.7051856139978323,807.9785682910759,953.1139677285377,0
459.4775672850354,0.6941694312612425,807.9785682910759,955.8459810472118,0
459.4775672850354,0.6868338572636429,807.9785682910759,957.6652033986165,0
459.90273966988065,0.7188151238199824,808.1099465579931,949.7338492926444,0
459.90273966988065,0.7140926204731392,808.1099465579931,950.9050301226615,0
460.3277061601087,0.7182940482986538,808.2412612034735,949.8630760219339,0
460.3277061601087,0.7156725152993718,808.2412612034735,950.5132162057558,0
460.3277061601087,0.7135718013866145,808.2412612034735,951.0341932561196,0
460.75287854495394,0.7114710874738571,808.3726394703907,951.5551703064834,0
460.75287854495394,0.7067485841270139,808.3726394703907,952.7263511365005,0
461.18463955755476,0.7015137240421716,808.5060536232844,954.0245964375415,0
461.18463955755476,0.6983626531730356,808.5060536232844,954.8060620130872,0
461.18463955755476,0.6978415776517071,808.5060536232844,954.9352887423767,0
461.6096060477827,0.7072778655620641,808.6373682687648,952.5950893406081,0
461.6096060477827,0.7009841861723176,808.6373682687648,954.1559218292653,0
462.0345725380106,0.7120003689089073,808.7686829142452,951.423908510591,0
462.0345725380106,0.7109500119525286,808.7686829142452,951.6843970357729,0
462.459744922856,0.7114710874738571,808.9000611811624,951.5551703064834,0
462.8847114130839,0.7098996549961499,809.0313758266429,951.9448855609548,0
462.8847114130839,0.7077989410833926,809.0313758266429,952.4658626113187,0
462.8847114130839,0.7057066895191607,809.0313758266429,952.9847409992482,0
463.3098837979292,0.704656332562782,809.1627540935601,953.2452295244301,0
463.3098837979292,0.7041352570414536,809.1627540935601,953.3744562537195,0
463.7484393329028,0.713050725865286,809.298267753867,951.1634199854091,0
463.7484393329028,0.7109500119525286,809.298267753867,951.6843970357729,0
463.7484393329028,0.7072778655620641,809.298267753867,952.5950893406081,0
464.16661130075795,0.7161933343858965,809.4274828919341,950.3840530722977,0
464.16661130075795,0.7146221583429931,809.4274828919341,950.7737047309378,0
464.5983723133587,0.7188151238199824,809.5608970448278,949.7338492926444,0
464.5983723133587,0.7182940482986538,809.5608970448278,949.8630760219339,0
464.5983723133587,0.7156725152993718,809.5608970448278,950.5132162057558,0
465.0167501758312,0.7098996549961499,809.6901758043318,951.9448855609548,0
465.0167501758312,0.7041352570414536,809.6901758043318,953.3744562537195,0
465.448511188432,0.7004633670857929,809.8235899572254,954.2850849627234,0
465.448511188432,0.6978415776517071,809.8235899572254,954.9352887423767,0
465.448511188432,0.6962701451739999,809.8235899572254,955.3250039968481,0
465.8734776786599,0.7020345431286963,809.9549046027059,953.8954333040833,0
465.8734776786599,0.6973205021303786,809.9549046027059,955.0645154716661,0
466.3054445858781,0.7182940482986538,810.0883823770363,949.8630760219339,0
466.3054445858781,0.7140926204731392,810.0883823770363,950.9050301226615,0
466.3054445858781,0.7077989410833926,810.0883823770363,952.4658626113187,0
466.7236165537332,0.7182940482986538,810.2175975151035,949.8630760219339,0
466.7236165537332,0.7135718013866145,810.2175975151035,951.0341932561196,0
467.15537756633404,0.7083282225184427,810.3510116679972,952.3346008154263,0
467.15537756633404,0.7051856139978323,810.3510116679972,953.1139677285377,0
467.5805499511793,0.7083282225184427,810.4823899349144,952.3346008154263,0
467.5805499511793,0.7067485841270139,810.4823899349144,952.7263511365005,0
468.0055164414073,0.7188151238199824,810.6137045803948,949.7338492926444,0
468.0055164414073,0.7156725152993718,810.6137045803948,950.5132162057558,0
468.0055164414073,0.7114710874738571,810.6137045803948,951.5551703064834,0
468.4306888262526,0.719865480776361,810.745082847312,949.4733607674625,0
468.4306888262526,0.7172436913422752,810.745082847312,950.1235645471157,0
468.8556553164805,0.7120003689089073,810.8763974927924,951.423908510591,0
468.8556553164805,0.7098996549961499,810.8763974927924,951.9448855609548,0
468.8556553164805,0.7088492980397713,810.8763974927924,952.2053740861368,0
469.28741632908134,0.7167228722557505,811.0098116456861,950.2527276805739,0
469.28741632908134,0.713050725865286,811.0098116456861,951.1634199854091,0
469.70579419155376,0.7298228442080466,811.1390904051901,947.0039346364044,0
469.70579419155376,0.7251088032097288,811.1390904051901,948.1730168039873,0
469.70579419155376,0.7209158377327397,811.1390904051901,949.2128722422806,0
470.1375552041546,0.7329905833394298,811.2725045580837,946.2183353318214,0
470.56252169438255,0.7298228442080466,811.4038192035641,947.0039346364044,0
470.56252169438255,0.7256298787310573,811.4038192035641,948.0437900746978,0
470.56252169438255,0.7240584462533501,811.4038192035641,948.4335053291692,0
470.99428270698337,0.7272010547739607,811.5372333564578,947.6541384160578,0
470.99428270698337,0.7256298787310573,811.5372333564578,948.0437900746978,0
471.41945509182864,0.7282514117303394,811.668611623375,947.3936498908758,0
471.41945509182864,0.7277305926438147,811.668611623375,947.522813024334,0
471.41945509182864,0.7272010547739607,811.668611623375,947.6541384160578,0
471.8444215820566,0.7303521256430967,811.7999262688554,946.872672840512,0
472.2695939669019,0.7277305926438147,811.9313045357727,947.522813024334,0
472.2695939669019,0.7245795217746787,811.9313045357727,948.3042785998797,0
472.2695939669019,0.7193444052550325,811.9313045357727,949.602587496752,0
472.69456045712985,0.7146221583429931,812.0626191812531,950.7737047309378,0
472.69456045712985,0.7135718013866145,812.0626191812531,951.0341932561196,0
472.69456045712985,0.713050725865286,812.0626191812531,951.1634199854091,0
473.1195269473578,0.7140926204731392,812.1939338267335,950.9050301226615,0
473.5512879599586,0.7135718013866145,812.3273479796271,951.0341932561196,0
473.5512879599586,0.713050725865286,812.3273479796271,951.1634199854091,0
473.9764603448039,0.7167228722557505,812.4587262465444,950.2527276805739,0
473.9764603448039,0.7151429774295178,812.4587262465444,950.6445415974796,0
473.9764603448039,0.7135718013866145,812.4587262465444,951.0341932561196,0
474.4014268350318,0.7303521256430967,812.5900408920248,946.872672840512,0
474.4014268350318,0.7224870137756431,812.5900408920248,948.8232205836406,0
474.4014268350318,0.7188151238199824,812.5900408920248,949.7338492926444,0
474.8265992198772,0.7481999879878125,812.721419158942,942.4464029790225,0
474.8265992198772,0.7387634436426516,812.721419158942,944.7866659766224,0
475.2515657101051,0.757115200376841,812.8527338044224,940.2354303065434,0
475.2515657101051,0.7550144864640836,812.8527338044224,940.7564073569073,0
475.67653220033304,0.7550144864640836,812.9840484499028,940.7564073569073,0
475.67653220033304,0.7513425965084229,812.9840484499028,941.6670360659111,0
475.67653220033304,0.7466285555101053,812.9840484499028,942.836118233494,0
476.1150877353067,0.7419060521632621,813.1195621102097,944.007299063511,0
476.1150877353067,0.7377130866862729,813.1195621102097,945.0471545018044,0
476.5334655977791,0.7356123727735155,813.2488408697137,945.5681315521681,0
476.5334655977791,0.7350912972521871,813.2488408697137,945.6973582814576,0
476.96522661037994,0.7392845191639801,813.3822550226074,944.657439247333,0
476.96522661037994,0.7382341622076014,813.3822550226074,944.9179277725149,0
477.3836044728524,0.7392845191639801,813.5115337821114,944.657439247333,0
477.3836044728524,0.7356123727735155,813.5115337821114,945.5681315521681,0
477.3836044728524,0.7308983317751979,813.5115337821114,946.7372137197509,0
477.81536548545324,0.7224870137756431,813.644947935005,948.8232205836406,0
477.81536548545324,0.7156725152993718,813.644947935005,950.5132162057558,0
478.24033197568116,0.7109500119525286,813.7762625804854,951.6843970357729,0
478.24033197568116,0.7098996549961499,813.7762625804854,951.9448855609548,0
478.24033197568116,0.7093785794748214,813.7762625804854,952.0741122902443,0
478.672092988282,0.7177647668636037,813.9096767333791,949.9943378178264,0
478.672092988282,0.713050725865286,813.9096767333791,951.1634199854091,0
479.09047085075446,0.7314194072965264,814.0389554928831,946.6079869904614,0
479.09047085075446,0.7277305926438147,814.0389554928831,947.522813024334,0
479.09047085075446,0.7224870137756431,814.0389554928831,948.8232205836406,0
479.5222318633552,0.7361416542085658,814.1723696457767,945.4368697562757,0
479.5222318633552,0.7350912972521871,814.1723696457767,945.6973582814576,0
479.9406097258277,0.7371838052512227,814.3016484052807,945.1784162976968,0
479.9406097258277,0.7361416542085658,814.3016484052807,945.4368697562757,0
480.37237073842846,0.7371838052512227,814.4350625581744,945.1784162976968,0
480.37237073842846,0.7361416542085658,814.4350625581744,945.4368697562757,0
480.7973372286565,0.7387634436426516,814.5663772036548,944.7866659766224,0
480.7973372286565,0.7371838052512227,814.5663772036548,945.1784162976968,0
480.7973372286565,0.7361416542085658,814.5663772036548,945.4368697562757,0
481.22250961350176,0.7398053382505048,814.697755470572,944.5282761138749,0
481.22250961350176,0.7392845191639801,814.697755470572,944.657439247333,0
481.6542706261026,0.7460992740750552,814.8311696234657,942.9673800293864,0
481.6542706261026,0.744527841597348,814.8311696234657,943.3570952838577,0
481.6542706261026,0.7424271276845906,814.8311696234657,943.8780723342215,0
482.07244259395765,0.7466285555101053,814.9603847615329,942.836118233494,0
482.07244259395765,0.744527841597348,814.9603847615329,943.3570952838577,0
482.5044095011758,0.7408556952068834,815.0938625358633,944.267787588693,0
482.5044095011758,0.7377130866862729,815.0938625358633,945.0471545018044,0
482.5044095011758,0.7366627297298942,815.0938625358633,945.3076430269863,0
482.9293759914038,0.7361416542085658,815.2251771813437,945.4368697562757,0
482.9293759914038,0.7356123727735155,815.2251771813437,945.5681315521681,0
483.36113700400455,0.7450489171186765,815.3585913342374,943.2278685545682,0
483.36113700400455,0.7413852330767374,815.3585913342374,944.1364621969691,0
483.36113700400455,0.7371838052512227,815.3585913342374,945.1784162976968,0
483.7861034942325,0.7471496310314338,815.4899059797178,942.7068915042045,0
483.7861034942325,0.7460992740750552,815.4899059797178,942.9673800293864,0
484.2112758790778,0.7481999879878125,815.621284246635,942.4464029790225,0
484.2112758790778,0.7476704501179585,815.621284246635,942.5777283707463,0
484.2112758790778,0.7466285555101053,815.621284246635,942.836118233494,0
484.63624236930576,0.7419060521632621,815.7525988921154,944.007299063511,0
484.63624236930576,0.7350912972521871,815.7525988921154,945.6973582814576,0
485.0614147541511,0.7287809496001934,815.8839771590326,947.2623244991521,0
485.0614147541511,0.7251088032097288,815.8839771590326,948.1730168039873,0
485.0614147541511,0.7245795217746787,815.8839771590326,948.3042785998797,0
485.48638124437906,0.7251088032097288,816.0152918045131,948.1730168039873,0
485.48638124437906,0.7245795217746787,816.0152918045131,948.3042785998797,0
485.9181422569798,0.7340409402958085,816.1487059574067,945.9578468066395,0
485.9181422569798,0.7287809496001934,816.1487059574067,947.2623244991521,0
486.34331464182515,0.7434774846409693,816.2800842243239,943.6175838090396,0
486.34331464182515,0.7413852330767374,816.2800842243239,944.1364621969691,0
486.34331464182515,0.7392845191639801,816.2800842243239,944.657439247333,0
486.76828113205306,0.7429564091196408,816.4113988698044,943.7468105383291,0
486.76828113205306,0.7424271276845906,816.4113988698044,943.8780723342215,0
487.19324762228104,0.7434774846409693,816.5427135152848,943.6175838090396,0
487.19324762228104,0.7419060521632621,816.5427135152848,944.007299063511,0
487.61842000712636,0.7487208070743372,816.674091782202,942.3172398455644,0
487.61842000712636,0.7455781985537266,816.674091782202,943.0966067586758,0
488.0433864973543,0.7497711640307159,816.8054064276824,942.0567513203825,0
488.0433864973543,0.7487208070743372,816.8054064276824,942.3172398455644,0
488.48194203232794,0.750813058638569,816.9409200879893,941.7983614576349,0
488.48194203232794,0.7471496310314338,816.9409200879893,942.7068915042045,0
488.48194203232794,0.7460992740750552,816.9409200879893,942.9673800293864,0
488.9003198948004,0.7565859189417908,817.0701988474933,940.3666921024359,0
488.9003198948004,0.7544852050290335,817.0701988474933,940.8876691527997,0
489.33208090740123,0.7660222068521478,817.2036130003869,938.0264927006673,0
489.33208090740123,0.7628795983315374,817.2036130003869,938.8058596137787,0
489.33208090740123,0.7592077083758767,817.2036130003869,939.7164883227827,0
489.7502528752563,0.7696943532426124,817.3328281384541,937.1158003958321,0
489.7502528752563,0.7686439962862337,817.3328281384541,937.3762889210141,0
490.1822197824745,0.7686439962862337,817.4663059127846,937.3762889210141,0
490.1822197824745,0.7660222068521478,817.4663059127846,938.0264927006673,0
490.1822197824745,0.7618292413751587,817.4663059127846,939.0663481389606,0
490.6071862727024,0.7597285274624014,817.597620558265,939.5873251893245,0
490.6071862727024,0.758157351419498,817.597620558265,939.9769768479645,0
491.03894728530315,0.7565859189417908,817.7310347111586,940.3666921024359,0
491.03894728530315,0.7534433104211803,817.7310347111586,941.1460590155473,0
491.03894728530315,0.7497711640307159,817.7310347111586,942.0567513203825,0
491.4573251477757,0.7450489171186765,817.8603134706626,943.2278685545682,0
491.4573251477757,0.7408556952068834,817.8603134706626,944.267787588693,0
491.4573251477757,0.7403348761203588,817.8603134706626,944.396950722151,0
491.88908616037645,0.7534433104211803,817.9937276235563,941.1460590155473,0
491.88908616037645,0.7460992740750552,817.9937276235563,942.9673800293864,0
492.3072581282316,0.761308422288634,818.1229427616236,939.1955112724188,0
492.3072581282316,0.7586781705060227,818.1229427616236,939.8478137145064,0
492.7392250354497,0.7665432823734764,818.2564205359539,937.8972659713779,0
492.7392250354497,0.7649718498957692,818.2564205359539,938.2869812258492,0
492.7392250354497,0.7623503168964871,818.2564205359539,938.9371214096711,0
493.1709860480505,0.7655013877656232,818.3898346888476,938.1556558341255,0
493.1709860480505,0.7618292413751587,818.3898346888476,939.0663481389606,0
493.1709860480505,0.7555355619854122,818.3898346888476,940.6271806276178,0
493.58915801590564,0.7534433104211803,818.5190498269149,941.1460590155473,0
493.58915801590564,0.7523929534648016,818.5190498269149,941.4065475407292,0
494.02112492312375,0.7550144864640836,818.6525276012452,940.7564073569073,0
494.02112492312375,0.7534433104211803,818.6525276012452,941.1460590155473,0
494.4392968909789,0.7492503449441912,818.7817427393124,942.1859144538406,0
494.4392968909789,0.7450489171186765,818.7817427393124,943.2278685545682,0
494.4392968909789,0.7429564091196408,818.7817427393124,943.7468105383291,0
494.87105790357964,0.7398053382505048,818.9151568922061,944.5282761138749,0
494.87105790357964,0.7356123727735155,818.9151568922061,945.5681315521681,0
495.2894357660522,0.7329905833394298,819.04443565171,946.2183353318214,0
495.2894357660522,0.7324697642529051,819.04443565171,946.3474984652795,0
495.2894357660522,0.7314194072965264,819.04443565171,946.6079869904614,0
495.7279913010258,0.7382341622076014,819.1799493120169,944.9179277725149,0
495.7279913010258,0.7350912972521871,819.1799493120169,945.6973582814576,0
496.1461632688809,0.7450489171186765,819.3091644500842,943.2278685545682,0
496.1461632688809,0.7419060521632621,819.3091644500842,944.007299063511,0
496.1461632688809,0.7403348761203588,819.3091644500842,944.396950722151,0
496.578130176099,0.7534433104211803,819.4426422244146,941.1460590155473,0
496.578130176099,0.7502922395520443,819.4426422244146,941.9275245910931,0
497.00309666632705,0.753964129507705,819.573956869895,941.0168958820892,0
497.42806315655497,0.7555355619854122,819.7052715153754,940.6271806276178,0
497.42806315655497,0.7550144864640836,819.7052715153754,940.7564073569073,0
497.85323554140024,0.7660222068521478,819.8366497822926,938.0264927006673,0
497.85323554140024,0.76077888441878,819.8366497822926,939.3268366641425,0
497.85323554140024,0.7565859189417908,819.8366497822926,940.3666921024359,0
498.28499655400105,0.7749376756759803,819.9700639351863,935.8154564323569,0
498.28499655400105,0.770744710198991,819.9700639351863,936.8553118706502,0
498.70996304422897,0.7749376756759803,820.1013785806667,935.8154564323569,0
498.70996304422897,0.7738873187196016,820.1013785806667,936.0759449575388,0
498.70996304422897,0.7723161426766982,820.1013785806667,936.4655966161788,0
499.13513542907435,0.7696943532426124,820.2327568475839,937.1158003958321,0
499.13513542907435,0.7681229207649052,820.2327568475839,937.5055156503036,0
499.13513542907435,0.7660222068521478,820.2327568475839,938.0264927006673,0
499.56010191930227,0.7655013877656232,820.3640714930643,938.1556558341255,0
499.56010191930227,0.7649718498957692,820.3640714930643,938.2869812258492,0
499.98506840953024,0.770744710198991,820.4953861385449,936.8553118706502,0
499.98506840953024,0.7686439962862337,820.4953861385449,937.3762889210141,0
500.4170353167484,0.770744710198991,820.6288639128752,936.8553118706502,0
500.4170353167484,0.767593639329855,820.6288639128752,937.636777446196,0
500.4170353167484,0.7634006738528658,820.6288639128752,938.6766328844893,0
500.8487963293492,0.7597285274624014,820.7622780657689,939.5873251893245,0
500.8487963293492,0.7565859189417908,820.7622780657689,940.3666921024359,0
500.8487963293492,0.7550144864640836,820.7622780657689,940.7564073569073,0
501.2669682972043,0.7550144864640836,820.891493203836,940.7564073569073,0
501.2669682972043,0.753964129507705,820.891493203836,941.0168958820892,0
501.6989352044224,0.7586781705060227,821.0249709781665,939.8478137145064,0
501.6989352044224,0.757115200376841,821.0249709781665,940.2354303065434,0
502.11710717227754,0.7634006738528658,821.1541861162337,938.6766328844893,0
502.11710717227754,0.7618292413751587,821.1541861162337,939.0663481389606,0
502.11710717227754,0.7602580653322554,821.1541861162337,939.4559997976007,0
502.5488681848783,0.767593639329855,821.2876002691273,937.636777446196,0
502.5488681848783,0.7660222068521478,821.2876002691273,938.0264927006673,0
502.5488681848783,0.7644510308092445,821.2876002691273,938.4161443593074,0
502.9740405697236,0.7670725638085265,821.4189785360446,937.7660041754855,0
502.9740405697236,0.7639299552879161,821.4189785360446,938.5453710885969,0
503.4058015823244,0.7597285274624014,821.5523926889382,939.5873251893245,0
503.4058015823244,0.7555355619854122,821.5523926889382,940.6271806276178,0
503.4058015823244,0.7550144864640836,821.5523926889382,940.7564073569073,0
503.8239735501795,0.767593639329855,821.6816078270055,937.636777446196,0
503.8239735501795,0.7597285274624014,821.6816078270055,939.5873251893245,0
504.2559404573976,0.7843742200211411,821.8150856013359,933.475193434757,0
504.2559404573976,0.7807020736306766,821.8150856013359,934.3858857395923,0
504.2559404573976,0.7749376756759803,821.8150856013359,935.8154564323569,0
504.6741124252528,0.7843742200211411,821.944300739403,933.475193434757,0
504.6741124252528,0.7801812545441519,821.944300739403,934.5150488730503,0
505.10587343785363,0.7717950671553697,822.0777148922967,936.5948233454683,0
505.10587343785363,0.7586781705060227,822.0777148922967,939.8478137145064,0
505.53784034507174,0.744527841597348,822.2111926666271,943.3570952838577,0
505.53784034507174,0.7361416542085658,822.2111926666271,945.4368697562757,0
505.53784034507174,0.7356123727735155,822.2111926666271,945.5681315521681,0
505.9560123129269,0.7518634155949476,822.3404078046943,941.537872932453,0
505.9560123129269,0.7429564091196408,822.3404078046943,943.7468105383291,0
506.38777332552763,0.7649718498957692,822.473821957588,938.2869812258492,0
506.38777332552763,0.7639299552879161,822.473821957588,938.5453710885969,0
506.38777332552763,0.7592077083758767,822.473821957588,939.7164883227827,0
506.8061511880001,0.7639299552879161,822.603100717092,938.5453710885969,0
506.8061511880001,0.7618292413751587,822.603100717092,939.0663481389606,0
507.2379122006009,0.7586781705060227,822.7365148699856,939.8478137145064,0
507.2379122006009,0.753964129507705,822.7365148699856,941.0168958820892,0
507.2379122006009,0.750813058638569,822.7365148699856,941.7983614576349,0
507.65629006307347,0.753964129507705,822.8657936294896,941.0168958820892,0
507.65629006307347,0.7513425965084229,822.8657936294896,941.6670360659111,0
508.09484559804696,0.7602580653322554,823.0013072897965,939.4559997976007,0
508.09484559804696,0.7586781705060227,823.0013072897965,939.8478137145064,0
508.09484559804696,0.757115200376841,823.0013072897965,940.2354303065434,0
508.51301756590215,0.7602580653322554,823.1305224278638,939.4559997976007,0
508.51301756590215,0.7586781705060227,823.1305224278638,939.8478137145064,0
508.94477857850296,0.7555355619854122,823.2639365807573,940.6271806276178,0
508.94477857850296,0.7529137725513263,823.2639365807573,941.277384407271,0
508.94477857850296,0.7518634155949476,823.2639365807573,941.537872932453,0
509.36995096334823,0.7534433104211803,823.3953148476746,941.1460590155473,0
509.36995096334823,0.7518634155949476,823.3953148476746,941.537872932453,0
509.7949174535762,0.76077888441878,823.526629493155,939.3268366641425,0
509.7949174535762,0.758157351419498,823.526629493155,939.9769768479645,0
509.7949174535762,0.7555355619854122,823.526629493155,940.6271806276178,0
510.2200898384215,0.7670725638085265,823.6580077600722,937.7660041754855,0
510.2200898384215,0.7639299552879161,823.6580077600722,938.5453710885969,0
510.6518508510223,0.767593639329855,823.7914219129658,937.636777446196,0
510.6518508510223,0.7665432823734764,823.7914219129658,937.8972659713779,0
510.6518508510223,0.7655013877656232,823.7914219129658,938.1556558341255,0
511.0768173412502,0.7655013877656232,823.9227365584463,938.1556558341255,0
511.0768173412502,0.7649718498957692,823.9227365584463,938.2869812258492,0
511.5017838314782,0.7686439962862337,824.0540512039267,937.3762889210141,0
511.5017838314782,0.7670725638085265,824.0540512039267,937.7660041754855,0
511.5017838314782,0.7660222068521478,824.0540512039267,938.0264927006673,0
511.92695621632345,0.7691732777212839,824.1854294708439,937.2450271251216,0
511.92695621632345,0.767593639329855,824.1854294708439,937.636777446196,0
512.3519227065515,0.7665432823734764,824.3167441163243,937.8972659713779,0
512.3519227065515,0.7639299552879161,824.3167441163243,938.5453710885969,0
512.3519227065515,0.761308422288634,824.3167441163243,939.1955112724188,0
512.7770950913967,0.7576362758981695,824.4481223832415,940.106203577254,0
512.7770950913967,0.7550144864640836,824.4481223832415,940.7564073569073,0
513.2154447317531,0.761308422288634,824.5835724221116,939.1955112724188,0
513.2154447317531,0.7560648434204623,824.5835724221116,940.4959188317254,0
513.2154447317531,0.7544852050290335,824.5835724221116,940.8876691527997,0
513.6338225942255,0.7686439962862337,824.7128511816156,937.3762889210141,0
513.6338225942255,0.7665432823734764,824.7128511816156,937.8972659713779,0
514.0655836068263,0.7665432823734764,824.8462653345093,937.8972659713779,0
514.0655836068263,0.7644510308092445,824.8462653345093,938.4161443593074,0
514.0655836068263,0.761308422288634,824.8462653345093,939.1955112724188,0
514.4839614692987,0.761308422288634,824.9755440940133,939.1955112724188,0
514.9157224818996,0.761308422288634,825.1089582469069,939.1955112724188,0
514.9157224818996,0.76077888441878,825.1089582469069,939.3268366641425,0
515.3406889721275,0.7649718498957692,825.2402728923873,938.2869812258492,0
515.3406889721275,0.7623503168964871,825.2402728923873,938.9371214096711,0
515.7726558793456,0.7681229207649052,825.3737506667178,937.5055156503036,0
515.7726558793456,0.7665432823734764,825.3737506667178,937.8972659713779,0
516.1908278472008,0.7639299552879161,825.502965804785,938.5453710885969,0
516.6225888598016,0.7749376756759803,825.6363799576786,935.8154564323569,0
516.6225888598016,0.7702154287639409,825.6363799576786,936.9865736665427,0
516.6225888598016,0.7660222068521478,825.6363799576786,938.0264927006673,0
517.0409667222741,0.7765091081536875,825.7656587171826,935.4257411778856,0
517.0409667222741,0.7738873187196016,825.7656587171826,936.0759449575388,0
517.4727277348749,0.7691732777212839,825.8990728700763,937.2450271251216,0
517.4727277348749,0.7644510308092445,825.8990728700763,938.4161443593074,0
517.4727277348749,0.758157351419498,825.8990728700763,939.9769768479645,0
517.9044887474756,0.7518634155949476,826.0324870229699,941.537872932453,0
517.9044887474756,0.7471496310314338,826.0324870229699,942.7068915042045,0
518.322866609948,0.753964129507705,826.1617657824739,941.0168958820892,0
518.322866609948,0.7497711640307159,826.1617657824739,942.0567513203825,0
518.322866609948,0.7476704501179585,826.1617657824739,942.5777283707463,0
518.7546276225489,0.7628795983315374,826.2951799353676,938.8058596137787,0
518.7546276225489,0.7586781705060227,826.2951799353676,939.8478137145064,0
519.1730054850213,0.7644510308092445,826.4244586948715,938.4161443593074,0
519.1730054850213,0.7623503168964871,826.4244586948715,938.9371214096711,0
519.1730054850213,0.761308422288634,826.4244586948715,939.1955112724188,0
519.6047664976221,0.7639299552879161,826.5578728477652,938.5453710885969,0
519.6047664976221,0.761308422288634,826.5578728477652,939.1955112724188,0
520.0229384654773,0.7702154287639409,826.6870879858325,936.9865736665427,0
520.0229384654773,0.7686439962862337,826.6870879858325,937.3762889210141,0
520.0229384654773,0.7660222068521478,826.6870879858325,938.0264927006673,0
520.4614940004508,0.7702154287639409,826.8226016461393,936.9865736665427,0
520.4614940004508,0.7691732777212839,826.8226016461393,937.2450271251216,0
520.8798718629234,0.7691732777212839,826.9518804056432,937.2450271251216,0
520.8798718629234,0.7681229207649052,826.9518804056432,937.5055156503036,0
520.8798718629234,0.7623503168964871,826.9518804056432,938.9371214096711,0
521.3116328755242,0.7565859189417908,827.0852945585369,940.3666921024359,0
521.3116328755242,0.7529137725513263,827.0852945585369,941.277384407271,0
521.7365993657521,0.7550144864640836,827.2166092040173,940.7564073569073,0
521.7365993657521,0.7544852050290335,827.2166092040173,940.8876691527997,0
521.7365993657521,0.7529137725513263,827.2166092040173,941.277384407271,0
522.1617717505974,0.753964129507705,827.3479874709345,941.0168958820892,0
522.1617717505974,0.750813058638569,827.3479874709345,941.7983614576349,0
522.5867382408253,0.7534433104211803,827.479302116415,941.1460590155473,0
522.5867382408253,0.7502922395520443,827.479302116415,941.9275245910931,0
522.5867382408253,0.7492503449441912,827.479302116415,942.1859144538406,0
523.0388828205447,0.7597285274624014,827.6190147915482,939.5873251893245,0
523.0388828205447,0.7565859189417908,827.6190147915482,940.3666921024359,0
523.4570547883998,0.7717950671553697,827.7482299296155,936.5948233454683,0
523.4570547883998,0.7665432823734764,827.7482299296155,937.8972659713779,0
523.4570547883998,0.7623503168964871,827.7482299296155,938.9371214096711,0
523.8888158010005,0.7786098220664448,827.8816440825092,934.9047641275217,0
523.8888158010005,0.7765091081536875,827.8816440825092,935.4257411778856,0
524.307193663473,0.7791308975877732,828.0109228420131,934.7755373982322,0
524.307193663473,0.7775594651100661,828.0109228420131,935.1652526527037,0
524.307193663473,0.7744083942409301,828.0109228420131,935.9467182282493,0
524.7389546760738,0.7717950671553697,828.1443369949068,936.5948233454683,0
524.7389546760738,0.7670725638085265,828.1443369949068,937.7660041754855,0
525.1641270609191,0.7623503168964871,828.275715261824,938.9371214096711,0
525.1641270609191,0.7586781705060227,828.275715261824,939.8478137145064,0
525.1641270609191,0.758157351419498,828.275715261824,939.9769768479645,0
525.5958880735199,0.7597285274624014,828.4091294147177,939.5873251893245,0
525.5958880735199,0.7586781705060227,828.4091294147177,939.8478137145064,0
526.014060041375,0.7576362758981695,828.5383445527849,940.106203577254,0
526.014060041375,0.753964129507705,828.5383445527849,941.0168958820892,0
526.014060041375,0.7513425965084229,828.5383445527849,941.6670360659111,0
526.4460269485933,0.7565859189417908,828.6718223271153,940.3666921024359,0
526.4460269485933,0.7523929534648016,828.6718223271153,941.4065475407292,0
526.8709934388212,0.7592077083758767,828.8031369725957,939.7164883227827,0
527.302754451422,0.7628795983315374,828.9365511254894,938.8058596137787,0
527.302754451422,0.7602580653322554,828.9365511254894,939.4559997976007,0
527.7277209416499,0.7634006738528658,829.0678657709698,938.6766328844893,0
527.7277209416499,0.7586781705060227,829.0678657709698,939.8478137145064,0
527.7277209416499,0.7523929534648016,829.0678657709698,941.4065475407292,0
528.1528933264951,0.7492503449441912,829.199244037887,942.1859144538406,0
528.1528933264951,0.7476704501179585,829.199244037887,942.5777283707463,0
528.5778598167232,0.7592077083758767,829.3305586833674,939.7164883227827,0
528.5778598167232,0.7544852050290335,829.3305586833674,940.8876691527997,0
529.0030322015684,0.7576362758981695,829.4619369502847,940.106203577254,0
529.0030322015684,0.7560648434204623,829.4619369502847,940.4959188317254,0
529.4279986917963,0.758157351419498,829.5932515957651,939.9769768479645,0
529.4279986917963,0.7565859189417908,829.5932515957651,940.3666921024359,0
529.4279986917963,0.7555355619854122,829.5932515957651,940.6271806276178,0
529.8529651820244,0.7628795983315374,829.7245662412455,938.8058596137787,0
529.8529651820244,0.7597285274624014,829.7245662412455,939.5873251893245,0
530.2849320892425,0.7780805406313945,829.858044015576,935.0360259234142,0
530.2849320892425,0.7723161426766982,829.858044015576,936.4655966161788,0
530.2849320892425,0.7670725638085265,829.858044015576,937.7660041754855,0
530.7098985794705,0.7812316115005306,829.9893586610564,934.2545603478684,0
531.1348650696984,0.7770301836750159,830.1206733065368,935.2965144485961,0
531.1348650696984,0.770744710198991,830.1206733065368,936.8553118706502,0
531.1348650696984,0.7649718498957692,830.1206733065368,938.2869812258492,0
531.5600374545437,0.761308422288634,830.252051573454,939.1955112724188,0
531.5600374545437,0.7597285274624014,830.252051573454,939.5873251893245,0
531.9917984671445,0.7576362758981695,830.3854657263477,940.106203577254,0
531.9917984671445,0.7550144864640836,830.3854657263477,940.7564073569073,0
531.9917984671445,0.7523929534648016,830.3854657263477,941.4065475407292,0
532.4167649573725,0.7502922395520443,830.5167803718281,941.9275245910931,0
532.4167649573725,0.7487208070743372,830.5167803718281,942.3172398455644,0
532.8419373422178,0.7487208070743372,830.6481586387453,942.3172398455644,0
532.8419373422178,0.7476704501179585,830.6481586387453,942.5777283707463,0
532.8419373422178,0.7466285555101053,830.6481586387453,942.836118233494,0
533.2669038324457,0.7513425965084229,830.7794732842257,941.6670360659111,0
533.2669038324457,0.7487208070743372,830.7794732842257,942.3172398455644,0
533.6918703226736,0.7702154287639409,830.9107879297061,936.9865736665427,0
533.6918703226736,0.7623503168964871,830.9107879297061,938.9371214096711,0
533.6918703226736,0.7555355619854122,830.9107879297061,940.6271806276178,0
534.117042707519,0.7780805406313945,831.0421661966234,935.0360259234142,0
534.117042707519,0.7765091081536875,831.0421661966234,935.4257411778856,0
534.5488037201198,0.7754587511973088,831.175580349517,935.6862297030674,0
534.5488037201198,0.770744710198991,831.175580349517,936.8553118706502,0
534.5488037201198,0.7644510308092445,831.175580349517,938.4161443593074,0
534.9737702103478,0.7592077083758767,831.3068949949974,939.7164883227827,0
534.9737702103478,0.7544852050290335,831.3068949949974,940.8876691527997,0
535.4055312229485,0.7487208070743372,831.4403091478911,942.3172398455644,0
535.4055312229485,0.7434774846409693,831.4403091478911,943.6175838090396,0
535.4055312229485,0.7413852330767374,831.4403091478911,944.1364621969691,0
535.823909085421,0.7439985601622978,831.5695879073951,943.4883570797501,0
535.823909085421,0.7419060521632621,831.5695879073951,944.007299063511,0
536.2556700980218,0.744527841597348,831.7030020602887,943.3570952838577,0
536.2556700980218,0.7429564091196408,831.7030020602887,943.7468105383291,0
536.2556700980218,0.7424271276845906,831.7030020602887,943.8780723342215,0
536.6808424828671,0.7565859189417908,831.8343803272058,940.3666921024359,0
536.6808424828671,0.7497711640307159,831.8343803272058,942.0567513203825,0
537.1126034954679,0.7660222068521478,831.9677944800995,938.0264927006673,0
537.1126034954679,0.7639299552879161,831.9677944800995,938.5453710885969,0
537.1126034954679,0.7618292413751587,831.9677944800995,939.0663481389606,0
537.5307754633229,0.7702154287639409,832.0970096181668,936.9865736665427,0
537.5307754633229,0.7686439962862337,832.0970096181668,937.3762889210141,0
537.962742370541,0.7691732777212839,832.2304873924971,937.2450271251216,0
537.962742370541,0.7649718498957692,832.2304873924971,938.2869812258492,0
537.962742370541,0.76077888441878,832.2304873924971,939.3268366641425,0
538.3809143383963,0.7597285274624014,832.3597025305644,939.5873251893245,0
538.3809143383963,0.7592077083758767,832.3597025305644,939.7164883227827,0
538.8126753509971,0.758157351419498,832.4931166834581,939.9769768479645,0
538.8126753509971,0.7560648434204623,832.4931166834581,940.4959188317254,0
538.8126753509971,0.7534433104211803,832.4931166834581,941.1460590155473,0
539.2378477358424,0.757115200376841,832.6244949503753,940.2354303065434,0
539.2378477358424,0.753964129507705,832.6244949503753,941.0168958820892,0
539.6696087484431,0.7649718498957692,832.7579091032688,938.2869812258492,0
539.6696087484431,0.7634006738528658,832.7579091032688,938.6766328844893,0
539.6696087484431,0.76077888441878,832.7579091032688,939.3268366641425,0
540.0945752386712,0.7770301836750159,832.8892237487494,935.2965144485961,0
540.0945752386712,0.7691732777212839,832.8892237487494,937.2450271251216,0
540.5197476235164,0.7932896888449734,833.0206020156666,931.2641571664466,0
540.5197476235164,0.7917097940187408,833.0206020156666,931.6559710833523,0
540.5197476235164,0.7848950391076658,833.0206020156666,933.3460303012989,0
540.9447141137443,0.7885671854981303,833.151916661147,932.4353379964637,0
540.9447141137443,0.7817524305870552,833.151916661147,934.1253972144103,0
541.3696806039723,0.7723161426766982,833.2832313066274,936.4655966161788,0
541.3696806039723,0.7634006738528658,833.2832313066274,938.6766328844893,0
541.3696806039723,0.7576362758981695,833.2832313066274,940.106203577254,0
541.7948529888175,0.7534433104211803,833.4146095735446,941.1460590155473,0
541.7948529888175,0.7492503449441912,833.4146095735446,942.1859144538406,0
542.2198194790457,0.744527841597348,833.5459242190251,943.3570952838577,0
542.2198194790457,0.7387634436426516,833.5459242190251,944.7866659766224,0
542.2198194790457,0.7366627297298942,833.5459242190251,945.3076430269863,0
542.6515804916464,0.7377130866862729,833.6793383719187,945.0471545018044,0
542.6515804916464,0.7366627297298942,833.6793383719187,945.3076430269863,0
543.0767528764917,0.7366627297298942,833.8107166388359,945.3076430269863,0
543.0767528764917,0.7340409402958085,833.8107166388359,945.9578468066395,0
543.0767528764917,0.7335201212092838,833.8107166388359,946.0870099400977,0
543.5017193667196,0.7450489171186765,833.9420312843164,943.2278685545682,0
543.5017193667196,0.7361416542085658,833.9420312843164,945.4368697562757,0
543.9266858569476,0.7691732777212839,834.0733459297968,937.2450271251216,0
543.9266858569476,0.7655013877656232,834.0733459297968,938.1556558341255,0
543.9266858569476,0.7560648434204623,834.0733459297968,940.4959188317254,0
544.3586527641658,0.767593639329855,834.2068237041271,937.636777446196,0
544.3586527641658,0.76077888441878,834.2068237041271,939.3268366641425,0
544.7836192543937,0.753964129507705,834.3381383496076,941.0168958820892,0
544.7836192543937,0.7487208070743372,834.3381383496076,942.3172398455644,0
544.7836192543937,0.7455781985537266,834.3381383496076,943.0966067586758,0
545.2085857446216,0.7466285555101053,834.4694529950881,942.836118233494,0
545.2085857446216,0.7450489171186765,834.4694529950881,943.2278685545682,0
545.6337581294669,0.7618292413751587,834.6008312620053,939.0663481389606,0
545.6337581294669,0.7555355619854122,834.6008312620053,940.6271806276178,0
545.6337581294669,0.7513425965084229,834.6008312620053,941.6670360659111,0
546.058724619695,0.7702154287639409,834.7321459074857,936.9865736665427,0
546.058724619695,0.7665432823734764,834.7321459074857,937.8972659713779,0
546.4838970045403,0.7686439962862337,834.8635241744029,937.3762889210141,0
546.4838970045403,0.7644510308092445,834.8635241744029,938.4161443593074,0
546.4838970045403,0.7592077083758767,834.8635241744029,939.7164883227827,0
546.915658017141,0.7555355619854122,834.9969383272966,940.6271806276178,0
546.915658017141,0.7523929534648016,834.9969383272966,941.4065475407292,0
547.340624507369,0.7513425965084229,835.128252972777,941.6670360659111,0
547.7723855199698,0.7492503449441912,835.2616671256707,942.1859144538406,0
547.7723855199698,0.7466285555101053,835.2616671256707,942.836118233494,0
548.1907633824422,0.7523929534648016,835.3909458851746,941.4065475407292,0
548.1907633824422,0.7497711640307159,835.3909458851746,942.0567513203825,0
548.1907633824422,0.7471496310314338,835.3909458851746,942.7068915042045,0
548.622524395043,0.757115200376841,835.5243600380683,940.2354303065434,0
548.622524395043,0.7544852050290335,835.5243600380683,940.8876691527997,0
549.0409022575154,0.7670725638085265,835.6536387975723,937.7660041754855,0
549.0409022575154,0.7649718498957692,835.6536387975723,938.2869812258492,0
549.0409022575154,0.761308422288634,835.6536387975723,939.1955112724188,0
549.4792518978717,0.767593639329855,835.7890888364424,937.636777446196,0
549.4792518978717,0.7670725638085265,835.7890888364424,937.7660041754855,0
549.8976297603442,0.7660222068521478,835.9183675959463,938.0264927006673,0
549.8976297603442,0.7634006738528658,835.9183675959463,938.6766328844893,0
549.8976297603442,0.7586781705060227,835.9183675959463,939.8478137145064,0
550.329390772945,0.7518634155949476,836.05178174884,941.537872932453,0
550.329390772945,0.7487208070743372,836.05178174884,942.3172398455644,0
550.7477686354175,0.7529137725513263,836.181060508344,941.277384407271,0
550.7477686354175,0.7497711640307159,836.181060508344,942.0567513203825,0
550.7477686354175,0.7476704501179585,836.181060508344,942.5777283707463,0
551.1795296480183,0.7576362758981695,836.3144746612376,940.106203577254,0
551.1795296480183,0.7555355619854122,836.3144746612376,940.6271806276178,0
551.6044961382463,0.7592077083758767,836.4457893067181,939.7164883227827,0
551.6044961382463,0.758157351419498,836.4457893067181,939.9769768479645,0
552.0364630454644,0.7576362758981695,836.5792670810484,940.106203577254,0
552.0364630454644,0.7565859189417908,836.5792670810484,940.3666921024359,0
552.4614295356923,0.7644510308092445,836.7105817265289,938.4161443593074,0
552.4614295356923,0.7602580653322554,836.7105817265289,939.4559997976007,0
552.4614295356923,0.7576362758981695,836.7105817265289,940.106203577254,0
552.8863960259202,0.770744710198991,836.8418963720094,936.8553118706502,0
552.8863960259202,0.7681229207649052,836.8418963720094,937.5055156503036,0
553.3115684107655,0.770744710198991,836.9732746389266,936.8553118706502,0
553.3115684107655,0.7691732777212839,836.9732746389266,937.2450271251216,0
553.3115684107655,0.7670725638085265,836.9732746389266,937.7660041754855,0
553.7365349009935,0.7696943532426124,837.104589284407,937.1158003958321,0
553.7365349009935,0.767593639329855,837.104589284407,937.636777446196,0
554.1617072858389,0.7791308975877732,837.2359675513242,934.7755373982322,0
554.1617072858389,0.7780805406313945,837.2359675513242,935.0360259234142,0
554.1617072858389,0.7744083942409301,837.2359675513242,935.9467182282493,0
554.5866737760668,0.7759798267186372,837.3672821968046,935.557002973778,0
554.5866737760668,0.7691732777212839,837.3672821968046,937.2450271251216,0
555.0184347886676,0.7586781705060227,837.5006963496983,939.8478137145064,0
555.0184347886676,0.7460992740750552,837.5006963496983,942.9673800293864,0
555.0184347886676,0.7345620158171369,837.5006963496983,945.82862007735,0
555.4434012788955,0.7277305926438147,837.6320109951787,947.522813024334,0
555.8685736637409,0.7408556952068834,837.7633892620959,944.267787588693,0
555.8685736637409,0.7350912972521871,837.7633892620959,945.6973582814576,0
555.8685736637409,0.7303521256430967,837.7633892620959,946.872672840512,0
556.2935401539688,0.7560648434204623,837.8947039075763,940.4959188317254,0
556.2935401539688,0.7481999879878125,837.8947039075763,942.4464029790225,0
556.7253011665696,0.7655013877656232,838.02811806047,938.1556558341255,0
556.7253011665696,0.7639299552879161,838.02811806047,938.5453710885969,0
556.7253011665696,0.7618292413751587,838.02811806047,939.0663481389606,0
557.1504735514148,0.7754587511973088,838.1594963273872,935.6862297030674,0
557.1504735514148,0.7686439962862337,838.1594963273872,937.3762889210141,0
557.5754400416429,0.7906678994108877,838.2908109728676,931.9143609460999,0
557.5754400416429,0.7890964669331805,838.2908109728676,932.3040762005712,0
557.5754400416429,0.7833238630647624,838.2908109728676,933.7356819599389,0
558.0004065318708,0.7869957530204231,838.4221256183481,932.8250532509351,0
558.0004065318708,0.7801812545441519,838.4221256183481,934.5150488730503,0
558.4255789167162,0.7728369617632229,838.5535038852653,936.3364334827207,0
558.4255789167162,0.7655013877656232,838.5535038852653,938.1556558341255,0
558.4255789167162,0.7586781705060227,838.5535038852653,939.8478137145064,0
558.8505454069441,0.7550144864640836,838.6848185307457,940.7564073569073,0
558.8505454069441,0.753964129507705,838.6848185307457,941.0168958820892,0
559.2823064195449,0.7649718498957692,838.8182326836393,938.2869812258492,0
559.2823064195449,0.7597285274624014,838.8182326836393,939.5873251893245,0
559.2823064195449,0.7555355619854122,838.8182326836393,940.6271806276178,0
559.7074788043902,0.7712657857203196,838.9496109505566,936.7260851413607,0
559.7074788043902,0.7696943532426124,838.9496109505566,937.1158003958321,0
560.139239816991,0.7686439962862337,839.0830251034502,937.3762889210141,0
560.139239816991,0.7634006738528658,839.0830251034502,938.6766328844893,0
560.139239816991,0.7586781705060227,839.0830251034502,939.8478137145064,0
560.5576176794634,0.7555355619854122,839.2123038629542,940.6271806276178,0
560.5576176794634,0.753964129507705,839.2123038629542,941.0168958820892,0
560.9893786920642,0.7518634155949476,839.3457180158479,941.537872932453,0
560.9893786920642,0.7497711640307159,839.3457180158479,942.0567513203825,0
561.4075506599194,0.7550144864640836,839.474933153915,940.7564073569073,0
561.4075506599194,0.7529137725513263,839.474933153915,941.277384407271,0
561.846106194893,0.7560648434204623,839.6104468142219,940.4959188317254,0
561.846106194893,0.7550144864640836,839.6104468142219,940.7564073569073,0
561.846106194893,0.7544852050290335,839.6104468142219,940.8876691527997,0
562.2644840573655,0.7565859189417908,839.7397255737259,940.3666921024359,0
562.6962450699663,0.7565859189417908,839.8731397266196,940.3666921024359,0
562.6962450699663,0.7518634155949476,839.8731397266196,941.537872932453,0
562.6962450699663,0.7476704501179585,839.8731397266196,942.5777283707463,0
563.1146229324387,0.7455781985537266,840.0024184861236,943.0966067586758,0
563.1146229324387,0.7450489171186765,840.0024184861236,943.2278685545682,0
563.5463839450396,0.7476704501179585,840.1358326390172,942.5777283707463,0
563.5463839450396,0.7460992740750552,840.1358326390172,942.9673800293864,0
563.5463839450396,0.7450489171186765,840.1358326390172,943.2278685545682,0
563.9713504352675,0.758157351419498,840.2671472844976,939.9769768479645,0
563.9713504352675,0.7529137725513263,840.2671472844976,941.277384407271,0
564.4031114478682,0.7686439962862337,840.4005614373913,937.3762889210141,0
564.4031114478682,0.7639299552879161,840.4005614373913,938.5453710885969,0
564.8282838327135,0.770744710198991,840.5319397043085,936.8553118706502,0
564.8282838327135,0.7696943532426124,840.5319397043085,937.1158003958321,0
564.8282838327135,0.7655013877656232,840.5319397043085,938.1556558341255,0
565.2532503229415,0.76077888441878,840.6632543497889,939.3268366641425,0
565.2532503229415,0.7560648434204623,840.6632543497889,940.4959188317254,0
565.6782168131695,0.7623503168964871,840.7945689952693,938.9371214096711,0
565.6782168131695,0.7576362758981695,840.7945689952693,940.106203577254,0
565.6782168131695,0.7555355619854122,840.7945689952693,940.6271806276178,0
566.1033891980147,0.7712657857203196,840.9259472621866,936.7260851413607,0
566.1033891980147,0.7686439962862337,840.9259472621866,937.3762889210141,0
566.1033891980147,0.7655013877656232,840.9259472621866,938.1556558341255,0
566.5283556882428,0.7723161426766982,841.057261907667,936.4655966161788,0
566.5283556882428,0.7702154287639409,841.057261907667,936.9865736665427,0
566.953528073088,0.7644510308092445,841.1886401745842,938.4161443593074,0
566.953528073088,0.7586781705060227,841.1886401745842,939.8478137145064,0
566.953528073088,0.7529137725513263,841.1886401745842,941.277384407271,0
567.3852890856889,0.7481999879878125,841.3220543274779,942.4464029790225,0
567.3852890856889,0.7471496310314338,841.3220543274779,942.7068915042045,0
567.8102555759168,0.7618292413751587,841.4533689729583,939.0663481389606,0
567.8102555759168,0.7550144864640836,841.4533689729583,940.7564073569073,0
567.8102555759168,0.7497711640307159,841.4533689729583,942.0567513203825,0
568.2354279607621,0.7712657857203196,841.5847472398755,936.7260851413607,0
568.2354279607621,0.7681229207649052,841.5847472398755,937.5055156503036,0
568.66039445099,0.7733664996330769,841.7160618853559,936.205108090997,0
568.66039445099,0.7723161426766982,841.7160618853559,936.4655966161788,0
568.66039445099,0.7717950671553697,841.7160618853559,936.5948233454683,0
569.0921554635909,0.7728369617632229,841.8494760382496,936.3364334827207,0
569.0921554635909,0.7691732777212839,841.8494760382496,937.2450271251216,0
569.5171219538188,0.7655013877656232,841.98079068373,938.1556558341255,0
569.5171219538188,0.76077888441878,841.98079068373,939.3268366641425,0
569.5171219538188,0.757115200376841,841.98079068373,940.2354303065434,0
569.942294338664,0.7534433104211803,842.1121689506472,941.1460590155473,0
569.942294338664,0.7497711640307159,842.1121689506472,942.0567513203825,0
570.367260828892,0.7455781985537266,842.2434835961276,943.0966067586758,0
570.367260828892,0.7434774846409693,842.2434835961276,943.6175838090396,0
570.7924332137374,0.750813058638569,842.3748618630448,941.7983614576349,0
570.7924332137374,0.7460992740750552,842.3748618630448,942.9673800293864,0
571.2173997039654,0.7759798267186372,842.5061765085253,935.557002973778,0
571.2173997039654,0.767593639329855,842.5061765085253,937.636777446196,0
571.2173997039654,0.758157351419498,842.5061765085253,939.9769768479645,0
571.6491607165661,0.7833238630647624,842.6395906614189,933.7356819599389,0
571.6491607165661,0.7812316115005306,842.6395906614189,934.2545603478684,0
572.0741272067941,0.7807020736306766,842.7709053068993,934.3858857395923,0
572.0741272067941,0.7765091081536875,842.7709053068993,935.4257411778856,0
572.0741272067941,0.7717950671553697,842.7709053068993,936.5948233454683,0
572.5060941140122,0.767593639329855,842.9043830812298,937.636777446196,0
572.5060941140122,0.7634006738528658,842.9043830812298,938.6766328844893,0
572.9242660818674,0.757115200376841,843.033598219297,940.2354303065434,0
572.9242660818674,0.7529137725513263,843.033598219297,941.277384407271,0
572.9242660818674,0.750813058638569,843.033598219297,941.7983614576349,0
573.3560270944681,0.7492503449441912,843.1670123721906,942.1859144538406,0
573.3560270944681,0.7481999879878125,843.1670123721906,942.4464029790225,0
573.7744049569405,0.7544852050290335,843.2962911316946,940.8876691527997,0
573.7744049569405,0.7502922395520443,843.2962911316946,941.9275245910931,0
573.7744049569405,0.7481999879878125,843.2962911316946,942.4464029790225,0
574.2129604919141,0.7586781705060227,843.4318047920015,939.8478137145064,0
574.2129604919141,0.7576362758981695,843.4318047920015,940.106203577254,0
574.6313383543867,0.7592077083758767,843.5610835515055,939.7164883227827,0
574.6313383543867,0.7576362758981695,843.5610835515055,940.106203577254,0
574.6313383543867,0.7565859189417908,843.5610835515055,940.3666921024359,0
575.0630993669876,0.7555355619854122,843.694497704399,940.6271806276178,0
575.0630993669876,0.7523929534648016,843.694497704399,941.4065475407292,0
575.4812713348426,0.750813058638569,843.8237128424663,941.7983614576349,0
575.4812713348426,0.7481999879878125,843.8237128424663,942.4464029790225,0
575.4812713348426,0.7476704501179585,843.8237128424663,942.5777283707463,0
575.9132382420607,0.7665432823734764,843.9571906167968,937.8972659713779,0
575.9132382420607,0.7592077083758767,843.9571906167968,939.7164883227827,0
576.3382047322887,0.7696943532426124,844.0885052622772,937.1158003958321,0
576.3382047322887,0.7681229207649052,844.0885052622772,937.5055156503036,0
576.3382047322887,0.7644510308092445,844.0885052622772,938.4161443593074,0
576.7699657448895,0.7618292413751587,844.2219194151708,939.0663481389606,0
576.7699657448895,0.76077888441878,844.2219194151708,939.3268366641425,0
577.1949322351174,0.7597285274624014,844.3532340606513,939.5873251893245,0
577.1949322351174,0.7560648434204623,844.3532340606513,940.4959188317254,0
577.1949322351174,0.7544852050290335,844.3532340606513,940.8876691527997,0
577.6201046199627,0.76077888441878,844.4846123275685,939.3268366641425,0
577.6201046199627,0.7555355619854122,844.4846123275685,940.6271806276178,0
578.0450711101906,0.7660222068521478,844.6159269730489,938.0264927006673,0
578.0450711101906,0.7649718498957692,844.6159269730489,938.2869812258492,0
578.0450711101906,0.7634006738528658,844.6159269730489,938.6766328844893,0
578.4702434950359,0.7576362758981695,844.7473052399661,940.106203577254,0
578.4702434950359,0.7523929534648016,844.7473052399661,941.4065475407292,0
578.895209985264,0.7529155675949529,844.8786198854465,941.2769392364517,0
578.895209985264,0.7529137725513263,844.8786198854465,941.277384407271,0
578.895209985264,0.7497711640307159,844.8786198854465,942.0567513203825,0
578.895209985264,0.7492503449441912,844.8786198854465,942.1859144538406,0
579.320176475492,0.762881393375164,845.009934530927,938.8054144429593,0
579.320176475492,0.7586799655496493,845.009934530927,939.847368543687,0
579.7521433827101,0.7644525694180674,845.1434123052574,938.4157627843193,0
579.7521433827101,0.762881393375164,845.1434123052574,938.8054144429593,0
579.7521433827101,0.7613099608974568,845.1434123052574,939.1951296974307,0
580.177109872938,0.759730322506028,845.2747269507378,939.5868800185051,0
580.602076363166,0.7618310364187854,845.4060415962183,939.0659029681412,0
580.602076363166,0.7602596039410782,845.4060415962183,939.4556182226127,0
580.602076363166,0.759730322506028,845.4060415962183,939.5868800185051,0
581.0272487480113,0.7712673243291424,845.5374198631355,936.7257035663727,0
581.0272487480113,0.7649736449393958,845.5374198631355,938.2865360550298,0
581.459009760612,0.7833254016735852,845.6708340160291,933.7353003849508,0
581.459009760612,0.7828045825870605,845.6708340160291,933.864463518409,0
581.459009760612,0.7775612601536926,845.6708340160291,935.1648074818842,0
581.88397625084,0.7796535117179245,845.8021486615095,934.6459290939547,0
581.88397625084,0.772317681285521,845.8021486615095,936.4652150411908,0
582.3091486356852,0.7649736449393958,845.9335269284268,938.2865360550298,0
582.3091486356852,0.7592092469846995,845.9335269284268,939.7161067477946,0
582.7341151259134,0.7571169954204676,846.0648415739072,940.2349851357241,0
582.7341151259134,0.7555373570290388,846.0648415739072,940.6267354567984,0
582.7341151259134,0.7544870000726601,846.0648415739072,940.8872239819804,0
583.1590816161413,0.756066638464089,846.1961562193876,940.495473660906,0
583.1590816161413,0.7544870000726601,846.1961562193876,940.8872239819804,0
583.5842540009866,0.7644525694180674,846.3275344863048,938.4157627843193,0
583.5842540009866,0.762881393375164,846.3275344863048,938.8054144429593,0
583.5842540009866,0.7592092469846995,846.3275344863048,939.7161067477946,0
584.0160150135873,0.7618310364187854,846.4609486391985,939.0659029681412,0
584.0160150135873,0.7581588900283208,846.4609486391985,939.9765952729764,0
584.0160150135873,0.7544870000726601,846.4609486391985,940.8872239819804,0
584.4409815038152,0.7523944920736245,846.5922632846789,941.4061659657411,0
584.4409815038152,0.7513441351172458,846.5922632846789,941.6666544909231,0
584.8727425164161,0.766545077417103,846.7256774375726,937.8968208005584,0
584.8727425164161,0.759730322506028,846.7256774375726,939.5868800185051,0
584.8727425164161,0.7539659245513316,846.7256774375726,941.0164507112697,0
585.2911203788885,0.7775612601536926,846.8549561970765,935.1648074818842,0
585.2911203788885,0.7728387568068495,846.8549561970765,936.3359883119014,0
585.7228813914893,0.7822750447172065,846.9883703499702,933.9957889101328,0
585.7228813914893,0.7812331501093535,846.9883703499702,934.2541787728803,0
585.7228813914893,0.7807038686743032,846.9883703499702,934.3854405687728,0
586.1412592539617,0.7775612601536926,847.1176491094742,935.1648074818842,0
586.1412592539617,0.772317681285521,847.1176491094742,936.4652150411908,0
586.5798147889354,0.766545077417103,847.253162769781,937.8968208005584,0
586.5798147889354,0.76235185550531,847.253162769781,938.9367398346832,0
586.9979867567906,0.76235185550531,847.3823779078482,938.9367398346832,0
586.9979867567906,0.7618310364187854,847.3823779078482,939.0659029681412,0
586.9979867567906,0.7613099608974568,847.3823779078482,939.1951296974307,0
587.4299536640087,0.7670743588521531,847.5158556821787,937.765559004666,0
587.4299536640087,0.7655029263744461,847.5158556821787,938.1552742591374,0
587.4299536640087,0.7634022124616887,847.5158556821787,938.6762513095013,0
587.8481256318638,0.7691750727649105,847.6450708202459,937.2445819543022,0
587.8481256318638,0.7686457913298603,847.6450708202459,937.3758437501947,0
588.2798866444646,0.7675954343734817,847.7784849731395,937.6363322753765,0
588.2798866444646,0.7660240018957745,847.7784849731395,938.0260475298479,0
588.70505902931,0.7634022124616887,847.9098632400568,938.6762513095013,0
588.70505902931,0.76235185550531,847.9098632400568,938.9367398346832,0
588.70505902931,0.7613099608974568,847.9098632400568,939.1951296974307,0
589.1368200419107,0.7576380709417961,848.0432773929504,940.1057584064346,0
589.1368200419107,0.7534366431162814,848.0432773929504,941.1477125071622,0
589.1368200419107,0.7487226021179638,848.0432773929504,942.316794674745,0
589.5617865321386,0.746100812683878,848.1745920384308,942.9669984543983,0
589.5617865321386,0.7455715312488277,848.1745920384308,943.0982602502908,0
589.9869589169839,0.7466218882052064,848.3059703053481,942.8377717251088,0
589.9869589169839,0.7455715312488277,848.3059703053481,943.0982602502908,0
590.4119254072119,0.7518652106385743,848.4372849508285,941.5374277616336,0
590.4119254072119,0.7492434212044884,848.4372849508285,942.1876315412869,0
590.4119254072119,0.747672245161585,848.4372849508285,942.5772831999269,0
590.83689189744,0.7581588900283208,848.5685995963089,939.9765952729764,0
590.83689189744,0.7550162815077103,848.5685995963089,940.7559621860879,0
591.2620642822852,0.776510903197314,848.6999778632261,935.4252960070661,0
591.2620642822852,0.7686457913298603,848.6999778632261,937.3758437501947,0
591.2620642822852,0.76235185550531,848.6999778632261,938.9367398346832,0
591.6870307725131,0.7922408704974176,848.8312925087065,931.5242641166404,0
591.6870307725131,0.7859471911076711,848.8312925087065,933.0850966052976,0
592.1187917851139,0.7990725501055437,848.9647066616002,929.8300075738251,0
592.1187917851139,0.7969718361927863,848.9647066616002,930.350984624189,0
592.5439641699593,0.792761946018746,849.0960849285174,931.395037387351,0
592.5439641699593,0.7864764725427212,849.0960849285174,932.9538348094052,0
592.9825197049329,0.7812331501093535,849.2315985888242,934.2541787728803,0
592.9825197049329,0.7749394707196069,849.2315985888242,935.8150112615375,0
592.9825197049329,0.7686457913298603,849.2315985888242,937.3758437501947,0
593.4074861951608,0.7644525694180674,849.3629132343046,938.4157627843193,0
593.4074861951608,0.762881393375164,849.3629132343046,938.8054144429593,0
593.8324526853887,0.766545077417103,849.4942278797851,937.8968208005584,0
593.8324526853887,0.7649736449393958,849.4942278797851,938.2865360550298,0
593.8324526853887,0.7634022124616887,849.4942278797851,938.6762513095013,0
594.2576250702341,0.7634022124616887,849.6256061467024,938.6762513095013,0
594.2576250702341,0.7607806794624067,849.6256061467024,939.3263914933232,0
594.6893860828349,0.7618310364187854,849.7590202995959,939.0659029681412,0
594.6893860828349,0.7607806794624067,849.7590202995959,939.3263914933232,0
594.6893860828349,0.759730322506028,849.7590202995959,939.5868800185051,0
595.1143525730628,0.7607806794624067,849.8903349450763,939.3263914933232,0
595.5461135856635,0.7670743588521531,850.02374909797,937.765559004666,0
595.5461135856635,0.7639317503315427,850.02374909797,938.5449259177774,0
595.5461135856635,0.7607806794624067,850.02374909797,939.3263914933232,0
595.9644914481361,0.7686457913298603,850.1530278574741,937.3758437501947,0
595.9644914481361,0.766545077417103,850.1530278574741,937.8968208005584,0
596.396252460737,0.76235185550531,850.2864420103676,938.9367398346832,0
596.396252460737,0.7592092469846995,850.2864420103676,939.7161067477946,0
596.396252460737,0.7565877139854175,850.2864420103676,940.3662469316165,0
596.8146303232094,0.7571169954204676,850.4157207698717,940.2349851357241,0
596.8146303232094,0.7555373570290388,850.4157207698717,940.6267354567984,0
597.2463913358101,0.7534366431162814,850.5491349227653,941.1477125071622,0
597.2463913358101,0.7487226021179638,850.5491349227653,942.316794674745,0
597.2463913358101,0.744521174292449,850.5491349227653,943.3587487754727,0
597.671357826038,0.7434792796845959,850.6804495682458,943.6171386382202,0
597.671357826038,0.7419078472068887,850.6804495682458,944.0068538926917,0
598.1031188386389,0.7592092469846995,850.8138637211393,939.7161067477946,0
598.1031188386389,0.7555373570290388,850.8138637211393,940.6267354567984,0
598.1031188386389,0.7487226021179638,850.8138637211393,942.316794674745,0
598.5282912234842,0.7644525694180674,850.9452419880565,938.4157627843193,0
598.5282912234842,0.7613099608974568,850.9452419880565,939.1951296974307,0
598.9532577137121,0.7717968621989963,851.076556633537,936.5943781746489,0
598.9532577137121,0.7712673243291424,851.076556633537,936.7257035663727,0
598.9532577137121,0.7681247158085318,851.076556633537,937.5050704794841,0
599.3784300985574,0.7681247158085318,851.2079349004542,937.5050704794841,0
599.3784300985574,0.7618310364187854,851.2079349004542,939.0659029681412,0
599.8033965887854,0.7571169954204676,851.3392495459346,940.2349851357241,0
599.8033965887854,0.756066638464089,851.3392495459346,940.495473660906,0
600.2283630790134,0.7529155675949529,851.4705641914151,941.2769392364517,0
600.2283630790134,0.747142707291731,851.4705641914151,942.7086085916507,0
600.6603299862315,0.7413785657718386,851.6040419657455,944.1381156885841,0
600.6603299862315,0.7387567763377527,851.6040419657455,944.7883194682373,0
600.6603299862315,0.7382357008164242,851.6040419657455,944.9175461975268,0
601.0852964764595,0.7455715312488277,851.7353566112259,943.0982602502908,0
601.0852964764595,0.7408574902505101,851.7353566112259,944.2673424178735,0
601.5102629666874,0.7660240018957745,851.8666712567064,938.0260475298479,0
601.5102629666874,0.7592092469846995,851.8666712567064,939.7161067477946,0
601.5102629666874,0.7513441351172458,851.8666712567064,941.6666544909231,0
601.9354353515328,0.77598136532746,851.9980495236235,935.55662139879,0
601.9354353515328,0.772317681285521,851.9980495236235,936.4652150411908,0
602.3671963641335,0.7770317222838387,852.1314636765172,935.296132873608,0
602.3671963641335,0.7744101892845566,852.1314636765172,935.94627305743,0
602.3671963641335,0.7702169673727637,852.1314636765172,936.9861920915546,0
602.7921628543614,0.7644525694180674,852.2627783219976,938.4157627843193,0
602.7921628543614,0.759730322506028,852.2627783219976,939.5868800185051,0
603.2173352392067,0.7565877139854175,852.3941565889148,940.3662469316165,0
603.2173352392067,0.7534366431162814,852.3941565889148,941.1477125071622,0
603.2173352392067,0.7502937781608671,852.3941565889148,941.927143016105,0
603.6423017294346,0.7502937781608671,852.5254712343952,941.927143016105,0
603.6423017294346,0.7487226021179638,852.5254712343952,942.316794674745,0
604.0672682196628,0.7655029263744461,852.6567858798758,938.1552742591374,0
604.0672682196628,0.7602596039410782,852.6567858798758,939.4556182226127,0
604.0672682196628,0.7550162815077103,852.6567858798758,940.7559621860879,0
604.492440604508,0.7702169673727637,852.788164146793,936.9861920915546,0
604.492440604508,0.7691750727649105,852.788164146793,937.2445819543022,0
604.917407094736,0.7707465052426177,852.9194787922734,936.8548666998308,0
604.917407094736,0.7702169673727637,852.9194787922734,936.9861920915546,0
605.3491681073367,0.7670743588521531,853.0528929451671,937.765559004666,0
605.3491681073367,0.7639317503315427,853.0528929451671,938.5449259177774,0
605.7743404921821,0.7660240018957745,853.1842712120842,938.0260475298479,0
605.7743404921821,0.7644525694180674,853.1842712120842,938.4157627843193,0
605.7743404921821,0.762881393375164,853.1842712120842,938.8054144429593,0
606.19930698241,0.7681247158085318,853.3155858575647,937.5050704794841,0
606.19930698241,0.7675954343734817,853.3155858575647,937.6363322753765,0
606.6242734726379,0.7681247158085318,853.4469005030451,937.5050704794841,0
606.6242734726379,0.7670743588521531,853.4469005030451,937.765559004666,0
606.6242734726379,0.7644525694180674,853.4469005030451,938.4157627843193,0
607.056240379856,0.762881393375164,853.5803782773755,938.8054144429593,0
607.056240379856,0.7613099608974568,853.5803782773755,939.1951296974307,0
607.481206870084,0.7618310364187854,853.711692922856,939.0659029681412,0
607.481206870084,0.7586799655496493,853.711692922856,939.847368543687,0
607.481206870084,0.7581588900283208,853.711692922856,939.9765952729764,0
607.9129678826848,0.7712673243291424,853.8451070757495,936.7257035663727,0
607.9129678826848,0.7675954343734817,853.8451070757495,937.6363322753765,0
608.3313457451574,0.7707465052426177,853.9743858352535,936.8548666998308,0
608.3313457451574,0.7681247158085318,853.9743858352535,937.5050704794841,0
608.3313457451574,0.7670743588521531,853.9743858352535,937.765559004666,0
608.7631067577581,0.766545077417103,854.1077999881472,937.8968208005584,0
608.7631067577581,0.7660240018957745,854.1077999881472,938.0260475298479,0
609.1814846202305,0.7618310364187854,854.2370787476513,939.0659029681412,0
609.1814846202305,0.7544870000726601,854.2370787476513,940.8872239819804,0
609.1814846202305,0.747672245161585,854.2370787476513,942.5772831999269,0
609.6132456328314,0.7455715312488277,854.3704929005448,943.0982602502908,0
609.6132456328314,0.744521174292449,854.3704929005448,943.3587487754727,0
610.0382121230593,0.747672245161585,854.5018075460252,942.5772831999269,0
610.0382121230593,0.747142707291731,854.5018075460252,942.7086085916507,0
610.4699731356601,0.7613099608974568,854.6352216989189,939.1951296974307,0
610.4699731356601,0.7529155675949529,854.6352216989189,941.2769392364517,0
610.8951455205054,0.7744101892845566,854.7665999658361,935.94627305743,0
610.8951455205054,0.772317681285521,854.7665999658361,936.4652150411908,0
610.8951455205054,0.7691750727649105,854.7665999658361,937.2445819543022,0
611.3201120107333,0.7775612601536926,854.8979146113165,935.1648074818842,0
611.3201120107333,0.77598136532746,854.8979146113165,935.55662139879,0
611.7450785009613,0.7775612601536926,855.0292292567971,935.1648074818842,0
611.7450785009613,0.7733680382418997,855.0292292567971,936.2047265160089,0
611.7450785009613,0.7681247158085318,855.0292292567971,937.5050704794841,0
612.1770454081794,0.7649736449393958,855.1627070311274,938.2865360550298,0
612.1770454081794,0.7644525694180674,855.1627070311274,938.4157627843193,0
612.6020118984075,0.7681247158085318,855.2940216766078,937.5050704794841,0
612.6020118984075,0.7675954343734817,855.2940216766078,937.6363322753765,0
612.6020118984075,0.766545077417103,855.2940216766078,937.8968208005584,0
613.0269783886354,0.7670743588521531,855.4253363220882,937.765559004666,0
613.0269783886354,0.7660240018957745,855.4253363220882,938.0260475298479,0
613.4521507734808,0.7634022124616887,855.5567145890055,938.6762513095013,0
613.4521507734808,0.7565877139854175,855.5567145890055,940.3662469316165,0
613.4521507734808,0.7481930642481097,855.5567145890055,942.4481200664688,0
613.8771172637087,0.7424289227282173,855.688029234486,943.8776271634022,0
613.8771172637087,0.7408574902505101,855.688029234486,944.2673424178735,0
614.3020837539366,0.7565877139854175,855.8193438799664,940.3662469316165,0
614.3020837539366,0.7497729590743425,855.8193438799664,942.056306149563,0
614.3020837539366,0.7434792796845959,855.8193438799664,943.6171386382202,0
614.7340506611547,0.7681247158085318,855.9528216542968,937.5050704794841,0
614.7340506611547,0.762881393375164,855.9528216542968,938.8054144429593,0
615.1590171513826,0.769696148286239,856.0841362997772,937.1153552250128,0
615.1590171513826,0.7681247158085318,856.0841362997772,937.5050704794841,0
615.1590171513826,0.762881393375164,856.0841362997772,938.8054144429593,0
615.5839836416106,0.7586799655496493,856.2154509452577,939.847368543687,0
615.5839836416106,0.7571169954204676,856.2154509452577,940.2349851357241,0
616.0091560264559,0.7576380709417961,856.3468292121748,940.1057584064346,0
616.0091560264559,0.7571169954204676,856.3468292121748,940.2349851357241,0
616.0091560264559,0.7565877139854175,856.3468292121748,940.3662469316165,0
616.4341225166839,0.759730322506028,856.4781438576553,939.5868800185051,0
616.4341225166839,0.7581588900283208,856.4781438576553,939.9765952729764,0
616.8592949015292,0.759730322506028,856.6095221245725,939.5868800185051,0
616.8592949015292,0.7555373570290388,856.6095221245725,940.6267354567984,0
616.8592949015292,0.7497729590743425,856.6095221245725,942.056306149563,0
617.2842613917571,0.7429497418147419,856.740836770053,943.748464029944,0
617.2842613917571,0.7403282088154599,856.740836770053,944.3986042137659,0
617.716022404358,0.7487226021179638,856.8742509229465,942.316794674745,0
617.716022404358,0.7455715312488277,856.8742509229465,943.0982602502908,0
617.716022404358,0.7413785657718386,856.8742509229465,944.1381156885841,0
618.1409888945859,0.7502937781608671,857.005565568427,941.927143016105,0
618.1409888945859,0.7492434212044884,857.005565568427,942.1876315412869,0
618.5661612794312,0.7686457913298603,857.1369438353443,937.3758437501947,0
618.5661612794312,0.7607806794624067,857.1369438353443,939.3263914933232,0
618.5661612794312,0.7539659245513316,857.1369438353443,941.0164507112697,0
618.9911277696591,0.7786116171100714,857.2682584808247,934.9043189567024,0
618.9911277696591,0.7749394707196069,857.2682584808247,935.8150112615375,0
619.42288878226,0.7817542256306819,857.4016726337182,934.124952043591,0
619.42288878226,0.7812331501093535,857.4016726337182,934.2541787728803,0
619.42288878226,0.7807038686743032,857.4016726337182,934.3854405687728,0
619.8480611671052,0.7807038686743032,857.5330509006355,934.3854405687728,0
619.8480611671052,0.776510903197314,857.5330509006355,935.4252960070661,0
620.279822179706,0.769696148286239,857.6664650535291,937.1153552250128,0
620.279822179706,0.7634022124616887,857.6664650535291,938.6762513095013,0
620.279822179706,0.7613099608974568,857.6664650535291,939.1951296974307,0
620.6982000421785,0.7702169673727637,857.7957438130331,936.9861920915546,0
620.6982000421785,0.7649736449393958,857.7957438130331,938.2865360550298,0
621.1299610547793,0.7775612601536926,857.9291579659268,935.1648074818842,0
621.1299610547793,0.7744101892845566,857.9291579659268,935.94627305743,0
621.5481330226345,0.7770317222838387,858.058373103994,935.296132873608,0
621.5481330226345,0.7744101892845566,858.058373103994,935.94627305743,0
621.9798940352352,0.769696148286239,858.1917872568877,937.1153552250128,0
621.9798940352352,0.76235185550531,858.1917872568877,938.9367398346832,0
621.9798940352352,0.7550162815077103,858.1917872568877,940.7559621860879,0
622.4050664200805,0.7492434212044884,858.3231655238048,942.1876315412869,0
622.4050664200805,0.7487226021179638,858.3231655238048,942.316794674745,0
622.8368274326813,0.7592092469846995,858.4565796766985,939.7161067477946,0
622.8368274326813,0.7555373570290388,858.4565796766985,940.6267354567984,0
622.8368274326813,0.7513441351172458,858.4565796766985,941.6666544909231,0
623.2617939229093,0.7686457913298603,858.587894322179,937.3758437501947,0
623.2617939229093,0.7644525694180674,858.587894322179,938.4157627843193,0
623.6869663077546,0.7744101892845566,858.7192725890961,935.94627305743,0
623.6869663077546,0.7738891137632282,858.7192725890961,936.0754997867194,0
623.6869663077546,0.772317681285521,858.7192725890961,936.4652150411908,0
624.1119327979825,0.7733680382418997,858.8505872345766,936.2047265160089,0
624.1119327979825,0.772317681285521,858.8505872345766,936.4652150411908,0
624.5436938105832,0.7733680382418997,858.9840013874702,936.2047265160089,0
624.5436938105832,0.7728387568068495,858.9840013874702,936.3359883119014,0
624.5436938105832,0.7691750727649105,858.9840013874702,937.2445819543022,0
624.9688661954286,0.762881393375164,859.1153796543874,938.8054144429593,0
624.9688661954286,0.7571169954204676,859.1153796543874,940.2349851357241,0
625.3938326856567,0.7523944920736245,859.2466942998678,941.4061659657411,0
625.3938326856567,0.747672245161585,859.2466942998678,942.5772831999269,0
625.3938326856567,0.744521174292449,859.2466942998678,943.3587487754727,0
625.8187991758846,0.7440000987711206,859.3780089453483,943.4879755047621,0
625.8187991758846,0.7424289227282173,859.3780089453483,943.8776271634022,0
626.2439715607298,0.7544870000726601,859.5093872122654,940.8872239819804,0
626.2439715607298,0.7523944920736245,859.5093872122654,941.4061659657411,0
626.2439715607298,0.7481930642481097,859.5093872122654,942.4481200664688,0
626.6689380509578,0.7539659245513316,859.640701857746,941.0164507112697,0
626.6689380509578,0.7529155675949529,859.640701857746,941.2769392364517,0
627.1006990635586,0.7539659245513316,859.7741160106395,941.0164507112697,0
627.1006990635586,0.7529155675949529,859.7741160106395,941.2769392364517,0
627.5258714484039,0.7613099608974568,859.9054942775567,939.1951296974307,0
627.5258714484039,0.7555373570290388,859.9054942775567,940.6267354567984,0
627.9508379386318,0.7848968341512924,860.0368089230373,933.3455851304795,0
627.9508379386318,0.7807038686743032,860.0368089230373,934.3854405687728,0
627.9508379386318,0.7707465052426177,860.0368089230373,936.8548666998308,0
628.3760103234772,0.7833254016735852,860.1681871899544,933.7353003849508,0
628.3760103234772,0.7786116171100714,860.1681871899544,934.9043189567024,0
628.8009768137051,0.7728387568068495,860.2995018354349,936.3359883119014,0
628.8009768137051,0.7675954343734817,860.2995018354349,937.6363322753765,0
628.8009768137051,0.7613099608974568,860.2995018354349,939.1951296974307,0
629.2259433039331,0.7518652106385743,860.4308164809153,941.5374277616336,0
629.2259433039331,0.7440000987711206,860.4308164809153,943.4879755047621,0
629.6511156887784,0.7392860577728029,860.5621947478325,944.6570576723449,0
629.6511156887784,0.737706419381374,860.5621947478325,945.0488079934192,0
629.6511156887784,0.7366560624249954,860.5621947478325,945.3092965186012,0
630.0828767013792,0.7450504557274993,860.6956089007261,943.2274869795802,0
630.0828767013792,0.7408574902505101,860.6956089007261,944.2673424178735,0
630.5078431916071,0.7602596039410782,860.8269235462066,939.4556182226127,0
630.5078431916071,0.7539659245513316,860.8269235462066,941.0164507112697,0
630.5078431916071,0.7481930642481097,860.8269235462066,942.4481200664688,0
630.9330155764525,0.776510903197314,860.9583018131237,935.4252960070661,0
630.9330155764525,0.7686457913298603,860.9583018131237,937.3758437501947,0
631.3579820666804,0.791190513541039,861.0896164586042,931.7847526418224,0
631.3579820666804,0.7901401565846603,861.0896164586042,932.0452411670043,0
631.3579820666804,0.7843757586299639,861.0896164586042,933.4748118597689,0
631.7897430792812,0.7890982619768071,861.2230306114978,932.3036310297518,0
631.7897430792812,0.7864764725427212,861.2230306114978,932.9538348094052,0
632.2147095695091,0.7833254016735852,861.3543452569783,933.7353003849508,0
632.2147095695091,0.7796535117179245,861.3543452569783,934.6459290939547,0
632.2147095695091,0.7738891137632282,861.3543452569783,936.0754997867194,0
632.6466764767272,0.766545077417103,861.4878230313087,937.8968208005584,0
632.6466764767272,0.7613099608974568,861.4878230313087,939.1951296974307,0
633.0648484445825,0.759730322506028,861.617038169376,939.5868800185051,0
633.0648484445825,0.7592092469846995,861.617038169376,939.7161067477946,0
633.4966094571832,0.7586799655496493,861.7504523222696,939.847368543687,0
633.4966094571832,0.7565877139854175,861.7504523222696,940.3662469316165,0
633.9149873196557,0.7550162815077103,861.8797310817736,940.7559621860879,0
633.9149873196557,0.7534366431162814,861.8797310817736,941.1477125071622,0
633.9149873196557,0.7529155675949529,861.8797310817736,941.2769392364517,0
634.3467483322564,0.7544870000726601,862.0131452346673,940.8872239819804,0
634.3467483322564,0.7539659245513316,862.0131452346673,941.0164507112697,0
634.7719207171018,0.7555373570290388,862.1445235015844,940.6267354567984,0
634.7719207171018,0.7539659245513316,862.1445235015844,941.0164507112697,0
634.7719207171018,0.7497729590743425,862.1445235015844,942.056306149563,0
635.2036817297026,0.7450504557274993,862.277937654478,943.2274869795802,0
635.2036817297026,0.7429497418147419,862.277937654478,943.748464029944,0
635.6286482199305,0.7513441351172458,862.4092522999584,941.6666544909231,0
635.6286482199305,0.7481930642481097,862.4092522999584,942.4481200664688,0
635.6286482199305,0.744521174292449,862.4092522999584,943.3587487754727,0
636.0538206047758,0.7550162815077103,862.5406305668757,940.7559621860879,0
636.0538206047758,0.7529155675949529,862.5406305668757,941.2769392364517,0
636.4787870950038,0.7613099608974568,862.6719452123561,939.1951296974307,0
636.4787870950038,0.7607806794624067,862.6719452123561,939.3263914933232,0
636.4787870950038,0.7581588900283208,862.6719452123561,939.9765952729764,0
636.9105481076047,0.759730322506028,862.8053593652497,939.5868800185051,0
636.9105481076047,0.7571169954204676,862.8053593652497,940.2349851357241,0
637.3355145978326,0.759730322506028,862.9366740107303,939.5868800185051,0
637.3355145978326,0.756066638464089,862.9366740107303,940.495473660906,0
637.3355145978326,0.7555373570290388,862.9366740107303,940.6267354567984,0
637.7606869826778,0.7707465052426177,863.0680522776474,936.8548666998308,0
637.7606869826778,0.7655029263744461,863.0680522776474,938.1552742591374,0
638.1856534729058,0.7728387568068495,863.1993669231279,936.3359883119014,0
638.1856534729058,0.7717968621989963,863.1993669231279,936.5943781746489,0
638.1856534729058,0.7686457913298603,863.1993669231279,937.3758437501947,0
638.6108258577511,0.766545077417103,863.330745190045,937.8968208005584,0
638.6108258577511,0.7644525694180674,863.330745190045,938.4157627843193,0
639.035792347979,0.7639317503315427,863.4620598355255,938.5449259177774,0
639.035792347979,0.762881393375164,863.4620598355255,938.8054144429593,0
639.4675533605798,0.76235185550531,863.5954739884191,938.9367398346832,0
639.8925198508077,0.76235185550531,863.7267886338996,938.9367398346832,0
639.8925198508077,0.7607806794624067,863.7267886338996,939.3263914933232,0
639.8925198508077,0.7581588900283208,863.7267886338996,939.9765952729764,0
640.317692235653,0.7550162815077103,863.8581669008167,940.7559621860879,0
640.317692235653,0.7529155675949529,863.8581669008167,941.2769392364517,0
640.7426587258811,0.7502937781608671,863.9894815462972,941.927143016105,0
640.7426587258811,0.7492434212044884,863.9894815462972,942.1876315412869,0
641.1678311107264,0.7539659245513316,864.1208598132145,941.0164507112697,0
641.1678311107264,0.7518652106385743,864.1208598132145,941.5374277616336,0
641.5927976009543,0.7592092469846995,864.2521744586949,939.7161067477946,0
641.5927976009543,0.7571169954204676,864.2521744586949,940.2349851357241,0
641.5927976009543,0.7544870000726601,864.2521744586949,940.8872239819804,0
642.0177640911822,0.7602596039410782,864.3834891041753,939.4556182226127,0
642.0177640911822,0.7586799655496493,864.3834891041753,939.847368543687,0
642.4497309984005,0.7544870000726601,864.5169668785057,940.8872239819804,0
642.4497309984005,0.7508148536821956,864.5169668785057,941.7979162868155,0
642.4497309984005,0.7492434212044884,864.5169668785057,942.1876315412869,0
642.8746974886284,0.7523944920736245,864.6482815239862,941.4061659657411,0
642.8746974886284,0.7502937781608671,864.6482815239862,941.927143016105,0
643.2996639788563,0.762881393375164,864.7795961694666,938.8054144429593,0
643.2996639788563,0.7592092469846995,864.7795961694666,939.7161067477946,0
643.2996639788563,0.756066638464089,864.7795961694666,940.495473660906,0
643.7248363637016,0.7733680382418997,864.9109744363838,936.2047265160089,0
643.7248363637016,0.7681247158085318,864.9109744363838,937.5050704794841,0
644.1565973763023,0.7754605462409353,865.0443885892774,935.685784532248,0
644.1565973763023,0.7738891137632282,865.0443885892774,936.0754997867194,0
644.1565973763023,0.7707465052426177,865.0443885892774,936.8548666998308,0
644.5815638665304,0.7717968621989963,865.1757032347579,936.5943781746489,0
644.5815638665304,0.769696148286239,865.1757032347579,937.1153552250128,0
645.0133248791311,0.7864764725427212,865.3091173876514,932.9538348094052,0
645.0133248791311,0.7828045825870605,865.3091173876514,933.864463518409,0
645.0133248791311,0.7770317222838387,865.3091173876514,935.296132873608,0
645.4317027416037,0.7843757586299639,865.4383961471555,933.4748118597689,0
645.4317027416037,0.776510903197314,865.4383961471555,935.4252960070661,0
645.8634637542044,0.7675954343734817,865.5718103000492,937.6363322753765,0
645.8634637542044,0.7581588900283208,865.5718103000492,939.9765952729764,0
645.8634637542044,0.7487226021179638,865.5718103000492,942.316794674745,0
646.281841616677,0.7387567763377527,865.7010890595532,944.7883194682373,0
646.281841616677,0.7319420214266777,865.7010890595532,946.478378686184,0
646.7136026292777,0.7523944920736245,865.8345032124467,941.4061659657411,0
646.7136026292777,0.7413785657718386,865.8345032124467,944.1381156885841,0
646.7136026292777,0.7335134539043848,865.8345032124467,946.0886634317126,0
647.1385691195056,0.7733680382418997,865.9658178579272,936.2047265160089,0
647.1385691195056,0.7639317503315427,865.9658178579272,938.5449259177774,0
647.5703301321064,0.7822750447172065,866.0992320108209,933.9957889101328,0
647.5703301321064,0.7817542256306819,866.0992320108209,934.124952043591,0
647.5703301321064,0.779132436196596,866.0992320108209,934.7751558232442,0
647.9955025169517,0.77598136532746,866.230610277738,935.55662139879,0
647.9955025169517,0.7681247158085318,866.230610277738,937.5050704794841,0
648.4204690071797,0.7602596039410782,866.3619249232185,939.4556182226127,0
648.4204690071797,0.7571169954204676,866.3619249232185,940.2349851357241,0
648.4204690071797,0.7565877139854175,866.3619249232185,940.3662469316165,0
648.8456413920251,0.7565877139854175,866.4933031901357,940.3662469316165,0
648.8456413920251,0.7555373570290388,866.4933031901357,940.6267354567984,0
649.2774024046258,0.7529155675949529,866.6267173430293,941.2769392364517,0
649.2774024046258,0.7523944920736245,866.6267173430293,941.4061659657411,0
649.2774024046258,0.7513441351172458,866.6267173430293,941.6666544909231,0
649.7023688948537,0.7497729590743425,866.7580319885097,942.056306149563,0
649.7023688948537,0.7440000987711206,866.7580319885097,943.4879755047621,0
650.127541279699,0.7387567763377527,866.8894102554269,944.7883194682373,0
650.127541279699,0.7371853438600455,866.8894102554269,945.1780347227087,0
650.127541279699,0.7356141678171422,866.8894102554269,945.5676863813487,0
650.552507769927,0.7523944920736245,867.0207249009075,941.4061659657411,0
650.552507769927,0.747142707291731,867.0207249009075,942.7086085916507,0
650.552507769927,0.7419078472068887,867.0207249009075,944.0068538926917,0
650.977474260155,0.7675954343734817,867.1520395463879,937.6363322753765,0
650.977474260155,0.7592092469846995,867.1520395463879,939.7161067477946,0
651.4026466450002,0.7843757586299639,867.283417813305,933.4748118597689,0
651.4026466450002,0.7828045825870605,867.283417813305,933.864463518409,0
651.4026466450002,0.77598136532746,867.283417813305,935.55662139879,0
651.834407657601,0.7843757586299639,867.4168319661987,933.4748118597689,0
651.834407657601,0.7817542256306819,867.4168319661987,934.124952043591,0
652.259374147829,0.7786116171100714,867.5481466116792,934.9043189567024,0
652.259374147829,0.7744101892845566,867.5481466116792,935.94627305743,0
652.6911351604298,0.7681247158085318,867.6815607645727,937.5050704794841,0
652.6911351604298,0.759730322506028,867.6815607645727,939.5868800185051,0
652.6911351604298,0.7534366431162814,867.6815607645727,941.1477125071622,0
653.1095130229023,0.7523944920736245,867.8108395240768,941.4061659657411,0
653.1095130229023,0.7518652106385743,867.8108395240768,941.5374277616336,0
653.5344795131302,0.7581588900283208,867.9421541695572,939.9765952729764,0
653.5344795131302,0.756066638464089,867.9421541695572,940.495473660906,0
653.5344795131302,0.7544870000726601,867.9421541695572,940.8872239819804,0
653.9596518979755,0.7639317503315427,868.0735324364745,938.5449259177774,0
653.9596518979755,0.7618310364187854,868.0735324364745,939.0659029681412,0
654.3914129105764,0.7649736449393958,868.206946589368,938.2865360550298,0
654.3914129105764,0.7634022124616887,868.206946589368,938.6762513095013,0
654.3914129105764,0.76235185550531,868.206946589368,938.9367398346832,0
654.8163794008043,0.7644525694180674,868.3382612348485,938.4157627843193,0
654.8163794008043,0.76235185550531,868.3382612348485,938.9367398346832,0
655.2415517856496,0.7675954343734817,868.4696395017656,937.6363322753765,0
655.2415517856496,0.7670743588521531,868.4696395017656,937.765559004666,0
655.2415517856496,0.766545077417103,868.4696395017656,937.8968208005584,0
655.6665182758775,0.7707465052426177,868.6009541472462,936.8548666998308,0
655.6665182758775,0.7691750727649105,868.6009541472462,937.2445819543022,0
656.0914847661055,0.7707465052426177,868.7322687927266,936.8548666998308,0
656.0914847661055,0.7675954343734817,868.7322687927266,937.6363322753765,0
656.0914847661055,0.76235185550531,868.7322687927266,938.9367398346832,0
656.5234516733236,0.7581588900283208,868.8657465670569,939.9765952729764,0
656.5234516733236,0.7555373570290388,868.8657465670569,940.6267354567984,0
656.9484181635517,0.7555373570290388,868.9970612125375,940.6267354567984,0
656.9484181635517,0.7534366431162814,868.9970612125375,941.1477125071622,0
657.3801791761524,0.756066638464089,869.130475365431,940.495473660906,0
657.7985570386248,0.7523944920736245,869.2597541249351,941.4061659657411,0
657.7985570386248,0.7481930642481097,869.2597541249351,942.4481200664688,0
657.7985570386248,0.747142707291731,869.2597541249351,942.7086085916507,0
658.2303180512257,0.7502937781608671,869.3931682778286,941.927143016105,0
658.2303180512257,0.7492434212044884,869.3931682778286,942.1876315412869,0
658.6486959136981,0.7502937781608671,869.5224470373327,941.927143016105,0
658.6486959136981,0.7497729590743425,869.5224470373327,942.056306149563,0
658.6486959136981,0.7487226021179638,869.5224470373327,942.316794674745,0
659.0804569262989,0.7576380709417961,869.6558611902263,940.1057584064346,0
659.0804569262989,0.7539659245513316,869.6558611902263,941.0164507112697,0
659.5054234165268,0.7586799655496493,869.7871758357068,939.847368543687,0
659.5054234165268,0.7581588900283208,869.7871758357068,939.9765952729764,0
659.9371844291277,0.7681247158085318,869.9205899886005,937.5050704794841,0
659.9371844291277,0.76235185550531,869.9205899886005,938.9367398346832,0
660.362356813973,0.7812331501093535,870.0519682555176,934.2541787728803,0
660.362356813973,0.779132436196596,870.0519682555176,934.7751558232442,0
660.362356813973,0.7744101892845566,870.0519682555176,935.94627305743,0
660.7873233042009,0.7817542256306819,870.183282900998,934.124952043591,0
660.7873233042009,0.779132436196596,870.183282900998,934.7751558232442,0
661.2122897944289,0.7749394707196069,870.3145975464785,935.8150112615375,0
661.2122897944289,0.7707465052426177,870.3145975464785,936.8548666998308,0
661.2122897944289,0.7681247158085318,870.3145975464785,937.5050704794841,0
661.644256701647,0.7655029263744461,870.4480753208089,938.1552742591374,0
661.644256701647,0.7639317503315427,870.4480753208089,938.5449259177774,0
662.069223191875,0.7602596039410782,870.5793899662893,939.4556182226127,0
662.069223191875,0.759730322506028,870.5793899662893,939.5868800185051,0
662.069223191875,0.7586799655496493,870.5793899662893,939.847368543687,0
662.494189682103,0.7618310364187854,870.7107046117698,939.0659029681412,0
662.494189682103,0.7607806794624067,870.7107046117698,939.3263914933232,0
662.9193620669482,0.7571169954204676,870.8420828786869,940.2349851357241,0
662.9193620669482,0.7550162815077103,870.8420828786869,940.7559621860879,0
662.9193620669482,0.7544870000726601,870.8420828786869,940.8872239819804,0
663.3645062296773,0.7602596039410782,870.9796324249703,939.4556182226127,0
663.3645062296773,0.7571169954204676,870.9796324249703,940.2349851357241,0
663.7896786145227,0.7634022124616887,871.1110106918875,938.6762513095013,0
663.7896786145227,0.762881393375164,871.1110106918875,938.8054144429593,0
664.2146451047506,0.7655029263744461,871.2423253373679,938.1552742591374,0
664.2146451047506,0.762881393375164,871.2423253373679,938.8054144429593,0
664.6398174895959,0.7707465052426177,871.3737036042851,936.8548666998308,0
664.6398174895959,0.7691750727649105,871.3737036042851,937.2445819543022,0
665.0647839798238,0.769696148286239,871.5050182497655,937.1153552250128,0
665.0647839798238,0.7681247158085318,871.5050182497655,937.5050704794841,0
665.4965449924246,0.7655029263744461,871.6384324026592,938.1552742591374,0
665.4965449924246,0.762881393375164,871.6384324026592,938.8054144429593,0
665.4965449924246,0.7586799655496493,871.6384324026592,939.847368543687,0
665.9149228548972,0.7523944920736245,871.7677111621632,941.4061659657411,0
665.9149228548972,0.7434792796845959,871.7677111621632,943.6171386382202,0
666.346683867498,0.7403282088154599,871.9011253150568,944.3986042137659,0
666.346683867498,0.7366560624249954,871.9011253150568,945.3092965186012,0
666.346683867498,0.7356141678171422,871.9011253150568,945.5676863813487,0
666.7716503577259,0.7571169954204676,872.0324399605372,940.2349851357241,0
666.7716503577259,0.7487226021179638,872.0324399605372,942.316794674745,0
667.2034113703266,0.7717968621989963,872.1658541134309,936.5943781746489,0
667.2034113703266,0.7675954343734817,872.1658541134309,937.6363322753765,0
667.2034113703266,0.7634022124616887,872.1658541134309,938.6762513095013,0
667.6217892327992,0.7817542256306819,872.2951328729349,934.124952043591,0
667.6217892327992,0.7770317222838387,872.2951328729349,935.296132873608,0
668.0535502454,0.7817542256306819,872.4285470258285,934.124952043591,0
668.0535502454,0.7780820792402173,872.4285470258285,935.0356443484261,0
668.0535502454,0.7707465052426177,872.4285470258285,936.8548666998308,0
668.4785167356279,0.76235185550531,872.559861671309,938.9367398346832,0
668.4785167356279,0.7529155675949529,872.559861671309,941.2769392364517,0
668.910483642846,0.7424289227282173,872.6933394456394,943.8776271634022,0
668.910483642846,0.7329923783830564,872.6933394456394,946.2178901610021,0
668.910483642846,0.7266817742962588,872.6933394456394,947.7829199745278,0
669.328655610701,0.7230098843405981,872.8225545837066,948.6935486835317,0
669.7604166233019,0.7419078472068887,872.9559687366003,944.0068538926917,0
669.7604166233019,0.7324630969480062,872.9559687366003,946.3491519568945,0
669.7604166233019,0.7261524928612086,872.9559687366003,947.9141817704203,0
670.1855890081472,0.76235185550531,873.0873470035175,938.9367398346832,0
670.1855890081472,0.7529155675949529,873.0873470035175,941.2769392364517,0
670.6105554983752,0.766545077417103,873.2186616489979,937.8968208005584,0
670.6105554983752,0.7660240018957745,873.2186616489979,938.0260475298479,0
670.6105554983752,0.7655029263744461,873.2186616489979,938.1552742591374,0
671.0357278832205,0.7702169673727637,873.3500399159151,936.9861920915546,0
671.0357278832205,0.7675954343734817,873.3500399159151,937.6363322753765,0
671.4674888958214,0.772317681285521,873.4834540688088,936.4652150411908,0
671.4674888958214,0.7717968621989963,873.4834540688088,936.5943781746489,0
671.4674888958214,0.7707465052426177,873.4834540688088,936.8548666998308,0
671.8924553860493,0.769696148286239,873.6147687142892,937.1153552250128,0
671.8924553860493,0.7691750727649105,873.6147687142892,937.2445819543022,0
672.3176277708945,0.7691750727649105,873.7461469812064,937.2445819543022,0
672.3176277708945,0.7670743588521531,873.7461469812064,937.765559004666,0
672.3176277708945,0.7644525694180674,873.7461469812064,938.4157627843193,0
672.7425942611225,0.7607806794624067,873.8774616266868,939.3263914933232,0
672.7425942611225,0.7576380709417961,873.8774616266868,940.1057584064346,0
673.1675607513504,0.7555373570290388,874.0087762721672,940.6267354567984,0
673.1675607513504,0.7544870000726601,874.0087762721672,940.8872239819804,0
673.5993217639513,0.7607806794624067,874.1421904250609,939.3263914933232,0
673.5993217639513,0.7581588900283208,874.1421904250609,939.9765952729764,0
674.0244941487965,0.7660240018957745,874.2735686919781,938.0260475298479,0
674.0244941487965,0.7639317503315427,874.2735686919781,938.5449259177774,0
674.0244941487965,0.76235185550531,874.2735686919781,938.9367398346832,0
674.4494606390246,0.7686457913298603,874.4048833374585,937.3758437501947,0
674.4494606390246,0.7681247158085318,874.4048833374585,937.5050704794841,0
674.8812216516253,0.766545077417103,874.5382974903522,937.8968208005584,0
674.8812216516253,0.76235185550531,874.5382974903522,938.9367398346832,0
674.8812216516253,0.7592092469846995,874.5382974903522,939.7161067477946,0
675.2995995140977,0.7576380709417961,874.6675762498562,940.1057584064346,0
675.2995995140977,0.7555373570290388,874.6675762498562,940.6267354567984,0
675.7313605266986,0.7534366431162814,874.8009904027498,941.1477125071622,0
675.7313605266986,0.7529155675949529,874.8009904027498,941.2769392364517,0
675.7313605266986,0.7523944920736245,874.8009904027498,941.4061659657411,0
676.1563270169265,0.7539659245513316,874.9323050482302,941.0164507112697,0
676.1563270169265,0.7523944920736245,874.9323050482302,941.4061659657411,0
676.5814994017718,0.7586799655496493,875.0636833151475,939.847368543687,0
676.5814994017718,0.7581588900283208,875.0636833151475,939.9765952729764,0
676.5814994017718,0.7555373570290388,875.0636833151475,940.6267354567984,0
677.0064658919997,0.7592092469846995,875.1949979606279,939.7161067477946,0
677.0064658919997,0.7586799655496493,875.1949979606279,939.847368543687,0
677.4316382768451,0.7576380709417961,875.3263762275451,940.1057584064346,0
677.4316382768451,0.7571169954204676,875.3263762275451,940.2349851357241,0
677.4316382768451,0.7565877139854175,875.3263762275451,940.3662469316165,0
677.8633992894459,0.756066638464089,875.4597903804388,940.495473660906,0
677.8633992894459,0.7534366431162814,875.4597903804388,941.1477125071622,0
678.281571257301,0.7581588900283208,875.5890055185059,939.9765952729764,0
678.281571257301,0.7555373570290388,875.5890055185059,940.6267354567984,0
678.281571257301,0.7529155675949529,875.5890055185059,941.2769392364517,0
678.7135381645192,0.7607806794624067,875.7224832928364,939.3263914933232,0
678.7135381645192,0.7602596039410782,875.7224832928364,939.4556182226127,0
679.1385046547471,0.7644525694180674,875.8537979383168,938.4157627843193,0
679.1385046547471,0.7634022124616887,875.8537979383168,938.6762513095013,0
679.1385046547471,0.7613099608974568,875.8537979383168,939.1951296974307,0
679.5702656673479,0.7644525694180674,875.9872120912105,938.4157627843193,0
679.5702656673479,0.7634022124616887,875.9872120912105,938.6762513095013,0
679.9886435298204,0.7613099608974568,876.1164908507144,939.1951296974307,0
679.9886435298204,0.7592092469846995,876.1164908507144,939.7161067477946,0
679.9886435298204,0.7586799655496493,876.1164908507144,939.847368543687,0
680.4204045424211,0.7592092469846995,876.2499050036081,939.7161067477946,0
680.4204045424211,0.7586799655496493,876.2499050036081,939.847368543687,0
680.845371032649,0.7618310364187854,876.3812196490885,939.0659029681412,0
680.845371032649,0.7607806794624067,876.3812196490885,939.3263914933232,0
680.845371032649,0.7602596039410782,876.3812196490885,939.4556182226127,0
681.2771320452499,0.762881393375164,876.5146338019822,938.8054144429593,0
681.2771320452499,0.76235185550531,876.5146338019822,938.9367398346832,0
681.6955099077223,0.7618310364187854,876.6439125614862,939.0659029681412,0
681.6955099077223,0.7613099608974568,876.6439125614862,939.1951296974307,0
681.6955099077223,0.7581588900283208,876.6439125614862,939.9765952729764,0
682.1272709203231,0.7539659245513316,876.7773267143798,941.0164507112697,0
682.1272709203231,0.7492434212044884,876.7773267143798,942.1876315412869,0
682.5524433051685,0.746100812683878,876.908704981297,942.9669984543983,0
682.5524433051685,0.7450504557274993,876.908704981297,943.2274869795802,0
682.9774097953964,0.747142707291731,877.0400196267775,942.7086085916507,0
682.9774097953964,0.7455715312488277,877.0400196267775,943.0982602502908,0
683.4023762856244,0.747142707291731,877.1713342722579,942.7086085916507,0
683.4023762856244,0.7455715312488277,877.1713342722579,943.0982602502908,0
683.8341372982252,0.7518652106385743,877.3047484251515,941.5374277616336,0
683.8341372982252,0.747672245161585,877.3047484251515,942.5772831999269,0
684.2593096830705,0.7550162815077103,877.4361266920687,940.7559621860879,0
684.2593096830705,0.7523944920736245,877.4361266920687,941.4061659657411,0
684.6842761732984,0.7497729590743425,877.5674413375492,942.056306149563,0
685.1094485581438,0.7508148536821956,877.6988196044664,941.7979162868155,0
685.1094485581438,0.7502937781608671,877.6988196044664,941.927143016105,0
685.1094485581438,0.747142707291731,877.6988196044664,942.7086085916507,0
685.5344150483717,0.7492434212044884,877.8301342499468,942.1876315412869,0
685.5344150483717,0.746100812683878,877.8301342499468,942.9669984543983,0
685.9661760609724,0.7786116171100714,877.9635484028405,934.9043189567024,0
685.9661760609724,0.7702169673727637,877.9635484028405,936.9861920915546,0
685.9661760609724,0.7586799655496493,877.9635484028405,939.847368543687,0
686.3913484458177,0.7817542256306819,878.0949266697577,934.124952043591,0
686.3913484458177,0.7812331501093535,878.0949266697577,934.2541787728803,0
686.8163149360457,0.7796535117179245,878.2262413152381,934.6459290939547,0
686.8163149360457,0.7770317222838387,878.2262413152381,935.296132873608,0
686.8163149360457,0.7738891137632282,878.2262413152381,936.0754997867194,0
687.2480759486466,0.7681247158085318,878.3596554681318,937.5050704794841,0
687.2480759486466,0.7613099608974568,878.3596554681318,939.1951296974307,0
687.666453811119,0.7555373570290388,878.4889342276357,940.6267354567984,0
687.666453811119,0.7550162815077103,878.4889342276357,940.7559621860879,0
687.666453811119,0.7539659245513316,878.4889342276357,941.0164507112697,0
688.0982148237198,0.7571169954204676,878.6223483805294,940.2349851357241,0
688.0982148237198,0.7555373570290388,878.6223483805294,940.6267354567984,0
688.5231813139477,0.7550162815077103,878.7536630260098,940.7559621860879,0
688.5231813139477,0.7529155675949529,878.7536630260098,941.2769392364517,0
688.9483536987931,0.7613099608974568,878.885041292927,939.1951296974307,0
688.9483536987931,0.7581588900283208,878.885041292927,939.9765952729764,0
689.373320189021,0.7613099608974568,879.0163559384074,939.1951296974307,0
689.373320189021,0.7607806794624067,879.0163559384074,939.3263914933232,0
689.7982866792489,0.766545077417103,879.1476705838879,937.8968208005584,0
689.7982866792489,0.7644525694180674,879.1476705838879,938.4157627843193,0
689.7982866792489,0.76235185550531,879.1476705838879,938.9367398346832,0
690.2234590640942,0.766545077417103,879.2790488508051,937.8968208005584,0
690.2234590640942,0.7660240018957745,879.2790488508051,938.0260475298479,0
690.6484255543222,0.7644525694180674,879.4103634962855,938.4157627843193,0
690.6484255543222,0.7634022124616887,879.4103634962855,938.6762513095013,0
690.6484255543222,0.762881393375164,879.4103634962855,938.8054144429593,0
691.0801865669231,0.7618310364187854,879.5437776491792,939.0659029681412,0
691.0801865669231,0.7592092469846995,879.5437776491792,939.7161067477946,0
691.0801865669231,0.7544870000726601,879.5437776491792,940.8872239819804,0
691.5053589517684,0.7497729590743425,879.6751559160964,942.056306149563,0
691.5053589517684,0.7455715312488277,879.6751559160964,943.0982602502908,0
691.9371199643691,0.746100812683878,879.80857006899,942.9669984543983,0
691.9371199643691,0.744521174292449,879.80857006899,943.3587487754727,0
692.3552919322242,0.7534366431162814,879.9377852070572,941.1477125071622,0
692.3552919322242,0.7487226021179638,879.9377852070572,942.316794674745,0
692.7872588394424,0.7649736449393958,880.0712629813877,938.2865360550298,0
692.7872588394424,0.762881393375164,880.0712629813877,938.8054144429593,0
692.7872588394424,0.7586799655496493,880.0712629813877,939.847368543687,0
693.2122253296703,0.7655029263744461,880.2025776268681,938.1552742591374,0
693.6439863422711,0.7691750727649105,880.3359917797617,937.2445819543022,0
693.6439863422711,0.7686457913298603,880.3359917797617,937.3758437501947,0
693.6439863422711,0.7660240018957745,880.3359917797617,938.0260475298479,0
694.0623642047435,0.7681247158085318,880.4652705392657,937.5050704794841,0
694.0623642047435,0.7649736449393958,880.4652705392657,938.2865360550298,0
694.4941252173443,0.7607806794624067,880.5986846921594,939.3263914933232,0
694.4941252173443,0.7565877139854175,880.5986846921594,940.3662469316165,0
694.4941252173443,0.7518652106385743,880.5986846921594,941.5374277616336,0
694.9190917075724,0.747142707291731,880.7299993376398,942.7086085916507,0
694.9190917075724,0.7450504557274993,880.7299993376398,943.2274869795802,0
695.3442640924177,0.747142707291731,880.861377604557,942.7086085916507,0
695.3442640924177,0.7440000987711206,880.861377604557,943.4879755047621,0
695.3442640924177,0.7434792796845959,880.861377604557,943.6171386382202,0
695.7692305826456,0.759730322506028,880.9926922500374,939.5868800185051,0
695.7692305826456,0.7529155675949529,880.9926922500374,941.2769392364517,0
696.2009915952464,0.7644525694180674,881.1261064029311,938.4157627843193,0
696.2009915952464,0.7639317503315427,881.1261064029311,938.5449259177774,0
696.2009915952464,0.7607806794624067,881.1261064029311,939.3263914933232,0
696.6261639800917,0.7581588900283208,881.2574846698483,939.9765952729764,0
696.6261639800917,0.7576380709417961,881.2574846698483,940.1057584064346,0
697.0511304703197,0.7681247158085318,881.3887993153287,937.5050704794841,0
697.0511304703197,0.766545077417103,881.3887993153287,937.8968208005584,0
697.0511304703197,0.7618310364187854,881.3887993153287,939.0659029681412,0
697.4760969605476,0.766545077417103,881.5201139608092,937.8968208005584,0
697.4760969605476,0.7655029263744461,881.5201139608092,938.1552742591374,0
697.9078579731483,0.7649736449393958,881.6535281137028,938.2865360550298,0
697.9078579731483,0.7639317503315427,881.6535281137028,938.5449259177774,0
697.9078579731483,0.759730322506028,881.6535281137028,939.5868800185051,0
698.3330303579936,0.7550162815077103,881.78490638062,940.7559621860879,0
698.3330303579936,0.7508148536821956,881.78490638062,941.7979162868155,0
698.7579968482216,0.7586799655496493,881.9162210261004,939.847368543687,0
698.7579968482216,0.7534366431162814,881.9162210261004,941.1477125071622,0
698.7579968482216,0.7497729590743425,881.9162210261004,942.056306149563,0
699.183169233067,0.7644525694180674,882.0475992930177,938.4157627843193,0
699.183169233067,0.7634022124616887,882.0475992930177,938.6762513095013,0
699.6149302456678,0.762881393375164,882.1810134459113,938.8054144429593,0
699.6149302456678,0.7592092469846995,882.1810134459113,939.7161067477946,0
699.6149302456678,0.7576380709417961,882.1810134459113,940.1057584064346,0
700.0331022135229,0.756066638464089,882.3102285839785,940.495473660906,0
700.0331022135229,0.7544870000726601,882.3102285839785,940.8872239819804,0
700.4650691207411,0.7529155675949529,882.443706358309,941.2769392364517,0
700.4650691207411,0.7513441351172458,882.443706358309,941.6666544909231,0
700.4650691207411,0.7508148536821956,882.443706358309,941.7979162868155,0
700.890035610969,0.7586799655496493,882.5750210037894,939.847368543687,0
700.890035610969,0.7539659245513316,882.5750210037894,941.0164507112697,0
701.3217966235698,0.7602596039410782,882.708435156683,939.4556182226127,0
701.3217966235698,0.7586799655496493,882.708435156683,939.847368543687,0
701.7401744860422,0.7592092469846995,882.837713916187,939.7161067477946,0
701.7401744860422,0.7592051440278387,882.837713916187,939.7171242810961,0
701.7401744860422,0.7576380709417961,882.837713916187,940.1057584064346,0
702.1651409762701,0.7670702558952923,882.9690285616674,937.7665765379675,0
702.1651409762701,0.7660198989389136,882.9690285616674,938.0270650631494,0
702.1651409762701,0.7623562148969747,882.9690285616674,938.9356587055503,0
702.5903133611156,0.7654988234175851,883.1004068285847,938.1562917924389,0
702.5903133611156,0.761305857940596,883.1004068285847,939.1961472307322,0
703.0220743737164,0.7555329976373741,883.2338209814783,940.6278165859312,0
703.0220743737164,0.7508107507253348,883.2338209814783,941.798933820117,0
703.0220743737164,0.7471470666833957,883.2338209814783,942.7075274625179,0
703.4538353863171,0.746096709727017,883.367235134372,942.9680159876998,0
703.4538353863171,0.7455756342056886,883.367235134372,943.0972427169893,0
703.8722132487895,0.7550121785508495,883.4965138938759,940.7569797193894,0
703.8722132487895,0.7523903891167636,883.4965138938759,941.4071834990426,0
703.8722132487895,0.7481974236397744,883.4965138938759,942.447038937336,0
704.3039742613904,0.7544826406809955,883.6299280467696,940.8883051111131,0
704.3039742613904,0.7513400321603849,883.6299280467696,941.6676720242245,0
704.7221462292455,0.7487184991611029,883.7591431848368,942.3178122080465,0
704.7221462292455,0.7455756342056886,883.7591431848368,943.0972427169893,0
704.7221462292455,0.7439959958142597,883.7591431848368,943.4889930380637,0
705.1541131364636,0.7471470666833957,883.8926209591672,942.7075274625179,0
705.1541131364636,0.74452527724931,883.8926209591672,943.3577312421711,0
705.5790796266915,0.7670702558952923,884.0239356046477,937.7665765379675,0
705.5790796266915,0.7602555009842173,884.0239356046477,939.4566357559141,0
705.5790796266915,0.7529114646380921,884.0239356046477,941.2779567697531,0
706.0108406392923,0.7691709698080497,884.1573497575413,937.2455994876037,0
706.0108406392923,0.7654988234175851,884.1573497575413,938.1562917924389,0
706.4292185017648,0.7592051440278387,884.2866285170453,939.7171242810961,0
706.4292185017648,0.7565833545937528,884.2866285170453,940.3673280607493,0
706.4292185017648,0.7539618215944708,884.2866285170453,941.0174682445712,0
706.8609795143656,0.7513400321603849,884.4200426699389,941.6676720242245,0
706.8609795143656,0.7508107507253348,884.4200426699389,941.798933820117,0
707.2859460045936,0.7592051440278387,884.5513573154194,939.7171242810961,0
707.2859460045936,0.7550121785508495,884.5513573154194,940.7569797193894,0
707.2859460045936,0.7518611076817134,884.5513573154194,941.5384452949351,0
707.7111183894389,0.7602555009842173,884.6827355823366,939.4566357559141,0
707.7111183894389,0.7592051440278387,884.6827355823366,939.7171242810961,0
708.1360848796668,0.7544826406809955,884.814050227817,940.8883051111131,0
708.1360848796668,0.7508107507253348,884.814050227817,941.798933820117,0
708.1360848796668,0.7502896752040062,884.814050227817,941.9281605494065,0
708.5678458922677,0.7518611076817134,884.9474643807107,941.5384452949351,0
708.5678458922677,0.7513400321603849,884.9474643807107,941.6676720242245,0
708.9930182771129,0.7539618215944708,885.0788426476279,941.0174682445712,0
708.9930182771129,0.7518611076817134,885.0788426476279,941.5384452949351,0
709.4179847673408,0.7607765765055458,885.2101572931083,939.3274090266247,0
709.4179847673408,0.7571128924636068,885.2101572931083,940.2360026690255,0
709.8429512575688,0.7649780043310604,885.3414719385887,938.285454925897,0
709.8429512575688,0.764456928809732,885.3414719385887,938.4146816551864,0
709.8429512575688,0.7628772904183031,885.3414719385887,938.8064319762608,0
710.274918164787,0.764456928809732,885.4749497129192,938.4146816551864,0
710.6998846550149,0.7654988234175851,885.6062643583996,938.1562917924389,0
710.6998846550149,0.764456928809732,885.6062643583996,938.4146816551864,0
710.6998846550149,0.7607765765055458,885.6062643583996,939.3274090266247,0
711.1248511452429,0.7576337115501315,885.73757900388,940.1068395355674,0
711.1248511452429,0.7560625355072281,885.73757900388,940.4964911942075,0
711.5500235300882,0.75815478707146,885.8689572707972,939.977612806278,0
711.5500235300882,0.7555329976373741,885.8689572707972,940.6278165859312,0
711.981784542689,0.7602555009842173,886.0023714236909,939.4566357559141,0
711.981784542689,0.7592051440278387,886.0023714236909,939.7171242810961,0
712.3999565105441,0.7597262195491671,886.1315865617581,939.5878975518066,0
712.3999565105441,0.7586840685065102,886.1315865617581,939.8463510103855,0
712.8319234177623,0.761305857940596,886.2650643360885,939.1961472307322,0
712.8319234177623,0.7597262195491671,886.2650643360885,939.5878975518066,0
713.2568899079902,0.7576337115501315,886.3963789815689,940.1068395355674,0
713.2568899079902,0.7555329976373741,886.3963789815689,940.6278165859312,0
713.2568899079902,0.7539618215944708,886.3963789815689,941.0174682445712,0
713.6886509205909,0.7513400321603849,886.5297931344626,941.6676720242245,0
713.6886509205909,0.7471470666833957,886.5297931344626,942.7075274625179,0
714.1070287830635,0.74452527724931,886.6590718939666,943.3577312421711,0
714.1070287830635,0.7408533872936492,886.6590718939666,944.2683599511751,0
714.5319952732914,0.7492477805961532,886.790386539447,942.186550412154,0
714.5319952732914,0.7429541012064066,886.790386539447,943.7473829008112,0
714.9571676581368,0.7733639352850389,886.9217648063642,936.2057440493104,0
714.9571676581368,0.7649780043310604,886.9217648063642,938.285454925897,0
714.9571676581368,0.7560625355072281,886.9217648063642,940.4964911942075,0
715.3889286707375,0.7801786901961139,887.0551789592579,934.5156848313637,0
715.3889286707375,0.7796576146747853,887.0551789592579,934.6449115606532,0
715.8206896833383,0.7765065438056493,887.1885931121515,935.426377136199,0
715.8206896833383,0.7723135783286602,887.1885931121515,936.4662325744923,0
715.8206896833383,0.7675995373303425,887.1885931121515,937.635314742075,0
716.2388616511935,0.7628772904183031,887.3178082502187,938.8064319762608,0
716.2388616511935,0.7555329976373741,887.3178082502187,940.6278165859312,0
716.6708285584116,0.7481974236397744,887.4512860245492,942.447038937336,0
716.6708285584116,0.7434749202929313,887.4512860245492,943.618219767353,0
716.6708285584116,0.7413826687286994,887.4512860245492,944.1370981552826,0
717.0890005262667,0.7439959958142597,887.5805011626163,943.4889930380637,0
717.0890005262667,0.7429541012064066,887.5805011626163,943.7473829008112,0
717.5207615388674,0.7513400321603849,887.71391531551,941.6676720242245,0
717.5207615388674,0.7476681422047242,887.71391531551,942.5783007332284,0
717.5207615388674,0.7450463527706384,887.71391531551,943.2285045128817,0
717.9459339237128,0.764456928809732,887.8452935824272,938.4146816551864,0
717.9459339237128,0.7576337115501315,887.8452935824272,940.1068395355674,0
718.3776949363136,0.7754646491977962,887.9787077353209,935.6847669989465,0
718.3776949363136,0.771271683720807,887.9787077353209,936.7246224372399,0
718.7960727987861,0.771271683720807,888.1079864948249,936.7246224372399,0
718.7960727987861,0.7654988234175851,888.1079864948249,938.1562917924389,0
719.2278338113869,0.75815478707146,888.2414006477185,939.977612806278,0
719.2278338113869,0.7534407460731423,888.2414006477185,941.1466949738607,0
719.2278338113869,0.7502896752040062,888.2414006477185,941.9281605494065,0
719.6528003016148,0.7476681422047242,888.3727152931989,942.5783007332284,0
719.6528003016148,0.746096709727017,888.3727152931989,942.9680159876998,0
720.0777667918428,0.7471470666833957,888.5040299386794,942.7075274625179,0
720.0777667918428,0.7455756342056886,888.5040299386794,943.0972427169893,0
720.0777667918428,0.7439959958142597,888.5040299386794,943.4889930380637,0
720.5029391766881,0.7476681422047242,888.6354082055966,942.5783007332284,0
720.5029391766881,0.7450463527706384,888.6354082055966,943.2285045128817,0
720.9347001892888,0.7455756342056886,888.7688223584902,943.0972427169893,0
720.9347001892888,0.7429541012064066,888.7688223584902,943.7473829008112,0
720.9347001892888,0.7424245633365526,888.7688223584902,943.878708292535,0
721.3596666795167,0.7550121785508495,888.9001370039706,940.7569797193894,0
721.3596666795167,0.7513400321603849,888.9001370039706,941.6676720242245,0
721.7848390643621,0.7597262195491671,889.0315152708879,939.5878975518066,0
721.7848390643621,0.7586840685065102,889.0315152708879,939.8463510103855,0
722.20980555459,0.7634065718533534,889.1628299163683,938.6751701803684,0
722.20980555459,0.7628772904183031,889.1628299163683,938.8064319762608,0
722.20980555459,0.7618269334619244,889.1628299163683,939.0669205014427,0
722.6415665671908,0.7639276473746818,889.2962440692619,938.5459434510789,0
722.6415665671908,0.7628772904183031,889.2962440692619,938.8064319762608,0
723.0667389520361,0.7670702558952923,889.4276223361792,937.7665765379675,0
723.0667389520361,0.7665491803739638,889.4276223361792,937.895803267257,0
723.0667389520361,0.7649780043310604,889.4276223361792,938.285454925897,0
723.4917054422641,0.7628772904183031,889.5589369816596,938.8064319762608,0
723.4917054422641,0.7576337115501315,889.5589369816596,940.1068395355674,0
723.9166719324921,0.7534407460731423,889.69025162714,941.1466949738607,0
723.9166719324921,0.7518611076817134,889.69025162714,941.5384452949351,0
723.9166719324921,0.7513400321603849,889.69025162714,941.6676720242245,0
724.3486388397102,0.7544826406809955,889.8237294014705,940.8883051111131,0
724.3486388397102,0.7523903891167636,889.8237294014705,941.4071834990426,0
724.7668108075653,0.7634065718533534,889.9529445395376,938.6751701803684,0
724.7668108075653,0.7597262195491671,889.9529445395376,939.5878975518066,0
724.7668108075653,0.7565833545937528,889.9529445395376,940.3673280607493,0
725.1985718201661,0.7654988234175851,890.0863586924313,938.1562917924389,0
725.1985718201661,0.7649780043310604,890.0863586924313,938.285454925897,0
725.6237442050115,0.7634065718533534,890.2177369593485,938.6751701803684,0
725.6237442050115,0.7623562148969747,890.2177369593485,938.9356587055503,0
725.6237442050115,0.7618269334619244,890.2177369593485,939.0669205014427,0
726.0555052176122,0.7607765765055458,890.3511511122422,939.3274090266247,0
726.0555052176122,0.7586840685065102,890.3511511122422,939.8463510103855,0
726.4736771854673,0.7571128924636068,890.4803662503093,940.2360026690255,0
726.4736771854673,0.7544826406809955,890.4803662503093,940.8883051111131,0
726.4736771854673,0.7513400321603849,890.4803662503093,941.6676720242245,0
726.8988495703126,0.7481974236397744,890.6117445172266,942.447038937336,0
726.8988495703126,0.7466259911620673,890.6117445172266,942.8367541918074,0
727.3238160605406,0.7466259911620673,890.743059162707,942.8367541918074,0
727.3238160605406,0.7455756342056886,890.743059162707,943.0972427169893,0
727.7555770731415,0.7502896752040062,890.8764733156006,941.9281605494065,0
727.7555770731415,0.7481974236397744,890.8764733156006,942.447038937336,0
728.1875439803596,0.7529114646380921,891.0099510899311,941.2779567697531,0
728.1875439803596,0.7523903891167636,891.0099510899311,941.4071834990426,0
728.1875439803596,0.7518611076817134,891.0099510899311,941.5384452949351,0
728.6057159482147,0.7576337115501315,891.1391662279983,940.1068395355674,0
728.6057159482147,0.7544826406809955,891.1391662279983,940.8883051111131,0
729.0374769608154,0.7723135783286602,891.2725803808919,936.4662325744923,0
729.0374769608154,0.7686498942867211,891.2725803808919,937.3748262168932,0
729.0374769608154,0.7634065718533534,891.2725803808919,938.6751701803684,0
729.455854823288,0.7786072577184067,891.4018591403959,934.9054000858351,0
729.455854823288,0.7759857247191246,891.4018591403959,935.5555402696571,0
729.8876158358887,0.7796576146747853,891.5352732932896,934.6449115606532,0
729.8876158358887,0.778086438631882,891.5352732932896,935.0345632192933,0
729.8876158358887,0.7744142922414176,891.5352732932896,935.9452555241285,0
730.3125823261166,0.7691709698080497,891.66658793877,937.2455994876037,0
730.3125823261166,0.7628772904183031,891.66658793877,938.8064319762608,0
730.7445492333347,0.7576337115501315,891.8000657131004,940.1068395355674,0
730.7445492333347,0.7555329976373741,891.8000657131004,940.6278165859312,0
730.7445492333347,0.7550121785508495,891.8000657131004,940.7569797193894,0
731.1627212011899,0.7634065718533534,891.9292808511676,938.6751701803684,0
731.1627212011899,0.7592051440278387,891.9292808511676,939.7171242810961,0
731.5944822137908,0.7654988234175851,892.0626950040613,938.1562917924389,0
731.5944822137908,0.7649780043310604,892.0626950040613,938.285454925897,0
732.0196545986361,0.764456928809732,892.1940732709785,938.4146816551864,0
732.0196545986361,0.7618269334619244,892.1940732709785,939.0669205014427,0
732.444621088864,0.7560625355072281,892.3253879164589,940.4964911942075,0
732.444621088864,0.7466259911620673,892.3253879164589,942.8367541918074,0
732.444621088864,0.7382315978595634,892.3253879164589,944.9185637308283,0
732.8697934737093,0.7361393462953315,892.4567661833761,945.4374421187578,0
732.8697934737093,0.7340386323825742,892.4567661833761,945.9584191691216,0
733.3081431140656,0.7518611076817134,892.5922162222462,941.5384452949351,0
733.3081431140656,0.7466259911620673,892.5922162222462,942.8367541918074,0
733.3081431140656,0.7413826687286994,892.5922162222462,944.1370981552826,0
733.7333154989109,0.764456928809732,892.7235944891634,938.4146816551864,0
733.7333154989109,0.7576337115501315,892.7235944891634,940.1068395355674,0
734.1650765115116,0.7723135783286602,892.857008642057,936.4662325744923,0
734.1650765115116,0.771271683720807,892.857008642057,936.7246224372399,0
734.1650765115116,0.7696917888945743,892.857008642057,937.1164363541455,0
734.5900430017396,0.768120612851671,892.9883232875375,937.5060880127857,0
734.5900430017396,0.7628772904183031,892.9883232875375,938.8064319762608,0
735.0220099089577,0.7586840685065102,893.1218010618679,939.8463510103855,0
735.0220099089577,0.7555329976373741,893.1218010618679,940.6278165859312,0
735.0220099089577,0.7550121785508495,893.1218010618679,940.7569797193894,0
735.4401818768129,0.7555329976373741,893.2510161999352,940.6278165859312,0
735.4401818768129,0.7544826406809955,893.2510161999352,940.8883051111131,0
735.4401818768129,0.7539618215944708,893.2510161999352,941.0174682445712,0
735.8719428894136,0.7571128924636068,893.3844303528288,940.2360026690255,0
735.8719428894136,0.7565833545937528,893.3844303528288,940.3673280607493,0
736.2903207518862,0.7628772904183031,893.5137091123328,938.8064319762608,0
736.2903207518862,0.7602555009842173,893.5137091123328,939.4566357559141,0
736.2903207518862,0.7586840685065102,893.5137091123328,939.8463510103855,0
736.7288762868598,0.7696917888945743,893.6492227726396,937.1164363541455,0
736.7288762868598,0.7660198989389136,893.6492227726396,938.0270650631494,0
737.1470482547148,0.7770360816755033,893.7784379107069,935.2950517444751,0
737.1470482547148,0.7754646491977962,893.7784379107069,935.6847669989465,0
737.1470482547148,0.7733639352850389,893.7784379107069,936.2057440493104,0
737.5790151619331,0.7759857247191246,893.9119156850372,935.5555402696571,0
737.5790151619331,0.7723135783286602,893.9119156850372,936.4662325744923,0
738.003981652161,0.7675995373303425,894.0432303305176,937.635314742075,0
738.003981652161,0.7607765765055458,894.0432303305176,939.3274090266247,0
738.003981652161,0.7544826406809955,894.0432303305176,940.8883051111131,0
738.4223595146334,0.7492477805961532,894.1725090900217,942.186550412154,0
738.4223595146334,0.7466259911620673,894.1725090900217,942.8367541918074,0
738.8541205272342,0.7560625355072281,894.3059232429154,940.4964911942075,0
738.8541205272342,0.7513400321603849,894.3059232429154,941.6676720242245,0
738.8541205272342,0.7481974236397744,894.3059232429154,942.447038937336,0
739.2790870174622,0.7665491803739638,894.4372378883958,937.895803267257,0
739.2790870174622,0.761305857940596,894.4372378883958,939.1961472307322,0
739.710848030063,0.7733639352850389,894.5706520412895,936.2057440493104,0
739.710848030063,0.7723135783286602,894.5706520412895,936.4662325744923,0
739.710848030063,0.770742145850953,894.5706520412895,936.8559478289636,0
740.1292258925355,0.7744142922414176,894.6999308007934,935.9452555241285,0
740.1292258925355,0.7738850108063673,894.6999308007934,936.0765173200209,0
740.5609869051362,0.7728428597637104,894.8333449536871,936.3349707785999,0
740.5609869051362,0.770742145850953,894.8333449536871,936.8559478289636,0
740.5609869051362,0.7675995373303425,894.8333449536871,937.635314742075,0
740.9793647676087,0.7639276473746818,894.9626237131911,938.5459434510789,0
740.9793647676087,0.761305857940596,894.9626237131911,939.1961472307322,0
741.4111257802095,0.7675995373303425,895.0960378660847,937.635314742075,0
741.4111257802095,0.7649780043310604,895.0960378660847,938.285454925897,0
741.4111257802095,0.7618269334619244,895.0960378660847,939.0669205014427,0
741.8360922704375,0.7723135783286602,895.2273525115652,936.4662325744923,0
741.8360922704375,0.7702213267644283,895.2273525115652,936.9851109624218,0
742.2678532830382,0.7744142922414176,895.3607666644588,935.9452555241285,0
742.2678532830382,0.7738850108063673,895.3607666644588,936.0765173200209,0
742.2678532830382,0.7728428597637104,895.3607666644588,936.3349707785999,0
742.6930256678835,0.7702213267644283,895.492144931376,936.9851109624218,0
742.6930256678835,0.7660198989389136,895.492144931376,938.0270650631494,0
743.1179921581115,0.761305857940596,895.6234595768564,939.1961472307322,0
743.1179921581115,0.7565833545937528,895.6234595768564,940.3673280607493,0
743.1179921581115,0.7544826406809955,895.6234595768564,940.8883051111131,0
743.5431645429568,0.7523903891167636,895.7548378437737,941.4071834990426,0
743.9749255555575,0.7523903891167636,895.8882519966672,941.4071834990426,0
743.9749255555575,0.7518611076817134,895.8882519966672,941.5384452949351,0
743.9749255555575,0.7513400321603849,895.8882519966672,941.6676720242245,0
744.3998920457855,0.7544826406809955,896.0195666421477,940.8883051111131,0
744.3998920457855,0.7534407460731423,896.0195666421477,941.1466949738607,0
744.8248585360135,0.7550121785508495,896.1508812876282,940.7569797193894,0
745.2500309208589,0.7534407460731423,896.2822595545454,941.1466949738607,0
745.2500309208589,0.7502896752040062,896.2822595545454,941.9281605494065,0
745.6749974110868,0.7518611076817134,896.4135742000258,941.5384452949351,0
745.6749974110868,0.7492477805961532,896.4135742000258,942.186550412154,0
745.6749974110868,0.7487184991611029,896.4135742000258,942.3178122080465,0
746.1001697959321,0.761305857940596,896.544952466943,939.1961472307322,0
746.1001697959321,0.7560625355072281,896.544952466943,940.4964911942075,0
746.5387253309057,0.7691709698080497,896.6804661272498,937.2455994876037,0
746.5387253309057,0.7686498942867211,896.6804661272498,937.3748262168932,0
746.5387253309057,0.7660198989389136,896.6804661272498,938.0270650631494,0
746.9568972987609,0.7686498942867211,896.8096812653171,937.3748262168932,0
746.9568972987609,0.7665491803739638,896.8096812653171,937.895803267257,0
747.3886583113616,0.7628772904183031,896.9430954182106,938.8064319762608,0
747.3886583113616,0.7607765765055458,896.9430954182106,939.3274090266247,0
747.3886583113616,0.7597262195491671,896.9430954182106,939.5878975518066,0
747.807036173834,0.7607765765055458,897.0723741777147,939.3274090266247,0
748.2387971864348,0.7696917888945743,897.2057883306084,937.1164363541455,0
748.2387971864348,0.7660198989389136,897.2057883306084,938.0270650631494,0
748.2387971864348,0.7623562148969747,897.2057883306084,938.9356587055503,0
748.6571750489073,0.7702213267644283,897.3350670901124,936.9851109624218,0
748.6571750489073,0.7691709698080497,897.3350670901124,937.2455994876037,0
749.095730583881,0.7686498942867211,897.4705807504192,937.3748262168932,0
749.095730583881,0.7670702558952923,897.4705807504192,937.7665765379675,0
749.095730583881,0.7665491803739638,897.4705807504192,937.895803267257,0
749.5139025517361,0.7770360816755033,897.5997958884864,935.2950517444751,0
749.5139025517361,0.7717925028073317,897.5997958884864,936.5954593037817,0
749.9456635643369,0.7880438020635676,897.7332100413801,932.5651370882352,0
749.9456635643369,0.7859515504993357,897.7332100413801,933.0840154761647,0
749.9456635643369,0.7812290471524925,897.7332100413801,934.2551963061818,0
750.3708359491822,0.7890941590199463,897.8645883082972,932.3046485630533,0
750.3708359491822,0.7869934451071889,897.8645883082972,932.8256256134172,0
750.7958024394102,0.781750122673821,897.9959029537777,934.1259695768924,0
750.7958024394102,0.7738850108063673,897.9959029537777,936.0765173200209,0
750.7958024394102,0.7654988234175851,897.9959029537777,938.1562917924389,0
751.2209748242554,0.7576337115501315,898.127281220695,940.1068395355674,0
751.2209748242554,0.7534407460731423,898.127281220695,941.1466949738607,0
751.6459413144834,0.7539618215944708,898.2585958661754,941.0174682445712,0
751.6459413144834,0.7534407460731423,898.2585958661754,941.1466949738607,0
751.6459413144834,0.7523903891167636,898.2585958661754,941.4071834990426,0
752.0777023270841,0.7560625355072281,898.392010019069,940.4964911942075,0
752.0777023270841,0.7539618215944708,898.392010019069,941.0174682445712,0
752.4960801895567,0.770742145850953,898.521288778573,936.8559478289636,0
752.4960801895567,0.7654988234175851,898.521288778573,938.1562917924389,0
752.4960801895567,0.7607765765055458,898.521288778573,939.3274090266247,0
752.9278412021575,0.7791367955882608,898.6547029314667,934.7740746941114,0
752.9278412021575,0.7754646491977962,898.6547029314667,935.6847669989465,0
753.3460131700126,0.7854220126294817,898.7839180695338,933.2153408678886,0
753.3460131700126,0.7838508365865784,898.7839180695338,933.6049925265286,0
753.3460131700126,0.781750122673821,898.7839180695338,934.1259695768924,0
753.7779800772307,0.7854220126294817,898.9173958438643,933.2153408678886,0
753.7779800772307,0.7828004796301997,898.9173958438643,933.8654810517105,0
754.2029465674586,0.7786072577184067,899.0487104893447,934.9054000858351,0
754.2029465674586,0.7765065438056493,899.0487104893447,935.426377136199,0
754.2029465674586,0.7738850108063673,899.0487104893447,936.0765173200209,0
754.6347075800595,0.771271683720807,899.1821246422384,936.7246224372399,0
754.6347075800595,0.7686498942867211,899.1821246422384,937.3748262168932,0
754.6347075800595,0.7649780043310604,899.1821246422384,938.285454925897,0
755.0596740702874,0.7618269334619244,899.3134392877188,939.0669205014427,0
755.0596740702874,0.7602555009842173,899.3134392877188,939.4566357559141,0
755.4848464551327,0.7649780043310604,899.444817554636,938.285454925897,0
755.4848464551327,0.7628772904183031,899.444817554636,938.8064319762608,0
755.4848464551327,0.7607765765055458,899.444817554636,939.3274090266247,0
755.9098129453606,0.768120612851671,899.5761322001164,937.5060880127857,0
755.9098129453606,0.7665491803739638,899.5761322001164,937.895803267257,0
756.3415739579614,0.7702213267644283,899.7095463530101,936.9851109624218,0
756.3415739579614,0.7696917888945743,899.7095463530101,937.1164363541455,0
756.7667463428069,0.7665491803739638,899.8409246199273,937.895803267257,0
756.7667463428069,0.7618269334619244,899.8409246199273,939.0669205014427,0
756.7667463428069,0.7592051440278387,899.8409246199273,939.7171242810961,0
757.1917128330348,0.7618269334619244,899.9722392654077,939.0669205014427,0
757.1917128330348,0.7586840685065102,899.9722392654077,939.8463510103855,0
757.61688521788,0.7660198989389136,900.1036175323248,938.0270650631494,0
757.61688521788,0.7654988234175851,900.1036175323248,938.1562917924389,0
757.61688521788,0.764456928809732,900.1036175323248,938.4146816551864,0
758.041851708108,0.7665491803739638,900.2349321778054,937.895803267257,0
758.041851708108,0.7649780043310604,900.2349321778054,938.285454925897,0
758.041851708108,0.764456928809732,900.2349321778054,938.4146816551864,0
758.466818198336,0.7675995373303425,900.3662468232858,937.635314742075,0
758.466818198336,0.7670702558952923,900.3662468232858,937.7665765379675,0
758.8987851055541,0.764456928809732,900.4997245976161,938.4146816551864,0
758.8987851055541,0.7639276473746818,900.4997245976161,938.5459434510789,0
758.8987851055541,0.7628772904183031,900.4997245976161,938.8064319762608,0
759.323751595782,0.768120612851671,900.6310392430967,937.5060880127857,0
759.323751595782,0.7670702558952923,900.6310392430967,937.7665765379675,0
759.7555126083828,0.7654988234175851,900.7644533959902,938.1562917924389,0
759.7555126083828,0.7602555009842173,900.7644533959902,939.4566357559141,0
759.7555126083828,0.7592051440278387,900.7644533959902,939.7171242810961,0
760.1738904708552,0.7675995373303425,900.8937321554943,937.635314742075,0
760.1738904708552,0.7623562148969747,900.8937321554943,938.9356587055503,0
760.6056514834561,0.771271683720807,901.0271463083878,936.7246224372399,0
760.6056514834561,0.768120612851671,901.0271463083878,937.5060880127857,0
760.6056514834561,0.7623562148969747,901.0271463083878,938.9356587055503,0
761.0238234513113,0.7586840685065102,901.1563614464551,939.8463510103855,0
761.0238234513113,0.7576337115501315,901.1563614464551,940.1068395355674,0
761.4623789862849,0.7576337115501315,901.291875106762,940.1068395355674,0
761.4623789862849,0.7571128924636068,901.291875106762,940.2360026690255,0
761.4623789862849,0.7560625355072281,901.291875106762,940.4964911942075,0
761.8807568487573,0.7670702558952923,901.421153866266,937.7665765379675,0
761.8807568487573,0.7597262195491671,901.421153866266,939.5878975518066,0
762.3125178613582,0.7890941590199463,901.5545680191597,932.3046485630533,0
762.3125178613582,0.7864723695858604,901.5545680191597,932.9548523427067,0
762.3125178613582,0.7770360816755033,901.5545680191597,935.2950517444751,0
762.7374843515861,0.7864723695858604,901.6858826646401,932.9548523427067,0
762.7374843515861,0.781750122673821,901.6858826646401,934.1259695768924,0
763.1626567364314,0.7770360816755033,901.8172609315573,935.2950517444751,0
763.1626567364314,0.7733639352850389,901.8172609315573,936.2057440493104,0
763.1626567364314,0.7702213267644283,901.8172609315573,936.9851109624218,0
763.5876232266593,0.7665491803739638,901.9485755770377,937.895803267257,0
763.5876232266593,0.764456928809732,901.9485755770377,938.4146816551864,0
764.0127956115045,0.7691709698080497,902.0799538439549,937.2455994876037,0
764.0127956115045,0.7654988234175851,902.0799538439549,938.1562917924389,0
764.0127956115045,0.7639276473746818,902.0799538439549,938.5459434510789,0
764.4445566241054,0.7723135783286602,902.2133679968485,936.4662325744923,0
764.4445566241054,0.771271683720807,902.2133679968485,936.7246224372399,0
764.8627285919606,0.7786072577184067,902.3425831349158,934.9054000858351,0
764.8627285919606,0.774935367762746,902.3425831349158,935.816028794839,0
764.8627285919606,0.7728428597637104,902.3425831349158,936.3349707785999,0
765.2946954991787,0.7822794041088712,902.4760609092461,933.994707781,0
765.7128674670338,0.7801786901961139,902.6052760473134,934.5156848313637,0
765.7128674670338,0.7754646491977962,902.6052760473134,935.6847669989465,0
765.7128674670338,0.7717925028073317,902.6052760473134,936.5954593037817,0
766.1446284796345,0.770742145850953,902.7386902002071,936.8559478289636,0
766.1446284796345,0.7702213267644283,902.7386902002071,936.9851109624218,0
766.5698008644799,0.7702213267644283,902.8700684671243,936.9851109624218,0
766.5698008644799,0.7696917888945743,902.8700684671243,937.1164363541455,0
766.5698008644799,0.768120612851671,902.8700684671243,937.5060880127857,0
767.0015618770807,0.7691709698080497,903.0034826200178,937.2455994876037,0
767.0015618770807,0.7675995373303425,903.0034826200178,937.635314742075,0
767.4265283673086,0.774935367762746,903.1347972654984,935.816028794839,0
767.4265283673086,0.7738850108063673,903.1347972654984,936.0765173200209,0
767.4265283673086,0.7723135783286602,903.1347972654984,936.4662325744923,0
767.8517007521539,0.7728428597637104,903.2661755324156,936.3349707785999,0
768.2766672423819,0.7786072577184067,903.397490177896,934.9054000858351,0
768.2766672423819,0.7770360816755033,903.397490177896,935.2950517444751,0
768.2766672423819,0.774935367762746,903.397490177896,935.816028794839,0
768.7084282549827,0.7770360816755033,903.5309043307897,935.2950517444751,0
768.7084282549827,0.7728428597637104,903.5309043307897,936.3349707785999,0
769.133600639828,0.7665491803739638,903.6622825977068,937.895803267257,0
769.133600639828,0.7607765765055458,903.6622825977068,939.3274090266247,0
769.133600639828,0.7560625355072281,903.6622825977068,940.4964911942075,0
769.558567130056,0.7502896752040062,903.7935972431873,941.9281605494065,0
769.558567130056,0.7471470666833957,903.7935972431873,942.7075274625179,0
769.9835336202839,0.7471470666833957,903.9249118886677,942.7075274625179,0
769.9835336202839,0.7455756342056886,903.9249118886677,943.0972427169893,0
769.9835336202839,0.7450463527706384,903.9249118886677,943.2285045128817,0
770.4087060051293,0.7529114646380921,904.0562901555849,941.2779567697531,0
770.4087060051293,0.7497688561174816,904.0562901555849,942.0573236828645,0
770.8336724953572,0.7654988234175851,904.1876048010653,938.1562917924389,0
770.8336724953572,0.7618269334619244,904.1876048010653,939.0669205014427,0
770.8336724953572,0.7571128924636068,904.1876048010653,940.2360026690255,0
771.2654335079579,0.7686498942867211,904.321018953959,937.3748262168932,0
771.2654335079579,0.768120612851671,904.321018953959,937.5060880127857,0
771.6906058928032,0.7759857247191246,904.4523972208762,935.5555402696571,0
771.6906058928032,0.7733639352850389,904.4523972208762,936.2057440493104,0
771.6906058928032,0.7702213267644283,904.4523972208762,936.9851109624218,0
772.1223669054041,0.778086438631882,904.5858113737698,935.0345632192933,0
772.1223669054041,0.777556900762028,904.5858113737698,935.1658886110171,0
772.5405388732592,0.7822794041088712,904.7150265118371,933.994707781,0
772.5405388732592,0.7801786901961139,904.7150265118371,934.5156848313637,0
772.5405388732592,0.7786072577184067,904.7150265118371,934.9054000858351,0
772.9725057804773,0.7854220126294817,904.8485042861674,933.2153408678886,0
772.9725057804773,0.7843716556731031,904.8485042861674,933.4758293930704,0
772.9725057804773,0.7838508365865784,904.8485042861674,933.6049925265286,0
773.3906777483325,0.7807079716311641,904.9777194242347,934.3844230354713,0
773.3906777483325,0.7765065438056493,904.9777194242347,935.426377136199,0
773.829233283306,0.7723135783286602,905.1132330845415,936.4662325744923,0
773.829233283306,0.768120612851671,905.1132330845415,937.5060880127857,0
773.829233283306,0.7639276473746818,905.1132330845415,938.5459434510789,0
774.2476111457786,0.7654988234175851,905.2425118440456,938.1562917924389,0
774.2476111457786,0.7634065718533534,905.2425118440456,938.6751701803684,0
774.6793721583794,0.7807079716311641,905.3759259969391,934.3844230354713,0
774.6793721583794,0.7754646491977962,905.3759259969391,935.6847669989465,0
774.6793721583794,0.7702213267644283,905.3759259969391,936.9851109624218,0
775.1043386486073,0.7875227265422391,905.5072406424196,932.6943638175247,0
775.1043386486073,0.7864723695858604,905.5072406424196,932.9548523427067,0
775.5295110334525,0.7859515504993357,905.6386189093369,933.0840154761647,0
775.5295110334525,0.7833212987167244,905.6386189093369,933.7363179182523,0
775.5295110334525,0.7786072577184067,905.6386189093369,934.9054000858351,0
775.9544775236806,0.7723135783286602,905.7699335548173,936.4662325744923,0
775.9544775236806,0.768120612851671,905.7699335548173,937.5060880127857,0
776.3794440139085,0.768120612851671,905.9012482002977,937.5060880127857,0
776.3794440139085,0.7675995373303425,905.9012482002977,937.635314742075,0
776.3794440139085,0.7670702558952923,905.9012482002977,937.7665765379675,0
776.8114109211266,0.7665491803739638,906.0347259746281,937.895803267257,0
776.8114109211266,0.7639276473746818,906.0347259746281,938.5459434510789,0
777.2295828889818,0.761305857940596,906.1639411126953,939.1961472307322,0
777.2295828889818,0.7607765765055458,906.1639411126953,939.3274090266247,0
777.6613439015825,0.7602555009842173,906.297355265589,939.4566357559141,0
777.6613439015825,0.7571128924636068,906.297355265589,940.2360026690255,0
778.0797217640551,0.7560625355072281,906.426634025093,940.4964911942075,0
778.0797217640551,0.7534407460731423,906.426634025093,941.1466949738607,0
778.5182772990287,0.7691709698080497,906.5621476853999,937.2455994876037,0
778.5182772990287,0.7628772904183031,906.5621476853999,938.8064319762608,0
778.9364492668838,0.771271683720807,906.6913628234671,936.7246224372399,0
778.9364492668838,0.770742145850953,906.6913628234671,936.8559478289636,0
779.3684161741019,0.7786072577184067,906.8248405977974,934.9054000858351,0
779.3684161741019,0.774935367762746,906.8248405977974,935.816028794839,0
779.7933826643299,0.7812290471524925,906.9561552432779,934.2551963061818,0
779.7933826643299,0.7796576146747853,906.9561552432779,934.6449115606532,0
779.7933826643299,0.7765065438056493,906.9561552432779,935.426377136199,0
780.2183491545578,0.7723135783286602,907.0874698887583,936.4662325744923,0
780.2183491545578,0.7702213267644283,907.0874698887583,936.9851109624218,0
780.6435215394031,0.7723135783286602,907.2188481556756,936.4662325744923,0
780.6435215394031,0.770742145850953,907.2188481556756,936.8559478289636,0
780.6435215394031,0.7702213267644283,907.2188481556756,936.9851109624218,0
781.0752825520038,0.7759857247191246,907.3522623085692,935.5555402696571,0
781.0752825520038,0.7744142922414176,907.3522623085692,935.9452555241285,0
781.5002490422319,0.7770360816755033,907.4835769540496,935.2950517444751,0
781.5002490422319,0.7759857247191246,907.4835769540496,935.5555402696571,0
781.9254214270773,0.777556900762028,907.6149552209669,935.1658886110171,0
781.9254214270773,0.7759857247191246,907.6149552209669,935.5555402696571,0
782.3503879173052,0.771271683720807,907.7462698664473,936.7246224372399,0
782.3503879173052,0.7654988234175851,907.7462698664473,938.1562917924389,0
782.3503879173052,0.7628772904183031,907.7462698664473,938.8064319762608,0
782.7753544075331,0.7686498942867211,907.8775845119277,937.3748262168932,0
782.7753544075331,0.7639276473746818,907.8775845119277,938.5459434510789,0
783.2005267923784,0.7796576146747853,908.0089627788449,934.6449115606532,0
783.2005267923784,0.7759857247191246,908.0089627788449,935.5555402696571,0
783.2005267923784,0.7723135783286602,908.0089627788449,936.4662325744923,0
783.6322878049792,0.7917156920192283,908.1423769317386,931.6545083792314,0
783.6322878049792,0.7864723695858604,908.1423769317386,932.9548523427067,0
784.0572542952071,0.792766048975607,908.273691577219,931.3940198540495,0
784.0572542952071,0.789614978106471,908.273691577219,932.1754854295953,0
784.0572542952071,0.781750122673821,908.273691577219,934.1259695768924,0
784.4892212024253,0.7754646491977962,908.4071693515493,935.6847669989465,0
784.4892212024253,0.7702213267644283,908.4071693515493,936.9851109624218,0
784.4892212024253,0.7649780043310604,908.4071693515493,938.285454925897,0
784.9073931702804,0.7607765765055458,908.5363844896166,939.3274090266247,0
784.9073931702804,0.7592051440278387,908.5363844896166,939.7171242810961,0
785.3391541828812,0.7670702558952923,908.6697986425103,937.7665765379675,0
785.3391541828812,0.7639276473746818,908.6697986425103,938.5459434510789,0
785.3391541828812,0.7602555009842173,908.6697986425103,939.4566357559141,0
785.7643265677266,0.7691709698080497,908.8011769094275,937.2455994876037,0
785.7643265677266,0.7686498942867211,908.8011769094275,937.3748262168932,0
786.1960875803273,0.7660198989389136,908.9345910623211,938.0270650631494,0
786.1960875803273,0.7649780043310604,908.9345910623211,938.285454925897,0
786.1960875803273,0.764456928809732,908.9345910623211,938.4146816551864,0
786.6142595481824,0.768120612851671,909.0638062003883,937.5060880127857,0
786.6142595481824,0.7660198989389136,909.0638062003883,938.0270650631494,0
787.0462264554005,0.7770360816755033,909.1972839747187,935.2950517444751,0
787.0462264554005,0.7728428597637104,909.1972839747187,936.3349707785999,0
787.0462264554005,0.7696917888945743,909.1972839747187,937.1164363541455,0
787.4643984232557,0.7786072577184067,909.326499112786,934.9054000858351,0
787.8961594358565,0.7807079716311641,909.4599132656796,934.3844230354713,0
787.8961594358565,0.7791367955882608,909.4599132656796,934.7740746941114,0
787.8961594358565,0.778086438631882,909.4599132656796,935.0345632192933,0
788.3213318207017,0.781750122673821,909.5912915325968,934.1259695768924,0
788.3213318207017,0.7812290471524925,909.5912915325968,934.2551963061818,0
788.7462983109297,0.7786072577184067,909.7226061780773,934.9054000858351,0
788.7462983109297,0.774935367762746,909.7226061780773,935.816028794839,0
788.7462983109297,0.770742145850953,909.7226061780773,936.8559478289636,0
789.1780593235304,0.7686498942867211,909.8560203309709,937.3748262168932,0
789.1780593235304,0.7675995373303425,909.8560203309709,937.635314742075,0
789.5964371860031,0.7665491803739638,909.9852990904749,937.895803267257,0
789.5964371860031,0.7649780043310604,909.9852990904749,938.285454925897,0
790.0281981986038,0.7754646491977962,910.1187132433686,935.6847669989465,0
790.0281981986038,0.770742145850953,910.1187132433686,936.8559478289636,0
790.4465760610763,0.781750122673821,910.2479920028725,934.1259695768924,0
790.4465760610763,0.7791367955882608,910.2479920028725,934.7740746941114,0
790.8851315960499,0.778086438631882,910.3835056631793,935.0345632192933,0
790.8851315960499,0.7728428597637104,910.3835056631793,936.3349707785999,0
791.303303563905,0.7686498942867211,910.5127208012466,937.3748262168932,0
791.303303563905,0.7670702558952923,910.5127208012466,937.7665765379675,0
791.303303563905,0.7660198989389136,910.5127208012466,938.0270650631494,0
791.7350645765058,0.7649780043310604,910.6461349541403,938.285454925897,0
791.7350645765058,0.764456928809732,910.6461349541403,938.4146816551864,0
792.1602369613511,0.7634065718533534,910.7775132210575,938.6751701803684,0
792.1602369613511,0.761305857940596,910.7775132210575,939.1961472307322,0
792.1602369613511,0.7602555009842173,910.7775132210575,939.4566357559141,0
792.585203451579,0.7607765765055458,910.9088278665379,939.3274090266247,0
792.585203451579,0.7597262195491671,910.9088278665379,939.5878975518066,0
793.0101699418069,0.7691709698080497,911.0401425120183,937.2455994876037,0
793.0101699418069,0.7639276473746818,911.0401425120183,938.5459434510789,0
793.0101699418069,0.7618269334619244,911.0401425120183,939.0669205014427,0
793.4421368490252,0.7812290471524925,911.1736202863488,934.2551963061818,0
793.4421368490252,0.774935367762746,911.1736202863488,935.816028794839,0
793.8671033392532,0.7854220126294817,911.3049349318292,933.2153408678886,0
793.8671033392532,0.7838508365865784,911.3049349318292,933.6049925265286,0
794.2920698294811,0.7807079716311641,911.4362495773096,934.3844230354713,0
794.2920698294811,0.7770360816755033,911.4362495773096,935.2950517444751,0
794.7172422143263,0.7717925028073317,911.5676278442268,936.5954593037817,0
794.7172422143263,0.7670702558952923,911.5676278442268,937.7665765379675,0
794.7172422143263,0.7623562148969747,911.5676278442268,938.9356587055503,0
795.1422087045544,0.7592051440278387,911.6989424897073,939.7171242810961,0
795.1422087045544,0.75815478707146,911.6989424897073,939.977612806278,0
795.1422087045544,0.7576337115501315,911.6989424897073,940.1068395355674,0
795.5673810893996,0.75815478707146,911.8303207566245,939.977612806278,0
795.9991421020004,0.7607765765055458,911.963734909518,939.3274090266247,0
795.9991421020004,0.7586840685065102,911.963734909518,939.8463510103855,0
796.4241085922283,0.7723135783286602,912.0950495549986,936.4662325744923,0
796.4241085922283,0.7675995373303425,912.0950495549986,937.635314742075,0
796.4241085922283,0.7639276473746818,912.0950495549986,938.5459434510789,0
796.8558696048291,0.7770360816755033,912.2284637078922,935.2950517444751,0
796.8558696048291,0.7765065438056493,912.2284637078922,935.426377136199,0
796.8558696048291,0.774935367762746,912.2284637078922,935.816028794839,0
797.2742474673017,0.777556900762028,912.3577424673962,935.1658886110171,0
797.2742474673017,0.7759857247191246,912.3577424673962,935.5555402696571,0
797.7060084799025,0.7723135783286602,912.4911566202898,936.4662325744923,0
797.7060084799025,0.768120612851671,912.4911566202898,937.5060880127857,0
797.7060084799025,0.7654988234175851,912.4911566202898,938.1562917924389,0
798.1309749701304,0.7634065718533534,912.6224712657703,938.6751701803684,0
798.1309749701304,0.7628772904183031,912.6224712657703,938.8064319762608,0
798.5629418773485,0.7628772904183031,912.7559490401006,938.8064319762608,0
798.9811138452036,0.7686498942867211,912.8851641781679,937.3748262168932,0
798.9811138452036,0.764456928809732,912.8851641781679,938.4146816551864,0
799.4128748578045,0.7733639352850389,913.0185783310616,936.2057440493104,0
799.4128748578045,0.7728428597637104,913.0185783310616,936.3349707785999,0
799.4128748578045,0.7717925028073317,913.0185783310616,936.5954593037817,0
799.8312527202769,0.7717925028073317,913.1478570905655,936.5954593037817,0
799.8312527202769,0.7696917888945743,913.1478570905655,937.1164363541455,0
800.2630137328777,0.7654988234175851,913.2812712434592,938.1562917924389,0
800.2630137328777,0.761305857940596,913.2812712434592,939.1961472307322,0
800.2630137328777,0.7571128924636068,913.2812712434592,940.2360026690255,0
800.6879802231056,0.7529114646380921,913.4125858889396,941.2779567697531,0
800.6879802231056,0.7497688561174816,913.4125858889396,942.0573236828645,0
801.113152607951,0.7476681422047242,913.5439641558568,942.5783007332284,0
801.113152607951,0.7466259911620673,913.5439641558568,942.8367541918074,0
801.5449136205517,0.7487184991611029,913.6773783087505,942.3178122080465,0
801.5449136205517,0.7476681422047242,913.6773783087505,942.5783007332284,0
801.9632914830242,0.7550121785508495,913.8066570682545,940.7569797193894,0
801.9632914830242,0.7523903891167636,913.8066570682545,941.4071834990426,0
801.9632914830242,0.7502896752040062,913.8066570682545,941.9281605494065,0
802.395052495625,0.764456928809732,913.9400712211481,938.4146816551864,0
802.395052495625,0.7597262195491671,913.9400712211481,939.5878975518066,0
802.8132244634801,0.7686498942867211,914.0692863592153,937.3748262168932,0
802.8132244634801,0.768120612851671,914.0692863592153,937.5060880127857,0
802.8132244634801,0.7670702558952923,914.0692863592153,937.7665765379675,0
803.2585745208266,0.7628772904183031,914.2068995269353,938.8064319762608,0
803.2585745208266,0.7592051440278387,914.2068995269353,939.7171242810961,0
803.6835410110546,0.7539618215944708,914.3382141724159,941.0174682445712,0
803.6835410110546,0.7523903891167636,914.3382141724159,941.4071834990426,0
803.6835410110546,0.7518611076817134,914.3382141724159,941.5384452949351,0
804.1087133958998,0.7592051440278387,914.469592439333,939.7171242810961,0
804.1087133958998,0.7555329976373741,914.469592439333,940.6278165859312,0
804.5336798861277,0.761305857940596,914.6009070848135,939.1961472307322,0
804.5336798861277,0.7602555009842173,914.6009070848135,939.4566357559141,0
804.5336798861277,0.7565833545937528,914.6009070848135,940.3673280607493,0
804.9654408987286,0.7513400321603849,914.7343212377071,941.6676720242245,0
804.9654408987286,0.74452527724931,914.7343212377071,943.3577312421711,0
805.3906132835739,0.739281954815942,914.8656995046243,944.6580752056464,0
805.3906132835739,0.7345594514690988,914.8656995046243,945.8292560356635,0
805.8155797738018,0.7476681422047242,914.9970141501047,942.5783007332284,0
805.8155797738018,0.7429541012064066,914.9970141501047,943.7473829008112,0
805.8155797738018,0.7371812409031847,914.9970141501047,945.1790522560102,0
806.2407521586472,0.7513400321603849,915.1283924170219,941.6676720242245,0
806.2407521586472,0.7502896752040062,915.1283924170219,941.9281605494065,0
806.6725131712479,0.7565833545937528,915.2618065699156,940.3673280607493,0
806.6725131712479,0.7560625355072281,915.2618065699156,940.4964911942075,0
806.6725131712479,0.7534407460731423,915.2618065699156,941.1466949738607,0
807.097479661476,0.7534407460731423,915.393121215396,941.1466949738607,0
807.097479661476,0.7497688561174816,915.393121215396,942.0573236828645,0
807.5292406740767,0.7502896752040062,915.5265353682896,941.9281605494065,0
807.5292406740767,0.7481974236397744,915.5265353682896,942.447038937336,0
807.5292406740767,0.7476681422047242,915.5265353682896,942.5783007332284,0
807.9476185365492,0.7497688561174816,915.6558141277936,942.0573236828645,0
807.9476185365492,0.7471470666833957,915.6558141277936,942.7075274625179,0
808.3793795491499,0.7434749202929313,915.7892282806873,943.618219767353,0
808.3793795491499,0.739281954815942,915.7892282806873,944.6580752056464,0
808.3793795491499,0.7387608792946135,915.7892282806873,944.7873019349358,0
808.7977574116225,0.7377105223382349,915.9185070401913,945.0477904601178,0
809.2295184242232,0.7361393462953315,916.0519211930849,945.4374421187578,0
809.2295184242232,0.7350889893389528,916.0519211930849,945.6979306439397,0
809.6544849144511,0.74452527724931,916.1832358385653,943.3577312421711,0
809.6544849144511,0.739281954815942,916.1832358385653,944.6580752056464,0
810.0862459270519,0.7518611076817134,916.316649991459,941.5384452949351,0
810.0862459270519,0.7513400321603849,916.316649991459,941.6676720242245,0
810.0862459270519,0.7497688561174816,916.316649991459,942.0573236828645,0
810.5114183118973,0.7487184991611029,916.4480282583762,942.3178122080465,0
810.5114183118973,0.746096709727017,916.4480282583762,942.9680159876998,0
810.9363848021253,0.74452527724931,916.5793429038566,943.3577312421711,0
810.9363848021253,0.7424245633365526,916.5793429038566,943.878708292535,0
810.9363848021253,0.7408533872936492,916.5793429038566,944.2683599511751,0
811.3613512923532,0.7403323117723207,916.710657549337,944.3975866804644,0
811.3613512923532,0.7398030303372706,916.710657549337,944.5288484763569,0
811.7933181995713,0.7387608792946135,916.8441353236675,944.7873019349358,0
811.7933181995713,0.7371812409031847,916.8441353236675,945.1790522560102,0
811.7933181995713,0.7345594514690988,916.8441353236675,945.8292560356635,0
812.2182846897992,0.7319463808183424,916.9754499691479,946.4772975570511,0
812.2182846897992,0.7292994607734838,916.9754499691479,947.133733728176,0
812.2182846897992,0.7256273143830193,916.9754499691479,948.0444260330112,0
812.6366625522718,0.7224847058624088,917.1047287286519,948.8237929461227,0
812.6366625522718,0.7198629164283229,917.1047287286519,949.4739967257759,0
813.0684235648725,0.7214343489060301,917.2381428815456,949.0842814713045,0
813.0684235648725,0.7209132733847017,917.2381428815456,949.213508200594,0
813.0684235648725,0.7198629164283229,917.2381428815456,949.4739967257759,0
813.4865955327276,0.7209132733847017,917.3673580196128,949.213508200594,0
813.4865955327276,0.7203839919496514,917.3673580196128,949.3447699964864,0
813.9185624399457,0.7277280282957767,917.5008357939432,947.5234489826474,0
813.9185624399457,0.7230055249489334,917.5008357939432,948.6946298126645,0
813.9185624399457,0.7203839919496514,917.5008357939432,949.3447699964864,0
814.3435289301738,0.7319463808183424,917.6321504394236,946.4772975570511,0
814.3435289301738,0.7303498177298625,917.6321504394236,946.8732452029941,0
814.7752899427746,0.7319463808183424,917.7655645923173,946.4772975570511,0
814.7752899427746,0.7282491038171052,917.7655645923173,947.394222253358,0
815.2002564330026,0.7219551679925548,917.8968792377977,948.9551183378464,0
815.2002564330026,0.7156699509513338,917.8968792377977,950.5138521640692,0
815.6254288178478,0.7088551960402587,918.0282575047149,952.2039113820158,0
815.6254288178478,0.7036118736068909,918.0282575047149,953.5042553454911,0
816.0503953080757,0.7140903125599048,918.1595721501953,950.9056024851436,0
816.0503953080757,0.7083259146052086,918.1595721501953,952.3351731779082,0
816.4755676929211,0.7282491038171052,918.2909504171125,947.394222253358,0
816.4755676929211,0.7261565958180695,918.2909504171125,947.9131642371187,0
816.4755676929211,0.7209132733847017,918.2909504171125,949.213508200594,0
816.9073287055219,0.7245769574266406,918.4243645700062,948.3049145581931,0
816.9073287055219,0.7161910264726622,918.4243645700062,950.3846254347798,0
817.3322951957498,0.7088551960402587,918.5556792154866,952.2039113820158,0
817.3322951957498,0.702032235215462,918.5556792154866,953.8960056665654,0
817.3322951957498,0.6973181942171444,918.5556792154866,955.0650878341482,0
817.7574675805951,0.697839013303669,918.6870574824038,954.9359247006901,0
817.7574675805951,0.6957467617394372,918.6870574824038,955.4548030886195,0
818.182434070823,0.7156699509513338,918.8183721278843,950.5138521640692,0
818.182434070823,0.7093762715615872,918.8183721278843,952.0746846527264,0
818.182434070823,0.7030825921718407,918.8183721278843,953.6355171413835,0
818.6074005610511,0.7193420973417983,918.9496867733648,949.6031598592341,0
818.6074005610511,0.7177622025155656,918.9496867733648,949.9949737761398,0
819.0391615736519,0.7109474476044906,919.0831009262583,951.6850329940863,0
819.0391615736519,0.7025615166505123,919.0831009262583,953.764743870673,0
819.0391615736519,0.6931249723053514,919.0831009262583,956.1050068682729,0
819.4643339584971,0.6857809359592262,919.2144791931755,957.9263278821119,0
819.4643339584971,0.6800165380045298,919.2144791931755,959.3558985748766,0
819.8960949710979,0.6763446480488691,919.3478933460692,960.2665272838805,0
819.8960949710979,0.6737228586147833,919.3478933460692,960.9167310635338,0
819.8960949710979,0.6711013256155013,919.3478933460692,961.5668712473557,0
820.3144728335704,0.6705802500941728,919.4771721055732,961.6960979766452,0
820.3144728335704,0.6695298931377941,919.4771721055732,961.9565865018271,0
820.7462338461712,0.6794957189180051,919.6105862584668,959.4850617083348,0
820.7462338461712,0.6773950050052477,919.6105862584668,960.0060387586985,0
820.7462338461712,0.6737228586147833,919.6105862584668,960.9167310635338,0
821.1644058140263,0.6852601168727015,919.7398013965341,958.05549101557,0
821.1644058140263,0.6821090460035655,919.7398013965341,958.8369565911158,0
821.1644058140263,0.6800165380045298,919.7398013965341,959.3558985748766,0
821.596166826627,0.6915537962624481,919.8732155494278,956.4946585269129,0
821.596166826627,0.6889320068283622,919.8732155494278,957.1448623065662,0
822.0213392114723,0.6905034393060694,920.0045938163449,956.7551470520948,0
822.0213392114723,0.688402725393312,920.0045938163449,957.2761241024587,0
822.0213392114723,0.6847305790028475,920.0045938163449,958.1868164072938,0
822.4531002240732,0.6810668949609084,920.1380079692386,959.0954100496947,0
822.4531002240732,0.6768654671353938,920.1380079692386,960.1373641504224,0
822.8780667143012,0.67215168257188,920.269322614719,961.3063827221738,0
822.8780667143012,0.6716306070505514,920.269322614719,961.4356094514633,0
822.8780667143012,0.6705802500941728,920.269322614719,961.6960979766452,0
823.3032390991465,0.6810668949609084,920.4007008816362,959.0954100496947,0
823.3032390991465,0.6752942910924904,920.4007008816362,960.5270158090624,0
823.7282055893744,0.697839013303669,920.5320155271166,954.9359247006901,0
823.7282055893744,0.6931249723053514,920.5320155271166,956.1050068682729,0
823.7282055893744,0.688402725393312,920.5320155271166,957.2761241024587,0
824.1599666019752,0.70780483908388,920.6654296800103,952.4643999071977,0
824.1599666019752,0.702032235215462,920.6654296800103,953.8960056665654,0
824.5851389868205,0.7182917403854197,920.7968079469275,949.8636483844159,0
824.5851389868205,0.7156699509513338,920.7968079469275,950.5138521640692,0
824.5851389868205,0.7135692370385764,920.7968079469275,951.0348292144331,0
825.0101054770485,0.7214343489060301,920.9281225924079,949.0842814713045,0
825.0101054770485,0.7193420973417983,920.9281225924079,949.6031598592341,0
825.4350719672764,0.7198621471239115,921.0594372378883,949.47418751327,0
825.4350719672764,0.7140892868206897,921.0594372378883,950.905856868469,0
825.4350719672764,0.7030815664326255,921.0594372378883,953.6357715247088,0
825.4352778618937,0.7198629164283229,921.0595008593251,949.4739967257759,0
825.8534498297488,0.6878808805675721,921.1887159973924,957.4055416192422,0
825.8534498297488,0.671100299876286,921.1887159973924,961.5671256306811,0
826.2852108423497,0.6564037648355101,921.3221301502861,965.2118663207935,0
826.2852108423497,0.6480260397952534,921.3221301502861,967.2895421307771,0
826.2852108423497,0.6438246119697387,921.3221301502861,968.3314962315048,0
826.7101773325777,0.6464464014038246,921.4534447957665,967.6812924518515,0
826.7101773325777,0.6443541498395927,921.4534447957665,968.200170839781,0
827.1419383451785,0.6553618702276569,921.58685894866,965.4702561835411,0
827.1419383451785,0.6537904377499498,921.58685894866,965.8599714380125,0
827.1419383451785,0.6501185477942891,921.58685894866,966.7706001470164,0
827.5671107300237,0.6543115132712782,921.7182372155773,965.730744708723,0
827.5671107300237,0.6516897238371925,921.7182372155773,966.3809484883762,0
827.9920772202516,0.6490681908379105,921.8495518610578,967.0310886721983,0
827.9920772202516,0.6480260397952534,921.8495518610578,967.2895421307771,0
828.4170437104797,0.6553618702276569,921.9808665065382,965.4702561835411,0
828.4170437104797,0.6532611563148996,921.9808665065382,965.991233233905,0
828.4170437104797,0.6506393668808138,921.9808665065382,966.6414370135582,0
828.8490106176978,0.6558826893141816,922.1143442808685,965.341093050083,0
828.8490106176978,0.6543115132712782,922.1143442808685,965.730744708723,0
829.2739771079257,0.6495890099244351,922.245658926349,966.9019255387401,0
829.2739771079257,0.643303792883214,922.245658926349,968.4606593649629,0
829.2739771079257,0.6364890379721391,922.245658926349,970.1507185829096,0
829.6989435981536,0.6312457155387712,922.3769735718295,971.4510625463847,0
829.6989435981536,0.6280946446696352,922.3769735718295,972.2325281219305,0
830.124115982999,0.6301953585823925,922.5083518387466,971.7115510715666,0
830.124115982999,0.6291450016260138,922.5083518387466,971.9720395967486,0
830.124115982999,0.6275735691483066,922.5083518387466,972.36175485122,0
830.5490824732269,0.633337967103003,922.6396664842271,970.9321841584552,0
830.5490824732269,0.6312457155387712,922.6396664842271,971.4510625463847,0
830.9742548580723,0.6401611843626036,922.7710447511442,969.2400262780743,0
830.9742548580723,0.6380604704498463,922.7710447511442,969.7610033284382,0
830.9742548580723,0.6359597565370888,922.7710447511442,970.281980378802,0
831.4060158706731,0.6443541498395927,922.9044589040379,968.200170839781,0
831.4060158706731,0.64277425501336,922.9044589040379,968.5919847566868,0
831.830982360901,0.6412030789704567,923.0357735495184,968.9816364153268,0
831.830982360901,0.6364890379721391,923.0357735495184,970.1507185829096,0
831.830982360901,0.6317665346252959,923.0357735495184,971.3218994129267,0
832.2627433735018,0.6280946446696352,923.169187702412,972.2325281219305,0
832.2627433735018,0.626523212191928,923.169187702412,972.6222433764019,0
832.6811212359743,0.6270442877132565,923.2984664619161,972.4930166471124,0
832.6811212359743,0.6260021366705996,923.2984664619161,972.7514701056914,0
833.112882248575,0.6317665346252959,923.4318806148096,971.3218994129267,0
833.112882248575,0.629674283061064,923.4318806148096,971.8407778008561,0
833.5312601110475,0.6328168915816745,923.5611593743137,971.0614108877447,0
833.5312601110475,0.6322960724951499,923.5611593743137,971.1905740212029,0
833.9630211236483,0.6370101134934675,923.6945735272072,970.0214918536201,0
833.9630211236483,0.6343883240593817,923.6945735272072,970.6716956332733,0
833.9630211236483,0.6328168915816745,923.6945735272072,971.0614108877447,0
834.3879876138762,0.6396316464927495,923.8258881726878,969.3713516697982,0
834.819748626477,0.64277425501336,923.9593023255813,968.5919847566868,0
834.819748626477,0.6412030789704567,923.9593023255813,968.9816364153268,0
834.819748626477,0.6396316464927495,923.9593023255813,969.3713516697982,0
835.2449210113224,0.643303792883214,924.0906805924985,968.4606593649629,0
835.2449210113224,0.64277425501336,924.0906805924985,968.5919847566868,0
835.6698875015503,0.6490681908379105,924.2219952379791,967.0310886721983,0
835.6698875015503,0.6448749689261174,924.2219952379791,968.0710077063229,0
835.6698875015503,0.6438246119697387,924.2219952379791,968.3314962315048,0
836.0948539917783,0.6574541217918888,924.3533098834595,964.9513777956116,0
836.0948539917783,0.6532611563148996,924.3533098834595,965.991233233905,0
836.5268208989964,0.6579834032269389,924.4867876577898,964.8201159997192,0
836.5268208989964,0.6564037648355101,924.4867876577898,965.2118663207935,0
836.5268208989964,0.6543115132712782,924.4867876577898,965.730744708723,0
836.9517873892244,0.6548407947063285,924.6181023032703,965.5994829128306,0
836.9517873892244,0.6537904377499498,924.6181023032703,965.8599714380125,0
837.3767538794523,0.6543115132712782,924.7494169487508,965.730744708723,0
837.3767538794523,0.6516897238371925,924.7494169487508,966.3809484883762,0
837.3767538794523,0.6474967583602033,924.7494169487508,967.4208039266696,0
837.8019262642977,0.6453960444474459,924.880795215668,967.9417809770334,0
837.8019262642977,0.6443541498395927,924.880795215668,968.200170839781,0
838.2268927545256,0.6495890099244351,925.0121098611484,966.9019255387401,0
838.2268927545256,0.6469756828388747,925.0121098611484,967.5500306559591,0
838.2268927545256,0.6453960444474459,925.0121098611484,967.9417809770334,0
838.6520651393708,0.6548407947063285,925.1434881280655,965.5994829128306,0
838.6520651393708,0.6522107993585209,925.1434881280655,966.2517217590869,0
839.0770316295989,0.6642688767029638,925.274802773546,963.261318577665,0
839.0770316295989,0.6611262681823533,925.274802773546,964.0406854907764,0
839.0770316295989,0.6579834032269389,925.274802773546,964.8201159997192,0
839.5087926421996,0.6668906661370496,925.4082169264396,962.6111147980117,0
839.5087926421996,0.6663695906157211,925.4082169264396,962.7403415273012,0
839.9337591324277,0.664798158138014,925.5395315719201,963.1300567817725,0
839.9337591324277,0.6611262681823533,925.5395315719201,964.0406854907764,0
839.9337591324277,0.6585044787482675,925.5395315719201,964.6908892704297,0
840.3589315172729,0.6595548357046461,925.6709098388372,964.4304007452478,0
840.3589315172729,0.6585044787482675,925.6709098388372,964.6908892704297,0
840.7838980075009,0.662176625138732,925.8022244843178,963.7801969655945,0
840.7838980075009,0.6600759112259746,925.8022244843178,964.3011740159583,0
840.7838980075009,0.6590337601833176,925.8022244843178,964.5596274745373,0
841.2156590201016,0.6690080483120542,925.9356386372114,962.0860040186105,0
841.2156590201016,0.6653192336593424,925.9356386372114,963.0008300524831,0
841.640831404947,0.6721506568326647,926.0670169041285,961.3066371054991,0
841.640831404947,0.6700584052684329,926.0670169041285,961.8255154934287,0
842.0657978951749,0.6826375581342042,926.1983315496091,958.7058855827173,0
842.0657978951749,0.6763438787444577,926.1983315496091,960.2667180713745,0
842.4909702800202,0.699938957912015,926.3297098165262,954.4151384378204,0
842.4909702800202,0.6941745599573186,926.3297098165262,955.844709130585,0
842.4909702800202,0.6899731321318039,926.3297098165262,956.8866632313127,0
842.9159367702482,0.7125265731263118,926.4610244620067,951.2934098646747,0
842.9159367702482,0.7057033558667113,926.4610244620067,952.9855677450556,0
843.3409032604761,0.7172403576898257,926.5923391074871,950.1243912929233,0
843.3409032604761,0.713568467734165,926.5923391074871,951.0350200019271,0
843.772664273077,0.7098963213437005,926.7257532603808,951.9457123067623,0
843.772664273077,0.7088544267358473,926.7257532603808,952.2041021695098,0
844.1978366579223,0.7088544267358473,926.857131527298,952.2041021695098,0
844.1978366579223,0.7083251453007972,926.857131527298,952.3353639654023,0
844.1978366579223,0.7072747883444185,926.857131527298,952.5958524905842,0
844.629597670523,0.7072747883444185,926.9905456801915,952.5958524905842,0
844.629597670523,0.70675371282309,926.9905456801915,952.7250792198737,0
845.0479755329955,0.7219628610366688,927.1198244396955,948.9532104629061,0
845.0479755329955,0.7146188246905437,927.1198244396955,950.7745314767452,0
845.0479755329955,0.7098963213437005,927.1198244396955,951.9457123067623,0
845.4797365455963,0.734567144513213,927.2532385925892,945.8273481607232,0
845.4797365455963,0.7292984350342686,927.2532385925892,947.1339881115014,0
845.8979085134514,0.7424322563806667,927.3824537306565,943.8768004175947,0
845.8979085134514,0.741381899424288,927.3824537306565,944.1372889427765,0
845.8979085134514,0.7382392909036775,927.3824537306565,944.916655855888,0
846.3296695260522,0.7429530754671914,927.5158678835501,943.7476372841365,0
846.3296695260522,0.7419111808593382,927.5158678835501,944.0060271468841,0
846.7548419108974,0.7361385769909201,927.6472461504673,945.4376329062518,0
846.7548419108974,0.7282565404264154,927.6472461504673,947.392377974249,0
846.7548419108974,0.7193410716025831,927.6472461504673,949.6034142425594,0
847.1866029234982,0.713568467734165,927.780660303361,951.0350200019271,0
847.1866029234982,0.7114762161699332,927.780660303361,951.5538983898566,0
847.6115694137263,0.7093755022571758,927.9119749488414,952.0748754402205,0
847.6115694137263,0.7083251453007972,927.9119749488414,952.3353639654023,0
847.6115694137263,0.7078040697794686,927.9119749488414,952.4645906946918,0
848.0367417985716,0.7130473922128365,928.0433532157585,951.1642467312165,0
848.0367417985716,0.7083251453007972,928.0433532157585,952.3353639654023,0
848.4617082887995,0.7329875061217841,928.174667861239,946.2190984817976,0
848.4617082887995,0.7277272589913653,928.174667861239,947.5236397701415,0
848.4617082887995,0.7198621471239115,928.174667861239,949.47418751327,0
848.8934693014003,0.7382392909036775,928.3080820141327,944.916655855888,0
848.8934693014003,0.7366593960774448,928.3080820141327,945.3084697727937,0
849.3186416862457,0.750818187334645,928.4394602810498,941.7970895410081,0
849.3186416862457,0.7450537893799487,928.4394602810498,943.2266602337727,0
849.3186416862457,0.741381899424288,928.4394602810498,944.1372889427765,0
849.7436081764736,0.7576329422457201,928.5707749265302,940.1070303230614,0
849.7436081764736,0.7555406906814882,928.5707749265302,940.625908710991,0
850.1685746667015,0.7576329422457201,928.7020895720108,940.1070303230614,0
850.1685746667015,0.7571121231591954,928.7020895720108,940.2361934565196,0
850.5937470515468,0.7565910476378669,928.833467838928,940.3654201858091,0
850.5937470515468,0.7523896198123522,928.833467838928,941.4073742865367,0
851.0187135417748,0.7471462973789843,928.9647824844084,942.7077182500119,0
851.0187135417748,0.7429530754671914,928.9647824844084,943.7476372841365,0
851.0187135417748,0.7419111808593382,928.9647824844084,944.0060271468841,0
851.4438859266202,0.7487259357704132,929.0961607513256,942.3159679289375,0
851.4438859266202,0.7445245079448986,929.0961607513256,943.3579220296651,0
851.8756469392209,0.7550114092464381,929.2295749042192,940.7571705068834,0
851.8756469392209,0.7518685442910237,929.2295749042192,941.5366010158261,0
852.3006134294488,0.7597336561584774,929.3608895496997,939.5860532726977,0
852.3006134294488,0.7576329422457201,929.3608895496997,940.1070303230614,0
852.7257858142941,0.7571121231591954,929.4922678166168,940.2361934565196,0
852.7257858142941,0.7555406906814882,929.4922678166168,940.625908710991,0
853.150752304522,0.7529189012474024,929.6235824620973,941.2761124906442,0
853.150752304522,0.7502973682481203,929.6235824620973,941.9262526744661,0
853.150752304522,0.7455748649012772,929.6235824620973,943.0974335044833,0
853.5757187947501,0.741381899424288,929.7548971075777,944.1372889427765,0
853.5757187947501,0.7387601099902021,929.7548971075777,944.7874927224299,0
854.0074798073508,0.7445245079448986,929.8883112604714,943.3579220296651,0
854.0074798073508,0.7403315424679093,929.8883112604714,944.3977774679585,0
854.0074798073508,0.7382392909036775,929.8883112604714,944.916655855888,0
854.4326521921961,0.7476755788140346,930.0196895273886,942.5764564541195,0
854.4326521921961,0.7466252218576559,930.0196895273886,942.8369449793014,0
854.857618682424,0.7534399767687309,930.151004172869,941.1468857613547,0
854.857618682424,0.7523896198123522,930.151004172869,941.4073742865367,0
854.857618682424,0.7497762927267919,930.151004172869,942.0554794037556,0
855.2827910672695,0.750818187334645,930.2823824397863,941.7970895410081,0
855.2827910672695,0.7487259357704132,930.2823824397863,942.3159679289375,0
855.7077575574974,0.7529189012474024,930.4136970852667,941.2761124906442,0
855.7077575574974,0.7502973682481203,930.4136970852667,941.9262526744661,0
855.7077575574974,0.7487259357704132,930.4136970852667,942.3159679289375,0
856.1395185700982,0.7592043747234272,930.5471112381603,939.7173150685901,0
856.1395185700982,0.7555406906814882,930.5471112381603,940.625908710991,0
856.5646909549434,0.763405802548942,930.6784895050774,938.6753609678624,0
856.5646909549434,0.7618259077227092,930.6784895050774,939.0671748847681,0
856.9964519675442,0.7702205574600169,930.8119036579711,936.9853017499158,0
856.9964519675442,0.7675987680259311,930.8119036579711,937.6355055295691,0
856.9964519675442,0.7649769785918453,930.8119036579711,938.2857093092224,0
857.4146239353994,0.7733631659806275,930.9411187960384,936.2059348368044,0
857.4146239353994,0.7717917335029203,930.9411187960384,936.5956500912757,0
857.8463849480001,0.7744135229370062,931.074532948932,935.9454463116225,0
857.8463849480001,0.7733631659806275,931.074532948932,936.2059348368044,0
857.8463849480001,0.7723128090242488,931.074532948932,936.4664233619864,0
858.2647628104726,0.7712709144163956,931.203811708436,936.7248132247339,0
858.7033183454462,0.7707413765465416,931.3393253687428,936.8561386164577,0
858.7033183454462,0.769691019590163,931.3393253687428,937.1166271416396,0
859.1216962079188,0.7744135229370062,931.4686041282469,935.9454463116225,0
859.1216962079188,0.772842090459299,931.4686041282469,936.3351615660939,0
859.5534572205196,0.7796568453703739,931.6020182811405,934.6451023481472,0
859.5534572205196,0.7786064884139953,931.6020182811405,934.9055908733292,0
859.5534572205196,0.7765057745012379,931.6020182811405,935.426567923693,0
859.9784237107475,0.7817490969346058,931.733332926621,934.1262239602178,0
859.9784237107475,0.7807072023267526,931.733332926621,934.3846138229653,0
860.4035960955928,0.7854212433250704,931.8647111935381,933.2155316553826,0
860.4035960955928,0.7838498108473632,931.8647111935381,933.6052469098539,0
860.8285625858207,0.786471600281449,931.9960258390186,932.9550431302007,0
860.8285625858207,0.7854212433250704,931.9960258390186,933.2155316553826,0
860.8285625858207,0.7822786348044598,931.9960258390186,933.994898568494,0
861.2603235984216,0.7765057745012379,932.1294399919122,935.426567923693,0
861.2603235984216,0.7707413765465416,932.1294399919122,936.8561386164577,0
861.6852900886495,0.7675987680259311,932.2607546373927,937.6355055295691,0
862.1104624734947,0.7675987680259311,932.3921329043098,937.6355055295691,0
862.1104624734947,0.7670694865908809,932.3921329043098,937.7667673254615,0
862.5354289637227,0.7859505247601205,932.5234475497903,933.0842698594901,0
862.5354289637227,0.7791357698490455,932.5234475497903,934.7743290774367,0
862.5354289637227,0.7717917335029203,932.5234475497903,936.5956500912757,0
862.960601348568,0.7917149227148168,932.6548258167074,931.6546991667254,0
862.960601348568,0.7901437466719136,932.6548258167074,932.0443508253654,0
863.3855678387961,0.7943451744974283,932.786140462188,931.0023967246378,0
863.3855678387961,0.7938071742790487,932.786140462188,931.135820778796,0
863.810534329024,0.7917149227148168,932.9174551076684,931.6546991667254,0
863.810534329024,0.7880430327591561,932.9174551076684,932.5653278757293,0
864.2425012362421,0.7854212433250704,933.0509328819987,933.2155316553826,0
864.2425012362421,0.7817490969346058,933.0509328819987,934.1262239602178,0
864.2425012362421,0.7791357698490455,933.0509328819987,934.7743290774367,0
864.66746772647,0.7765057745012379,933.1822475274793,935.426567923693,0
864.66746772647,0.7754638798933848,933.1822475274793,935.6849577864406,0
865.092434216698,0.7749343420235308,933.3135621729597,935.8162831781643,0
865.092434216698,0.7738839850671522,933.3135621729597,936.0767717033463,0
865.5176066015433,0.7686491249823098,933.4449404398769,937.3750170043871,0
865.5176066015433,0.763405802548942,933.4449404398769,938.6753609678624,0
865.9425730917712,0.7613050886361846,933.5762550853573,939.1963380182262,0
865.9425730917712,0.760254731679806,933.5762550853573,939.4568265434082,0
866.374334104372,0.7654980541131737,933.709669238251,938.1564825799329,0
866.374334104372,0.7644561595053206,933.709669238251,938.4148724426805,0
866.374334104372,0.763405802548942,933.709669238251,938.6753609678624,0
866.7995064892174,0.7738839850671522,933.8410475051681,936.0767717033463,0
866.7995064892174,0.7686491249823098,933.8410475051681,937.3750170043871,0
867.2244729794453,0.7822786348044598,933.9723621506486,933.994898568494,0
867.2244729794453,0.7817490969346058,933.9723621506486,934.1262239602178,0
867.2244729794453,0.7780854128926669,933.9723621506486,935.0348176026187,0
867.6494394696733,0.7807072023267526,934.103676796129,934.3846138229653,0
867.6494394696733,0.7791357698490455,934.103676796129,934.7743290774367,0
868.0746118545186,0.7770350559362882,934.2350550630462,935.2953061278006,0
868.0746118545186,0.7738839850671522,934.2350550630462,936.0767717033463,0
868.0746118545186,0.7691702005036383,934.2350550630462,937.2457902750978,0
868.5063728671194,0.7644561595053206,934.3684692159399,938.4148724426805,0
868.5063728671194,0.7597336561584774,934.3684692159399,939.5860532726977,0
868.9313393573474,0.7560617662028167,934.4997838614203,940.4966819817015,0
868.9313393573474,0.7529189012474024,934.4997838614203,941.2761124906442,0
868.9313393573474,0.7523896198123522,934.4997838614203,941.4073742865367,0
869.3631003699481,0.7623554455925633,934.633198014314,938.9358494930443,0
869.3631003699481,0.7565910476378669,934.633198014314,940.3654201858091,0
869.7814782324206,0.7754638798933848,934.762476773818,935.6849577864406,0
869.7814782324206,0.7723128090242488,934.762476773818,936.4664233619864,0
869.7814782324206,0.7686491249823098,934.762476773818,937.3750170043871,0
870.2132392450213,0.7817490969346058,934.8958909267116,934.1262239602178,0
870.2132392450213,0.7791357698490455,934.8958909267116,934.7743290774367,0
870.6316171074939,0.7827994538909845,935.0251696862156,933.8657354350358,0
870.6316171074939,0.7822786348044598,935.0251696862156,933.994898568494,0
871.0701726424675,0.786471600281449,935.1606833465224,932.9550431302007,0
871.0701726424675,0.7838498108473632,935.1606833465224,933.6052469098539,0
871.4883446103227,0.7885638518456808,935.2898984845897,932.4361647422712,0
871.4883446103227,0.7849001678037418,935.2898984845897,933.344758384672,0
871.9203115175408,0.7807072023267526,935.42337625892,934.3846138229653,0
871.9203115175408,0.7791357698490455,935.42337625892,934.7743290774367,0
872.3452780077687,0.7786064884139953,935.5546909044004,934.9055908733292,0
872.3452780077687,0.7775561314576166,935.5546909044004,935.1660793985111,0
872.3452780077687,0.7749343420235308,935.5546909044004,935.8162831781643,0
872.7702444979967,0.7733631659806275,935.686005549881,936.2059348368044,0
873.2155945553432,0.7723128090242488,935.823618717601,936.4664233619864,0
873.2155945553432,0.7702205574600169,935.823618717601,936.9853017499158,0
873.6473555679439,0.7665484110695524,935.9570328704946,937.895994054751,0
873.6473555679439,0.762876264679088,935.9570328704946,938.8066863595863,0
873.6473555679439,0.7613050886361846,935.9570328704946,939.1963380182262,0
874.0657334304163,0.7644561595053206,936.0863116299986,938.4148724426805,0
874.0657334304163,0.762876264679088,936.0863116299986,938.8066863595863,0
874.4906999206444,0.7649769785918453,936.217626275479,938.2857093092224,0
874.4906999206444,0.7639266216354667,936.217626275479,938.5461978344043,0
874.4906999206444,0.763405802548942,936.217626275479,938.6753609678624,0
874.9158723054896,0.7675987680259311,936.3490045423963,937.6355055295691,0
874.9158723054896,0.7660191296345022,936.3490045423963,938.0272558506434,0
875.3408387957176,0.7686491249823098,936.4803191878767,937.3750170043871,0
875.3408387957176,0.7681198435472596,936.4803191878767,937.5062788002797,0
875.3408387957176,0.7670694865908809,936.4803191878767,937.7667673254615,0
875.7725998083183,0.7660191296345022,936.6137333407703,938.0272558506434,0
876.1975662985462,0.7665484110695524,936.7450479862508,937.895994054751,0
876.1975662985462,0.7644561595053206,936.7450479862508,938.4148724426805,0
876.1975662985462,0.7618259077227092,936.7450479862508,939.0671748847681,0
876.6227386833917,0.7592043747234272,936.876426253168,939.7173150685901,0
876.6227386833917,0.7581624801155741,936.876426253168,939.9757049313376,0
877.0477051736196,0.7571121231591954,937.0077408986484,940.2361934565196,0
877.0477051736196,0.7550114092464381,937.0077408986484,940.7571705068834,0
877.0477051736196,0.750818187334645,937.0077408986484,941.7970895410081,0
877.4794661862204,0.7466252218576559,937.141155051542,942.8369449793014,0
877.4794661862204,0.7434826133370454,937.141155051542,943.6163118924128,0
877.9046385710657,0.7466252218576559,937.2725333184593,942.8369449793014,0
877.9046385710657,0.7434826133370454,937.2725333184593,943.6163118924128,0
877.9046385710657,0.7424322563806667,937.2725333184593,943.8768004175947,0
878.3363995836665,0.7529189012474024,937.4059474713529,941.2761124906442,0
878.3363995836665,0.7497762927267919,937.4059474713529,942.0554794037556,0
878.7545715515216,0.7649769785918453,937.5351626094201,938.2857093092224,0
878.7545715515216,0.7618259077227092,937.5351626094201,939.0671748847681,0
878.7545715515216,0.7571121231591954,937.5351626094201,940.2361934565196,0
879.1865384587397,0.7639266216354667,937.6686403837506,938.5461978344043,0
879.1865384587397,0.7613050886361846,937.6686403837506,939.1963380182262,0
879.6047104265948,0.7592043747234272,937.7978555218177,939.7173150685901,0
879.6047104265948,0.7571121231591954,937.7978555218177,940.2361934565196,0
879.6047104265948,0.7544903337251095,937.7978555218177,940.8863972361728,0
880.0364714391956,0.753969258203781,937.9312696747114,941.0156239654623,0
880.0364714391956,0.750818187334645,937.9312696747114,941.7970895410081,0
880.461643824041,0.7455748649012772,938.0626479416286,943.0974335044833,0
880.461643824041,0.7403315424679093,938.0626479416286,944.3977774679585,0
880.461643824041,0.7371889339472988,938.0626479416286,945.1771443810699,0
880.8934048366417,0.7356175014695917,938.1960620945223,945.5668596355413,0
880.8934048366417,0.734567144513213,938.1960620945223,945.8273481607232,0
881.3117826991142,0.7424322563806667,938.3253408540263,943.8768004175947,0
881.3117826991142,0.7377097530338235,938.3253408540263,945.0479812476118,0
881.3117826991142,0.7350882200345414,938.3253408540263,945.6981214314337,0
881.743543711715,0.7550114092464381,938.4587550069199,940.7571705068834,0
881.743543711715,0.7476755788140346,938.4587550069199,942.5764564541195,0
882.168510201943,0.7607840131148561,938.5900696524003,939.3255647475157,0
882.168510201943,0.760254731679806,938.5900696524003,939.4568265434082,0
882.168510201943,0.7592043747234272,938.5900696524003,939.7173150685901,0
882.5936825867883,0.7571121231591954,938.7214479193175,940.2361934565196,0
882.5936825867883,0.7550114092464381,938.7214479193175,940.7571705068834,0
883.0186490770162,0.7518685442910237,938.852762564798,941.5366010158261,0
883.0186490770162,0.7487259357704132,938.852762564798,942.3159679289375,0
883.0186490770162,0.748196654335363,938.852762564798,942.44722972483,0
883.450410089617,0.7466252218576559,938.9861767176916,942.8369449793014,0
883.450410089617,0.7461041463363274,938.9861767176916,942.9661717085909,0
883.8753765798449,0.7502973682481203,939.117491363172,941.9262526744661,0
883.8753765798449,0.7487259357704132,939.117491363172,942.3159679289375,0
883.8753765798449,0.7476755788140346,939.117491363172,942.5764564541195,0
884.3005489646903,0.7529189012474024,939.2488696300893,941.2761124906442,0
884.3005489646903,0.7518685442910237,939.2488696300893,941.5366010158261,0
884.7255154549182,0.7529189012474024,939.3801842755697,941.2761124906442,0
884.7255154549182,0.750818187334645,939.3801842755697,941.7970895410081,0
884.7255154549182,0.748196654335363,939.3801842755697,942.44722972483,0
885.157276467519,0.7466252218576559,939.5135984284633,942.8369449793014,0
885.157276467519,0.7455748649012772,939.5135984284633,943.0974335044833,0
885.5824488523643,0.7492470112917416,939.6449766953806,942.186741199648,0
885.5824488523643,0.7476755788140346,939.6449766953806,942.5764564541195,0
885.5824488523643,0.7461041463363274,939.6449766953806,942.9661717085909,0
886.0142098649651,0.7523896198123522,939.7783908482742,941.4073742865367,0
886.0142098649651,0.750818187334645,939.7783908482742,941.7970895410081,0
886.4323818328203,0.753969258203781,939.9076059863414,941.0156239654623,0
886.4323818328203,0.7529189012474024,939.9076059863414,941.2761124906442,0
886.4323818328203,0.7513392628559735,939.9076059863414,941.6678628117186,0
886.8575542176656,0.7487259357704132,940.0389842532586,942.3159679289375,0
886.8575542176656,0.7471462973789843,940.0389842532586,942.7077182500119,0
887.2825207078935,0.7534399767687309,940.170298898739,941.1468857613547,0
887.2825207078935,0.750818187334645,940.170298898739,941.7970895410081,0
887.2825207078935,0.7487259357704132,940.170298898739,942.3159679289375,0
887.7076930927387,0.7565910476378669,940.3016771656562,940.3654201858091,0
887.7076930927387,0.7550114092464381,940.3016771656562,940.7571705068834,0
888.1394541053396,0.7560617662028167,940.4350913185499,940.4966819817015,0
888.1394541053396,0.7518685442910237,940.4350913185499,941.5366010158261,0
888.1394541053396,0.7450537893799487,940.4350913185499,943.2266602337727,0
888.5644205955675,0.7392896478600561,940.5664059640303,944.6561673307061,0
888.5644205955675,0.7361385769909201,940.5664059640303,945.4376329062518,0
888.9895929804129,0.7366593960774448,940.6977842309475,945.3084697727937,0
888.9895929804129,0.7350882200345414,940.6977842309475,945.6981214314337,0
889.4145594706408,0.7382392909036775,940.829098876428,944.916655855888,0
889.4145594706408,0.7371889339472988,940.829098876428,945.1771443810699,0
889.8463204832416,0.7429530754671914,940.9625130293216,943.7476372841365,0
889.8463204832416,0.7392896478600561,940.9625130293216,944.6561673307061,0
890.2712869734696,0.7497762927267919,941.093827674802,942.0554794037556,0
890.2712869734696,0.748196654335363,941.093827674802,942.44722972483,0
890.2712869734696,0.7455748649012772,941.093827674802,943.0974335044833,0
890.7032538806877,0.7502973682481203,941.2273054491325,941.9262526744661,0
890.7032538806877,0.7487259357704132,941.2273054491325,942.3159679289375,0
890.7032538806877,0.7445245079448986,941.2273054491325,943.3579220296651,0
891.1214258485428,0.7387601099902021,941.3565205871997,944.7874927224299,0
891.1214258485428,0.7335167875568344,941.3565205871997,946.0878366859051,0
891.5531868611436,0.7298279729041226,941.4899347400933,947.0026627197776,0
891.5531868611436,0.7272061834700367,941.4899347400933,947.652866499431,0
891.5531868611436,0.7256350074271334,941.4899347400933,948.042518158071,0
891.9715647236161,0.7266853643835121,941.6192134995973,947.782029632889,0
891.9715647236161,0.7256350074271334,941.6192134995973,948.042518158071,0
892.4033257362169,0.7282565404264154,941.752627652491,947.392377974249,0
892.4033257362169,0.7277272589913653,941.752627652491,947.5236397701415,0
892.8284981210621,0.7245846504707547,941.8840059194082,948.3030066832529,0
892.8284981210621,0.7240551126009007,941.8840059194082,948.4343320749766,0
893.2602591336629,0.7335167875568344,942.0174200723018,946.0878366859051,0
893.2602591336629,0.731416073644077,942.0174200723018,946.608813736269,0
893.2602591336629,0.7272061834700367,942.0174200723018,947.652866499431,0
893.6784311015181,0.734567144513213,942.146635210369,945.8273481607232,0
893.6784311015181,0.7340378630781628,942.146635210369,945.9586099566156,0
894.110192114119,0.7340378630781628,942.2800493632627,945.9586099566156,0
894.110192114119,0.7324664306004557,942.2800493632627,946.3483252110871,0
894.110192114119,0.7303487919906473,942.2800493632627,946.8734995863194,0
894.5353644989642,0.7287776159477439,942.4114276301799,947.2631512449595,0
894.5353644989642,0.7266853643835121,942.4114276301799,947.782029632889,0
894.9603309891921,0.7298279729041226,942.5427422756603,947.0026627197776,0
894.9603309891921,0.7277272589913653,942.5427422756603,947.5236397701415,0
894.9603309891921,0.7261558265136581,942.5427422756603,947.9133550246128,0
895.3855033740374,0.7350882200345414,942.6741205425775,945.6981214314337,0
895.3855033740374,0.7329875061217841,942.6741205425775,946.2190984817976,0
895.8172643866383,0.7392896478600561,942.8075346954712,944.6561673307061,0
895.8172643866383,0.7371889339472988,942.8075346954712,945.1771443810699,0
895.8172643866383,0.7356175014695917,942.8075346954712,945.5668596355413,0
896.2422308768662,0.7419111808593382,942.9388493409516,944.0060271468841,0
896.6674032617115,0.7398104669465808,943.0702276078688,944.527004197248,0
896.6674032617115,0.7350882200345414,943.0702276078688,945.6981214314337,0
896.6674032617115,0.7298279729041226,943.0702276078688,947.0026627197776,0
897.0923697519395,0.7272061834700367,943.2015422533492,947.652866499431,0
897.0923697519395,0.7261558265136581,943.2015422533492,947.9133550246128,0
897.5241307645402,0.7261558265136581,943.3349564062429,947.9133550246128,0
897.9490972547683,0.7251054695572794,943.4662710517233,948.1738435497947,0
897.9490972547683,0.7230132179930475,943.4662710517233,948.6927219377242,0
897.9490972547683,0.7198621471239115,943.4662710517233,949.47418751327,0
898.3810641619864,0.7151396437770684,943.5997488260538,950.645368343287,0
898.3810641619864,0.7093755022571758,943.5997488260538,952.0748754402205,0
898.7992361298415,0.7041319233890042,943.728963964121,953.375282999527,0
898.7992361298415,0.699938957912015,943.728963964121,954.4151384378204,0
898.7992361298415,0.6978382439992576,943.728963964121,954.9361154881841,0
899.2309971424422,0.7025607473461009,943.8623781170146,953.764934658167,0
899.2309971424422,0.6983675254343078,943.8623781170146,954.8048536922917,0
899.6493750049148,0.7261558265136581,943.9916568765186,947.9133550246128,0
899.6493750049148,0.72038322264524,943.9916568765186,949.3449607839805,0
899.6493750049148,0.7119970352564579,943.9916568765186,951.4247352563984,0
900.0743414951427,0.731416073644077,944.122971521999,946.608813736269,0
900.0743414951427,0.7287776159477439,944.122971521999,947.2631512449595,0
900.5063084023608,0.7335167875568344,944.2564492963295,946.0878366859051,0
900.5063084023608,0.7329875061217841,944.2564492963295,946.2190984817976,0
900.5063084023608,0.731416073644077,944.2564492963295,946.608813736269,0
900.9312748925887,0.7261558265136581,944.3877639418099,947.9133550246128,0
900.9312748925887,0.7198621471239115,944.3877639418099,949.47418751327,0
901.3562413828167,0.7114762161699332,944.5190785872903,951.5538983898566,0
901.3562413828167,0.7041319233890042,944.5190785872903,953.375282999527,0
901.3562413828167,0.6983675254343078,944.5190785872903,954.8048536922917,0
901.7814137676621,0.6931242030009399,944.6504568542075,956.1051976557669,0
901.7814137676621,0.6905026700016579,944.6504568542075,956.7553378395888,0
902.2131747802629,0.7036111043024795,944.7838710071012,953.5044461329851,0
902.2131747802629,0.6967963493914044,944.7838710071012,955.1945053509318,0
902.2131747802629,0.6920738460445612,944.7838710071012,956.3656861809488,0
902.6381412704908,0.7188117901675328,944.9151856525816,949.7346760384519,0
902.6381412704908,0.7109466783000792,944.9151856525816,951.6852237815804,0
903.0699022830916,0.731416073644077,945.0485998054753,946.608813736269,0
903.0699022830916,0.7308949981227485,945.0485998054753,946.7380404655584,0
903.0699022830916,0.7266853643835121,945.0485998054753,947.782029632889,0
903.4882801455641,0.7292984350342686,945.1778785649792,947.1339881115014,0
903.4882801455641,0.7240551126009007,945.1778785649792,948.4343320749766,0
903.9200411581648,0.7167195386033011,945.3112927178729,950.2535544263814,0
903.9200411581648,0.7088544267358473,945.3112927178729,952.2041021695098,0
903.9200411581648,0.7025607473461009,945.3112927178729,953.764934658167,0
904.3384190206373,0.6983675254343078,945.4405714773769,954.8048536922917,0
904.3384190206373,0.6973171684779291,945.4405714773769,955.0653422174736,0
904.770180033238,0.7009893148683937,945.5739856302705,954.1546499126384,0
904.770180033238,0.6978382439992576,945.5739856302705,954.9361154881841,0
904.770180033238,0.6967963493914044,945.5739856302705,955.1945053509318,0
905.195146523466,0.7078040697794686,945.7053002757509,952.4645906946918,0
905.195146523466,0.7046614612588582,945.7053002757509,953.2439576078032,0
905.6269075360669,0.7083251453007972,945.8387144286446,952.3353639654023,0
905.6269075360669,0.7072747883444185,945.8387144286446,952.5958524905842,0
905.6269075360669,0.7062326373017616,945.8387144286446,952.8543059491632,0
906.0452853985394,0.70675371282309,945.9679931881486,952.7250792198737,0
906.4770464111401,0.7093755022571758,946.1014073410422,952.0748754402205,0
906.4770464111401,0.7083251453007972,946.1014073410422,952.3353639654023,0
906.9022187959854,0.7093755022571758,946.2327856079595,952.0748754402205,0
906.9022187959854,0.7083251453007972,946.2327856079595,952.3353639654023,0
907.3339798085863,0.7093755022571758,946.3661997608531,952.0748754402205,0
907.3339798085863,0.7078040697794686,946.3661997608531,952.4645906946918,0
907.7589462988142,0.7130473922128365,946.4975144063335,951.1642467312165,0
907.7589462988142,0.7104258592135545,946.4975144063335,951.8143869150385,0
908.1841186836594,0.7224839365579974,946.6288926732508,948.8239837336166,0
908.1841186836594,0.7193410716025831,946.6288926732508,949.6034142425594,0
908.1841186836594,0.7151396437770684,946.6288926732508,950.645368343287,0
908.6090851738874,0.7230132179930475,946.7602073187312,948.6927219377242,0
908.6090851738874,0.72038322264524,946.7602073187312,949.3449607839805,0
909.0340516641153,0.7140892868206897,946.8915219642116,950.905856868469,0
909.0340516641153,0.7078040697794686,946.8915219642116,952.4645906946918,0
909.0340516641153,0.7030815664326255,946.8915219642116,953.6357715247088,0
909.4592240489608,0.7004600334333435,947.0229002311288,954.2859117085309,0
909.4592240489608,0.6973171684779291,947.0229002311288,955.0653422174736,0
909.8909850615615,0.6936452785222684,947.1563143840225,955.9759709264774,0
909.8909850615615,0.6931242030009399,947.1563143840225,956.1051976557669,0
909.8909850615615,0.6920738460445612,947.1563143840225,956.3656861809488,0
910.3159515517895,0.7036111043024795,947.2876290295029,953.5044461329851,0
910.3159515517895,0.6978382439992576,947.2876290295029,954.9361154881841,0
910.7411239366347,0.7093755022571758,947.4190072964201,952.0748754402205,0
910.7411239366347,0.70675371282309,947.4190072964201,952.7250792198737,0
911.1660904268628,0.7083251453007972,947.5503219419005,952.3353639654023,0
911.1660904268628,0.70675371282309,947.5503219419005,952.7250792198737,0
911.5978514394635,0.7046614612588582,947.6837360947942,953.2439576078032,0
911.5978514394635,0.7041319233890042,947.6837360947942,953.375282999527,0
912.0162293019359,0.7062326373017616,947.8130148542982,952.8543059491632,0
912.0162293019359,0.7046614612588582,947.8130148542982,953.2439576078032,0
912.4411957921639,0.7151396437770684,947.9443294997786,950.645368343287,0
912.4411957921639,0.713568467734165,947.9443294997786,951.0350200019271,0
912.4411957921639,0.7093755022571758,947.9443294997786,952.0748754402205,0
912.8729568047646,0.7125265731263118,948.0777436526722,951.2934098646747,0
912.8729568047646,0.70675371282309,948.0777436526722,952.7250792198737,0
913.29812918961,0.7009893148683937,948.2091219195895,954.1546499126384,0
913.29812918961,0.6957459924350258,948.2091219195895,955.4549938761136,0
913.29812918961,0.6936452785222684,948.2091219195895,955.9759709264774,0
913.723095679838,0.6931242030009399,948.3404365650699,956.1051976557669,0
913.723095679838,0.6920738460445612,948.3404365650699,956.3656861809488,0
914.1480621700659,0.7025607473461009,948.4717512105503,953.764934658167,0
914.1480621700659,0.6983675254343078,948.4717512105503,954.8048536922917,0
914.1480621700659,0.6957459924350258,948.4717512105503,955.4549938761136,0
914.580029077284,0.7078040697794686,948.6052289848807,952.4645906946918,0
914.580029077284,0.7057033558667113,948.6052289848807,952.9855677450556,0
915.004995567512,0.70675371282309,948.7365436303612,952.7250792198737,0
915.004995567512,0.7036111043024795,948.7365436303612,953.5044461329851,0
915.4367565801128,0.6988886009556363,948.8699577832548,954.6756269630022,0
915.4367565801128,0.6936452785222684,948.8699577832548,955.9759709264774,0
915.4367565801128,0.6878808805675721,948.8699577832548,957.4055416192422,0
915.8551344425853,0.6842087341771076,948.9992365427588,958.3162339240773,0
915.8551344425853,0.6815872011778256,948.9992365427588,958.9663741078992,0
916.286895455186,0.6789654117437397,949.1326506956525,959.6165778875526,0
916.7050674230411,0.6920738460445612,949.2618658337196,956.3656861809488,0
916.7050674230411,0.6857801666548148,949.2618658337196,957.9265186696059,0
916.7050674230411,0.6815872011778256,949.2618658337196,958.9663741078992,0
917.1370343302593,0.7015103903897222,949.3953436080501,954.025423183349,0
917.1370343302593,0.6978382439992576,949.3953436080501,954.9361154881841,0
917.5620008204874,0.7083251453007972,949.5266582535305,952.3353639654023,0
917.5620008204874,0.7057033558667113,949.5266582535305,952.9855677450556,0
917.5620008204874,0.7036111043024795,949.5266582535305,953.5044461329851,0
917.9937618330881,0.7093755022571758,949.6600724064242,952.0748754402205,0
917.9937618330881,0.7088544267358473,949.6600724064242,952.2041021695098,0
918.4121396955605,0.7083251453007972,949.7893511659282,952.3353639654023,0
918.4121396955605,0.7078040697794686,949.7893511659282,952.4645906946918,0
918.4121396955605,0.7062326373017616,949.7893511659282,952.8543059491632,0
918.8439007081613,0.7041319233890042,949.9227653188218,953.375282999527,0
918.8439007081613,0.699938957912015,949.9227653188218,954.4151384378204,0
919.2688671983893,0.6941745599573186,950.0540799643022,955.844709130585,0
919.2688671983893,0.6889312375239508,950.0540799643022,957.1450530940602,0
919.2688671983893,0.6847298096984361,950.0540799643022,958.1870071947878,0
919.6940395832346,0.6894523130452792,950.1854582312194,957.0158263647708,0
919.6940395832346,0.6857801666548148,950.1854582312194,957.9265186696059,0
920.1258005958354,0.7020312094762468,950.3188723841131,953.8962600498908,0
920.1258005958354,0.6978382439992576,950.3188723841131,954.9361154881841,0
920.1258005958354,0.6936452785222684,950.3188723841131,955.9759709264774,0
920.5507670860633,0.7088544267358473,950.4501870295935,952.2041021695098,0
920.5507670860633,0.70675371282309,950.4501870295935,952.7250792198737,0
920.9759394709087,0.7083251453007972,950.5815652965107,952.3353639654023,0
920.9759394709087,0.70675371282309,950.5815652965107,952.7250792198737,0
920.9759394709087,0.7051822803453829,950.5815652965107,953.1147944743451,0
921.4009059611366,0.7036111043024795,950.7128799419912,953.5044461329851,0
921.4009059611366,0.7030815664326255,950.7128799419912,953.6357715247088,0
921.8258724513646,0.7015103903897222,950.8441945874716,954.025423183349,0
921.8258724513646,0.6983675254343078,950.8441945874716,954.8048536922917,0
921.8258724513646,0.6931242030009399,950.8441945874716,956.1051976557669,0
922.2578393585827,0.6889312375239508,950.977672361802,957.1450530940602,0
922.2578393585827,0.6852590911334863,950.977672361802,958.0557453988954,0
922.6828058488106,0.6821080202643502,951.1089870072825,958.8372109744412,0
922.6828058488106,0.6800157687001184,951.1089870072825,959.3560893623707,0
923.1077723390387,0.6931242030009399,951.2403016527629,956.1051976557669,0
923.1077723390387,0.6868305236111935,951.2403016527629,957.6660301444241,0
923.1077723390387,0.6821080202643502,951.2403016527629,958.8372109744412,0
923.5329447238839,0.7041319233890042,951.3716799196801,953.375282999527,0
923.5329447238839,0.6994096764769647,951.3716799196801,954.5464002337128,0
923.9647057364847,0.7109466783000792,951.5050940725737,951.6852237815804,0
923.9647057364847,0.7093755022571758,951.5050940725737,952.0748754402205,0
923.9647057364847,0.7083251453007972,951.5050940725737,952.3353639654023,0
924.3828777043398,0.7093755022571758,951.6343092106409,952.0748754402205,0
924.3828777043398,0.7057033558667113,951.6343092106409,952.9855677450556,0
924.8080500891851,0.699938957912015,951.7656874775581,954.4151384378204,0
924.8080500891851,0.6957459924350258,951.7656874775581,955.4549938761136,0
924.8080500891851,0.6936452785222684,951.7656874775581,955.9759709264774,0
925.2398111017859,0.6931242030009399,951.8991016304518,956.1051976557669,0
925.2398111017859,0.6925949215658898,951.8991016304518,956.2364594516594,0
925.6647775920139,0.7004600334333435,952.0304162759322,954.2859117085309,0
925.6647775920139,0.6978382439992576,952.0304162759322,954.9361154881841,0
925.6647775920139,0.6941745599573186,952.0304162759322,955.844709130585,0
926.0899499768592,0.7030815664326255,952.1617945428494,953.6357715247088,0
926.0899499768592,0.7025607473461009,952.1617945428494,953.764934658167,0
926.5149164670871,0.7004600334333435,952.2931091883299,954.2859117085309,0
926.5149164670871,0.6978382439992576,952.2931091883299,954.9361154881841,0
926.5149164670871,0.6952249169136973,952.2931091883299,955.5842206054031,0
926.946677479688,0.6931242030009399,952.4265233412235,956.1051976557669,0
926.946677479688,0.6915530269580366,952.4265233412235,956.4948493144069,0
927.3650553421604,0.6868305236111935,952.5558021007275,957.6660301444241,0
927.3650553421604,0.6821080202643502,952.5558021007275,958.8372109744412,0
927.3650553421604,0.6789654117437397,952.5558021007275,959.6165778875526,0
927.803610877134,0.677915054787361,952.6913157610344,959.8770664127345,0
927.803610877134,0.6773942357008363,952.6913157610344,960.0062295461926,0
928.2217828449891,0.6815872011778256,952.8205308991016,958.9663741078992,0
928.2217828449891,0.6794949496135937,952.8205308991016,959.4852524958288,0
928.2217828449891,0.6773942357008363,952.8205308991016,960.0062295461926,0
928.6537497522073,0.6994096764769647,952.954008673432,954.5464002337128,0
928.6537497522073,0.6889312375239508,952.954008673432,957.1450530940602,0
929.0719217200624,0.7172403576898257,953.0832238114992,950.1243912929233,0
929.0719217200624,0.7161900007334471,953.0832238114992,950.3848798181051,0
929.0719217200624,0.7109466783000792,953.0832238114992,951.6852237815804,0
929.5036827326632,0.7161900007334471,953.2166379643929,950.3848798181051,0
929.5036827326632,0.7151396437770684,953.2166379643929,950.645368343287,0
929.9288551175085,0.7146188246905437,953.3480162313101,950.7745314767452,0
929.9288551175085,0.7140892868206897,953.3480162313101,950.905856868469,0
929.9288551175085,0.713568467734165,953.3480162313101,951.0350200019271,0
930.3606161301093,0.7109466783000792,953.4814303842037,951.6852237815804,0
930.3606161301093,0.70675371282309,953.4814303842037,952.7250792198737,0
930.7789939925818,0.7030815664326255,953.6107091437077,953.6357715247088,0
930.7789939925818,0.7015103903897222,953.6107091437077,954.025423183349,0
930.7789939925818,0.6988886009556363,953.6107091437077,954.6756269630022,0
931.2107550051826,0.6967963493914044,953.7441232966014,955.1945053509318,0
931.2107550051826,0.6952249169136973,953.7441232966014,955.5842206054031,0
931.6357214954105,0.6967963493914044,953.8754379420818,955.1945053509318,0
931.6357214954105,0.6946956354786471,953.8754379420818,955.7154824012955,0
932.0606879856384,0.7020312094762468,954.0067525875622,953.8962600498908,0
932.0606879856384,0.6988886009556363,954.0067525875622,954.6756269630022,0
932.4926548928566,0.7062326373017616,954.1402303618927,952.8543059491632,0
932.4926548928566,0.7046614612588582,954.1402303618927,953.2439576078032,0
932.4926548928566,0.7036111043024795,954.1402303618927,953.5044461329851,0
932.9176213830846,0.7062326373017616,954.2715450073731,952.8543059491632,0
933.3425878733125,0.7057033558667113,954.4028596528535,952.9855677450556,0
933.3425878733125,0.7036111043024795,954.4028596528535,953.5044461329851,0
933.3425878733125,0.7009893148683937,954.4028596528535,954.1546499126384,0
933.7677602581579,0.6988886009556363,954.5342379197707,954.6756269630022,0
933.7677602581579,0.6983675254343078,954.5342379197707,954.8048536922917,0
934.1927267483858,0.7020312094762468,954.6655525652511,953.8962600498908,0
934.1927267483858,0.699938957912015,954.6655525652511,954.4151384378204,0
934.1927267483858,0.6994096764769647,954.6655525652511,954.5464002337128,0
934.6244877609867,0.7072747883444185,954.7989667181448,952.5958524905842,0
934.6244877609867,0.7051822803453829,954.7989667181448,953.1147944743451,0
935.0496601458319,0.7083251453007972,954.930344985062,952.3353639654023,0
935.0496601458319,0.7062326373017616,954.930344985062,952.8543059491632,0
935.0496601458319,0.7041319233890042,954.930344985062,953.375282999527,0
935.4746266360598,0.7025607473461009,955.0616596305424,953.764934658167,0
935.4746266360598,0.7004600334333435,955.0616596305424,954.2859117085309,0
935.8995931262878,0.7004600334333435,955.1929742760229,954.2859117085309,0
935.8995931262878,0.6988886009556363,955.1929742760229,954.6756269630022,0
935.8995931262878,0.6962668115215505,955.1929742760229,955.3258307426555,0
936.331560033506,0.6931242030009399,955.3264520503533,956.1051976557669,0
936.331560033506,0.6915530269580366,955.3264520503533,956.4948493144069,0
936.749732001361,0.6889312375239508,955.4556671884205,957.1450530940602,0
936.749732001361,0.6857801666548148,955.4556671884205,957.9265186696059,0
936.749732001361,0.6815872011778256,955.4556671884205,958.9663741078992,0
937.1749043862063,0.6815872011778256,955.5870454553377,958.9663741078992,0
937.1749043862063,0.6805368442214469,955.5870454553377,959.2268626330812,0
937.6066653988071,0.699938957912015,955.7204596082314,954.4151384378204,0
937.6066653988071,0.6941745599573186,955.7204596082314,955.844709130585,0
937.6066653988071,0.6868305236111935,955.7204596082314,957.6660301444241,0
938.0316318890351,0.70675371282309,955.8517742537118,952.7250792198737,0
938.0316318890351,0.7036111043024795,955.8517742537118,953.5044461329851,0
938.4568042738805,0.7146188246905437,955.983152520629,950.7745314767452,0
938.4568042738805,0.7114762161699332,955.983152520629,951.5538983898566,0
938.8817707641084,0.713568467734165,956.1144671661094,951.0350200019271,0
938.8817707641084,0.7114762161699332,956.1144671661094,951.5538983898566,0
939.3135317767092,0.7088544267358473,956.2478813190031,952.2041021695098,0
939.3135317767092,0.7072747883444185,956.2478813190031,952.5958524905842,0
939.7384982669371,0.70675371282309,956.3791959644835,952.7250792198737,0
939.7384982669371,0.7062326373017616,956.3791959644835,952.8543059491632,0
940.1704651741553,0.7062326373017616,956.512673738814,952.8543059491632,0
940.1704651741553,0.7051822803453829,956.512673738814,953.1147944743451,0
940.1704651741553,0.7025607473461009,956.512673738814,953.764934658167,0
940.5886371420104,0.6988886009556363,956.6418888768811,954.6756269630022,0
940.5886371420104,0.6952249169136973,956.6418888768811,955.5842206054031,0
941.0203981546111,0.6920738460445612,956.7753030297748,956.3656861809488,0
941.0203981546111,0.6873598050462436,956.7753030297748,957.5347683485317,0
941.0203981546111,0.6836879150905829,956.7753030297748,958.4453970575355,0
941.4387760170836,0.6836879150905829,956.9045817892788,958.4453970575355,0
941.4387760170836,0.6815872011778256,956.9045817892788,958.9663741078992,0
941.8705370296843,0.7009893148683937,957.0379959421724,954.1546499126384,0
941.8705370296843,0.6957459924350258,957.0379959421724,955.4549938761136,0
941.8705370296843,0.6889312375239508,957.0379959421724,957.1450530940602,0
942.2957094145298,0.7041319233890042,957.1693742090896,953.375282999527,0
942.2957094145298,0.7036111043024795,957.1693742090896,953.5044461329851,0
942.7274704271306,0.7030815664326255,957.3027883619833,953.6357715247088,0
942.7274704271306,0.7020312094762468,957.3027883619833,953.8962600498908,0
943.1456423949857,0.7009893148683937,957.4320035000505,954.1546499126384,0
943.1456423949857,0.699938957912015,957.4320035000505,954.4151384378204,0
943.5909924523321,0.7088544267358473,957.5696166677706,952.2041021695098,0
943.5909924523321,0.7062326373017616,957.5696166677706,952.8543059491632,0
943.5909924523321,0.7020312094762468,957.5696166677706,953.8962600498908,0
944.0227534649329,0.7119970352564579,957.7030308206643,951.4247352563984,0
944.0227534649329,0.7109466783000792,957.7030308206643,951.6852237815804,0
944.4545144775337,0.7114762161699332,957.8364449735578,951.5538983898566,0
944.4545144775337,0.7104258592135545,957.8364449735578,951.8143869150385,0
944.4545144775337,0.7098963213437005,957.8364449735578,951.9457123067623,0
944.8728923400062,0.7093755022571758,957.9657237330618,952.0748754402205,0
944.8728923400062,0.7072747883444185,957.9657237330618,952.5958524905842,0
945.3046533526069,0.7062326373017616,958.0991378859555,952.8543059491632,0
945.3046533526069,0.7057033558667113,958.0991378859555,952.9855677450556,0
945.3046533526069,0.7051822803453829,958.0991378859555,953.1147944743451,0
945.7230312150793,0.7057033558667113,958.2284166454594,952.9855677450556,0
945.7230312150793,0.7046614612588582,958.2284166454594,953.2439576078032,0
946.1547922276802,0.7015103903897222,958.3618307983531,954.025423183349,0
946.1547922276802,0.7009893148683937,958.3618307983531,954.1546499126384,0
946.1547922276802,0.699938957912015,958.3618307983531,954.4151384378204,0
946.5797587179081,0.7093755022571758,958.4931454438336,952.0748754402205,0
946.5797587179081,0.7051822803453829,958.4931454438336,953.1147944743451,0
947.0115197305089,0.7151396437770684,958.6265595967272,950.645368343287,0
947.0115197305089,0.7130473922128365,958.6265595967272,951.1642467312165,0
947.0115197305089,0.7114762161699332,958.6265595967272,951.5538983898566,0
947.4298975929814,0.7182907146462044,958.7558383562313,949.8639027677414,0
947.4298975929814,0.7172403576898257,958.7558383562313,950.1243912929233,0
947.8616586055822,0.7172403576898257,958.8892525091248,950.1243912929233,0
947.8616586055822,0.7130473922128365,958.8892525091248,951.1642467312165,0
947.8616586055822,0.7078040697794686,958.8892525091248,952.4645906946918,0
948.2800364680547,0.7036111043024795,959.0185312686289,953.5044461329851,0
948.2800364680547,0.7009893148683937,959.0185312686289,954.1546499126384,0
948.7050029582826,0.6994096764769647,959.1498459141093,954.5464002337128,0
949.1367639708834,0.7098963213437005,959.283260067003,951.9457123067623,0
949.1367639708834,0.7036111043024795,959.283260067003,953.5044461329851,0
949.1367639708834,0.7004600334333435,959.283260067003,954.2859117085309,0
949.5619363557287,0.723534293514376,959.4146383339202,948.5634952084348,0
949.5619363557287,0.7161900007334471,959.4146383339202,950.3848798181051,0
949.9936973683295,0.7266853643835121,959.5480524868137,947.782029632889,0
949.9936973683295,0.7261558265136581,959.5480524868137,947.9133550246128,0
949.9936973683295,0.7230132179930475,959.5480524868137,948.6927219377242,0
950.4118693361846,0.7188117901675328,959.677267624881,949.7346760384519,0
950.4118693361846,0.7146188246905437,959.677267624881,950.7745314767452,0
950.8432185595507,0.7120003689089073,959.8105545349011,951.423908510591,0
950.8432185595507,0.7093785794748214,959.8105545349011,952.0741122902443,0
950.8432185595507,0.7083282225184427,959.8105545349011,952.3346008154263,0
950.8438362434027,0.7119970352564579,959.8107453992114,951.4247352563984,0
951.2681850497786,0.713050725865286,959.9418691803816,951.1634199854091,0
951.2681850497786,0.7093785794748214,959.9418691803816,952.0741122902443,0
951.7001519569967,0.7182940482986538,960.075346954712,949.8630760219339,0
951.7001519569967,0.7167228722557505,960.075346954712,950.2527276805739,0
951.7001519569967,0.7156725152993718,960.075346954712,950.5132162057558,0
952.118323924852,0.7120003689089073,960.2045620927792,951.423908510591,0
952.118323924852,0.7077989410833926,960.2045620927792,952.4658626113187,0
952.5500849374528,0.704656332562782,960.3379762456728,953.2452295244301,0
952.5500849374528,0.7025556186500247,960.3379762456728,953.7662065747938,0
952.5500849374528,0.7020345431286963,960.3379762456728,953.8954333040833,0
952.9684627999252,0.7036059756064034,960.4672550051769,953.505718049612,0
952.9684627999252,0.7025556186500247,960.4672550051769,953.7662065747938,0
953.400223812526,0.7177647668636037,960.6006691580704,949.9943378178264,0
953.400223812526,0.7135718013866145,960.6006691580704,951.0341932561196,0
953.400223812526,0.7083282225184427,960.6006691580704,952.3346008154263,0
953.8251903027539,0.7193444052550325,960.731983803551,949.602587496752,0
953.8251903027539,0.7188151238199824,960.731983803551,949.7338492926444,0
954.2571572099721,0.7214366568192644,960.8654615778813,949.0837091088224,0
954.2571572099721,0.7209158377327397,960.8654615778813,949.2128722422806,0
954.2571572099721,0.7203862998628857,960.8654615778813,949.3441976340043,0
954.6821237002,0.7203862998628857,960.9967762233617,949.3441976340043,0
954.6821237002,0.719865480776361,960.9967762233617,949.4733607674625,0
955.1070901904279,0.7219577323405928,961.1280908688422,948.954482379533,0
955.1070901904279,0.7193444052550325,961.1280908688422,949.602587496752,0
955.1070901904279,0.7182940482986538,961.1280908688422,949.8630760219339,0
955.5322625752732,0.726680235687436,961.2594691357594,947.7833015495158,0
955.5322625752732,0.7256298787310573,961.2594691357594,948.0437900746978,0
955.9572290655013,0.7277305926438147,961.3907837812399,947.522813024334,0
955.9572290655013,0.7272010547739607,961.3907837812399,947.6541384160578,0
956.3889900781021,0.7282514117303394,961.5241979341334,947.3936498908758,0
956.8207510907029,0.7277305926438147,961.6576120870271,947.522813024334,0
956.8207510907029,0.726680235687436,961.6576120870271,947.7833015495158,0
956.8207510907029,0.7261591601661075,961.6576120870271,947.9125282788053,0
957.2391289531753,0.7251088032097288,961.7868908465312,948.1730168039873,0
957.2391289531753,0.7240584462533501,961.7868908465312,948.4335053291692,0
957.670889965776,0.7209158377327397,961.9203049994247,949.2128722422806,0
957.670889965776,0.7167228722557505,961.9203049994247,950.2527276805739,0
957.670889965776,0.7125214444302358,961.9203049994247,951.2946817813015,0
958.0892678282486,0.7109500119525286,962.0495837589287,951.6843970357729,0
958.0892678282486,0.7098996549961499,962.0495837589287,951.9448855609548,0
958.5210288408493,0.726680235687436,962.1829979118224,947.7833015495158,0
958.5210288408493,0.719865480776361,962.1829979118224,949.4733607674625,0
958.5210288408493,0.7140926204731392,962.1829979118224,950.9050301226615,0
958.9459953310773,0.7335201212092838,962.3143125573029,946.0870099400977,0
958.9459953310773,0.7319486887315766,962.3143125573029,946.476725194569,0
959.3779622382954,0.7324697642529051,962.4477903316332,946.3474984652795,0
959.3779622382954,0.7298228442080466,962.4477903316332,947.0039346364044,0
959.3779622382954,0.7251088032097288,962.4477903316332,948.1730168039873,0
959.7961342061507,0.7193444052550325,962.5770054697005,949.602587496752,0
959.7961342061507,0.7125214444302358,962.5770054697005,951.2946817813015,0
960.2278952187514,0.7098996549961499,962.7104196225941,951.9448855609548,0
960.2278952187514,0.7072778655620641,962.7104196225941,952.5950893406081,0
960.6462730812239,0.7167228722557505,962.8396983820982,950.2527276805739,0
960.6462730812239,0.7140926204731392,962.8396983820982,950.9050301226615,0
961.0780340938246,0.7167228722557505,962.9731125349917,950.2527276805739,0
961.0780340938246,0.7156725152993718,962.9731125349917,950.5132162057558,0
961.0780340938246,0.7146221583429931,962.9731125349917,950.7737047309378,0
961.5097951064254,0.7172436913422752,963.1065266878854,950.1235645471157,0
961.5097951064254,0.7167228722557505,963.1065266878854,950.2527276805739,0
961.9349674912708,0.7193444052550325,963.2379049548026,949.602587496752,0
961.9349674912708,0.7167228722557505,963.2379049548026,950.2527276805739,0
962.3599339814987,0.7235373707320217,963.369219600283,948.5627320584587,0
962.3599339814987,0.7209158377327397,963.369219600283,949.2128722422806,0
962.7849004717266,0.726680235687436,963.5005342457634,947.7833015495158,0
962.7849004717266,0.7256298787310573,963.5005342457634,948.0437900746978,0
962.7849004717266,0.7245795217746787,963.5005342457634,948.3042785998797,0
963.2100728565719,0.719865480776361,963.6319125126807,949.4733607674625,0
963.2100728565719,0.7151429774295178,963.6319125126807,950.6445415974796,0
963.6350393467999,0.7177647668636037,963.7632271581612,949.9943378178264,0
963.6350393467999,0.7156725152993718,963.7632271581612,950.5132162057558,0
963.6350393467999,0.7146221583429931,963.7632271581612,950.7737047309378,0
964.0668003594006,0.719865480776361,963.8966413110547,949.4733607674625,0
964.4851782218732,0.7329905833394298,964.0259200705588,946.2183353318214,0
964.4851782218732,0.7261591601661075,964.0259200705588,947.9125282788053,0
964.4851782218732,0.7219577323405928,964.0259200705588,948.954482379533,0
964.916939234474,0.7377130866862729,964.1593342234524,945.0471545018044,0
964.916939234474,0.7371838052512227,964.1593342234524,945.1784162976968,0
965.3353170969464,0.7350912972521871,964.2886129829564,945.6973582814576,0
965.3353170969464,0.7335201212092838,964.2886129829564,946.0870099400977,0
965.3353170969464,0.7324697642529051,964.2886129829564,946.3474984652795,0
965.7670781095472,0.7308983317751979,964.42202713585,946.7372137197509,0
965.7670781095472,0.7282514117303394,964.42202713585,947.3936498908758,0
966.1920445997752,0.7319486887315766,964.5533417813305,946.476725194569,0
966.1920445997752,0.7287809496001934,964.5533417813305,947.2623244991521,0
966.1920445997752,0.726680235687436,964.5533417813305,947.7833015495158,0
966.6238056123759,0.7424271276845906,964.6867559342242,943.8780723342215,0
966.6238056123759,0.7377130866862729,964.6867559342242,945.0471545018044,0
967.0489779972212,0.7439985601622978,964.8181342011413,943.4883570797501,0
967.0489779972212,0.7429564091196408,964.8181342011413,943.7468105383291,0
967.0489779972212,0.7419060521632621,964.8181342011413,944.007299063511,0
967.4739444874492,0.7424271276845906,964.9494488466217,943.8780723342215,0
967.4739444874492,0.7419060521632621,964.9494488466217,944.007299063511,0
967.8991168722946,0.7439985601622978,965.0808271135389,943.4883570797501,0
967.8991168722946,0.7419060521632621,965.0808271135389,944.007299063511,0
967.8991168722946,0.7413852330767374,965.0808271135389,944.1364621969691,0
968.3240833625225,0.7466285555101053,965.2121417590195,942.836118233494,0
968.3240833625225,0.7460992740750552,965.2121417590195,942.9673800293864,0
968.7558443751233,0.7450489171186765,965.345555911913,943.2278685545682,0
968.7558443751233,0.7392845191639801,965.345555911913,944.657439247333,0
968.7558443751233,0.729301768686718,965.345555911913,947.1331613656939,0
969.187605387724,0.719865480776361,965.4789700648067,949.4733607674625,0
969.187605387724,0.7167228722557505,965.4789700648067,950.2527276805739,0
969.6059832501966,0.7287809496001934,965.6082488243106,947.2623244991521,0
969.6059832501966,0.7214366568192644,965.6082488243106,949.0837091088224,0
969.6059832501966,0.7172436913422752,965.6082488243106,950.1235645471157,0
970.0377442627973,0.7455781985537266,965.7416629772043,943.0966067586758,0
970.0377442627973,0.7371838052512227,965.7416629772043,945.1784162976968,0
970.4561221252698,0.7529137725513263,965.8709417367083,941.277384407271,0
970.4561221252698,0.7523929534648016,965.8709417367083,941.4065475407292,0
970.4561221252698,0.7502922395520443,965.8709417367083,941.9275245910931,0
970.8878831378705,0.7523929534648016,966.0043558896019,941.4065475407292,0
970.8878831378705,0.7513425965084229,966.0043558896019,941.6670360659111,0
971.3128496280985,0.7529137725513263,966.1356705350825,941.277384407271,0
971.3128496280985,0.7523929534648016,966.1356705350825,941.4065475407292,0
971.3128496280985,0.7513425965084229,966.1356705350825,941.6670360659111,0
971.7446106406993,0.7471496310314338,966.269084687976,942.7068915042045,0
971.7446106406993,0.7398053382505048,966.269084687976,944.5282761138749,0
972.1629885031718,0.7324697642529051,966.39836344748,946.3474984652795,0
972.1629885031718,0.7251088032097288,966.39836344748,948.1730168039873,0
972.1629885031718,0.7188151238199824,966.39836344748,949.7338492926444,0
972.5947495157726,0.7167228722557505,966.5317776003736,950.2527276805739,0
972.5947495157726,0.7151429774295178,966.5317776003736,950.6445415974796,0
973.013127378245,0.7324697642529051,966.6610563598776,946.3474984652795,0
973.013127378245,0.7261591601661075,966.6610563598776,947.9125282788053,0
973.013127378245,0.7203862998628857,966.6610563598776,949.3441976340043,0
973.4448883908459,0.7429564091196408,966.7944705127713,943.7468105383291,0
973.4448883908459,0.7382341622076014,966.7944705127713,944.9179277725149,0
973.8698548810738,0.7481999879878125,966.9257851582518,942.4464029790225,0
973.8698548810738,0.7471496310314338,966.9257851582518,942.7068915042045,0
973.8698548810738,0.7450489171186765,966.9257851582518,943.2278685545682,0
974.3016158936746,0.7513425965084229,967.0591993111454,941.6670360659111,0
974.3016158936746,0.7497711640307159,967.0591993111454,942.0567513203825,0
974.7267882785198,0.753964129507705,967.1905775780626,941.0168958820892,0
974.7267882785198,0.7534433104211803,967.1905775780626,941.1460590155473,0
974.7267882785198,0.7497711640307159,967.1905775780626,942.0567513203825,0
975.1517547687479,0.744527841597348,967.321892223543,943.3570952838577,0
975.1517547687479,0.7403348761203588,967.321892223543,944.396950722151,0
975.5767212589758,0.7413852330767374,967.4532068690235,944.1364621969691,0
975.5767212589758,0.7382341622076014,967.4532068690235,944.9179277725149,0
975.5767212589758,0.7371838052512227,967.4532068690235,945.1784162976968,0
976.0018936438212,0.7466285555101053,967.5845851359406,942.836118233494,0
976.0018936438212,0.744527841597348,967.5845851359406,943.3570952838577,0
976.4336546564219,0.750813058638569,967.7179992888343,941.7983614576349,0
976.4336546564219,0.7502922395520443,967.7179992888343,941.9275245910931,0
976.4336546564219,0.7487208070743372,967.7179992888343,942.3172398455644,0
976.8520325188944,0.7497711640307159,967.8472780483384,942.0567513203825,0
976.8520325188944,0.7460992740750552,967.8472780483384,942.9673800293864,0
977.2837935314952,0.744527841597348,967.9806922012319,943.3570952838577,0
977.2837935314952,0.7439985601622978,967.9806922012319,943.4883570797501,0
977.2837935314952,0.7424271276845906,967.9806922012319,943.8780723342215,0
977.7019654993503,0.7460992740750552,968.1099073392992,942.9673800293864,0
977.7019654993503,0.744527841597348,968.1099073392992,943.3570952838577,0
978.1339324065684,0.7466285555101053,968.2433851136296,942.836118233494,0
978.1339324065684,0.7460992740750552,968.2433851136296,942.9673800293864,0
978.5588988967963,0.750813058638569,968.3746997591101,941.7983614576349,0
978.5588988967963,0.7476704501179585,968.3746997591101,942.5777283707463,0
978.9906599093972,0.7597285274624014,968.5081139120036,939.5873251893245,0
978.9906599093972,0.757115200376841,968.5081139120036,940.2354303065434,0
978.9906599093972,0.7534433104211803,968.5081139120036,941.1460590155473,0
979.4156263996251,0.7618292413751587,968.6394285574842,939.0663481389606,0
979.8407987844704,0.761308422288634,968.7708068244013,939.1955112724188,0
979.8407987844704,0.758157351419498,968.7708068244013,939.9769768479645,0
979.8407987844704,0.7544852050290335,968.7708068244013,940.8876691527997,0
980.2657652746984,0.7497711640307159,968.9021214698818,942.0567513203825,0
980.2657652746984,0.7460992740750552,968.9021214698818,942.9673800293864,0
980.6909376595437,0.7424271276845906,969.033499736799,943.8780723342215,0
980.6909376595437,0.7382341622076014,969.033499736799,944.9179277725149,0
980.6909376595437,0.7366627297298942,969.033499736799,945.3076430269863,0
981.1226986721446,0.7392845191639801,969.1669138896926,944.657439247333,0
981.1226986721446,0.7377130866862729,969.1669138896926,945.0471545018044,0
981.5544596847453,0.7466285555101053,969.3003280425862,942.836118233494,0
981.5544596847453,0.7439985601622978,969.3003280425862,943.4883570797501,0
981.5544596847453,0.7413852330767374,969.3003280425862,944.1364621969691,0
981.9728375472178,0.7544852050290335,969.4296068020902,940.8876691527997,0
981.9728375472178,0.7497711640307159,969.4296068020902,942.0567513203825,0
982.4045985598185,0.7660222068521478,969.5630209549839,938.0264927006673,0
982.4045985598185,0.7639299552879161,969.5630209549839,938.5453710885969,0
982.4045985598185,0.7597285274624014,969.5630209549839,939.5873251893245,0
982.8227705276736,0.7665432823734764,969.6922360930511,937.8972659713779,0
982.8227705276736,0.7655013877656232,969.6922360930511,938.1556558341255,0
983.2545315402745,0.7670725638085265,969.8256502459448,937.7660041754855,0
983.2545315402745,0.7649718498957692,969.8256502459448,938.2869812258492,0
983.6797039251197,0.7592077083758767,969.9570285128619,939.7164883227827,0
983.6797039251197,0.7513425965084229,969.9570285128619,941.6670360659111,0
984.1114649377205,0.7450489171186765,970.0904426657556,943.2278685545682,0
984.1114649377205,0.7434774846409693,970.0904426657556,943.6175838090396,0
984.1114649377205,0.7429564091196408,970.0904426657556,943.7468105383291,0
984.529842800193,0.7466285555101053,970.2197214252596,942.836118233494,0
984.529842800193,0.7460992740750552,970.2197214252596,942.9673800293864,0
984.9616038127939,0.7576362758981695,970.3531355781532,940.106203577254,0
984.9616038127939,0.7529137725513263,970.3531355781532,941.277384407271,0
984.9616038127939,0.7487208070743372,970.3531355781532,942.3172398455644,0
985.379775780649,0.7644510308092445,970.4823507162205,938.4161443593074,0
985.379775780649,0.7618292413751587,970.4823507162205,939.0663481389606,0
985.8117426878671,0.7649718498957692,970.6158284905509,938.2869812258492,0
985.8117426878671,0.7634006738528658,970.6158284905509,938.6766328844893,0
985.8117426878671,0.7597285274624014,970.6158284905509,939.5873251893245,0
986.2435037004678,0.7555355619854122,970.7492426434445,940.6271806276178,0
986.2435037004678,0.750813058638569,970.7492426434445,941.7983614576349,0
986.6684701906958,0.7466285555101053,970.8805572889249,942.836118233494,0
986.6684701906958,0.7460992740750552,970.8805572889249,942.9673800293864,0
986.6684701906958,0.7455781985537266,970.8805572889249,943.0966067586758,0
987.0934366809238,0.7534433104211803,971.0118719344053,941.1460590155473,0
987.0934366809238,0.7492503449441912,971.0118719344053,942.1859144538406,0
987.518609065769,0.7670725638085265,971.1432502013226,937.7660041754855,0
987.518609065769,0.7634006738528658,971.1432502013226,938.6766328844893,0
987.518609065769,0.758157351419498,971.1432502013226,939.9769768479645,0
987.943575555997,0.7665432823734764,971.2745648468031,937.8972659713779,0
987.943575555997,0.7660222068521478,971.2745648468031,938.0264927006673,0
988.3687479408424,0.7833238630647624,971.4059431137202,933.7356819599389,0
988.3687479408424,0.7744083942409301,971.4059431137202,935.9467182282493,0
988.3687479408424,0.767593639329855,971.4059431137202,937.636777446196,0
988.8005089534432,0.8043056151467594,971.5393572666139,928.5322074436036,0
988.8005089534432,0.7932896888449734,971.5393572666139,931.2641571664466,0
989.2186809212983,0.8347157056601955,971.6685724046811,920.9905049962715,0
989.2186809212983,0.8268505937927417,971.6685724046811,922.9410527394,0
989.2186809212983,0.8163639489260061,971.6685724046811,925.5417406663505,0
989.6506478285164,0.8383960579643817,971.8020501790115,920.0777776248333,0
989.6506478285164,0.8378667765293315,971.8020501790115,920.2090394207258,0
990.0688197963715,0.834194630138867,971.9312653170788,921.119731725561,0
990.0688197963715,0.8284302321841707,971.9312653170788,922.5493024183257,0
990.0688197963715,0.8210861958380454,971.9312653170788,924.3706234321647,0
990.5005808089722,0.8095491940149311,972.0646794699724,927.2317998842971,0
990.5005808089722,0.7932896888449734,972.0646794699724,931.2641571664466,0
990.9257531938176,0.7728369617632229,972.1960577368897,936.3364334827207,0
990.9257531938176,0.7513425965084229,972.1960577368897,941.6670360659111,0
990.9257531938176,0.7298228442080466,972.1960577368897,947.0039346364044,0
991.3575142064184,0.713050725865286,972.3294718897832,951.1634199854091,0
991.3575142064184,0.7004633670857929,972.3294718897832,954.2850849627234,0
991.7824806966463,0.7051856139978323,972.4607865352637,953.1139677285377,0
991.7824806966463,0.6962701451739999,972.4607865352637,955.3250039968481,0
991.7824806966463,0.6952197882176212,972.4607865352637,955.58549252203,0
992.2076530814916,0.7319486887315766,972.5921648021808,946.476725194569,0
992.2076530814916,0.7182940482986538,972.5921648021808,949.8630760219339,0
992.6326195717197,0.770744710198991,972.7234794476614,936.8553118706502,0
992.6326195717197,0.7576362758981695,972.7234794476614,940.106203577254,0
992.6326195717197,0.744527841597348,972.7234794476614,943.3570952838577,0
993.0575860619476,0.7875168285417516,972.8547940931418,932.6958265216456,0
993.0575860619476,0.7807020736306766,972.8547940931418,934.3858857395923,0
993.4827584467929,0.7880461099768018,972.986172360059,932.5645647257531,0
993.4827584467929,0.7848950391076658,972.986172360059,933.3460303012989,0
993.4827584467929,0.7765091081536875,972.986172360059,935.4257411778856,0
993.9213139817665,0.7702154287639409,973.1216860203658,936.9865736665427,0
993.9213139817665,0.7665432823734764,973.1216860203658,937.8972659713779,0
994.3394859496216,0.7649718498957692,973.2509011584331,938.2869812258492,0
994.3394859496216,0.7639299552879161,973.2509011584331,938.5453710885969,0
994.7712469622224,0.7738873187196016,973.3843153113266,936.0759449575388,0
994.7712469622224,0.7691732777212839,973.3843153113266,937.2450271251216,0
995.1896248246949,0.7786098220664448,973.5135940708307,934.9047641275217,0
995.1896248246949,0.7780805406313945,973.5135940708307,935.0360259234142,0
995.1896248246949,0.7770301836750159,973.5135940708307,935.2965144485961,0
995.6213858372956,0.7728369617632229,973.6470082237244,936.3364334827207,0
995.6213858372956,0.767593639329855,973.6470082237244,937.636777446196,0
996.0465582221409,0.7639299552879161,973.7783864906415,938.5453710885969,0
996.0465582221409,0.7618292413751587,973.7783864906415,939.0663481389606,0
996.0465582221409,0.7602580653322554,973.7783864906415,939.4559997976007,0
996.4783192347418,0.7597285274624014,973.9118006435351,939.5873251893245,0
996.4783192347418,0.7586781705060227,973.9118006435351,939.8478137145064,0
996.896491202597,0.7534433104211803,974.0410157816024,941.1460590155473,0
996.896491202597,0.7466285555101053,974.0410157816024,942.836118233494,0
996.896491202597,0.7398053382505048,974.0410157816024,944.5282761138749,0
997.3284581098151,0.7335201212092838,974.1744935559328,946.0870099400977,0
997.3284581098151,0.7308983317751979,974.1744935559328,946.7372137197509,0
997.7466300776701,0.7287809496001934,974.3037086940001,947.2623244991521,0
998.1783910902709,0.7287809496001934,974.4371228468937,947.2623244991521,0
998.1783910902709,0.7282514117303394,974.4371228468937,947.3936498908758,0
998.6101521028718,0.726680235687436,974.5705369997874,947.7833015495158,0
998.6101521028718,0.7235373707320217,974.5705369997874,948.5627320584587,0
