x,y,pixel_x,pixel_y,gap_before
10.06286723261764,0.04970124919149054,273.1364984852869,978.8342205861783,0
10.089493480462707,0.06334330446043945,273.3637224466887,973.1618540053493,0
10.115877434298264,0.05788550348484498,273.58887871139575,975.4312076510015,0
10.115877434298264,0.055700333589700994,273.58887871139575,976.3398012934023,0
10.142261388133823,0.05188641908663453,273.81403497610273,977.9256269437774,0
10.168891363579036,0.0627920794095471,274.04129074822293,973.3910533815103,0
10.195275317414595,0.06934254180677724,274.26644701293,970.6673711167421,0
10.195275317414595,0.052427702509250516,274.26644701293,977.7005612966536,0
10.221655543650005,0.055700333589700994,274.4915714669186,976.3398012934023,0
10.24828551909522,0.049159965768874554,274.71882723903883,979.0592862333019,0
10.274669472930777,0.07807312681094951,274.9439835037458,967.0371938720072,0
10.274669472930777,0.07097633370290155,274.9439835037458,969.9880404463336,0
10.301295720775846,0.058431834195662814,275.17120746514763,975.2040433414434,0
10.327679674611403,0.06606975777819943,275.39636372985467,972.0281947158247,0
10.35406362844696,0.06715737191163325,275.62151999456165,971.575964759143,0
10.35406362844696,0.058431834195662814,275.62151999456165,975.2040433414434,0
10.380689876292028,0.05951944832909663,275.8487439559635,974.7518133847616,0
10.407073830127585,0.0627920794095471,276.0739002206705,973.3910533815103,0
10.433457783963144,0.05897816490648065,276.29905648537755,974.9768790318853,0
10.433457783963144,0.05406654169357668,276.29905648537755,977.0191319638108,0
10.459841737798701,0.06606975777819943,276.52421275008453,972.0281947158247,0
10.486467985643769,0.05951944832909663,276.75143671148635,974.7518133847616,0
10.512851939479326,0.07698046538931384,276.9765929761934,967.4915224911233,0
10.512851939479326,0.05515415582701049,276.9765929761934,976.566902007129,0
10.53948191492454,0.07261517288722771,277.2038487483136,969.3066111134907,0
10.565865868760099,0.079160587996256,277.42900501302057,966.5850275111568,0
10.592249822595656,0.060070673379988976,277.6541612777276,974.5226140086006,0
10.592249822595656,0.058431834195662814,277.6541612777276,975.2040433414434,0
10.618630048831067,0.07261517288722771,277.87928573171627,969.3066111134907,0
10.645260024276281,0.06388963517125729,278.10654150383647,972.9346896957912,0
10.671643978111838,0.060070673379988976,278.33169776854345,974.5226140086006,0
10.671643978111838,0.05951944832909663,278.33169776854345,974.7518133847616,0
10.698270225956907,0.0627920794095471,278.55892172994527,973.3910533815103,0
10.724654179792465,0.06770370262245107,278.7840779946523,971.3488004495848,0
10.751038133628022,0.07807312681094951,279.0092342593593,967.0371938720072,0
10.751038133628022,0.06552358001550893,279.0092342593593,972.2552954295514,0
10.77766438147309,0.07261517288722771,279.23645822076116,969.3066111134907,0
10.804048335308647,0.06388963517125729,279.46161448546815,972.9346896957912,0
10.830432289144206,0.06606975777819943,279.6867707501752,972.0281947158247,0
10.830432289144206,0.05951944832909663,279.6867707501752,974.7518133847616,0
10.856816242979763,0.06934254180677724,279.91192701488217,970.6673711167421,0
10.88344249082483,0.07370783430886337,280.139150976284,968.8522824943747,0
10.909826444660387,0.05951944832909663,280.364307240991,974.7518133847616,0
10.909826444660387,0.057339172774027156,280.364307240991,975.6583719605595,0
10.936456420105602,0.06115828751342279,280.5915630131112,974.0703840519188,0
10.962840373941159,0.058431834195662814,280.81671927781827,975.2040433414434,0
10.989224327776718,0.06552358001550893,281.04187554252525,972.2552954295514,0
10.989224327776718,0.05297403322006835,281.04187554252525,977.4733969870956,0
11.015850575621785,0.05515415582701049,281.26909950392707,976.566902007129,0
11.042234529457343,0.06552358001550893,281.4942557686341,972.2552954295514,0
11.06886077730241,0.07043505028028557,281.7214797300359,970.2131060934572,0
11.06886077730241,0.05297403322006835,281.7214797300359,977.4733969870956,0
11.095244731137969,0.05788550348484498,281.94663599474296,975.4312076510015,0
11.121628684973526,0.053520210982758845,282.17179225944994,977.2462962733689,0
11.148012638809083,0.057339172774027156,282.396948524157,975.6583719605595,0
11.148012638809083,0.052427702509250516,282.396948524157,977.7005612966536,0
11.17463888665415,0.07152266441371938,282.6241724855588,969.7608761367754,0
11.20102284048971,0.0627920794095471,282.8493287502658,973.3910533815103,0
11.227652815934922,0.06061195680260496,283.07658452238604,974.2975483614769,0
11.253790748160824,0.06443091859387327,283.2996412796798,972.7096240486675,0
11.253790748160824,0.05515415582701049,283.2996412796798,976.566902007129,0
11.280416996005892,0.05297403322006835,283.5268652410817,977.4733969870956,0
11.307046971451106,0.053520210982758845,283.7541210132019,977.2462962733689,0
11.333430925286663,0.056251711588720665,283.97927727790886,976.11053832141,0
11.333430925286663,0.048067457295366225,283.97927727790886,979.5135512565868,0
11.36005717313173,0.05951944832909663,284.20650123931074,974.7518133847616,0
11.38644112696729,0.06443091859387327,284.4316575040177,972.7096240486675,0
11.412825080802847,0.07261517288722771,284.65681376872476,969.3066111134907,0
11.412825080802847,0.045335956689404405,284.65681376872476,980.6493092085457,0
11.439209034638404,0.06934254180677724,284.88197003343174,970.6673711167421,0
11.465835282483472,0.08681365344339814,285.10919399483356,963.402882898235,0
11.49221923631903,0.05515415582701049,285.3343502595406,976.566902007129,0
11.49221923631903,0.05461287240439451,285.3343502595406,976.7919676542527,0
11.518603190154588,0.049159965768874554,285.5595065242476,979.0592862333019,0
11.544987143990145,0.05951944832909663,285.7846627889546,974.7518133847616,0
11.571613391835212,0.06661104120081542,286.01188675035644,971.803129068701,0
11.571613391835212,0.05897816490648065,286.01188675035644,974.9768790318853,0
11.598243367280427,0.053520210982758845,286.23914252247664,977.2462962733689,0
11.624627321115984,0.07370783430886337,286.4642987871837,968.8522824943747,0
11.651011274951543,0.06770370262245107,286.68945505189066,971.3488004495848,0
11.651011274951543,0.06170446527611329,286.68945505189066,973.8432833381921,0
11.677391501186953,0.07479529549416986,286.9145795058793,968.4001161335242,0
11.704021476632168,0.07261517288722771,287.1418352779995,969.3066111134907,0
11.730405430467725,0.06988887251759507,287.36699154270656,970.4402068071839,0
11.730405430467725,0.06115828751342279,287.36699154270656,974.0703840519188,0
11.757031678312792,0.048067457295366225,287.5942155041084,979.5135512565868,0
11.783415632148351,0.07316150359804555,287.81937176881536,969.0794468039327,0
11.809799585983908,0.06606975777819943,288.0445280335224,972.0281947158247,0
11.809799585983908,0.06443091859387327,288.0445280335224,972.7096240486675,0
11.836183539819466,0.045335956689404405,288.2696842982294,980.6493092085457,0
11.862809787664533,0.057339172774027156,288.49690825963125,975.6583719605595,0
11.889439763109747,0.06115828751342279,288.72416403175146,974.0703840519188,0
11.91557769533565,0.06715737191163325,288.9472207890453,971.575964759143,0
11.942203943180717,0.04970124919149054,289.1744447504471,978.8342205861783,0
11.968587897016274,0.06606975777819943,289.3996010151541,972.0281947158247,0
11.968587897016274,0.05515415582701049,289.3996010151541,976.566902007129,0
11.995217872461488,0.06115828751342279,289.62685678727433,974.0703840519188,0
12.021601826297045,0.06606975777819943,289.8520130519813,972.0281947158247,0
12.047985780132603,0.05951944832909663,290.07716931668836,974.7518133847616,0
12.047985780132603,0.04970124919149054,290.07716931668836,978.8342205861783,0
12.074612027977672,0.05515415582701049,290.3043932780902,976.566902007129,0
12.100995981813229,0.058431834195662814,290.52954954279716,975.2040433414434,0
12.127379935648786,0.06824988038514157,290.7547058075042,971.1216997358581,0
12.127379935648786,0.06061195680260496,290.7547058075042,974.2975483614769,0
12.154006183493856,0.05897816490648065,290.981929768906,974.9768790318853,0
12.180390137329411,0.05679299501133665,291.20708603361305,975.8854726742862,0
12.20677409116497,0.06115828751342279,291.43224229832003,974.0703840519188,0
12.20677409116497,0.058431834195662814,291.43224229832003,975.2040433414434,0
12.233400339010037,0.05788550348484498,291.65946625972185,975.4312076510015,0
12.259784292845595,0.07206899512453721,291.8846225244289,969.5337118272174,0
12.286414268290809,0.07643428762662334,292.1118782965491,967.71862320485,0
12.286414268290809,0.07261517288722771,292.1118782965491,969.3066111134907,0
12.312798222126366,0.04970124919149054,292.33703456125613,978.8342205861783,0
12.339178448361778,0.07807312681094951,292.56215901524473,967.0371938720072,0
12.365808423806993,0.060070673379988976,292.78941478736493,974.5226140086006,0
12.39219237764255,0.0627920794095471,293.014571052072,973.3910533815103,0
12.39219237764255,0.062250795986931125,293.014571052072,973.616119028634,0
12.418576331478107,0.060070673379988976,293.23972731677895,974.5226140086006,0
12.445202579323176,0.06497724930469109,293.46695127818083,972.4824597391095,0
12.471586533158732,0.062250795986931125,293.6921075428878,973.616119028634,0
12.471586533158732,0.058431834195662814,293.6921075428878,975.2040433414434,0
12.49797048699429,0.05461287240439451,293.91726380759485,976.7919676542527,0
12.524596734839358,0.08134071060319814,294.14448776899667,965.6785325311902,0
12.550980688674915,0.06824988038514157,294.36964403370365,971.1216997358581,0
12.550980688674915,0.05461287240439451,294.36964403370365,976.7919676542527,0
12.577364642510474,0.05897816490648065,294.5948002984107,974.9768790318853,0
12.603748596346032,0.04752112658454839,294.81995656311767,979.7407155661448,0
12.630374844191099,0.08681365344339814,295.04718052451955,963.402882898235,0
12.630374844191099,0.0687962110959594,295.04718052451955,970.8945354263001,0
12.657004819636313,0.05951944832909663,295.27443629663975,974.7518133847616,0
12.68338877347187,0.060070673379988976,295.49959256134673,974.5226140086006,0
12.709772727307428,0.07752174881192983,295.72474882605377,967.2664568439995,0
12.709772727307428,0.05461287240439451,295.72474882605377,976.7919676542527,0
12.736398975152497,0.07479529549416986,295.9519727874556,968.4001161335242,0
12.762782928988054,0.08790616191690648,296.17712905216257,962.9486178749503,0
12.790385808071454,0.060070673379988976,296.4126874217805,974.5226140086006,0
12.790385808071454,0.05461287240439451,296.4126874217805,976.7919676542527,0
12.816769761907011,0.07152266441371938,296.6378436864875,969.7608761367754,0
12.84315371574257,0.05024757990230837,296.8629999511945,978.6070562766201,0
12.869783691187784,0.07807312681094951,297.0902557233147,967.0371938720072,0
12.869783691187784,0.055700333589700994,297.0902557233147,976.3398012934023,0
12.896163917423195,0.055700333589700994,297.3153801773033,976.3398012934023,0
12.922547871258752,0.06497724930469109,297.54053644201036,972.4824597391095,0
12.94893182509431,0.06770370262245107,297.76569270671735,971.3488004495848,0
12.94893182509431,0.06661104120081542,297.76569270671735,971.803129068701,0
12.975561800539523,0.0687962110959594,297.9929484788376,970.8945354263001,0
13.001945754375082,0.06497724930469109,298.2181047435446,972.4824597391095,0
13.02857200222015,0.07643428762662334,298.4453287049464,967.71862320485,0
13.02857200222015,0.07043505028028557,298.4453287049464,970.2131060934572,0
13.054955956055707,0.0786144102335655,298.67048496965344,966.8121282248835,0
13.081339909891264,0.07970691870707382,298.8956412343604,966.3578632015987,0
13.107966157736332,0.06770370262245107,299.1228651957623,971.3488004495848,0
13.107966157736332,0.06388963517125729,299.1228651957623,972.9346896957912,0
13.13435011157189,0.0687962110959594,299.3480214604693,970.8945354263001,0
13.160734065407448,0.055700333589700994,299.5731777251763,976.3398012934023,0
13.187360313252515,0.07698046538931384,299.80040168657814,967.4915224911233,0
13.187360313252515,0.05951944832909663,299.80040168657814,974.7518133847616,0
13.213744267088073,0.05897816490648065,300.0255579512851,974.9768790318853,0
13.24012822092363,0.060070673379988976,300.25071421599216,974.5226140086006,0
13.266758196368844,0.0627920794095471,300.47796998811236,973.3910533815103,0
13.266758196368844,0.0513400883758167,300.47796998811236,978.1527912533354,0
13.293138422604256,0.06443091859387327,300.703094442101,972.7096240486675,0
13.31976839804947,0.07043505028028557,300.9303502142212,970.2131060934572,0
13.34590633027537,0.06661104120081542,301.15340697151504,971.803129068701,0
13.34590633027537,0.05461287240439451,301.15340697151504,976.7919676542527,0
13.372536305720585,0.0513400883758167,301.38066274363524,978.1527912533354,0
13.398920259556142,0.055700333589700994,301.6058190083422,976.3398012934023,0
13.425546507401211,0.07424911773147935,301.8330429697441,968.6272168472509,0
13.425546507401211,0.060070673379988976,301.8330429697441,974.5226140086006,0
13.451930461236769,0.06715737191163325,302.0581992344511,971.575964759143,0
13.478314415072326,0.07261517288722771,302.2833554991581,969.3066111134907,0
13.504940662917393,0.07097633370290155,302.51057946055994,969.9880404463336,0
13.504940662917393,0.06824988038514157,302.51057946055994,971.1216997358581,0
13.531324616752952,0.05951944832909663,302.7357357252669,974.7518133847616,0
13.557954592198165,0.06606975777819943,302.9629914973872,972.0281947158247,0
13.584334818433577,0.05897816490648065,303.1881159513758,974.9768790318853,0
13.610718772269134,0.07534162620498769,303.4132722160828,968.1729518239662,0
13.610718772269134,0.07097633370290155,303.4132722160828,969.9880404463336,0
13.637102726104692,0.07370783430886337,303.6384284807898,968.8522824943747,0
13.663732701549906,0.07970691870707382,303.86568425291,966.3578632015987,0
13.690112927785318,0.06824988038514157,304.09080870689866,971.1216997358581,0
13.690112927785318,0.062250795986931125,304.09080870689866,973.616119028634,0
13.716742903230532,0.06334330446043945,304.31806447901886,973.1618540053493,0
13.74312685706609,0.05679299501133665,304.5432207437259,975.8854726742862,0
13.769510810901647,0.07643428762662334,304.7683770084329,967.71862320485,0
13.769510810901647,0.07534162620498769,304.7683770084329,968.1729518239662,0
13.796137058746714,0.07479529549416986,304.9956009698347,968.4001161335242,0
13.822521012582271,0.06334330446043945,305.22075723454174,973.1618540053493,0
13.84914726042734,0.09499790773675258,305.44798119594356,959.9998699630582,0
13.84914726042734,0.06988887251759507,305.44798119594356,970.4402068071839,0
13.875531214262898,0.07370783430886337,305.6731374606506,968.8522824943747,0
13.901915168098455,0.07043505028028557,305.8982937253576,970.2131060934572,0
13.928299121934014,0.07370783430886337,306.1234499900646,968.8522824943747,0
13.928299121934014,0.06497724930469109,306.1234499900646,972.4824597391095,0
13.954929097379226,0.06170446527611329,306.3507057621848,973.8432833381921,0
13.981313051214784,0.062250795986931125,306.5758620268918,973.616119028634,0
14.007693277450196,0.08681365344339814,306.80098648088045,963.402882898235,0
14.007693277450196,0.07261517288722771,306.80098648088045,969.3066111134907,0
14.03432325289541,0.06170446527611329,307.02824225300066,973.8432833381921,0
14.060707206730967,0.06115828751342279,307.2533985177077,974.0703840519188,0
14.087333454576036,0.07370783430886337,307.4806224791095,968.8522824943747,0
14.087333454576036,0.06170446527611329,307.4806224791095,973.8432833381921,0
14.113717408411594,0.06443091859387327,307.7057787438165,972.7096240486675,0
14.140101362247151,0.06061195680260496,307.93093500852353,974.2975483614769,0
14.166727610092218,0.06443091859387327,308.15815896992535,972.7096240486675,0
14.166727610092218,0.06170446527611329,308.15815896992535,973.8432833381921,0
14.193111563927776,0.06770370262245107,308.3833152346324,971.3488004495848,0
14.219495517763335,0.05024757990230837,308.6084714993394,978.6070562766201,0
14.246121765608402,0.06661104120081542,308.8356954607412,971.803129068701,0
14.246121765608402,0.06061195680260496,308.8356954607412,974.2975483614769,0
14.27250571944396,0.06988887251759507,309.06085172544823,970.4402068071839,0
14.298889673279517,0.07261517288722771,309.2860079901552,969.3066111134907,0
14.325273627115076,0.08408720012563817,309.51116425486225,964.5365421877597,0
14.325273627115076,0.06715737191163325,309.51116425486225,971.575964759143,0
14.351903602560288,0.06552358001550893,309.73842002698245,972.2552954295514,0
14.378529850405357,0.05951944832909663,309.9656439883843,974.7518133847616,0
14.404667782631257,0.06988887251759507,310.1887007456781,970.4402068071839,0
14.404667782631257,0.04042938076470228,310.1887007456781,982.6894634780368,0
14.431297758076472,0.06115828751342279,310.4159565177983,974.0703840519188,0
14.457924005921539,0.04860874071798221,310.6431804792001,979.288485609463,0
14.484307959757096,0.06824988038514157,310.86833674390715,971.1216997358581,0
14.484307959757096,0.06115828751342279,310.86833674390715,974.0703840519188,0
14.510691913592655,0.049159965768874554,311.09349300861413,979.0592862333019,0
14.537075867428213,0.05188641908663453,311.31864927332117,977.9256269437774,0
14.56370211527328,0.07588795691580552,311.545873234723,967.945787514408,0
14.56370211527328,0.053520210982758845,311.545873234723,977.2462962733689,0
14.590086069108839,0.06115828751342279,311.77102949943,974.0703840519188,0
14.616470022944396,0.05461287240439451,311.996185764137,976.7919676542527,0
14.643096270789464,0.05951944832909663,312.22340972553883,974.7518133847616,0
14.643096270789464,0.05679299501133665,312.22340972553883,975.8854726742862,0
14.66948022462502,0.0627920794095471,312.44856599024587,973.3910533815103,0
14.695864178460578,0.05079375766499887,312.67372225495285,978.3799555628934,0
14.722494153905792,0.05515415582701049,312.9009780270731,976.566902007129,0
14.74887810774135,0.06715737191163325,313.1261342917801,971.575964759143,0
14.74887810774135,0.05079375766499887,313.1261342917801,978.3799555628934,0
14.775504355586417,0.05679299501133665,313.3533582531819,975.8854726742862,0
14.801888309421976,0.056251711588720665,313.57851451788895,976.11053832141,0
14.828272263257533,0.062250795986931125,313.80367078259593,973.616119028634,0
14.828272263257533,0.048067457295366225,313.80367078259593,979.5135512565868,0
14.8548985111026,0.07261517288722771,314.0308947439978,969.3066111134907,0
14.88128246493816,0.05897816490648065,314.2560510087048,974.9768790318853,0
14.907666418773717,0.06988887251759507,314.4812072734118,970.4402068071839,0
14.907666418773717,0.05406654169357668,314.4812072734118,977.0191319638108,0
14.934292666618784,0.05297403322006835,314.70843123481365,977.4733969870956,0
14.960676620454342,0.0627920794095471,314.9335874995206,973.3910533815103,0
14.987060574289899,0.057339172774027156,315.15874376422767,975.6583719605595,0
14.987060574289899,0.052427702509250516,315.15874376422767,977.7005612966536,0
15.013690549735113,0.05897816490648065,315.38599953634787,974.9768790318853,0
15.040070775970523,0.07261517288722771,315.6111239903365,969.3066111134907,0
15.066454729806082,0.06061195680260496,315.8362802550435,974.2975483614769,0
15.066454729806082,0.048067457295366225,315.8362802550435,979.5135512565868,0
15.093084705251297,0.06170446527611329,316.0635360271637,973.8432833381921,0
15.119468659086854,0.06115828751342279,316.28869229187075,974.0703840519188,0
15.146094906931921,0.05406654169357668,316.51591625327256,977.0191319638108,0
15.146094906931921,0.052427702509250516,316.51591625327256,977.7005612966536,0
15.17247886076748,0.053520210982758845,316.7410725179796,977.2462962733689,0
15.198862814603038,0.057339172774027156,316.9662287826866,975.6583719605595,0
15.225489062448105,0.06606975777819943,317.1934527440884,972.0281947158247,0
15.225489062448105,0.055700333589700994,317.1934527440884,976.3398012934023,0
15.251873016283662,0.06715737191163325,317.41860900879544,971.575964759143,0
15.27825697011922,0.05897816490648065,317.6437652735024,974.9768790318853,0
15.304886945564434,0.056251711588720665,317.8710210456227,976.11053832141,0
15.304886945564434,0.05188641908663453,317.8710210456227,977.9256269437774,0
15.331267171799844,0.055700333589700994,318.0961454996113,976.3398012934023,0
15.357651125635403,0.05897816490648065,318.3213017643183,974.9768790318853,0
15.384035079470962,0.06715737191163325,318.5464580290253,971.575964759143,0
15.384035079470962,0.0513400883758167,318.5464580290253,978.1527912533354,0
15.410665054916175,0.04697479587373057,318.7737138011455,979.9678798757028,0
15.437291302761242,0.058431834195662814,319.0009377625474,975.2040433414434,0
15.463429234987144,0.06934254180677724,319.22399451984114,970.6673711167421,0
15.463429234987144,0.06497724930469109,319.22399451984114,972.4824597391095,0
15.490059210432358,0.05951944832909663,319.4512502919614,974.7518133847616,0
15.516685458277426,0.05079375766499887,319.6784742533632,978.3799555628934,0
15.543069412112983,0.05897816490648065,319.9036305180702,974.9768790318853,0
15.543069412112983,0.05188641908663453,319.9036305180702,977.9256269437774,0
15.569453365948542,0.05297403322006835,320.12878678277724,977.4733969870956,0
15.5958373197841,0.05897816490648065,320.3539430474842,974.9768790318853,0
15.622463567629167,0.06661104120081542,320.5811670088861,971.803129068701,0
15.622463567629167,0.05679299501133665,320.5811670088861,975.8854726742862,0
15.648847521464724,0.048067457295366225,320.8063232735931,979.5135512565868,0
15.675231475300283,0.053520210982758845,321.0314795383001,977.2462962733689,0
15.701861450745495,0.05188641908663453,321.2587353104203,977.9256269437774,0
15.701861450745495,0.04860874071798221,321.2587353104203,979.288485609463,0
15.728241676980907,0.057339172774027156,321.4838597644089,975.6583719605595,0
15.754625630816465,0.05951944832909663,321.70901602911596,974.7518133847616,0
15.781255606261679,0.07097633370290155,321.93627180123616,969.9880404463336,0
15.781255606261679,0.06715737191163325,321.93627180123616,971.575964759143,0
15.807881854106746,0.05188641908663453,322.163495762638,977.9256269437774,0
15.834265807942305,0.06770370262245107,322.388652027345,971.3488004495848,0
15.860649761777863,0.048067457295366225,322.613808292052,979.5135512565868,0
15.88703371561342,0.056251711588720665,322.83896455675904,976.11053832141,0
15.88703371561342,0.05024757990230837,322.83896455675904,978.6070562766201,0
15.913659963458487,0.062250795986931125,323.06618851816086,973.616119028634,0
15.940043917294044,0.049159965768874554,323.2913447828679,979.0592862333019,0
15.966427871129603,0.043155834082462256,323.5165010475749,981.5558041885122,0
15.966427871129603,0.03879054158037612,323.5165010475749,983.3708928108796,0
15.993054118974669,0.07316150359804555,323.7437250089767,969.0794468039327,0
16.019438072810228,0.06170446527611329,323.96888127368373,973.8432833381921,0
16.045822026645787,0.06552358001550893,324.1940375383907,972.2552954295514,0
16.045822026645787,0.06443091859387327,324.1940375383907,972.7096240486675,0
16.072452002090998,0.05079375766499887,324.421293310511,978.3799555628934,0
16.098835955926557,0.04042938076470228,324.64644957521796,982.6894634780368,0
16.12521618216197,0.06824988038514157,324.8715740292066,971.1216997358581,0
16.12521618216197,0.05515415582701049,324.8715740292066,976.566902007129,0
16.15184615760718,0.045335956689404405,325.0988298013268,980.6493092085457,0
16.17823011144274,0.057339172774027156,325.3239860660338,975.6583719605595,0
16.20485635928781,0.05951944832909663,325.5512100274357,974.7518133847616,0
16.20485635928781,0.048067457295366225,325.5512100274357,979.5135512565868,0
16.231240313123365,0.053520210982758845,325.77636629214265,977.2462962733689,0
16.257624266958924,0.06497724930469109,326.0015225568497,972.4824597391095,0
16.28425051480399,0.07588795691580552,326.2287465182515,967.945787514408,0
16.28425051480399,0.07097633370290155,326.2287465182515,969.9880404463336,0
16.31063446863955,0.07261517288722771,326.4539027829585,969.3066111134907,0
16.337018422475108,0.06170446527611329,326.67905904766553,973.8432833381921,0
16.363644670320173,0.05188641908663453,326.90628300906735,977.9256269437774,0
16.363644670320173,0.049159965768874554,326.90628300906735,979.0592862333019,0
16.390028624155732,0.082448360941312,327.1314392737744,965.2179715206024,0
16.416412577991288,0.06988887251759507,327.3565955384814,970.4402068071839,0
16.443042553436506,0.08681365344339814,327.5838513106016,963.402882898235,0
16.443042553436506,0.06443091859387327,327.5838513106016,972.7096240486675,0
16.46942650727206,0.060070673379988976,327.8090075753086,974.5226140086006,0
16.495810461107617,0.06443091859387327,328.0341638400156,972.7096240486675,0
16.52219068734303,0.06497724930469109,328.25928829400425,972.4824597391095,0
16.52219068734303,0.0513400883758167,328.25928829400425,978.1527912533354,0
16.548820662788245,0.05679299501133665,328.48654406612445,975.8854726742862,0
16.57544691063331,0.045335956689404405,328.71376802752627,980.6493092085457,0
16.60183086446887,0.07097633370290155,328.9389242922333,969.9880404463336,0
16.60183086446887,0.043155834082462256,328.9389242922333,981.5558041885122,0
16.62821481830443,0.06170446527611329,329.1640805569403,973.8432833381921,0
16.654598772139984,0.04697479587373057,329.38923682164733,979.9678798757028,0
16.681225019985053,0.05024757990230837,329.61646078304915,978.6070562766201,0
16.681225019985053,0.04588228740022223,329.61646078304915,980.4221448989875,0
16.707608973820612,0.0513400883758167,329.8416170477562,978.1527912533354,0
16.734238949265823,0.05515415582701049,330.0688728198764,976.566902007129,0
16.760619175501237,0.06334330446043945,330.293997273865,973.1618540053493,0
16.760619175501237,0.05897816490648065,330.293997273865,974.9768790318853,0
16.787003129336792,0.06497724930469109,330.519153538572,972.4824597391095,0
16.81338708317235,0.056251711588720665,330.744309803279,976.11053832141,0
16.840017058617565,0.05079375766499887,330.9715655753992,978.3799555628934,0
16.840017058617565,0.04970124919149054,330.9715655753992,978.8342205861783,0
16.866643306462635,0.06606975777819943,331.1987895368011,972.0281947158247,0
16.89278496628868,0.06388963517125729,331.42187810481323,972.9346896957912,0
16.91941121413375,0.06115828751342279,331.6491020662151,974.0703840519188,0
16.91941121413375,0.052427702509250516,331.6491020662151,977.7005612966536,0
16.946525777597984,0.0513400883758167,331.8804932317249,978.1527912533354,0
16.973155753043194,0.04860874071798221,332.1077490038452,979.288485609463,0
16.999539706878753,0.062250795986931125,332.33290526855217,973.616119028634,0
17.025923660714312,0.07370783430886337,332.5580615332592,968.8522824943747,0
17.025923660714312,0.06606975777819943,332.5580615332592,972.0281947158247,0
17.052303886949723,0.057339172774027156,332.7831859872478,975.6583719605595,0
17.078933862394937,0.04752112658454839,333.010441759368,979.7407155661448,0
17.105317816230496,0.06170446527611329,333.23559802407505,973.8432833381921,0
17.105317816230496,0.05024757990230837,333.23559802407505,978.6070562766201,0
17.13170177006605,0.06170446527611329,333.460754288782,973.8432833381921,0
17.15832801791112,0.05951944832909663,333.6879782501839,974.7518133847616,0
17.18471197174668,0.06606975777819943,333.9131345148909,972.0281947158247,0
17.18471197174668,0.05188641908663453,333.9131345148909,977.9256269437774,0
17.211095925582235,0.06170446527611329,334.1382907795979,973.8432833381921,0
17.2377221734273,0.06115828751342279,334.36551474099974,974.0703840519188,0
17.26435214887252,0.05461287240439451,334.59277051311994,976.7919676542527,0
17.26435214887252,0.053520210982758845,334.59277051311994,977.2462962733689,0
17.29049008109842,0.06443091859387327,334.81582727041376,972.7096240486675,0
17.317120056543633,0.04752112658454839,335.04308304253396,979.7407155661448,0
17.343500282779043,0.057339172774027156,335.2682074965226,975.6583719605595,0
17.343500282779043,0.0513400883758167,335.2682074965226,978.1527912533354,0
17.370130258224258,0.049159965768874554,335.4954632686428,979.0592862333019,0
17.396514212059817,0.04970124919149054,335.7206195333498,978.8342205861783,0
17.422898165895372,0.06334330446043945,335.94577579805684,973.1618540053493,0
17.422898165895372,0.05951944832909663,335.94577579805684,974.7518133847616,0
17.44952441374044,0.06334330446043945,336.17299975945866,973.1618540053493,0
17.475908367575997,0.05788550348484498,336.3981560241657,975.4312076510015,0
17.502292321411556,0.05897816490648065,336.6233122888727,974.9768790318853,0
17.502292321411556,0.056251711588720665,336.6233122888727,976.11053832141,0
17.528918569256625,0.05188641908663453,336.8505362502745,977.9256269437774,0
17.55530252309218,0.05188641908663453,337.07569251498154,977.9256269437774,0
17.58168647692774,0.058431834195662814,337.3008487796885,975.2040433414434,0
17.58168647692774,0.04370216479328009,337.3008487796885,981.3286398789542,0
17.60831272477281,0.058431834195662814,337.5280727410904,975.2040433414434,0
17.634696678608364,0.062250795986931125,337.7532290057974,973.616119028634,0
17.66132665405358,0.05788550348484498,337.9804847779176,975.4312076510015,0
17.66132665405358,0.04697479587373057,337.9804847779176,979.9678798757028,0
17.687710607889137,0.056251711588720665,338.2056410426246,976.11053832141,0
17.714094561724693,0.05297403322006835,338.4307973073316,977.4733969870956,0
17.740720809569762,0.06824988038514157,338.6580212687335,971.1216997358581,0
17.740720809569762,0.055700333589700994,338.6580212687335,976.3398012934023,0
17.76710476340532,0.06170446527611329,338.88317753344046,973.8432833381921,0
17.793488717240876,0.04479467326678842,339.1083337981475,980.8743748556693,0
17.820114965085942,0.05679299501133665,339.3355577595493,975.8854726742862,0
17.820114965085942,0.04260950337164443,339.3355577595493,981.7829684980702,0
17.8464989189215,0.06061195680260496,339.5607140242563,974.2975483614769,0
17.87288287275706,0.05897816490648065,339.78587028896334,974.9768790318853,0
17.899509120602126,0.04970124919149054,340.01309425036516,978.8342205861783,0
17.899509120602126,0.049159965768874554,340.01309425036516,979.0592862333019,0
17.925893074437685,0.05679299501133665,340.2382505150722,975.8854726742862,0
17.952277028273244,0.057339172774027156,340.4634067797792,975.6583719605595,0
17.9786609821088,0.05297403322006835,340.6885630444862,977.4733969870956,0
17.9786609821088,0.04970124919149054,340.6885630444862,978.8342205861783,0
18.00528722995387,0.058431834195662814,340.91578700588803,975.2040433414434,0
18.031917205399083,0.06061195680260496,341.14304277800824,974.2975483614769,0
18.058301159234638,0.07752174881192983,341.3681990427153,967.2664568439995,0
18.058301159234638,0.05461287240439451,341.3681990427153,976.7919676542527,0
18.084685113070197,0.04588228740022223,341.59335530742226,980.4221448989875,0
18.111311360915266,0.05297403322006835,341.8205792688241,977.4733969870956,0
18.13769531475082,0.05788550348484498,342.0457355335311,975.4312076510015,0
18.16407926858638,0.04370216479328009,342.2708917982381,981.3286398789542,0
18.16407926858638,0.04042938076470228,342.2708917982381,982.6894634780368,0
18.19046322242194,0.05024757990230837,342.49604806294514,978.6070562766201,0
18.217089470267005,0.06552358001550893,342.72327202434695,972.2552954295514,0
18.243473424102564,0.05406654169357668,342.948428289054,977.0191319638108,0
18.243473424102564,0.04970124919149054,342.948428289054,978.8342205861783,0
18.269857377938123,0.055700333589700994,343.173584553761,976.3398012934023,0
18.29648362578319,0.058431834195662814,343.4008085151628,975.2040433414434,0
18.323113601228403,0.05679299501133665,343.62806428728305,975.8854726742862,0
18.323113601228403,0.05079375766499887,343.62806428728305,978.3799555628934,0
18.349251533454307,0.0627920794095471,343.8511210445768,973.3910533815103,0
18.375877781299373,0.06606975777819943,344.0783450059787,972.0281947158247,0
18.402507756744583,0.06443091859387327,344.3056007780989,972.7096240486675,0
18.402507756744583,0.057339172774027156,344.3056007780989,975.6583719605595,0
18.428891710580142,0.058431834195662814,344.5307570428059,975.2040433414434,0
18.4552756644157,0.05406654169357668,344.7559133075129,977.0191319638108,0
18.48165961825126,0.056251711588720665,344.9810695722199,976.11053832141,0
18.48165961825126,0.05406654169357668,344.9810695722199,977.0191319638108,0
18.508285866096326,0.052427702509250516,345.20829353362177,977.7005612966536,0
18.534669819931885,0.05951944832909663,345.43344979832875,974.7518133847616,0
18.56105377376744,0.05788550348484498,345.65860606303573,975.4312076510015,0
18.56105377376744,0.057339172774027156,345.65860606303573,975.6583719605595,0
18.58768002161251,0.06388963517125729,345.8858300244376,972.9346896957912,0
18.61406397544807,0.05788550348484498,346.1109862891446,975.4312076510015,0
18.640447929283624,0.07206899512453721,346.33614255385163,969.5337118272174,0
18.640447929283624,0.05788550348484498,346.33614255385163,975.4312076510015,0
18.66707790472884,0.06606975777819943,346.56339832597183,972.0281947158247,0
18.693458130964252,0.07261517288722771,346.78852277996043,969.3066111134907,0
18.720088106409463,0.08188704131401597,347.0157785520807,965.4513682216322,0
18.720088106409463,0.07479529549416986,347.0157785520807,968.4001161335242,0
18.746472060245022,0.06661104120081542,347.24093481678767,971.803129068701,0
18.772852286480436,0.06443091859387327,347.4660592707763,972.7096240486675,0
18.799482261925647,0.08079942718058215,347.69331504289653,965.9035981783139,0
18.799482261925647,0.079160587996256,347.69331504289653,966.5850275111568,0
18.825866215761206,0.07152266441371938,347.9184713076035,969.7608761367754,0
18.852250169596765,0.07152266441371938,348.14362757231055,969.7608761367754,0
18.87887641744183,0.07588795691580552,348.37085153371237,967.945787514408,0
18.87887641744183,0.055700333589700994,348.37085153371237,976.3398012934023,0
18.90526037127739,0.06388963517125729,348.5960077984194,972.9346896957912,0
18.93164432511295,0.05188641908663453,348.8211640631264,977.9256269437774,0
18.958270572958014,0.07698046538931384,349.0483880245282,967.4915224911233,0
18.958270572958014,0.07043505028028557,349.0483880245282,970.2131060934572,0
18.984654526793573,0.056251711588720665,349.27354428923525,976.11053832141,0
19.011038480629132,0.05679299501133665,349.49870055394223,975.8854726742862,0
19.037668456074343,0.06824988038514157,349.7259563260625,971.1216997358581,0
19.037668456074343,0.048067457295366225,349.7259563260625,979.5135512565868,0
19.064052409909902,0.06497724930469109,349.95111259076947,972.4824597391095,0
19.090678657754967,0.05406654169357668,350.1783365521713,977.0191319638108,0
19.117062611590526,0.06934254180677724,350.4034928168783,970.6673711167421,0
19.117062611590526,0.03769803310686779,350.4034928168783,983.8251578341643,0
19.143446565426082,0.05951944832909663,350.6286490815853,974.7518133847616,0
19.17007281327115,0.055700333589700994,350.8558730429872,976.3398012934023,0
19.19645676710671,0.060070673379988976,351.08102930769417,974.5226140086006,0
19.19645676710671,0.05679299501133665,351.08102930769417,975.8854726742862,0
19.222840720942266,0.06388963517125729,351.3061855724012,972.9346896957912,0
19.249224674777825,0.05297403322006835,351.5313418371082,977.4733969870956,0
19.275608628613384,0.04697479587373057,351.7564981018152,979.9678798757028,0
19.30223487645845,0.0627920794095471,351.98372206321704,973.3910533815103,0
19.30223487645845,0.057339172774027156,351.98372206321704,975.6583719605595,0
19.32861883029401,0.06715737191163325,352.208878327924,971.575964759143,0
19.355245078139077,0.05679299501133665,352.4361022893259,975.8854726742862,0
19.381629031974633,0.05679299501133665,352.6612585540329,975.8854726742862,0
19.381629031974633,0.053520210982758845,352.6612585540329,977.2462962733689,0
19.40801298581019,0.06770370262245107,352.8864148187399,971.3488004495848,0
19.434642961255406,0.06497724930469109,353.1136705908601,972.4824597391095,0
19.46126920910047,0.05461287240439451,353.34089455226194,976.7919676542527,0
19.46126920910047,0.052427702509250516,353.34089455226194,977.7005612966536,0
19.48765316293603,0.06334330446043945,353.566050816969,973.1618540053493,0
19.51403711677159,0.056251711588720665,353.79120708167596,976.11053832141,0
19.540421070607145,0.053520210982758845,354.016363346383,977.2462962733689,0
19.540421070607145,0.05079375766499887,354.016363346383,978.3799555628934,0
19.566801296842556,0.0627920794095471,354.2414878003716,973.3910533815103,0
19.593431272287773,0.05406654169357668,354.4687435724918,977.0191319638108,0
19.61981522612333,0.06388963517125729,354.69389983719884,972.9346896957912,0
19.61981522612333,0.0513400883758167,354.69389983719884,978.1527912533354,0
19.646199179958884,0.05788550348484498,354.9190561019058,975.4312076510015,0
19.672825427803954,0.06770370262245107,355.1462800633077,971.3488004495848,0
19.699209381639513,0.06552358001550893,355.3714363280147,972.2552954295514,0
19.699209381639513,0.05406654169357668,355.3714363280147,977.0191319638108,0
19.72583562948458,0.0513400883758167,355.5986602894165,978.1527912533354,0
19.752219583320137,0.05679299501133665,355.82381655412354,975.8854726742862,0
19.778603537155696,0.05788550348484498,356.0489728188305,975.4312076510015,0
19.778603537155696,0.05406654169357668,356.0489728188305,977.0191319638108,0
19.805233512600907,0.06443091859387327,356.2762285909508,972.7096240486675,0
19.831617466436466,0.06552358001550893,356.50138485565776,972.2552954295514,0
19.858001420272025,0.07206899512453721,356.7265411203648,969.5337118272174,0
19.858001420272025,0.0627920794095471,356.7265411203648,973.3910533815103,0
19.88462766811709,0.056251711588720665,356.9537650817666,976.11053832141,0
19.91101162195265,0.05788550348484498,357.1789213464736,975.4312076510015,0
19.93739557578821,0.05024757990230837,357.40407761118064,978.6070562766201,0
19.93739557578821,0.048067457295366225,357.40407761118064,979.5135512565868,0
19.964021823633274,0.04752112658454839,357.63130157258246,979.7407155661448,0
19.990405777468833,0.04206332560895393,357.8564578372895,982.0100692117969,0
20.017035752914047,0.057339172774027156,358.0837136094097,975.6583719605595,0
20.017035752914047,0.04970124919149054,358.0837136094097,978.8342205861783,0
20.043173685139948,0.052427702509250516,358.3067703667035,977.7005612966536,0
20.069799932985013,0.058431834195662814,358.53399432810534,975.2040433414434,0
20.096426180830086,0.0627920794095471,358.76121828950716,973.3910533815103,0
20.096426180830086,0.06061195680260496,358.76121828950716,974.2975483614769,0
20.12281013466564,0.056251711588720665,358.9863745542142,976.11053832141,0
20.149194088501197,0.0513400883758167,359.2115308189212,978.1527912533354,0
20.175578042336756,0.06606975777819943,359.4366870836282,972.0281947158247,0
20.175578042336756,0.05788550348484498,359.4366870836282,975.4312076510015,0
20.20220801778197,0.06170446527611329,359.6639428557484,973.8432833381921,0
20.228591971617526,0.06443091859387327,359.8890991204554,972.7096240486675,0
20.2552182194626,0.062250795986931125,360.1163230818573,973.616119028634,0
20.2552182194626,0.04752112658454839,360.1163230818573,979.7407155661448,0
20.281602173298154,0.05297403322006835,360.34147934656426,977.4733969870956,0
20.30798612713371,0.05788550348484498,360.5666356112713,975.4312076510015,0
20.33437008096927,0.06988887251759507,360.7917918759783,970.4402068071839,0
20.33437008096927,0.05461287240439451,360.7917918759783,976.7919676542527,0
20.360996328814338,0.06770370262245107,361.0190158373801,971.3488004495848,0
20.38762630425955,0.0687962110959594,361.24627160950035,970.8945354263001,0
20.41401025809511,0.07588795691580552,361.47142787420734,967.945787514408,0
20.41401025809511,0.06824988038514157,361.47142787420734,971.1216997358581,0
20.44039048433052,0.05406654169357668,361.696552328196,977.0191319638108,0
20.466774438166077,0.07043505028028557,361.921708592903,970.2131060934572,0
20.493400686011146,0.0786144102335655,362.1489325543048,966.8121282248835,0
20.519784639846705,0.055700333589700994,362.37408881901183,976.3398012934023,0
20.519784639846705,0.05515415582701049,362.37408881901183,976.566902007129,0
20.54616859368226,0.07152266441371938,362.5992450837188,969.7608761367754,0
20.572798569127475,0.07097633370290155,362.8265008558391,969.9880404463336,0
20.599182522963034,0.05897816490648065,363.05165712054605,974.9768790318853,0
20.599182522963034,0.055700333589700994,363.05165712054605,976.3398012934023,0
20.62556647679859,0.06388963517125729,363.2768133852531,972.9346896957912,0
20.652192724643655,0.06606975777819943,363.5040373466549,972.0281947158247,0
20.678576678479217,0.06552358001550893,363.7291936113619,972.2552954295514,0
20.678576678479217,0.058431834195662814,363.7291936113619,975.2040433414434,0
20.704960632314773,0.07807312681094951,363.95434987606893,967.0371938720072,0
20.73158688015984,0.07316150359804555,364.18157383747075,969.0794468039327,0
20.757970833995397,0.07643428762662334,364.4067301021778,967.71862320485,0
20.757970833995397,0.07152266441371938,364.4067301021778,969.7608761367754,0
20.78460080944061,0.07152266441371938,364.633985874298,969.7608761367754,0
20.810984763276167,0.08790616191690648,364.859142139005,962.9486178749503,0
20.83736498951158,0.09117389865728244,365.08426659299363,961.589892938302,0
20.83736498951158,0.08134071060319814,365.08426659299363,965.6785325311902,0
20.863994964956795,0.08134071060319814,365.31152236511383,965.6785325311902,0
20.890375191192206,0.09008643747197595,365.53664681910243,962.0420592991524,0
20.91675914502776,0.10263598426741653,365.76180308380947,956.8239577416082,0
20.91675914502776,0.09226656007891809,365.76180308380947,961.1355643191858,0
20.94338912047298,0.082448360941312,365.98905885592967,965.2179715206024,0
20.969773074308534,0.08681365344339814,366.2142151206367,963.402882898235,0
20.996157028144093,0.07424911773147935,366.4393713853437,968.6272168472509,0
20.996157028144093,0.05079375766499887,366.4393713853437,978.3799555628934,0
21.022783275989163,0.05079375766499887,366.6665953467455,978.3799555628934,0
21.049167229824718,0.06061195680260496,366.89175161145255,974.2975483614769,0
21.075793477669787,0.06661104120081542,367.11897557285437,971.803129068701,0
21.075793477669787,0.05024757990230837,367.11897557285437,978.6070562766201,0
21.103154062743677,0.06661104120081542,367.35246624577746,971.803129068701,0
21.129538016579232,0.06497724930469109,367.57762251048445,972.4824597391095,0
21.15616799202445,0.07043505028028557,367.80487828260465,970.2131060934572,0
21.15616799202445,0.0627920794095471,367.80487828260465,973.3910533815103,0
21.182794239869516,0.05188641908663453,368.0321022440065,977.9256269437774,0
21.20893589969556,0.05406654169357668,368.25519081201867,977.0191319638108,0
21.235562147540634,0.07152266441371938,368.48241477342054,969.7608761367754,0
21.235562147540634,0.0627920794095471,368.48241477342054,973.3910533815103,0
21.26194610137619,0.06443091859387327,368.7075710381275,972.7096240486675,0
21.288572349221255,0.062250795986931125,368.93479499952934,973.616119028634,0
21.314956303056814,0.06061195680260496,369.1599512642364,974.2975483614769,0
21.314956303056814,0.05461287240439451,369.1599512642364,976.7919676542527,0
21.341340256892373,0.055700333589700994,369.38510752894337,976.3398012934023,0
21.367970232337584,0.062250795986931125,369.6123633010636,973.616119028634,0
21.394350458572998,0.07152266441371938,369.8374877550522,969.7608761367754,0
21.394350458572998,0.06388963517125729,369.8374877550522,972.9346896957912,0
21.420734412408557,0.07588795691580552,370.06264401975926,967.945787514408,0
21.447364387853767,0.04152204218633794,370.28989979187946,982.2351348589207,0
21.47350232007967,0.06497724930469109,370.5129565491733,972.4824597391095,0
21.47350232007967,0.062250795986931125,370.5129565491733,973.616119028634,0
21.500128567924737,0.07643428762662334,370.7401805105751,967.71862320485,0
21.52675854336995,0.07152266441371938,370.9674362826953,969.7608761367754,0
21.55314249720551,0.06770370262245107,371.19259254740234,971.3488004495848,0
21.55314249720551,0.06606975777819943,371.19259254740234,972.0281947158247,0
21.57976874505058,0.05788550348484498,371.41981650880416,975.4312076510015,0
21.606152698886135,0.05788550348484498,371.64497277351114,975.4312076510015,0
21.63253665272169,0.06770370262245107,371.8701290382182,971.3488004495848,0
21.659162900566763,0.07152266441371938,372.09735299962,969.7608761367754,0
21.659162900566763,0.06170446527611329,372.09735299962,973.8432833381921,0
21.685546854402318,0.06606975777819943,372.32250926432704,972.0281947158247,0
21.711930808237874,0.06770370262245107,372.547665529034,971.3488004495848,0
21.738314762073433,0.07479529549416986,372.77282179374106,968.4001161335242,0
21.738314762073433,0.057339172774027156,372.77282179374106,975.6583719605595,0
21.76469871590899,0.06497724930469109,372.99797805844804,972.4824597391095,0
21.791324963754057,0.06770370262245107,373.22520201984986,971.3488004495848,0
21.817954939199275,0.06824988038514157,373.4524577919701,971.1216997358581,0
21.817954939199275,0.05951944832909663,373.4524577919701,974.7518133847616,0
21.84433889303483,0.05897816490648065,373.6776140566771,974.9768790318853,0
21.87071911927024,0.06061195680260496,373.90273851066576,974.2975483614769,0
21.8971030731058,0.05897816490648065,374.12789477537274,974.9768790318853,0
21.8971030731058,0.045335956689404405,374.12789477537274,980.6493092085457,0
21.923733048551014,0.05897816490648065,374.35515054749294,974.9768790318853,0
21.95011700238657,0.07370783430886337,374.5803068122,968.8522824943747,0
21.97674325023164,0.06170446527611329,374.8075307736018,973.8432833381921,0
21.97674325023164,0.05461287240439451,374.8075307736018,976.7919676542527,0
22.003127204067198,0.060070673379988976,375.03268703830884,974.5226140086006,0
22.029511157902753,0.06988887251759507,375.2578433030158,970.4402068071839,0
22.055895111738312,0.07152266441371938,375.48299956772286,969.7608761367754,0
22.055895111738312,0.06115828751342279,375.48299956772286,974.0703840519188,0
22.08252135958338,0.05679299501133665,375.7102235291247,975.8854726742862,0
22.109151335028592,0.06606975777819943,375.9374793012449,972.0281947158247,0
22.135289267254496,0.07479529549416986,376.1605360585387,968.4001161335242,0
22.135289267254496,0.05951944832909663,376.1605360585387,974.7518133847616,0
22.16191924269971,0.06061195680260496,376.3877918306589,974.2975483614769,0
22.18829946893512,0.04588228740022223,376.61291628464755,980.4221448989875,0
22.214929444380335,0.05679299501133665,376.84017205676776,975.8854726742862,0
22.214929444380335,0.05461287240439451,376.84017205676776,976.7919676542527,0
22.241313398215894,0.055700333589700994,377.06532832147474,976.3398012934023,0
22.267693624451304,0.07206899512453721,377.2904527754634,969.5337118272174,0
22.294323599896515,0.06934254180677724,377.5177085475836,970.6673711167421,0
22.294323599896515,0.06770370262245107,377.5177085475836,971.3488004495848,0
22.320707553732074,0.05951944832909663,377.74286481229063,974.7518133847616,0
22.347091507567633,0.06934254180677724,377.9680210769976,970.6673711167421,0
22.3737177554127,0.07534162620498769,378.19524503839943,968.1729518239662,0
22.3737177554127,0.05788550348484498,378.19524503839943,975.4312076510015,0
22.400101709248258,0.05951944832909663,378.4204013031065,974.7518133847616,0
22.426485663083817,0.056251711588720665,378.64555756781346,976.11053832141,0
22.453111910928882,0.07807312681094951,378.87278152921533,967.0371938720072,0
22.453111910928882,0.06606975777819943,378.87278152921533,972.0281947158247,0
22.47949586476444,0.11681932295898143,379.0979377939223,950.9265255136555,0
22.506125840209656,0.13263660649479797,379.3251935660425,944.3496990194631,0
22.53250979404521,0.1528441130774552,379.55034983074955,935.9474177823942,0
22.53250979404521,0.11190769974607746,379.55034983074955,952.968778445581,0
22.558893747880774,0.1020896535565987,379.77550609545654,957.0511220511663,0
22.58551999572584,0.09881197518794638,380.00273005685835,958.4139807168519,0
22.611903949561395,0.09117389865728244,380.2278863215654,961.589892938302,0
22.611903949561395,0.07261517288722771,380.2278863215654,969.3066111134907,0
22.638287903396954,0.079160587996256,380.4530425862724,966.5850275111568,0
22.664914151242023,0.09390539926324426,380.68026654767425,960.4541349863431,0
22.69129810507758,0.08735998415421597,380.90542281238123,963.175718588677,0
22.69129810507758,0.07316150359804555,380.90542281238123,969.0794468039327,0
22.717682058913137,0.079160587996256,381.13057907708827,966.5850275111568,0
22.744308306758207,0.08354102236294766,381.3578030384901,964.7636429014864,0
22.770692260593762,0.08354102236294766,381.5829593031971,964.7636429014864,0
22.79707621442932,0.10644989877048298,381.8081155679041,955.2381320912332,0
22.79707621442932,0.10154332284578087,381.8081155679041,957.2782863607243,0
22.82346016826488,0.10644989877048298,382.0332718326111,955.2381320912332,0
22.850086416109946,0.09281778512981044,382.26049579401297,960.9063649430249,0
22.876716391555156,0.1020896535565987,382.48775156613317,957.0511220511663,0
22.876716391555156,0.07643428762662334,382.48775156613317,967.71862320485,0
22.903100345390715,0.079160587996256,382.71290783084015,966.5850275111568,0
22.929484299226274,0.08079942718058215,382.9380640955472,965.9035981783139,0
22.95611054707134,0.082448360941312,383.165288056949,965.2179715206024,0
22.95611054707134,0.08025324941789165,383.165288056949,966.1306988920406,0
22.9824945009069,0.05515415582701049,383.39044432165605,976.566902007129,0
23.008878454742458,0.06497724930469109,383.61560058636303,972.4824597391095,0
23.035262408578014,0.07643428762662334,383.84075685107007,967.71862320485,0
23.035262408578014,0.062250795986931125,383.84075685107007,973.616119028634,0
23.061888656423083,0.07316150359804555,384.0679808124719,969.0794468039327,0
23.08827261025864,0.07152266441371938,384.29313707717887,969.7608761367754,0
23.114656564094197,0.07752174881192983,384.5182933418859,967.2664568439995,0
23.141282811939266,0.05788550348484498,384.7455173032877,975.4312076510015,0
23.16791278738448,0.06170446527611329,384.97277307540793,973.8432833381921,0
23.19405071961038,0.07643428762662334,385.19582983270175,967.71862320485,0
23.19405071961038,0.06388963517125729,385.19582983270175,972.9346896957912,0
23.22067696745545,0.06497724930469109,385.42305379410357,972.4824597391095,0
23.24706092129101,0.06715737191163325,385.6482100588106,971.575964759143,0
23.27369089673622,0.055700333589700994,385.8754658309308,976.3398012934023,0
23.27369089673622,0.04860874071798221,385.8754658309308,979.288485609463,0
23.30007485057178,0.07698046538931384,386.10062209563785,967.4915224911233,0
23.326458804407338,0.055700333589700994,386.3257783603448,976.3398012934023,0
23.353085052252403,0.08899377605034028,386.55300232174665,962.4963879182685,0
23.353085052252403,0.07643428762662334,386.55300232174665,967.71862320485,0
23.379469006087962,0.06770370262245107,386.7781585864537,971.3488004495848,0
23.40585295992352,0.06934254180677724,387.00331485116067,970.6673711167421,0
23.432479207768587,0.0687962110959594,387.23053881256254,970.8945354263001,0
23.432479207768587,0.06661104120081542,387.23053881256254,971.803129068701,0
23.458863161604143,0.07643428762662334,387.4556950772695,967.71862320485,0
23.485247115439705,0.07424911773147935,387.68085134197656,968.6272168472509,0
23.511877090884916,0.08299469165212983,387.90810711409677,964.9908072110444,0
23.511877090884916,0.08188704131401597,387.90810711409677,965.4513682216322,0
23.538257317120326,0.09117389865728244,388.13323156808536,961.589892938302,0
23.56488729256554,0.06606975777819943,388.3604873402056,972.0281947158247,0
23.591267518800954,0.07588795691580552,388.5856117941942,967.945787514408,0
23.591267518800954,0.06388963517125729,388.5856117941942,972.9346896957912,0
23.61765147263651,0.06715737191163325,388.81076805890126,971.575964759143,0
23.644281448081724,0.06715737191163325,389.03802383102146,971.575964759143,0
23.670665401917283,0.07043505028028557,389.26318009572844,970.2131060934572,0
23.670665401917283,0.06824988038514157,389.26318009572844,971.1216997358581,0
23.69704935575284,0.06443091859387327,389.4883363604355,972.7096240486675,0
23.723433309588398,0.07970691870707382,389.71349262514246,966.3578632015987,0
23.750059557433467,0.08626732273258031,389.94071658654434,963.6300472077932,0
23.750059557433467,0.08299469165212983,389.94071658654434,964.9908072110444,0
23.776443511269022,0.079160587996256,390.1658728512513,966.5850275111568,0
23.80306975911409,0.06606975777819943,390.39309681265314,972.0281947158247,0
23.82945371294965,0.060070673379988976,390.6182530773602,974.5226140086006,0
23.82945371294965,0.05515415582701049,390.6182530773602,976.566902007129,0
23.855837666785206,0.07534162620498769,390.84340934206716,968.1729518239662,0
23.88246764223042,0.07479529549416986,391.0706651141874,968.4001161335242,0
23.90885159606598,0.07807312681094951,391.2958213788944,967.0371938720072,0
23.935477843911045,0.079160587996256,391.5230453402962,966.5850275111568,0
23.961861797746604,0.079160587996256,391.74820160500326,966.5850275111568,0
23.988242023982014,0.07479529549416986,391.97332605899186,968.4001161335242,0
24.014625977817573,0.08134071060319814,392.1984823236989,965.6785325311902,0
24.014625977817573,0.07752174881192983,392.1984823236989,967.2664568439995,0
24.041255953262787,0.0627920794095471,392.4257380958191,973.3910533815103,0
24.067639907098346,0.09390539926324426,392.65089436052614,960.4541349863431,0
24.094266154943412,0.08899530553161357,392.87811832192796,962.4957519599551,0
24.094266154943412,0.08899377605034028,392.87811832192796,962.4963879182685,0
24.094266154943412,0.07534315568626097,392.87811832192796,968.1723158656526,0
24.120650108778968,0.08463001302952744,393.10327458663494,964.3108405823225,0
24.147034062614527,0.08517634374034527,393.328430851342,964.0836762727645,0
24.173418016450086,0.09499438992982402,393.55358711604896,960.0013326671792,0
24.173418016450086,0.08844897482079575,393.55358711604896,962.7229162695131,0
24.20004426429515,0.07970340090014527,393.78081107745084,966.3593259057196,0
24.226674239740365,0.09226808956019138,394.00806684957104,961.1349283608724,0
24.25281217196627,0.09172175884937354,394.23112360686486,961.3620926704305,0
24.25281217196627,0.08844897482079575,394.23112360686486,962.7229162695131,0
24.279438419811335,0.10153980503885231,394.4583475682667,957.2797490648452,0
24.30606839525655,0.08899530553161357,394.6856033403869,962.4957519599551,0
24.332452349092108,0.10263246646048797,394.9107596050939,956.8254204457292,0
24.332452349092108,0.0900878140051219,394.9107596050939,962.0414869366704,0
24.35883257532752,0.08735646634728741,395.1358840590825,963.1771812927979,0
24.385216529163074,0.0960919456915342,395.36104032378955,959.5449689814601,0
24.41184650460829,0.09554072064064185,395.58829609590975,959.7741683576211,0
24.41184650460829,0.06770523210372435,395.58829609590975,971.3481644912714,0
24.438230458443847,0.09117542813855573,395.81345236061674,961.5892569799885,0
24.464614412279406,0.07861578676671145,396.0386086253238,966.8115558624014,0
24.491240660124475,0.09281426732288188,396.2658325867256,960.9078276471457,0
24.491240660124475,0.06333993960163822,396.2658325867256,973.1632531136388,0
24.51762461396003,0.06225232546820441,396.49098885143263,973.6154830703206,0
24.544008567795586,0.07152419389499266,396.7161451161396,969.760240178462,0
24.57063481564066,0.08134224008447143,396.94336907754143,965.6778965728768,0
24.57063481564066,0.07261165508029915,396.94336907754143,969.3080738176116,0
24.597018769476215,0.07643566415976931,397.1685253422485,967.7180508423679,0
24.62364874492143,0.06552006220858037,397.3957811143687,972.2567581336723,0
24.65002897115684,0.08188857079528926,397.62090556835733,965.4507322633187,0
24.65002897115684,0.07970340090014527,397.62090556835733,966.3593259057196,0
24.6764129249924,0.06715890139290653,397.8460618330643,971.5753288008294,0
24.70304290043761,0.07097786318417483,398.0733176051845,969.98740448802,0
24.72942685427317,0.08299622113340312,398.29847386989155,964.990171252731,0
24.72942685427317,0.07152419389499266,398.29847386989155,969.760240178462,0
24.755807080508582,0.06988535471066651,398.52359832388015,970.4416695113049,0
24.782191034344137,0.06388611736432873,398.7487545885872,972.9361523999121,0
24.808574988179693,0.07425064721275264,398.97391085329417,968.6265808889375,0
24.808574988179693,0.0524292319905238,398.97391085329417,977.6999253383402,0
24.83520496362491,0.08572252150303576,399.2011666254144,963.8565755590378,0
24.861831211469976,0.08408872960691145,399.42839058681625,964.5359062294463,0
24.888215165305535,0.07425064721275264,399.65354685152323,968.6265808889375,0
24.888215165305535,0.05570186307097428,399.65354685152323,976.3391653350889,0
24.914599119141094,0.06279360889082039,399.87870311623027,973.3904174231968,0
24.94122536698616,0.07479682497544314,400.1059270776321,968.3994801752108,0
24.967609320821715,0.07479682497544314,400.33108334233907,968.3994801752108,0
24.967609320821715,0.07425064721275264,400.33108334233907,968.6265808889375,0
24.994239296266933,0.07479682497544314,400.55833911445933,968.3994801752108,0
25.02062325010249,0.08080095666185544,400.7834953791663,965.9029622200005,0
25.047003476337903,0.06715890139290653,401.00861983315497,971.5753288008294,0
25.073387430173458,0.07806960900402095,401.23377609786195,967.0386565761281,0
25.073387430173458,0.061159816994696074,401.23377609786195,974.0697480936053,0
25.100017405618672,0.07097786318417483,401.46103186998215,969.98740448802,0
25.12640135945423,0.06497877878596438,401.6861881346892,972.481823780796,0
25.15278158568964,0.061159816994696074,401.9113125886778,974.0697480936053,0
25.15278158568964,0.05352174046403214,401.9113125886778,977.2456603150555,0
25.179411561134856,0.06170094746918473,402.13856836079805,973.844746042313,0
25.20579551497041,0.08244989042258528,402.36372462550503,965.217335562289,0
25.23242176281548,0.06879774057723269,402.59094858690685,970.8938994679867,0
25.23242176281548,0.06825140986641486,402.59094858690685,971.1210637775447,0
25.25880571665104,0.07261165508029915,402.8161048516139,969.3080738176116,0
25.285924007715423,0.06988535471066651,403.04752782784215,970.4416695113049,0
25.312307961550978,0.07479682497544314,403.2726840925491,968.3994801752108,0
25.312307961550978,0.05570186307097428,403.2726840925491,976.3391653350889,0
25.338934209396044,0.08134224008447143,403.49990805395095,965.6778965728768,0
25.3653181632316,0.06825140986641486,403.725064318658,971.1210637775447,0
25.39194441107667,0.07916211747752928,403.9522882800598,966.5843915528433,0
25.39194441107667,0.07588443910887696,403.9522882800598,967.947250218529,0
25.418086070902717,0.09663322911415019,404.175376848072,959.3199033343363,0
25.444712318747783,0.08080095666185544,404.4026008094738,965.9029622200005,0
25.471338566592852,0.07643566415976931,404.62982477087564,967.7180508423679,0
25.471338566592852,0.05024910938358166,404.62982477087564,978.6064203183067,0
25.49772252042841,0.07916211747752928,404.8549810355827,966.5843915528433,0
25.524106474263967,0.06279360889082039,405.08013730028966,973.3904174231968,0
25.55049042809953,0.08681518292467143,405.3052935649967,963.4022469399216,0
25.55049042809953,0.07534315568626097,405.3052935649967,968.1723158656526,0
25.57712040354474,0.07916211747752928,405.5325493371169,966.5843915528433,0
25.60350062978015,0.07479682497544314,405.75767379110556,968.3994801752108,0
25.629884583615706,0.06988535471066651,405.98283005581254,970.4416695113049,0
25.656514559060923,0.08134224008447143,406.21008582793274,965.6778965728768,0
25.68289851289648,0.07698199487058713,406.4352420926398,967.4908865328099,0
25.70928246673204,0.09281426732288188,406.66039835734676,960.9078276471457,0
25.70928246673204,0.07261165508029915,406.66039835734676,969.3080738176116,0
25.735908714577107,0.07588443910887696,406.88762231874864,967.947250218529,0
25.762534962422173,0.0862688522138536,407.11484628015046,963.6294112494796,0
25.78891891625773,0.11136305146466025,407.34000254485744,953.1952432009942,0
25.78891891625773,0.10209118303787199,407.34000254485744,957.0504860928528,0
25.81530287009329,0.11408935183429289,407.5651588095645,952.061647507301,0
25.841686823928846,0.13536458929383122,407.79031507427146,943.215403771625,0
25.868313071773912,0.12936535194749343,408.01753903567334,945.7098866602322,0
25.868313071773912,0.12773156005136913,408.01753903567334,946.3892173306407,0
25.894697025609474,0.1315454745544356,408.2426953003803,944.8033916802657,0
25.92108097944503,0.13918355108509953,408.46785156508736,941.6274794588156,0
25.94771095489024,0.12390755097189898,408.69510733720756,947.9792403058844,0
25.94771095489024,0.11081672075384241,408.69510733720756,953.4224075105524,0
25.974094908725803,0.0939018814563157,408.92026360191454,960.455597690464,0
26.000475134961214,0.09772589053578584,409.1453880559032,958.8655747152202,0
26.027105110406424,0.10917788156951626,409.3726438280234,954.1038368433951,0
26.027105110406424,0.09226808956019138,409.3726438280234,961.1349283608724,0
26.053489064241983,0.09445310650720803,409.59780009273044,960.2263983143029,0
26.079873018077542,0.07698199487058713,409.8229563574374,967.4908865328099,0
26.106499265922608,0.08354239889609362,410.05018031883924,964.7630705390043,0
26.106499265922608,0.07479682497544314,410.05018031883924,968.3994801752108,0
26.132883219758167,0.0895416362424314,410.2753365835463,962.268587650397,0
26.159509467603232,0.09554072064064185,410.5025605449481,959.7741683576211,0
26.18589342143879,0.10809026743608244,410.72771680965513,954.5560668000769,0
26.212277375274347,0.09717955982496802,410.9528730743621,959.0927390247783,0
26.212277375274347,0.09281426732288188,410.9528730743621,960.9078276471457,0
26.238907350719565,0.09117542813855573,411.1801288464823,961.5892569799885,0
26.265287576954975,0.09063414471593974,411.405253300471,961.8143226271122,0
26.29167153079053,0.10535891977824795,411.63040956517796,955.6917611562045,0
26.29167153079053,0.09663322911415019,411.63040956517796,959.3199033343363,0
26.318301506235745,0.09499438992982402,411.8576653372982,960.0013326671792,0
26.344685460071304,0.11081672075384241,412.0828216020052,953.4224075105524,0
26.371065686306714,0.08899530553161357,412.30794605599385,962.4957519599551,0
26.371065686306714,0.08463001302952744,412.30794605599385,964.3108405823225,0
26.39769566175193,0.09827222124660367,412.53520182811405,958.6384104056622,0
26.424079615587488,0.1059101448291403,412.76035809282104,955.4625617800434,0
26.450705863432553,0.10209118303787199,412.9875820542229,957.0504860928528,0
26.450705863432553,0.08790279705810525,412.9875820542229,962.9500169832398,0
26.476847523258606,0.1173621358628707,413.21067062223506,950.7008239082184,0
26.50347377110367,0.12172742836495683,413.43789458363693,948.885735285851,0
26.530100018948737,0.14027605955860786,413.66511854503875,941.1732144355309,0
26.530100018948737,0.13263813597607124,413.66511854503875,944.3490630611495,0
26.556483972784296,0.18830421870983172,413.89027480974573,921.203105860452,0
26.582867926619855,0.17739351109871732,414.1154310744528,925.7397780851534,0
26.609497902065065,0.23250836878158546,414.342686846573,902.8230202606168,0
26.609497902065065,0.21285208724982055,414.342686846573,910.9961021215246,0
26.635881855900625,0.26251403829716874,414.56784311127996,890.3466628760373,0
26.66226208213604,0.2526958391595626,414.7929675652686,894.4290700774538,0
26.688646035971598,0.2723320844866475,415.0181238299756,886.264319270452,0
26.688646035971598,0.25650990661075646,415.0181238299756,892.8431808312475,0
26.715276011416808,0.20303388811221446,415.24537960209585,915.0785093229413,0
26.741659965252367,0.2035802188230323,415.47053586680283,914.8513450133831,0
26.768040191487778,0.15721093506081463,415.6956603207915,934.1316932017132,0
26.768040191487778,0.12881917418480293,415.6956603207915,945.9369873739589,0
26.794670166932992,0.10972405933220675,415.9229160929117,953.8767361296684,0
26.821296414778057,0.08681518292467143,416.1501400543135,963.4022469399216,0
26.847680368613617,0.09499438992982402,416.37529631902055,960.0013326671792,0
26.847680368613617,0.07479682497544314,416.37529631902055,968.3994801752108,0
26.874064322449172,0.06934407128805052,416.60045258372753,970.6667351584285,0
26.900694297894386,0.06825140986641486,416.82770835584773,971.1210637775447,0
26.9270745241298,0.0862688522138536,417.0528328098364,963.6294112494796,0
26.9270745241298,0.07588443910887696,417.0528328098364,967.947250218529,0
26.953458477965356,0.07316303307931883,417.27798907454337,969.0788108456193,0
26.97984243180092,0.07207037165768317,417.5031453392504,969.5331394647353,0
27.00647240724613,0.07370431650193482,417.7304011113706,968.8537451984955,0
27.00647240724613,0.06825140986641486,417.7304011113706,971.1210637775447,0
27.032856361081688,0.07861578676671145,417.95555737607765,966.8115558624014,0
27.059236587317102,0.08024973161096309,418.18068183006625,966.1321615961615,0
27.085866562762313,0.06879774057723269,418.40793760218645,970.8938994679867,0
27.085866562762313,0.05897464709955209,418.40793760218645,974.9783417360062,0
27.11225051659787,0.07643566415976931,418.6330938668935,967.7180508423679,0
27.13863447043343,0.07861578676671145,418.85825013160047,966.8115558624014,0
27.165260718278496,0.07588443910887696,419.08547409300235,967.947250218529,0
27.165260718278496,0.06825140986641486,419.08547409300235,971.1210637775447,0
27.191644672114055,0.0862688522138536,419.31063035770933,963.6294112494796,0
27.21827091995912,0.07479682497544314,419.53785431911115,968.3994801752108,0
27.24465487379468,0.0862688522138536,419.7630105838182,963.6294112494796,0
27.24465487379468,0.07152419389499266,419.7630105838182,969.760240178462,0
27.27103882763024,0.07534315568626097,419.98816684852517,968.1723158656526,0
27.297422781465794,0.0666125706820887,420.2133231132322,971.8024931103876,0
27.324049029310864,0.07643566415976931,420.440547074634,967.7180508423679,0
27.324049029310864,0.06934407128805052,420.440547074634,970.6667351584285,0
27.350432983146423,0.08735646634728741,420.66570333934106,963.1771812927979,0
27.377062958591633,0.07698199487058713,420.89295911146127,967.4908865328099,0
27.403446912427192,0.07534315568626097,421.11811537616825,968.1723158656526,0
27.42983086626275,0.0895416362424314,421.3432716408753,962.268587650397,0
27.42983086626275,0.08790279705810525,421.3432716408753,962.9500169832398,0
27.456457114107813,0.09663322911415019,421.5704956022771,959.3199033343363,0
27.482841067943376,0.08134224008447143,421.79565186698414,965.6778965728768,0
27.509225021778935,0.07588443910887696,422.0208081316911,967.947250218529,0
27.509225021778935,0.06552006220858037,422.0208081316911,972.2567581336723,0
27.535851269623997,0.0939018814563157,422.24803209309295,960.455597690464,0
27.56223522345956,0.06333993960163822,422.4731883578,973.1632531136388,0
27.588619177295115,0.08790279705810525,422.69834462250697,962.9500169832398,0
27.588619177295115,0.07479682497544314,422.69834462250697,968.3994801752108,0
27.61524542514018,0.07588443910887696,422.92556858390884,967.947250218529,0
27.641629378975743,0.07479682497544314,423.1507248486158,968.3994801752108,0
27.6680133328113,0.07316303307931883,423.37588111332286,969.0788108456193,0
27.6680133328113,0.06715890139290653,423.37588111332286,971.5753288008294,0
27.694643308256513,0.07425064721275264,423.60313688544306,968.6265808889375,0
27.721023534491923,0.08188857079528926,423.82826133943166,965.4507322633187,0
27.747653509937138,0.08408872960691145,424.0555171115519,964.5359062294463,0
27.747653509937138,0.06770523210372435,424.0555171115519,971.3481644912714,0
27.774037463772697,0.07970340090014527,424.2806733762589,966.3593259057196,0
27.800421417608256,0.09281426732288188,424.50582964096594,960.9078276471457,0
27.82680537144381,0.09663322911415019,424.7309859056729,959.3199033343363,0
27.82680537144381,0.06988535471066651,424.7309859056729,970.4416695113049,0
27.85343161928888,0.06497877878596438,424.95820986707474,972.481823780796,0
27.879815573124436,0.08572252150303576,425.1833661317818,963.8565755590378,0
27.906199526959995,0.07425064721275264,425.40852239648876,968.6265808889375,0
27.906199526959995,0.061159816994696074,425.40852239648876,974.0697480936053,0
27.932825774805064,0.08080095666185544,425.63574635789064,965.9029622200005,0
27.95920972864062,0.07861578676671145,425.8609026225976,966.8115558624014,0
27.985839704085834,0.07588443910887696,426.0881583947178,967.947250218529,0
27.985839704085834,0.07043153247335701,426.0881583947178,970.2145687975782,0
28.012219930321244,0.07806960900402095,426.3132828487065,967.0386565761281,0
28.038603884156803,0.0900878140051219,426.53843911341346,962.0414869366704,0
28.064987837992362,0.09172175884937354,426.7635953781205,961.3620926704305,0
28.064987837992362,0.07752327829320312,426.7635953781205,967.2658208856861,0
28.091617813437576,0.0900878140051219,426.9908511502407,962.0414869366704,0
28.117998039672987,0.07425064721275264,427.21597560422936,968.6265808889375,0
28.1446280151182,0.09063414471593974,427.44323137634956,961.8143226271122,0
28.1446280151182,0.08354239889609362,427.44323137634956,964.7630705390043,0
28.171011968953756,0.07261165508029915,427.66838764105654,969.3080738176116,0
28.197395922789315,0.0862688522138536,427.8935439057636,963.6294112494796,0
28.224022170634385,0.09117542813855573,428.1207678671654,961.5892569799885,0
28.224022170634385,0.07261165508029915,428.1207678671654,969.3080738176116,0
28.25040612446994,0.08899530553161357,428.34592413187244,962.4957519599551,0
28.277032372315006,0.07534315568626097,428.57314809327426,968.1723158656526,0
28.30341632615057,0.07425064721275264,428.79830435798124,968.6265808889375,0
28.30341632615057,0.07097786318417483,428.79830435798124,969.98740448802,0
28.329800279986124,0.08844897482079575,429.0234606226883,962.7229162695131,0
28.356184233821683,0.0895416362424314,429.24861688739526,962.268587650397,0
28.382814209266897,0.08080095666185544,429.4758726595155,965.9029622200005,0
28.382814209266897,0.07261165508029915,429.4758726595155,969.3080738176116,0
28.409194435502307,0.08681518292467143,429.7009971135041,963.4022469399216,0
28.435578389337863,0.08188857079528926,429.92615337821115,965.4507322633187,0
28.46220836478308,0.08080095666185544,430.15340915033136,965.9029622200005,0
28.46220836478308,0.07534315568626097,430.15340915033136,968.1723158656526,0
28.488592318618636,0.06333993960163822,430.37856541503834,973.1632531136388,0
28.515218566463705,0.06934407128805052,430.6057893764402,970.6667351584285,0
28.54160252029926,0.08844897482079575,430.8309456411472,962.7229162695131,0
28.56798647413482,0.0939018814563157,431.05610190585423,960.455597690464,0
28.56798647413482,0.08244989042258528,431.05610190585423,965.217335562289,0
28.59461272197989,0.08844897482079575,431.28332586725605,962.7229162695131,0
28.620996675815444,0.08408872960691145,431.50848213196304,964.5359062294463,0
28.647380629651003,0.09172175884937354,431.7336383966701,961.3620926704305,0
28.647380629651003,0.08408872960691145,431.7336383966701,964.5359062294463,0
28.67376458348656,0.08681518292467143,431.95879466137706,963.4022469399216,0
28.700390831331628,0.08517634374034527,432.18601862277893,964.0836762727645,0
28.726774785167184,0.08844897482079575,432.4111748874859,962.7229162695131,0
28.726774785167184,0.08463001302952744,432.4111748874859,964.3108405823225,0
28.753158739002743,0.10099852161623632,432.63633115219295,957.504814711969,0
28.779788714447957,0.0895416362424314,432.86358692431315,962.268587650397,0
28.806414962293026,0.08681518292467143,433.090810885715,963.4022469399216,0
28.806414962293026,0.08080095666185544,433.090810885715,965.9029622200005,0
28.832552894518926,0.08681518292467143,433.3138676430088,963.4022469399216,0
28.85918286996414,0.07752327829320312,433.541123415129,967.2658208856861,0
28.88580911780921,0.09226808956019138,433.7683473765308,961.1349283608724,0
28.88580911780921,0.07698199487058713,433.7683473765308,967.4908865328099,0
28.912193071644765,0.08517634374034527,433.99350364123785,964.0836762727645,0
28.938577025480324,0.08681518292467143,434.21865990594483,963.4022469399216,0
28.96496097931588,0.09499438992982402,434.44381617065187,960.0013326671792,0
28.96496097931588,0.08080095666185544,434.44381617065187,965.9029622200005,0
28.99158722716095,0.08244989042258528,434.6710401320537,965.217335562289,0
29.017971180996508,0.08024973161096309,434.8961963967607,966.1321615961615,0
29.044355134832063,0.08844897482079575,435.1213526614677,962.7229162695131,0
29.044355134832063,0.07916211747752928,435.1213526614677,966.5843915528433,0
29.070981382677132,0.0862688522138536,435.34857662286953,963.6294112494796,0
29.097365336512688,0.09717955982496802,435.57373288757657,959.0927390247783,0
29.123749290348247,0.09063414471593974,435.79888915228355,961.8143226271122,0
29.123749290348247,0.0900878140051219,435.79888915228355,962.0414869366704,0
29.15037926579346,0.08790279705810525,436.02614492440375,962.9500169832398,0
29.176763219629017,0.08844897482079575,436.2513011891108,962.7229162695131,0
29.203389467474086,0.08844897482079575,436.4785251505126,962.7229162695131,0
29.229773421309645,0.08299622113340312,436.70368141521965,964.990171252731,0
29.2561573751452,0.09063414471593974,436.92883767992663,961.8143226271122,0
29.28278362299027,0.10045234385354582,437.15606164132845,957.7319154256957,0
29.28278362299027,0.08844897482079575,437.15606164132845,962.7229162695131,0
29.30916757682583,0.07806960900402095,437.3812179060355,967.0386565761281,0
29.335551530661384,0.10645142825175627,437.60637417074247,955.2374961329198,0
29.362177778506453,0.1069977589625741,437.83359813214435,955.0103318233616,0
29.362177778506453,0.10427130564481413,437.83359813214435,956.1439911128863,0
29.38856173234201,0.09499438992982402,438.0587543968513,960.0013326671792,0
29.414945686177568,0.10645142825175627,438.28391066155837,955.2374961329198,0
29.442552292861112,0.11081672075384241,438.5195008418946,953.4224075105524,0
29.442552292861112,0.10099852161623632,438.5195008418946,957.504814711969,0
29.468932519096526,0.12390755097189898,438.7446252958832,947.9792403058844,0
29.495316472932082,0.10099852161623632,438.96978156059026,957.504814711969,0
29.521946448377296,0.11245555993816857,439.19703733271047,952.7409781777095,0
29.521946448377296,0.1075439367252646,439.19703733271047,954.7832311096349,0
29.548330402212855,0.10263246646048797,439.4221935974175,956.8254204457292,0
29.574956650057924,0.08408872960691145,439.6494175588193,964.5359062294463,0
29.60134060389348,0.09717955982496802,439.8745738235263,959.0927390247783,0
29.60134060389348,0.08735646634728741,439.8745738235263,963.1771812927979,0
29.62772455772904,0.08844897482079575,440.09973008823334,962.7229162695131,0
29.654350805574104,0.08408872960691145,440.32695404963516,964.5359062294463,0
29.68098078101932,0.09117542813855573,440.55420982175536,961.5892569799885,0
29.707364734854877,0.08408872960691145,440.7793660864624,964.5359062294463,0
29.707364734854877,0.07861578676671145,440.7793660864624,966.8115558624014,0
29.733748688690437,0.07152419389499266,441.0045223511694,969.760240178462,0
29.760132642525992,0.08134224008447143,441.2296786158764,965.6778965728768,0
29.786512868761402,0.09336059803369971,441.454803069865,960.6806633375877,0
29.786512868761402,0.08354239889609362,441.454803069865,964.7630705390043,0
29.813142844206617,0.07752327829320312,441.6820588419853,967.2658208856861,0
29.839526798042176,0.08899530553161357,441.90721510669226,962.4957519599551,0
29.865907024277586,0.09226808956019138,442.1323395606809,961.1349283608724,0
29.865907024277586,0.08299622113340312,442.1323395606809,964.990171252731,0
29.8925369997228,0.1037249749339963,442.3595953328011,956.3711554224443,0
29.91892095355836,0.07806960900402095,442.5847515975081,967.0386565761281,0
29.945547201403425,0.08244989042258528,442.81197555891,965.217335562289,0
29.945547201403425,0.06770523210372435,442.81197555891,971.3481644912714,0
29.971931155238984,0.08844897482079575,443.03713182361696,962.7229162695131,0
29.99831510907454,0.08134224008447143,443.262288088324,965.6778965728768,0
30.02494135691961,0.08299622113340312,443.4895120497258,964.990171252731,0
30.02494135691961,0.08080095666185544,443.4895120497258,965.9029622200005,0
30.051325310755168,0.07698199487058713,443.7146683144328,967.4908865328099,0
30.077709264590723,0.09935968243191017,443.93982457913984,958.1862440448117,0
30.104339240035937,0.09063414471593974,444.16708035126004,961.8143226271122,0
30.104339240035937,0.08735646634728741,444.16708035126004,963.1771812927979,0
30.130723193871496,0.09445310650720803,444.3922366159671,960.2263983143029,0
30.157107147707052,0.0666125706820887,444.61739288067406,971.8024931103876,0
30.18373339555212,0.10153980503885231,444.8446168420759,957.2797490648452,0
30.18373339555212,0.0895416362424314,444.8446168420759,962.268587650397,0
30.21011734938768,0.0939018814563157,445.0697731067829,960.455597690464,0
30.236743597232746,0.10481763635563196,445.29699706818474,955.9168268033283,0
30.262881529458646,0.08572252150303576,445.52005382547856,963.8565755590378,0
30.262881529458646,0.08517634374034527,445.52005382547856,964.0836762727645,0
30.289511504903864,0.10427130564481413,445.74730959759876,956.1439911128863,0
30.31613775274893,0.10099852161623632,445.9745335590006,957.504814711969,0
30.34252170658449,0.09281426732288188,446.1996898237076,960.9078276471457,0
30.34252170658449,0.06715890139290653,446.1996898237076,971.5753288008294,0
30.368905660420044,0.08188857079528926,446.4248460884146,965.4507322633187,0
30.395289614255603,0.08354239889609362,446.65000235312164,964.7630705390043,0
30.421915862100672,0.09881350466921966,446.87722631452345,958.4133447585384,0
30.421915862100672,0.09336059803369971,446.87722631452345,960.6806633375877,0
30.448299815936227,0.0862688522138536,447.1023825792305,963.6294112494796,0
30.47492979138144,0.08844897482079575,447.3296383513507,962.7229162695131,0
30.501313745217,0.07261165508029915,447.5547946160577,969.3080738176116,0
30.501313745217,0.06606623997127087,447.5547946160577,972.0296574199456,0
30.527697699052556,0.08244989042258528,447.7799508807647,965.217335562289,0
30.554081652888115,0.08572252150303576,448.0051071454717,963.8565755590378,0
30.580707900733184,0.08024973161096309,448.2323311068735,966.1321615961615,0
30.580707900733184,0.07698199487058713,448.2323311068735,967.4908865328099,0
30.60733414857825,0.07916211747752928,448.4595550682754,966.5843915528433,0
30.63371810241381,0.07207037165768317,448.6847113329824,969.5331394647353,0
30.660102056249364,0.07861578676671145,448.9098675976894,966.8115558624014,0
30.660102056249364,0.07370431650193482,448.9098675976894,968.8537451984955,0
30.686486010084923,0.08188857079528926,449.1350238623964,965.4507322633187,0
30.713112257929993,0.08572252150303576,449.3622478237982,963.8565755590378,0
30.739496211765548,0.0862688522138536,449.58740408850525,963.6294112494796,0
30.739496211765548,0.07043153247335701,449.58740408850525,970.2145687975782,0
30.766126187210762,0.08899530553161357,449.81465986062545,962.4957519599551,0
30.79251014104632,0.07970340090014527,450.0398161253325,966.3593259057196,0
30.818890367281732,0.09499438992982402,450.2649405793211,960.0013326671792,0
30.84527432111729,0.08134224008447143,450.49009684402813,965.6778965728768,0
30.84527432111729,0.07752327829320312,450.49009684402813,967.2658208856861,0
30.871904296562505,0.08024973161096309,450.71735261614833,966.1321615961615,0
30.89828825039806,0.07698199487058713,450.9425088808553,967.4908865328099,0
30.92467220423362,0.09117542813855573,451.16766514556235,961.5892569799885,0
30.92467220423362,0.08681518292467143,451.16766514556235,963.4022469399216,0
30.951298452078685,0.10645142825175627,451.3948891069642,955.2374961329198,0
30.977682405914244,0.07316303307931883,451.6200453716712,969.0788108456193,0
31.004308653759313,0.09281426732288188,451.84726933307303,960.9078276471457,0
31.004308653759313,0.09172175884937354,451.84726933307303,961.3620926704305,0
31.03069260759487,0.07261165508029915,452.07242559778,969.3080738176116,0
31.057076561430428,0.08408872960691145,452.29758186248705,964.5359062294463,0
31.083706536875642,0.08735646634728741,452.52483763460725,963.1771812927979,0
31.083706536875642,0.07425064721275264,452.52483763460725,968.6265808889375,0
31.110086763111052,0.08844897482079575,452.7499620885959,962.7229162695131,0
31.13647071694661,0.08790279705810525,452.9751183533029,962.9500169832398,0
31.163100692391826,0.08899530553161357,453.2023741254231,962.4957519599551,0
31.163100692391826,0.08844897482079575,453.2023741254231,962.7229162695131,0
31.18948464622738,0.10099852161623632,453.42753039013013,957.504814711969,0
31.21586487246279,0.08080095666185544,453.65265484411873,965.9029622200005,0
31.242494847908006,0.10099852161623632,453.879910616239,957.504814711969,0
31.242494847908006,0.09336059803369971,453.879910616239,960.6806633375877,0
31.268878801743565,0.09935968243191017,454.10506688094597,958.1862440448117,0
31.295505049588634,0.09554072064064185,454.3322908423478,959.7741683576211,0
31.32164670941468,0.09827222124660367,454.55537941036,958.6384104056622,0
31.32164670941468,0.09281426732288188,454.55537941036,960.9078276471457,0
31.34827295725975,0.10099852161623632,454.7826033717618,957.504814711969,0
31.374899205104818,0.09827222124660367,455.0098273331637,958.6384104056622,0
31.401283158940373,0.0960919456915342,455.23498359787067,959.5449689814601,0
31.401283158940373,0.09281426732288188,455.23498359787067,960.9078276471457,0
31.427667112775932,0.08735646634728741,455.4601398625777,963.1771812927979,0
31.454051066611488,0.10535891977824795,455.6852961272847,955.6917611562045,0
31.480681042056702,0.10045234385354582,455.9125518994049,957.7319154256957,0
31.480681042056702,0.09827222124660367,455.9125518994049,958.6384104056622,0
31.507061268292112,0.08735646634728741,456.13767635339354,963.1771812927979,0
31.53344522212767,0.09063414471593974,456.3628326181005,961.8143226271122,0
31.560075197572885,0.144641352060694,456.5900883902208,939.3581258131635,0
31.560075197572885,0.10209118303787199,456.5900883902208,957.0504860928528,0
31.586459151408445,0.13045296608092727,456.81524465492777,945.2576567035504,0
31.612839377643855,0.15393830398036415,457.0403691089164,935.4924532049646,0
31.63946935308907,0.16702913419842072,457.2676248810366,930.0492860002967,0
31.63946935308907,0.1664828034876029,457.2676248810366,930.2764503098547,0
31.66609560093414,0.19594214229236834,457.49484884243844,918.0272572348332,0
31.692479554769694,0.1866704268137074,457.7200051071455,921.8824365308604,0
31.718863508605253,0.2390537838906137,457.94516137185246,900.1014366582829,0
31.718863508605253,0.21449092643414672,457.94516137185246,910.3146727886818,0
31.74524746244081,0.19812226489931048,458.1703176365595,917.1207622548667,0
31.771873710285877,0.17848601957222565,458.3975415979613,925.2855130618686,0
31.798257664121437,0.1659415200649869,458.6226978626683,930.5015159569784,0
31.798257664121437,0.1479141360892718,458.6226978626683,937.9973022140808,0
31.824641617956992,0.14409502134987617,458.84785412737534,939.5852901227215,0
31.851271593402206,0.12118109765413901,459.07510989949554,949.112899595409,0
31.877655547237765,0.11245555993816857,459.3002661642026,952.7409781777095,0
31.877655547237765,0.099906013142728,459.3002661642026,957.9590797352537,0
31.904035773473176,0.0895416362424314,459.5253906181912,962.268587650397,0
31.93066574891839,0.10809026743608244,459.7526463903114,954.5560668000769,0
31.957049702753945,0.09827222124660367,459.9778026550184,958.6384104056622,0
31.98342992898936,0.0960919456915342,460.202927109007,959.5449689814601,0
31.98342992898936,0.08899530553161357,460.202927109007,962.4957519599551,0
32.01005990443457,0.10535891977824795,460.4301828811273,955.6917611562045,0
32.03644385827013,0.10317864422317848,460.65533914583426,956.5983197320024,0
32.0630701061152,0.1069977589625741,460.8825631072361,955.0103318233616,0
32.0630701061152,0.10535891977824795,460.8825631072361,955.6917611562045,0
32.089454059950754,0.11518201325592856,461.1077193719431,951.6073188881849,0
32.115838013786316,0.12172742836495683,461.3328756366501,948.885735285851,0
32.14246426163138,0.1173621358628707,461.560099598052,950.7008239082184,0
32.14246426163138,0.11682085244025471,461.560099598052,950.9258895553421,0
32.16884821546694,0.11463568254511072,461.78525586275896,951.834483197743,0
32.1952321693025,0.11627452172943688,462.010412127466,951.1530538649001,0
32.22186214474771,0.11190922922735075,462.2376678995862,952.9681424872675,0
32.22186214474771,0.1069977589625741,462.2376678995862,955.0103318233616,0
32.248246098583266,0.10099852161623632,462.4628241642932,957.504814711969,0
32.27463005241883,0.07588443910887696,462.6879804290002,967.947250218529,0
32.301256300263894,0.0895416362424314,462.91520439040204,962.268587650397,0
32.301256300263894,0.08899530553161357,462.91520439040204,962.4957519599551,0
32.32764025409945,0.0895416362424314,463.1403606551091,962.268587650397,0
32.35426650194452,0.06934407128805052,463.3675846165109,970.6667351584285,0
32.38065045578008,0.08188857079528926,463.5927408812179,965.4507322633187,0
32.38065045578008,0.07970340090014527,463.5927408812179,966.3593259057196,0
32.40703440961563,0.07588443910887696,463.8178971459249,967.947250218529,0
32.43366438506085,0.08024973161096309,464.0451529180451,966.1321615961615,0
32.460044611296254,0.07861578676671145,464.2702773720338,966.8115558624014,0
32.48642856513182,0.08899530553161357,464.49543363674076,962.4957519599551,0
32.51281251896738,0.0900878140051219,464.7205899014478,962.0414869366704,0
32.53943876681244,0.09281426732288188,464.9478138628496,960.9078276471457,0
32.53943876681244,0.07698199487058713,464.9478138628496,967.4908865328099,0
32.565822720648,0.09117542813855573,465.1729701275566,961.5892569799885,0
32.59245269609322,0.08244989042258528,465.4002258996768,965.217335562289,0
32.61883664992877,0.09499438992982402,465.62538216438384,960.0013326671792,0
32.64522060376433,0.11081672075384241,465.8505384290908,953.4224075105524,0
32.671604557599885,0.09445310650720803,466.07569469379786,960.2263983143029,0
32.69823080544495,0.11572329667854453,466.3029186551997,951.3822532410612,0
32.69823080544495,0.11136305146466025,466.3029186551997,953.1952432009942,0
32.72485705329002,0.11190922922735075,466.5301426166015,952.9681424872675,0
32.75124100712558,0.12609272086704296,466.75529888130853,947.0706466634836,0
32.777624960961134,0.12991168265831127,466.9804551460155,945.4827223506742,0
32.777624960961134,0.12445877602279132,466.9804551460155,947.7500409297234,0
32.8040089147967,0.10863659814690027,467.20561141072255,954.3289024905189,0
32.83039286863225,0.12445877602279132,467.43076767542954,947.7500409297234,0
32.85701911647732,0.11027039004302458,467.6579916368314,953.6495718201104,0
32.85701911647732,0.09717955982496802,467.6579916368314,959.0927390247783,0
32.88340307031288,0.09499438992982402,467.8831479015384,960.0013326671792,0
32.909787024148436,0.09554072064064185,468.10830416624543,959.7741683576211,0
32.9364132719935,0.10317864422317848,468.33552812764725,956.5983197320024,0
32.9364132719935,0.08572252150303576,468.33552812764725,963.8565755590378,0
32.962797225829064,0.08244989042258528,468.56068439235423,965.217335562289,0
32.989427201274275,0.07207037165768317,468.7879401644745,969.5331394647353,0
33.01581115510983,0.0900878140051219,469.0130964291815,962.0414869366704,0
33.01581115510983,0.08517634374034527,469.0130964291815,964.0836762727645,0
33.04219510894539,0.07425064721275264,469.2382526938885,968.6265808889375,0
33.06882135679046,0.08517634374034527,469.46547665529033,964.0836762727645,0
33.095205310626014,0.09117542813855573,469.6906329199973,961.5892569799885,0
33.121589264461576,0.09172175884937354,469.91578918470435,961.3620926704305,0
33.121589264461576,0.08681518292467143,469.91578918470435,963.4022469399216,0
33.14821551230664,0.0939018814563157,470.14301314610617,960.455597690464,0
33.1745994661422,0.08572252150303576,470.3681694108132,963.8565755590378,0
33.20098341997776,0.08899530553161357,470.5933256755202,962.4957519599551,0
33.20098341997776,0.08024973161096309,470.5933256755202,966.1321615961615,0
33.22761339542297,0.09554072064064185,470.8205814476404,959.7741683576211,0
33.25399362165838,0.07588443910887696,471.04570590162905,967.947250218529,0
33.2806235971036,0.07861578676671145,471.27296167374925,966.8115558624014,0
33.2806235971036,0.07643566415976931,471.27296167374925,967.7180508423679,0
33.307007550939154,0.07916211747752928,471.4981179384563,966.5843915528433,0
33.333387777174565,0.08080095666185544,471.7232423924449,965.9029622200005,0
33.36001775261978,0.08134224008447143,471.9504981645651,965.6778965728768,0
33.36001775261978,0.07916211747752928,471.9504981645651,966.5843915528433,0
33.38640170645534,0.0900878140051219,472.17565442927213,962.0414869366704,0
33.41278566029089,0.07043153247335701,472.4008106939791,970.2145687975782,0
33.439411908135966,0.08299622113340312,472.628034655381,964.990171252731,0
33.439411908135966,0.07916211747752928,472.628034655381,966.5843915528433,0
33.465795861971515,0.09445310650720803,472.85319092008797,960.2263983143029,0
33.49217981580708,0.08790279705810525,473.078347184795,962.9500169832398,0
33.51880606365215,0.07479682497544314,473.3055711461968,968.3994801752108,0
33.51880606365215,0.07207037165768317,473.3055711461968,969.5331394647353,0
33.5451900174877,0.06497877878596438,473.5307274109038,972.481823780796,0
33.57157397132326,0.09063414471593974,473.75588367561085,961.8143226271122,0
33.598934556397154,0.06443244807514656,473.9893743485339,972.7089880903541,0
33.598934556397154,0.06279360889082039,473.9893743485339,973.3904174231968,0
33.62531851023271,0.07588443910887696,474.2145306132409,967.947250218529,0
33.651702464068265,0.07479682497544314,474.4396868779479,968.3994801752108,0
33.67832871191334,0.06934407128805052,474.6669108393498,970.6667351584285,0
33.67832871191334,0.06770523210372435,474.6669108393498,971.3481644912714,0
33.70471266574889,0.054614401885667796,474.89206710405676,976.7913316959393,0
33.73109661958445,0.05679452449260994,475.1172233687638,975.8848367159728,0
33.757722867429514,0.0900878140051219,475.3444473301656,962.0414869366704,0
33.757722867429514,0.06443244807514656,475.3444473301656,972.7089880903541,0
33.78410682126508,0.07479682497544314,475.5696035948726,968.3994801752108,0
33.81049077510063,0.07534315568626097,475.79475985957964,968.1723158656526,0
33.83712075054585,0.07316303307931883,476.02201563169984,969.0788108456193,0
33.83712075054585,0.07043153247335701,476.02201563169984,970.2145687975782,0
33.863504704381405,0.0862688522138536,476.2471718964069,963.6294112494796,0
33.89013095222647,0.08572252150303576,476.4743958578087,963.8565755590378,0
33.916514906062034,0.08080095666185544,476.6995521225157,965.9029622200005,0
33.916514906062034,0.07698199487058713,476.6995521225157,967.4908865328099,0
33.94289885989759,0.07588443910887696,476.9247083872227,967.947250218529,0
33.969525107742655,0.08572252150303576,477.15193234862454,963.8565755590378,0
33.99590906157822,0.09717955982496802,477.3770886133316,959.0927390247783,0
33.99590906157822,0.08572252150303576,477.3770886133316,963.8565755590378,0
34.02229301541377,0.07588443910887696,477.60224487803856,967.947250218529,0
34.04867696924933,0.08408872960691145,477.8274011427456,964.5359062294463,0
34.0753032170944,0.08408872960691145,478.0546251041474,964.5359062294463,0
34.0753032170944,0.07316303307931883,478.0546251041474,969.0788108456193,0
34.10168717092996,0.06443244807514656,478.2797813688544,972.7089880903541,0
34.12807112476551,0.07425064721275264,478.50493763356144,968.6265808889375,0
34.154697372610585,0.07316303307931883,478.73216159496326,969.0788108456193,0
34.154697372610585,0.06497877878596438,478.73216159496326,972.481823780796,0
34.18132734805579,0.06770523210372435,478.95941736708346,971.3481644912714,0
34.207465280281696,0.07097786318417483,479.1824741243773,969.98740448802,0
34.23409525572691,0.07097786318417483,479.4097298964975,969.98740448802,0
34.23409525572691,0.06333993960163822,479.4097298964975,973.1632531136388,0
34.26072150357197,0.05952082486224259,479.63695385789936,974.7512410222795,0
34.287105457407534,0.058428316388734254,479.86211012260634,975.2055060455643,0
34.3134894112431,0.0666125706820887,480.0872663873134,971.8024931103876,0
34.339873365078645,0.07316303307931883,480.31242265202036,969.0788108456193,0
34.339873365078645,0.06825140986641486,480.31242265202036,971.1210637775447,0
34.36649961292372,0.07588443910887696,480.5396466134222,967.947250218529,0
34.39288356675928,0.06770523210372435,480.7648028781292,971.3481644912714,0
34.41926752059483,0.07698199487058713,480.9899591428362,967.4908865328099,0
34.41926752059483,0.06443244807514656,480.9899591428362,972.7089880903541,0
34.44589749604005,0.07316303307931883,481.2172149149564,969.0788108456193,0
34.47227772227546,0.07261165508029915,481.44233936894506,969.3080738176116,0
34.49866167611101,0.08080095666185544,481.6674956336521,965.9029622200005,0
34.49866167611101,0.06879774057723269,481.6674956336521,970.8938994679867,0
34.52529165155623,0.07370431650193482,481.8947514057723,968.8537451984955,0
34.55167187779164,0.06007220286126226,482.1198758597609,974.5219780502872,0
34.57830185323685,0.07588443910887696,482.3471316318811,967.947250218529,0
34.57830185323685,0.05952082486224259,482.3471316318811,974.7512410222795,0
34.604685807072414,0.07916211747752928,482.57228789658814,966.5843915528433,0
34.63106976090797,0.07534315568626097,482.7974441612951,968.1723158656526,0
34.657696008753035,0.08188857079528926,483.024668122697,965.4507322633187,0
34.657696008753035,0.061159816994696074,483.024668122697,974.0697480936053,0
34.6840799625886,0.08080095666185544,483.249824387404,965.9029622200005,0
34.71046391642415,0.06333993960163822,483.474980652111,973.1632531136388,0
34.73709016426922,0.07207037165768317,483.70220461351283,969.5331394647353,0
34.73709016426922,0.06715890139290653,483.70220461351283,971.5753288008294,0
34.76347411810478,0.06934407128805052,483.9273608782198,970.6667351584285,0
34.78985807194034,0.08354239889609362,484.15251714292685,964.7630705390043,0
34.81648804738555,0.07752327829320312,484.37977291504706,967.2658208856861,0
34.81648804738555,0.06934407128805052,484.37977291504706,970.6667351584285,0
34.84287200122111,0.06715890139290653,484.6049291797541,971.5753288008294,0
34.86925222745652,0.06715890139290653,484.8300536337427,971.5753288008294,0
34.89588220290173,0.08188857079528926,485.0573094058629,965.4507322633187,0
34.89588220290173,0.06606623997127087,485.0573094058629,972.0296574199456,0
34.922266156737294,0.07316303307931883,485.28246567056993,969.0788108456193,0
34.94889240458236,0.07916211747752928,485.50968963197175,966.5843915528433,0
34.975276358417915,0.0666125706820887,485.7348458966788,971.8024931103876,0
34.975276358417915,0.05079039280619764,485.7348458966788,978.381354671183,0
35.00166031225348,0.06770523210372435,485.9600021613858,971.3481644912714,0
35.02804426608903,0.06443244807514656,486.1851584260928,972.7089880903541,0
35.0546705139341,0.06497877878596438,486.41238238749463,972.481823780796,0
35.0546705139341,0.05624819378179211,486.41238238749463,976.1120010255308,0
35.08105446776966,0.07152419389499266,486.6375386522016,969.760240178462,0
35.10768071561473,0.08080095666185544,486.8647626136035,965.9029622200005,0
35.13382237544077,0.06388611736432873,487.08785118161563,972.9361523999121,0
35.13382237544077,0.06170094746918473,487.08785118161563,973.844746042313,0
35.160448623285845,0.07207037165768317,487.3150751430175,969.5331394647353,0
35.18683257712139,0.06988535471066651,487.5402314077245,970.4416695113049,0
35.21346255256661,0.08681518292467143,487.7674871798447,963.4022469399216,0
35.21346255256661,0.07643566415976931,487.7674871798447,967.7180508423679,0
35.240088800411684,0.06825140986641486,487.99471114124657,971.1210637775447,0
35.26622673263758,0.07316303307931883,488.21776789854033,969.0788108456193,0
35.292856708082795,0.08080095666185544,488.4450236706606,965.9029622200005,0
35.292856708082795,0.07479682497544314,488.4450236706606,968.3994801752108,0
35.31924066191836,0.09117542813855573,488.67017993536757,961.5892569799885,0
35.34586690976342,0.06879774057723269,488.8974038967694,970.8938994679867,0
35.37225086359898,0.09554072064064185,489.12256016147643,959.7741683576211,0
35.37225086359898,0.08463001302952744,489.12256016147643,964.3108405823225,0
35.39863481743454,0.0862688522138536,489.3477164261834,963.6294112494796,0
35.42501877127009,0.07097786318417483,489.57287269089045,969.98740448802,0
35.45164501911516,0.07588443910887696,489.80009665229227,967.947250218529,0
35.47802897295072,0.0960919456915342,490.0252529169993,959.5449689814601,0
35.47802897295072,0.08354239889609362,490.0252529169993,964.7630705390043,0
35.50465522079578,0.09772589053578584,490.2524768784011,958.8655747152202,0
35.531039174631346,0.08299622113340312,490.4776331431081,964.990171252731,0
35.5574231284669,0.0960919456915342,490.70278940781515,959.5449689814601,0
35.5574231284669,0.0939018814563157,490.70278940781515,960.455597690464,0
35.58405310391211,0.09772589053578584,490.93004517993535,958.8655747152202,0
35.610437057747674,0.10209118303787199,491.1552014446424,957.0504860928528,0
35.63706330559275,0.10153980503885231,491.3824254060442,957.2797490648452,0
35.63706330559275,0.08299622113340312,491.3824254060442,964.990171252731,0
35.663447259428295,0.10153980503885231,491.6075816707512,957.2797490648452,0
35.68983121326386,0.10645142825175627,491.8327379354582,955.2374961329198,0
35.71621516709941,0.09117542813855573,492.0578942001652,961.5892569799885,0
35.71621516709941,0.0895416362424314,492.0578942001652,962.268587650397,0
35.74284141494448,0.09281426732288188,492.2851181615671,960.9078276471457,0
35.76922536878004,0.09827222124660367,492.51027442627407,958.6384104056622,0
35.7956093226156,0.0939018814563157,492.7354306909811,960.455597690464,0
35.7956093226156,0.08790279705810525,492.7354306909811,962.9500169832398,0
35.82223557046066,0.08354239889609362,492.9626546523829,964.7630705390043,0
35.848619524296225,0.07752327829320312,493.1878109170899,967.2658208856861,0
35.87524577214129,0.08080095666185544,493.4150348784918,965.9029622200005,0
35.87524577214129,0.07097786318417483,493.4150348784918,969.98740448802,0
35.901629725976846,0.07261165508029915,493.64019114319876,969.3080738176116,0
35.92801367981241,0.07916211747752928,493.8653474079058,966.5843915528433,0
35.95464365525762,0.07043153247335701,494.092603180026,970.2145687975782,0
35.95464365525762,0.06552006220858037,494.092603180026,972.2567581336723,0
35.981027609093175,0.07425064721275264,494.317759444733,968.6265808889375,0
36.00741156292874,0.07316303307931883,494.54291570944,969.0788108456193,0
36.0340378107738,0.08080095666185544,494.77013967084184,965.9029622200005,0
36.0340378107738,0.07970340090014527,494.77013967084184,966.3593259057196,0
36.06042176460936,0.06388611736432873,494.9952959355489,972.9361523999121,0
36.08680571844492,0.07261165508029915,495.22045220025586,969.3080738176116,0
36.11343196628999,0.06934407128805052,495.4476761616577,970.6667351584285,0
36.11343196628999,0.06279360889082039,495.4476761616577,973.3904174231968,0
36.13981592012554,0.06552006220858037,495.6728324263647,972.2567581336723,0
36.16644589557076,0.06825140986641486,495.9000881984849,971.1210637775447,0
36.19258382779665,0.08080095666185544,496.12314495577874,965.9029622200005,0
36.19258382779665,0.06606623997127087,496.12314495577874,972.0296574199456,0
36.219210075641726,0.06825140986641486,496.35036891718056,971.1210637775447,0
36.245840051086944,0.07479682497544314,496.57762468930076,968.3994801752108,0
36.27222027732235,0.07534315568626097,496.8027491432894,968.1723158656526,0
36.27222027732235,0.07316303307931883,496.8027491432894,969.0788108456193,0
36.29860423115791,0.07097786318417483,497.0279054079964,969.98740448802,0
36.32498818499347,0.07316303307931883,497.25306167270344,969.0788108456193,0
36.35161816043868,0.07479682497544314,497.48031744482364,968.3994801752108,0
36.35161816043868,0.06825140986641486,497.48031744482364,971.1210637775447,0
36.37800211427424,0.07588443910887696,497.7054737095307,967.947250218529,0
36.40462836211931,0.07425064721275264,497.9326976709325,968.6265808889375,0
36.43101231595486,0.08790279705810525,498.1578539356395,962.9500169832398,0
36.43101231595486,0.08080095666185544,498.1578539356395,965.9029622200005,0
36.45739626979042,0.07698199487058713,498.3830102003465,967.4908865328099,0
36.483780223625985,0.06879774057723269,498.6081664650535,970.8938994679867,0
36.51040647147104,0.08354239889609362,498.8353904264554,964.7630705390043,0
36.51040647147104,0.07916211747752928,498.8353904264554,966.5843915528433,0
36.536790425306606,0.08354239889609362,499.06054669116236,964.7630705390043,0
36.56342040075182,0.07043153247335701,499.28780246328256,970.2145687975782,0
36.58980435458737,0.07043153247335701,499.5129587279896,970.2145687975782,0
36.61618458082279,0.08024973161096309,499.7380831819782,966.1321615961615,0
36.61618458082279,0.05952082486224259,499.7380831819782,974.7512410222795,0
36.64281455626801,0.08134224008447143,499.96533895409846,965.6778965728768,0
36.66919478250341,0.06879774057723269,500.19046340808706,970.8938994679867,0
36.69557873633897,0.07152419389499266,500.4156196727941,969.760240178462,0
36.69557873633897,0.06225232546820441,500.4156196727941,973.6154830703206,0
36.722208711784184,0.08188857079528926,500.6428754449143,965.4507322633187,0
36.74859266561974,0.05515553236015645,500.8680317096213,976.566329644647,0
36.7749766194553,0.08244989042258528,501.0931879743283,965.217335562289,0
36.7749766194553,0.06770523210372435,501.0931879743283,971.3481644912714,0
36.80160286730037,0.07097786318417483,501.32041193573014,969.98740448802,0
36.82798682113592,0.05515553236015645,501.5455682004371,976.566329644647,0
36.854370774971486,0.07097786318417483,501.77072446514416,969.98740448802,0
36.854370774971486,0.06606623997127087,501.77072446514416,972.0296574199456,0
36.88099702281655,0.07207037165768317,501.997948426546,969.5331394647353,0
36.90738097665211,0.07698199487058713,502.223104691253,967.4908865328099,0
36.934010952097324,0.06988535471066651,502.4503604633732,970.4416695113049,0
36.934010952097324,0.06388611736432873,502.4503604633732,972.9361523999121,0
36.96039490593288,0.061159816994696074,502.6755167280802,974.0697480936053,0
36.986778859768435,0.06606623997127087,502.90067299278724,972.0296574199456,0
37.01340510761351,0.07316303307931883,503.12789695418905,969.0788108456193,0
37.01340510761351,0.06170094746918473,503.12789695418905,973.844746042313,0
37.03978906144906,0.06388611736432873,503.3530532188961,972.9361523999121,0
37.066169287684474,0.06770523210372435,503.5781776728847,971.3481644912714,0
37.09279926312969,0.06770523210372435,503.8054334450049,971.3481644912714,0
37.09279926312969,0.06225232546820441,503.8054334450049,973.6154830703206,0
37.11918321696525,0.07534315568626097,504.03058970971193,968.1723158656526,0
37.1455671708008,0.05734070225530044,504.2557459744189,975.6577360022461,0
37.171951124636365,0.07752327829320312,504.48090223912595,967.2658208856861,0
37.171951124636365,0.05734070225530044,504.48090223912595,975.6577360022461,0
37.19857737248143,0.06333993960163822,504.7081262005278,973.1632531136388,0
37.224961326316986,0.04861011725112817,504.9332824652348,979.2879132469809,0
37.25134528015255,0.0666125706820887,505.1584387299418,971.8024931103876,0
37.25134528015255,0.05788198567791643,505.1584387299418,975.4326703551224,0
37.277971527997614,0.06770523210372435,505.3856626913436,971.3481644912714,0
37.304601503442825,0.05133657056888814,505.61291846346387,978.1542539574563,0
37.33098545727839,0.05570186307097428,505.83807472817085,976.3391653350889,0
37.33098545727839,0.04970277867276383,505.83807472817085,978.8335846278648,0
37.35736941111394,0.06170094746918473,506.0632309928779,973.844746042313,0
37.38399565895901,0.06443244807514656,506.2904549542797,972.7089880903541,0
37.41037961279457,0.06552006220858037,506.5156112189867,972.2567581336723,0
37.43676356663012,0.06333993960163822,506.74076748369373,973.1632531136388,0
37.46314379286554,0.05734070225530044,506.96589193768233,975.6577360022461,0
37.489773768310755,0.06825140986641486,507.1931477098026,971.1210637775447,0
37.489773768310755,0.06497877878596438,507.1931477098026,972.481823780796,0
37.5161577221463,0.06225232546820441,507.41830397450957,973.6154830703206,0
37.542541675981866,0.06279360889082039,507.6434602392166,973.3904174231968,0
37.56916792382694,0.05570186307097428,507.8706842006184,976.3391653350889,0
37.56916792382694,0.05352174046403214,507.8706842006184,977.2456603150555,0
37.59579789927215,0.06825140986641486,508.09793997273863,971.1210637775447,0
37.62193583149805,0.05679452449260994,508.32099673003245,975.8848367159728,0
37.648562079343115,0.06225232546820441,508.54822069143427,973.6154830703206,0
37.648562079343115,0.05952082486224259,508.54822069143427,974.7512410222795,0
37.67494603317867,0.05897464709955209,508.7733769561413,974.9783417360062,0
37.70157600862389,0.05897464709955209,509.0006327282615,974.9783417360062,0
37.72795996245945,0.05897464709955209,509.2257889929685,974.9783417360062,0
37.75556284154285,0.06497877878596438,509.4613473625864,972.481823780796,0
37.75556284154285,0.06443244807514656,509.4613473625864,972.7089880903541,0
37.7819467953784,0.054614401885667796,509.6865036272934,976.7913316959393,0
37.808330749213965,0.06225232546820441,509.91165989200044,973.6154830703206,0
37.83495699705903,0.061159816994696074,510.13888385340226,974.0697480936053,0
37.83495699705903,0.05952082486224259,510.13888385340226,974.7512410222795,0
37.861340950894586,0.05952082486224259,510.36404011810924,974.7512410222795,0
37.88772490473015,0.058428316388734254,510.5891963828163,975.2055060455643,0
37.91435488017536,0.06443244807514656,510.8164521549365,972.7089880903541,0
37.91435488017536,0.05734070225530044,510.8164521549365,975.6577360022461,0
37.940738834010915,0.06170094746918473,511.0416084196435,973.844746042313,0
37.96736508185599,0.06606623997127087,511.26883238104534,972.0296574199456,0
37.993749035691536,0.05133657056888814,511.4939886457523,978.1542539574563,0
37.993749035691536,0.04587876959329368,511.4939886457523,980.4236076031085,0
38.0201329895271,0.0666125706820887,511.71914491045936,971.8024931103876,0
38.04651321576251,0.06333993960163822,511.94426936444796,973.1632531136388,0
38.07314319120772,0.054614401885667796,512.1715251365682,976.7913316959393,0
38.07314319120772,0.048063939488437665,512.1715251365682,979.5150139607076,0
38.09952714504328,0.049156447961945994,512.3966814012753,979.0607489374229,0
38.12591109887884,0.06388611736432873,512.6218376659822,972.9361523999121,0
38.15251125352289,0.06552358001550893,512.8488389523553,972.2552954295514,0
38.15251125352289,0.06443107154200059,512.8488389523553,972.7095604528362,0
38.1525373467239,0.06443244807514656,512.849061627384,972.7089880903541,0
38.17889520735844,0.0677038555705784,513.0739952170624,971.3487368537535,0
38.20552145520351,0.06388978811938462,513.3012191784642,972.9346260999599,0
38.23190540903907,0.0469749488218579,513.5263754431712,979.9678162798715,0
38.23190540903907,0.04588244034834956,513.5263754431712,980.4220813031562,0
38.25828936287462,0.055700486537828324,513.7515317078783,976.339737697571,0
38.28491933831984,0.060070826328116306,513.9787874799985,974.5225504127692,0
38.31129956455525,0.055700486537828324,514.2039119339871,976.339737697571,0
38.337683518390804,0.07097648665102887,514.429068198694,969.9879768505022,0
38.36431349383602,0.05297403322006835,514.6563239708144,977.4733969870956,0
38.390697447671585,0.05134024132394403,514.8814802355213,978.1527276575041,0
38.390697447671585,0.04970140213961787,514.8814802355213,978.8341569903469,0
38.41707767390699,0.05788565643297231,515.1066046895099,975.4311440551701,0
38.443707649352206,0.05297403322006835,515.3338604616301,977.4733969870956,0
38.47009160318776,0.06715752485976058,515.5590167263372,971.5759011633115,0
38.47009160318776,0.06115828751342279,515.5590167263372,974.0703840519188,0
38.49671785103283,0.06170461822424062,515.786240687739,973.8432197423607,0
38.52310180486839,0.057339325722154486,516.011396952446,975.6583083647282,0
38.549485758703945,0.06879636404408673,516.2365532171531,970.8944718304688,0
38.549485758703945,0.05679314795946398,516.2365532171531,975.8854090784549,0
38.5758697125395,0.052427855457377846,516.46170948186,977.7004977008223,0
38.60249596038457,0.060070826328116306,516.6889334432618,974.5225504127692,0
38.62887991422013,0.057339325722154486,516.9140897079689,975.6583083647282,0
38.62887991422013,0.0502477328504357,516.9140897079689,978.6069926807888,0
38.65550988966534,0.05788565643297231,517.1413454800891,975.4311440551701,0
38.6818938435009,0.05679314795946398,517.3665017447961,975.8854090784549,0
38.70827406973631,0.06388978811938462,517.5916261987848,972.9346260999599,0
38.70827406973631,0.04970140213961787,517.5916261987848,978.8341569903469,0
38.73490404518152,0.06225094893505845,517.818881970905,973.6160554328027,0
38.761287999017085,0.0507939106131262,518.044038235612,978.3798919670621,0
38.78791424686215,0.06988887251759507,518.2712621970138,970.4402068071839,0
38.78791424686215,0.052427855457377846,518.2712621970138,977.7004977008223,0
38.814298200697706,0.05788565643297231,518.4964184617209,975.4311440551701,0
38.84068215453327,0.055700486537828324,518.7215747264278,976.339737697571,0
38.867066108368824,0.06334345740856678,518.9467309911348,973.161790409518,0
38.89345006220438,0.06443107154200059,519.1718872558419,972.7095604528362,0
38.89345006220438,0.03824436381768562,519.1718872558419,983.5979935246063,0
38.92007631004945,0.06334345740856678,519.3991112172437,973.161790409518,0
38.94646026388501,0.0502477328504357,519.6242674819507,978.6069926807888,0
38.972844217720564,0.05897816490648065,519.8494237466576,974.9768790318853,0
38.972844217720564,0.055700486537828324,519.8494237466576,976.339737697571,0
38.999470465565636,0.06552358001550893,520.0766477080596,972.2552954295514,0
39.02610044101085,0.06334345740856678,520.3039034801798,973.161790409518,0
39.0524843948464,0.06170461822424062,520.5290597448867,973.8432197423607,0
39.0524843948464,0.05788565643297231,520.5290597448867,975.4311440551701,0
39.078868348681965,0.06606991072632676,520.7542160095937,972.0281311199933,0
39.10549459652703,0.05515415582701049,520.9814399709956,976.566902007129,0
39.131878550362586,0.0677038555705784,521.2065962357026,971.3487368537535,0
39.131878550362586,0.06334345740856678,521.2065962357026,973.161790409518,0
39.15826250419815,0.057339325722154486,521.4317525004096,975.6583083647282,0
39.1846464580337,0.06497740225281842,521.6569087651167,972.4823961432782,0
39.21127270587877,0.0682500333332689,521.8841327265185,971.1216361400268,0
39.21127270587877,0.05897816490648065,521.8841327265185,974.9768790318853,0
39.23765665971433,0.07534177915311502,522.1092889912254,968.1728882281348,0
39.26404061354988,0.0737079872569907,522.3344452559325,968.8522188985432,0
39.29066686139495,0.06497740225281842,522.5616692173343,972.4823961432782,0
39.29066686139495,0.06115828751342279,522.5616692173343,974.0703840519188,0
39.31729683684017,0.06934269475490457,522.7889249894545,970.6673075209106,0
39.343434769066064,0.06115828751342279,523.0119817467483,974.0703840519188,0
39.37006101691114,0.07261532583535504,523.2392057081502,969.3065475176594,0
39.37006101691114,0.05134024132394403,523.2392057081502,978.1527276575041,0
39.39644497074669,0.07043520322841289,523.4643619728572,970.2130424976259,0
39.4230749461919,0.06388978811938462,523.6916177449774,972.9346260999599,0
39.449458900027466,0.07261532583535504,523.9167740096844,969.3065475176594,0
39.449458900027466,0.06334345740856678,523.9167740096844,973.161790409518,0
39.475839126262876,0.06497740225281842,524.141898463673,972.4823961432782,0
39.50246910170809,0.07588810986393285,524.3691542357932,967.9457239185767,0
39.52885305554365,0.08354102236294766,524.5943105005002,964.7636429014864,0
39.52885305554365,0.06279223235767444,524.5943105005002,973.3909897856789,0
39.555237009379205,0.0857211449698898,524.8194667652073,963.8571479215199,0
39.58186325722427,0.09226656007891809,525.0466907266091,961.1355643191858,0
39.60824721105983,0.07970707165520115,525.2718469913161,966.3577996057674,0
39.60824721105983,0.07479544844229719,525.2718469913161,968.4000525376928,0
39.63463116489539,0.07152771170192122,525.4970032560232,969.7587774743412,0
39.661257412740454,0.07752190176005716,525.724227217425,967.2663932481682,0
39.68764136657602,0.07970707165520115,525.9493834821319,966.3577996057674,0
39.68764136657602,0.07152771170192122,525.9493834821319,969.7587774743412,0
39.71427134202123,0.060070826328116306,526.1766392542521,974.5225504127692,0
39.74065529585678,0.06661119414894275,526.4017955189591,971.8030654728697,0
39.7670355220922,0.060070826328116306,526.6269199729478,974.5225504127692,0
39.7670355220922,0.05461287240439451,526.6269199729478,976.7919676542527,0
39.79366549753741,0.06279223235767444,526.854175745068,973.3909897856789,0
39.82004945137297,0.04860874071798221,527.079332009775,979.288485609463,0
39.84643340520853,0.06552358001550893,527.3044882744821,972.2552954295514,0
39.84643340520853,0.05679314795946398,527.3044882744821,975.8854090784549,0
39.873059653053595,0.0507939106131262,527.5317122358839,978.3798919670621,0
39.89944360688915,0.055700486537828324,527.7568685005908,976.339737697571,0
39.92582756072471,0.06225094893505845,527.9820247652979,973.6160554328027,0
39.92582756072471,0.060070826328116306,527.9820247652979,974.5225504127692,0
39.95245380856978,0.05297403322006835,528.2092487266997,977.4733969870956,0
39.978837762405334,0.057339325722154486,528.4344049914067,975.6583083647282,0
40.0052217162409,0.06279223235767444,528.6595612561138,973.3909897856789,0
40.031605670076445,0.056251864536847995,528.8847175208208,976.1104747255786,0
40.031605670076445,0.05515415582701049,528.8847175208208,976.566902007129,0
40.05823191792152,0.048067457295366225,529.1119414822226,979.5135512565868,0
40.084861893366735,0.055700486537828324,529.3391972543428,976.339737697571,0
40.11124584720229,0.05515415582701049,529.5643535190499,976.566902007129,0
40.11124584720229,0.049160118717001884,529.5643535190499,979.0592226374706,0
40.137629801037846,0.04752127953267572,529.7895097837568,979.7406519703135,0
40.16425604888292,0.0469749488218579,530.0167337451586,979.9678162798715,0
40.190640002718474,0.06170461822424062,530.2418900098656,973.8432197423607,0
40.190640002718474,0.04970140213961787,530.2418900098656,978.8341569903469,0
40.21702395655403,0.06934269475490457,530.4670462745727,970.6673075209106,0
40.243650204399096,0.06497740225281842,530.6942702359745,972.4823961432782,0
40.27003415823466,0.06552358001550893,530.9194265006815,972.2552954295514,0
40.27003415823466,0.05188657203476186,530.9194265006815,977.925563347946,0
40.296418112070214,0.06715752485976058,531.1445827653886,971.5759011633115,0
40.32280206590577,0.058431987143790144,531.3697390300955,975.2039797456121,0
40.34942831375084,0.06606991072632676,531.5969629914973,972.0281311199933,0
40.34942831375084,0.060612109750732286,531.5969629914973,974.2974847656455,0
40.37605828919605,0.060070826328116306,531.8242187636176,974.5225504127692,0
40.40219622142195,0.0677038555705784,532.0472755209114,971.3487368537535,0
40.428822469267025,0.060070826328116306,532.2744994823132,974.5225504127692,0
40.428822469267025,0.053520363930886175,532.2744994823132,977.2462326775375,0
40.45520642310258,0.05679314795946398,532.4996557470203,975.8854090784549,0
40.4818363985478,0.0737079872569907,532.7269115191405,968.8522188985432,0
40.50822035238335,0.04479482621491575,532.9520677838475,980.874311259838,0
40.53460430621891,0.057339325722154486,533.1772240485544,975.6583083647282,0
40.56123055406398,0.06879636404408673,533.4044480099564,970.8944718304688,0
40.58761450789953,0.06279223235767444,533.6296042746633,973.3909897856789,0
40.58761450789953,0.0469749488218579,533.6296042746633,979.9678162798715,0
40.61399473413495,0.0507939106131262,533.8547287286519,978.3798919670621,0
40.640624709580166,0.05679314795946398,534.0819845007721,975.8854090784549,0
40.667008663415714,0.08790631486503381,534.3071407654792,962.948554279119,0
40.667008663415714,0.058431987143790144,534.3071407654792,975.2039797456121,0
40.69339261725128,0.05297403322006835,534.5322970301862,977.4733969870956,0
40.72002259269649,0.06552358001550893,534.7595528023064,972.2552954295514,0
40.74640654653204,0.06606991072632676,534.9847090670135,972.0281311199933,0
40.74640654653204,0.056251864536847995,534.9847090670135,976.1104747255786,0
40.77302906677697,0.06661119414894275,535.2119012176969,971.8030654728697,0
40.79941302061252,0.06715752485976058,535.4370574824038,971.5759011633115,0
40.82579697444808,0.07807312681094951,535.6622137471109,967.0371938720072,0
40.82579697444808,0.05297403322006835,535.6622137471109,977.4733969870956,0
40.8524269498933,0.07970707165520115,535.889469519231,966.3577996057674,0
40.878810903728855,0.07152771170192122,536.1146257839381,969.7587774743412,0
40.90519485756441,0.07424927067960668,536.3397820486451,968.6271532514195,0
40.90519485756441,0.0677038555705784,536.3397820486451,971.3487368537535,0
40.93157881139997,0.06879636404408673,536.5649383133522,970.8944718304688,0
40.95820133164489,0.06497740225281842,536.7921304640356,972.4823961432782,0
40.98458528548045,0.060070826328116306,537.0172867287425,974.5225504127692,0
40.98458528548045,0.044248495504097915,537.0172867287425,981.101475569396,0
41.01121526092567,0.06988887251759507,537.2445425008628,970.4402068071839,0
41.03759921476122,0.07479544844229719,537.4696987655698,968.4000525376928,0
41.06398316859678,0.05952449561729847,537.6948550302768,974.7497147223273,0
41.06398316859678,0.05679314795946398,537.6948550302768,975.8854090784549,0
41.090613144041995,0.05134024132394403,537.922110802397,978.1527276575041,0
41.116997097877544,0.05679314795946398,538.147267067104,975.8854090784549,0
41.14361961812247,0.05897816490648065,538.3744592177875,974.9768790318853,0
41.14361961812247,0.05297403322006835,538.3744592177875,977.4733969870956,0
41.17000357195803,0.06279223235767444,538.5996154824945,973.3909897856789,0
41.19638752579359,0.05788565643297231,538.8247717472016,975.4311440551701,0
41.222771479629145,0.0682500333332689,539.0499280119085,971.1216361400268,0
41.24940145507436,0.04970140213961787,539.2771837840287,978.8341569903469,0
41.24940145507436,0.04752127953267572,539.2771837840287,979.7406519703135,0
41.27578540890991,0.05406669464170401,539.5023400487357,977.0190683679795,0
41.30241538435513,0.0682500333332689,539.7295958208559,971.1216361400268,0
41.32879933819069,0.0502477328504357,539.954752085563,978.6069926807888,0
41.32879933819069,0.036064241210743475,539.954752085563,984.5044885045728,0
41.35517583682595,0.05897816490648065,540.1798447288332,974.9768790318853,0
41.38155979066151,0.06279223235767444,540.4050009935403,973.3909897856789,0
41.40818976610673,0.06170461822424062,540.6322567656605,973.8432197423607,0
41.40818976610673,0.056251864536847995,540.6322567656605,976.1104747255786,0
41.43481974155194,0.053520363930886175,540.8595125377807,977.2462326775375,0
41.46095767377784,0.07206899512453721,541.0825692950744,969.5337118272174,0
41.48758764922305,0.053520363930886175,541.3098250671947,977.2462326775375,0
41.48758764922305,0.05134024132394403,541.3098250671947,978.1527276575041,0
41.513971603058614,0.06334345740856678,541.5349813319017,973.161790409518,0
41.540594123303535,0.048067457295366225,541.7621734825851,979.5135512565868,0
41.5669780771391,0.05788565643297231,541.9873297472922,975.4311440551701,0
41.5669780771391,0.04042953371282961,541.9873297472922,982.6893998822054,0
41.593362030974646,0.07479544844229719,542.2124860119992,968.4000525376928,0
41.61974598481021,0.058431987143790144,542.4376422767061,975.2039797456121,0
41.64637596025542,0.06334345740856678,542.6648980488264,973.161790409518,0
41.64637596025542,0.04970140213961787,542.6648980488264,978.8341569903469,0
41.672759914090975,0.06388978811938462,542.8900543135334,972.9346260999599,0
41.69938988953619,0.055700486537828324,543.1173100856536,976.339737697571,0
41.725773843371755,0.06170461822424062,543.3424663503606,973.8432197423607,0
41.725773843371755,0.058431987143790144,543.3424663503606,975.2039797456121,0
41.75215034200701,0.0469749488218579,543.5675589936309,979.9678162798715,0
41.77878031745223,0.07206899512453721,543.7948147657511,969.5337118272174,0
41.80516427128779,0.06497740225281842,544.0199710304581,972.4823961432782,0
41.80516427128779,0.05897816490648065,544.0199710304581,974.9768790318853,0
41.831794246733,0.06225094893505845,544.2472268025783,973.6160554328027,0
41.85817820056856,0.06334345740856678,544.4723830672854,973.161790409518,0
41.88456215440412,0.06934269475490457,544.6975393319923,970.6673075209106,0
41.88456215440412,0.05461287240439451,544.6975393319923,976.7919676542527,0
41.91192273947801,0.05679314795946398,544.9310300049154,975.8854090784549,0
41.938306693313564,0.05188657203476186,545.1561862696224,977.925563347946,0
41.96469064714912,0.05952449561729847,545.3813425343294,974.7497147223273,0
41.96469064714912,0.04860874071798221,545.3813425343294,979.288485609463,0
41.991074600984675,0.0507939106131262,545.6064987990364,978.3798919670621,0
42.0176971212296,0.046428618111040064,545.8336909497199,980.1949805894295,0
42.04408107506516,0.06934269475490457,546.0588472144269,970.6673075209106,0
42.04408107506516,0.05788565643297231,546.0588472144269,975.4311440551701,0
42.07046502890072,0.06606991072632676,546.2840034791338,972.0281311199933,0
42.09709500434593,0.06988887251759507,546.5112592512542,970.4402068071839,0
42.12347895818149,0.060612109750732286,546.7364155159611,974.2974847656455,0
42.12347895818149,0.05897816490648065,546.7364155159611,974.9768790318853,0
42.14986291201704,0.058431987143790144,546.9615717806681,975.2039797456121,0
42.17648543226197,0.05897816490648065,547.1887639313516,974.9768790318853,0
42.202869386097525,0.07588810986393285,547.4139201960586,967.9457239185767,0
42.202869386097525,0.06443107154200059,547.4139201960586,972.7095604528362,0
42.22925333993308,0.06225094893505845,547.6390764607656,973.6160554328027,0
42.25588331537829,0.07152771170192122,547.8663322328858,969.7587774743412,0
42.282267269213854,0.06443107154200059,548.0914884975929,972.7095604528362,0
42.282267269213854,0.05461287240439451,548.0914884975929,976.7919676542527,0
42.30889724465907,0.0677038555705784,548.3187442697131,971.3487368537535,0
42.33528119849463,0.06988887251759507,548.54390053442,970.4402068071839,0
42.36166515233018,0.06170461822424062,548.769056799127,973.8432197423607,0
42.3882876725751,0.058431987143790144,548.9962489498105,975.2039797456121,0
42.3882876725751,0.057339325722154486,548.9962489498105,975.6583083647282,0
42.41467162641066,0.07316165654617288,549.2214052145175,969.0793832081014,0
42.44105558024622,0.06934269475490457,549.4465614792246,970.6673075209106,0
42.46768555569144,0.07152771170192122,549.6738172513448,969.7587774743412,0
42.46768555569144,0.06334345740856678,549.6738172513448,973.161790409518,0
42.494069509526994,0.057339325722154486,549.8989735160518,975.6583083647282,0
42.52045346336255,0.057339325722154486,550.1241297807587,975.6583083647282,0
42.546837417198105,0.06334345740856678,550.3492860454658,973.161790409518,0
42.546837417198105,0.05952449561729847,550.3492860454658,974.7497147223273,0
42.573459937443026,0.06388978811938462,550.5764781961492,972.9346260999599,0
42.600089912888244,0.060612109750732286,550.8037339682694,974.2974847656455,0
42.626227845114144,0.07043520322841289,551.0267907255633,970.2130424976259,0
42.626227845114144,0.06879636404408673,551.0267907255633,970.8944718304688,0
42.65285782055936,0.07479544844229719,551.2540464976835,968.4000525376928,0
42.67948779600457,0.053520363930886175,551.4813022698037,977.2462326775375,0
42.70587174984013,0.07152771170192122,551.7064585345107,969.7587774743412,0
42.70587174984013,0.06115828751342279,551.7064585345107,974.0703840519188,0
42.73225570367568,0.06661119414894275,551.9316147992178,971.8030654728697,0
42.75887822392061,0.060070826328116306,552.1588069499012,974.5225504127692,0
42.78526217775617,0.06661119414894275,552.3839632146081,971.8030654728697,0
42.78526217775617,0.053520363930886175,552.3839632146081,977.2462326775375,0
42.81164613159172,0.06170461822424062,552.6091194793152,973.8432197423607,0
42.838030085427285,0.05515415582701049,552.8342757440222,976.566902007129,0
42.864660060872495,0.07152771170192122,553.0615315161424,969.7587774743412,0
42.864660060872495,0.056251864536847995,553.0615315161424,976.1104747255786,0
42.89104401470805,0.052427855457377846,553.2866877808494,977.7004977008223,0
42.917427968543606,0.053520363930886175,553.5118440455565,977.2462326775375,0
42.944057943988824,0.0677038555705784,553.7390998176767,971.3487368537535,0
42.944057943988824,0.06279223235767444,553.7390998176767,973.3909897856789,0
42.970680464233745,0.05788565643297231,553.9662919683601,975.4311440551701,0
42.9970644180693,0.0677038555705784,554.1914482330671,971.3487368537535,0
43.02344837190486,0.060070826328116306,554.4166044977741,974.5225504127692,0
43.02344837190486,0.049160118717001884,554.4166044977741,979.0592226374706,0
43.04983232574042,0.057339325722154486,554.6417607624811,975.6583083647282,0
43.076462301185636,0.05679314795946398,554.8690165346013,975.8854090784549,0
43.10284625502119,0.0737079872569907,555.0941727993084,968.8522188985432,0
43.10284625502119,0.0677038555705784,555.0941727993084,971.3487368537535,0
43.12923020885675,0.07206899512453721,555.3193290640154,969.5337118272174,0
43.15561416269231,0.06552358001550893,555.5444853287223,972.2552954295514,0
43.18223668293722,0.06497740225281842,555.7716774794059,972.4823961432782,0
43.18223668293722,0.048067457295366225,555.7716774794059,979.5135512565868,0
43.208620636772785,0.07316165654617288,555.9968337441128,969.0793832081014,0
43.235250612218,0.07043520322841289,556.224089516233,970.2130424976259,0
43.26163456605356,0.07152771170192122,556.44924578094,969.7587774743412,0
43.26163456605356,0.060612109750732286,556.44924578094,974.2974847656455,0
43.288018519889114,0.07643428762662334,556.6744020456471,967.71862320485,0
43.314648495334325,0.06934269475490457,556.9016578177673,970.6673075209106,0
43.34103244916989,0.07097648665102887,557.1268140824743,969.9879768505022,0
43.34103244916989,0.06988887251759507,557.1268140824743,970.4402068071839,0
43.36765496941481,0.07316165654617288,557.3540062331577,969.0793832081014,0
43.39403892325037,0.05897816490648065,557.5791624978648,974.9768790318853,0
43.420422877085926,0.06879636404408673,557.8043187625717,970.8944718304688,0
43.420422877085926,0.06497740225281842,557.8043187625717,972.4823961432782,0
43.44680683092148,0.04588244034834956,558.0294750272787,980.4220813031562,0
43.47343680636669,0.04260965631977175,558.256730799399,981.7829049022389,0
43.49982076020225,0.05788565643297231,558.481887064106,975.4311440551701,0
43.526443280447175,0.06934269475490457,558.7090792147894,970.6673075209106,0
43.526443280447175,0.06661119414894275,558.7090792147894,971.8030654728697,0
43.55282723428273,0.06661119414894275,558.9342354794965,971.8030654728697,0
43.57921118811829,0.060070826328116306,559.1593917442035,974.5225504127692,0
43.605841163563504,0.06170461822424062,559.3866475163237,973.8432197423607,0
43.605841163563504,0.056251864536847995,559.3866475163237,976.1104747255786,0
43.63222511739906,0.06388978811938462,559.6118037810307,972.9346260999599,0
43.65885509284428,0.06443107154200059,559.839059553151,972.7095604528362,0
43.68499302507017,0.06552358001550893,560.0621163104447,972.2552954295514,0
43.68499302507017,0.05297403322006835,560.0621163104447,977.4733969870956,0
43.71162300051539,0.06552358001550893,560.2893720825649,972.2552954295514,0
43.73800695435095,0.060612109750732286,560.514528347272,974.2974847656455,0
43.764629474595864,0.06661119414894275,560.7417204979554,971.8030654728697,0
43.764629474595864,0.05897816490648065,560.7417204979554,974.9768790318853,0
43.79101342843143,0.07970707165520115,560.9668767626624,966.3577996057674,0
43.81739738226698,0.06552358001550893,561.1920330273695,972.2552954295514,0
43.8440273577122,0.0682500333332689,561.4192887994897,971.1216361400268,0
43.8440273577122,0.05952449561729847,561.4192887994897,974.7497147223273,0
43.870411311547755,0.053520363930886175,561.6444450641966,977.2462326775375,0
43.897041286992966,0.06115828751342279,561.8717008363168,974.0703840519188,0
43.92341778562823,0.06661119414894275,562.0967934795871,971.8030654728697,0
43.92341778562823,0.05788565643297231,562.0967934795871,975.4311440551701,0
43.949801739463794,0.06334345740856678,562.3219497442941,973.161790409518,0
43.97618569329935,0.06115828751342279,562.5471060090011,974.0703840519188,0
44.00281566874457,0.06115828751342279,562.7743617811213,974.0703840519188,0
44.00281566874457,0.05515415582701049,562.7743617811213,976.566902007129,0
44.02919962258012,0.05897816490648065,562.9995180458284,974.9768790318853,0
44.05582959802533,0.06388978811938462,563.2267738179486,972.9346260999599,0
44.08221355186089,0.06443107154200059,563.4519300826555,972.7095604528362,0
44.08221355186089,0.05297403322006835,563.4519300826555,977.4733969870956,0
44.10859750569645,0.056251864536847995,563.6770863473625,976.1104747255786,0
44.13522002594137,0.05679314795946398,563.904278498046,975.8854090784549,0
44.161603979776935,0.07097648665102887,564.129434762753,969.9879768505022,0
44.161603979776935,0.0677038555705784,564.129434762753,971.3487368537535,0
44.18798793361249,0.06497740225281842,564.3545910274601,972.4823961432782,0
44.214371887448046,0.05788565643297231,564.5797472921671,975.4311440551701,0
44.241001862893256,0.056251864536847995,564.8070030642873,976.1104747255786,0
44.241001862893256,0.05461287240439451,564.8070030642873,976.7919676542527,0
44.26738581672881,0.0469749488218579,565.0321593289942,979.9678162798715,0
44.29401579217404,0.05952449561729847,565.2594151011145,974.7497147223273,0
44.320392290809295,0.060070826328116306,565.4845077443847,974.5225504127692,0
44.320392290809295,0.05188657203476186,565.4845077443847,977.925563347946,0
44.34677624464486,0.05897816490648065,565.7096640090917,974.9768790318853,0
44.37340622009007,0.07261532583535504,565.9369197812119,969.3065475176594,0
44.39979017392562,0.06279223235767444,566.162076045919,973.3909897856789,0
44.39979017392562,0.05679314795946398,566.162076045919,975.8854090784549,0
44.42642014937084,0.060070826328116306,566.3893318180392,974.5225504127692,0
44.4528041032064,0.06443107154200059,566.6144880827462,972.7095604528362,0
44.47918805704196,0.06497740225281842,566.8396443474533,972.4823961432782,0
44.47918805704196,0.060070826328116306,566.8396443474533,974.5225504127692,0
44.505572010877515,0.06225094893505845,567.0648006121602,973.6160554328027,0
44.532194531122435,0.0677038555705784,567.2919927628436,971.3487368537535,0
44.55857848495799,0.06279223235767444,567.5171490275507,973.3909897856789,0
44.55857848495799,0.06115828751342279,567.5171490275507,974.0703840519188,0
44.58520846040321,0.05897816490648065,567.7444047996709,974.9768790318853,0
44.6113463926291,0.055700486537828324,567.9674615569647,976.339737697571,0
44.63797636807432,0.060612109750732286,568.1947173290849,974.2974847656455,0
44.66460634351953,0.06115828751342279,568.4219731012051,974.0703840519188,0
44.66460634351953,0.05406669464170401,568.4219731012051,977.0190683679795,0
44.69099029735509,0.04752127953267572,568.6471293659122,979.7406519703135,0
44.71736679599036,0.03988320300201178,568.8722220091823,982.9165641917635,0
44.743996771435576,0.07152771170192122,569.0994777813027,969.7587774743412,0
44.743996771435576,0.0682500333332689,569.0994777813027,971.1216361400268,0
44.77038072527113,0.07152771170192122,569.3246340460096,969.7587774743412,0
44.79676467910669,0.056251864536847995,569.5497903107166,976.1104747255786,0
44.82314863294225,0.06334345740856678,569.7749465754237,973.161790409518,0
44.82314863294225,0.05897816490648065,569.7749465754237,974.9768790318853,0
44.84977860838746,0.05788565643297231,570.0022023475439,975.4311440551701,0
44.876162562223016,0.04752127953267572,570.2273586122509,979.7406519703135,0
44.90254651605858,0.07643428762662334,570.4525148769578,967.71862320485,0
44.90254651605858,0.06170461822424062,570.4525148769578,973.8432197423607,0
44.9291690363035,0.0502477328504357,570.6797070276414,978.6069926807888,0
44.95579901174871,0.05679314795946398,570.9069627997616,975.8854090784549,0
44.982182965584265,0.060070826328116306,571.1321190644685,974.5225504127692,0
44.982182965584265,0.04588244034834956,571.1321190644685,980.4220813031562,0
45.00856691941982,0.05134024132394403,571.3572753291755,978.1527276575041,0
45.03519689486504,0.06715752485976058,571.5845311012957,971.5759011633115,0
45.0615808487006,0.06170461822424062,571.8096873660028,973.8432197423607,0
45.0615808487006,0.05952449561729847,571.8096873660028,974.7497147223273,0
45.087964802536156,0.053520363930886175,572.0348436307098,977.2462326775375,0
45.11434130117142,0.06552358001550893,572.2599362739801,972.2552954295514,0
45.14097127661663,0.07588810986393285,572.4871920461003,967.9457239185767,0
45.14097127661663,0.07316165654617288,572.4871920461003,969.0793832081014,0
45.16735523045219,0.0737079872569907,572.7123483108072,968.8522188985432,0
45.19373918428775,0.06115828751342279,572.9375045755143,974.0703840519188,0
45.22036915973296,0.06661119414894275,573.1647603476345,971.8030654728697,0
45.22036915973296,0.056251864536847995,573.1647603476345,976.1104747255786,0
45.24675311356852,0.06552358001550893,573.3899166123415,972.2552954295514,0
45.27313706740408,0.05952449561729847,573.6150728770485,974.7497147223273,0
45.299759587649,0.060612109750732286,573.842265027732,974.2974847656455,0
45.299759587649,0.05679314795946398,573.842265027732,975.8854090784549,0
45.326143541484555,0.07152771170192122,574.067421292439,969.7587774743412,0
45.35277351692977,0.07043520322841289,574.2946770645592,970.2130424976259,0
45.37915747076533,0.07752190176005716,574.5198333292662,967.2663932481682,0
45.37915747076533,0.0677038555705784,574.5198333292662,971.3487368537535,0
45.40554142460089,0.08518001449540115,574.7449895939732,964.0821499728122,0
45.4321714000461,0.1075476074803205,574.9722453660934,954.7817048096828,0
45.45855535388166,0.1075476074803205,575.1974016308004,954.7817048096828,0
45.45855535388166,0.104816259822486,575.1974016308004,955.9173991658104,0
45.48493930771721,0.10808889090293648,575.4225578955075,954.556639162559,0
45.51156182796214,0.10045096732039986,575.6497500461909,957.7324877881778,0
45.537945781797696,0.08354102236294766,575.8749063108979,964.7636429014864,0
45.537945781797696,0.07588810986393285,575.8749063108979,967.9457239185767,0
45.56432973563325,0.09609056915838825,576.100062575605,959.5455413439422,0
45.59095971107846,0.08025340236601898,576.3273183477252,966.1306352962093,0
45.617343664914024,0.06934269475490457,576.5524746124321,970.6673075209106,0
45.617343664914024,0.06661119414894275,576.5524746124321,971.8030654728697,0
45.64397364035924,0.0502477328504357,576.7797303845524,978.6069926807888,0
45.67011157258514,0.05297403322006835,577.0027871418462,977.4733969870956,0
45.69673409283006,0.06552358001550893,577.2299792925296,972.2552954295514,0
45.69673409283006,0.05406669464170401,577.2299792925296,977.0190683679795,0
45.723364068275274,0.05679314795946398,577.4572350646498,975.8854090784549,0
45.74974802211083,0.06497740225281842,577.6823913293568,972.4823961432782,0
45.77637799755605,0.06879636404408673,577.909647101477,970.8944718304688,0
45.80276195139161,0.0677038555705784,578.1348033661841,971.3487368537535,0
45.80276195139161,0.058431987143790144,578.1348033661841,975.2039797456121,0
45.829145905227165,0.07970707165520115,578.359959630891,966.3577996057674,0
45.85552985906272,0.0682500333332689,578.585115895598,971.1216361400268,0
45.88215237930764,0.06170461822424062,578.8123080462815,973.8432197423607,0
45.88215237930764,0.04970140213961787,578.8123080462815,978.8341569903469,0
45.908536333143196,0.052427855457377846,579.0374643109885,977.7004977008223,0
45.93492028697875,0.0502477328504357,579.2626205756956,978.6069926807888,0
45.961304240814314,0.05952449561729847,579.4877768404026,974.7497147223273,0
45.961304240814314,0.05515415582701049,579.4877768404026,976.566902007129,0
45.98793421625953,0.06225094893505845,579.7150326125228,973.6160554328027,0
46.014556736504446,0.057339325722154486,579.9422247632062,975.6583083647282,0
46.0409481455403,0.06279223235767444,580.16744464935,973.3909897856789,0
46.0409481455403,0.0469749488218579,580.16744464935,979.9678162798715,0
46.06830873061419,0.05897816490648065,580.4009353222731,974.9768790318853,0
46.09493125085911,0.05461287240439451,580.6281274729565,976.7919676542527,0
46.12131520469467,0.06388978811938462,580.8532837376636,972.9346260999599,0
46.12131520469467,0.044248495504097915,580.8532837376636,981.101475569396,0
46.147945180139885,0.060070826328116306,581.0805395097838,974.5225504127692,0
46.17432913397544,0.05297403322006835,581.3056957744908,977.4733969870956,0
46.200713087810996,0.046428618111040064,581.5308520391977,980.1949805894295,0
46.200713087810996,0.044248495504097915,581.5308520391977,981.101475569396,0
46.22734306325621,0.060070826328116306,581.7581078113179,974.5225504127692,0
46.25371956189147,0.056251864536847995,581.9832004545882,976.1104747255786,0
46.280103515727035,0.06334345740856678,582.2083567192952,973.161790409518,0
46.280103515727035,0.06279223235767444,582.2083567192952,973.3909897856789,0
46.30673349117225,0.06443107154200059,582.4356124914154,972.7095604528362,0
46.33311744500781,0.06715752485976058,582.6607687561225,971.5759011633115,0
46.35950139884336,0.07643428762662334,582.8859250208295,967.71862320485,0
46.35950139884336,0.05406669464170401,582.8859250208295,977.0190683679795,0
46.386131374288574,0.058431987143790144,583.1131807929497,975.2039797456121,0
46.41251532812414,0.05788565643297231,583.3383370576566,975.4311440551701,0
46.4388918267594,0.07206899512453721,583.5634297009269,969.5337118272174,0
46.4388918267594,0.0682500333332689,583.5634297009269,971.1216361400268,0
46.46552180220462,0.057339325722154486,583.7906854730471,975.6583083647282,0
46.491905756040175,0.0737079872569907,584.0158417377542,968.8522188985432,0
46.518535731485386,0.07643428762662334,584.2430975098744,967.71862320485,0
46.518535731485386,0.05515415582701049,584.2430975098744,976.566902007129,0
46.54491968532094,0.06661119414894275,584.4682537745814,971.8030654728697,0
46.5713036391565,0.0677038555705784,584.6934100392884,971.3487368537535,0
46.597926159401425,0.06388978811938462,584.9206021899719,972.9346260999599,0
46.597926159401425,0.060070826328116306,584.9206021899719,974.5225504127692,0
46.62431756843728,0.0682500333332689,585.1458220761157,971.1216361400268,0
46.65069406707254,0.06334345740856678,585.3709147193858,973.161790409518,0
46.67732404251775,0.07261532583535504,585.598170491506,969.3065475176594,0
46.67732404251775,0.055700486537828324,585.598170491506,976.339737697571,0
46.703461974743654,0.05406669464170401,585.8212272487999,977.0190683679795,0
46.730091950188864,0.06661119414894275,586.0484830209201,971.8030654728697,0
46.75672192563408,0.06661119414894275,586.2757387930403,971.8030654728697,0
46.75672192563408,0.05461287240439451,586.2757387930403,976.7919676542527,0
46.78310587946964,0.053520363930886175,586.5008950577474,977.2462326775375,0
46.80972839971456,0.06170461822424062,586.7280872084308,973.8432197423607,0
46.835866331940466,0.06443107154200059,586.9511439657246,972.7095604528362,0
46.835866331940466,0.05406669464170401,586.9511439657246,977.0190683679795,0
46.862496307385676,0.0502477328504357,587.1783997378448,978.6069926807888,0
46.88888026122123,0.06170461822424062,587.4035560025518,973.8432197423607,0
46.91551023666645,0.06225094893505845,587.630811774672,973.6160554328027,0
46.91551023666645,0.05134024132394403,587.630811774672,978.1527276575041,0
46.941894190502005,0.07261532583535504,587.855968039379,969.3065475176594,0
46.96827814433757,0.04479482621491575,588.0811243040861,980.874311259838,0
46.99466209817312,0.05788565643297231,588.3062805687931,975.4311440551701,0
47.02129207361834,0.08025340236601898,588.5335363409133,966.1306352962093,0
47.02129207361834,0.06115828751342279,588.5335363409133,974.0703840519188,0
47.0476685722536,0.056251864536847995,588.7586289841835,976.1104747255786,0
47.07429854769882,0.06497740225281842,588.9858847563038,972.4823961432782,0
47.10068250153437,0.060612109750732286,589.2110410210107,974.2974847656455,0
47.10068250153437,0.05788565643297231,589.2110410210107,975.4311440551701,0
47.12706645536993,0.06552358001550893,589.4361972857178,972.2552954295514,0
47.153696430815145,0.06388978811938462,589.663453057838,972.9346260999599,0
47.18008038465071,0.058431987143790144,589.888609322545,975.2039797456121,0
47.18008038465071,0.05134024132394403,589.888609322545,978.1527276575041,0
47.20670290489562,0.07698061833744117,590.1158014732284,967.491458895292,0
47.233086858731184,0.056251864536847995,590.3409577379355,976.1104747255786,0
47.25947081256674,0.06443107154200059,590.5661140026425,972.7095604528362,0
47.25947081256674,0.04752127953267572,590.5661140026425,979.7406519703135,0
47.285854766402295,0.05788565643297231,590.7912702673494,975.4311440551701,0
47.31248474184751,0.06388978811938462,591.0185260394696,972.9346260999599,0
47.338868695683075,0.07043520322841289,591.2436823041767,970.2130424976259,0
47.338868695683075,0.05788565643297231,591.2436823041767,975.4311440551701,0
47.36525264951863,0.05406669464170401,591.4688385688837,977.0190683679795,0
47.391875169763544,0.06497740225281842,591.6960307195671,972.4823961432782,0
47.4182665787994,0.05897816490648065,591.921250605711,974.9768790318853,0
47.4182665787994,0.04752127953267572,591.921250605711,979.7406519703135,0
47.44488909904432,0.06552358001550893,592.1484427563944,972.2552954295514,0
47.47127305287988,0.06934269475490457,592.3735990211014,970.6673075209106,0
47.497657006715436,0.05679314795946398,592.5987552858084,975.8854090784549,0
47.497657006715436,0.05297403322006835,592.5987552858084,977.4733969870956,0
47.524286982160646,0.0507939106131262,592.8260110579286,978.3798919670621,0
47.55067093599621,0.06225094893505845,593.0511673226356,973.6160554328027,0
47.577054889831764,0.05788565643297231,593.2763235873426,975.4311440551701,0
47.577054889831764,0.05679314795946398,593.2763235873426,975.8854090784549,0
47.603677410076685,0.0677038555705784,593.5035157380261,971.3487368537535,0
47.63006136391225,0.048067457295366225,593.7286720027331,979.5135512565868,0
47.6564453177478,0.06606991072632676,593.9538282674401,972.0281311199933,0
47.6564453177478,0.05297403322006835,593.9538282674401,977.4733969870956,0
47.68307529319301,0.06225094893505845,594.1810840395603,973.6160554328027,0
47.70945924702857,0.05952449561729847,594.4062403042673,974.7497147223273,0
47.73584320086413,0.07097648665102887,594.6313965689743,969.9879768505022,0
47.73584320086413,0.05134024132394403,594.6313965689743,978.1527276575041,0
47.76222715469969,0.06115828751342279,594.8565528336813,974.0703840519188,0
47.788849674944615,0.06279223235767444,595.0837449843648,973.3909897856789,0
47.81524108398046,0.0737079872569907,595.3089648705086,968.8522188985432,0
47.81524108398046,0.058431987143790144,595.3089648705086,975.2039797456121,0
47.84186360422538,0.06497740225281842,595.536157021192,972.4823961432782,0
47.868247558060936,0.06497740225281842,595.7613132858991,972.4823961432782,0
47.8946315118965,0.06661119414894275,595.986469550606,971.8030654728697,0
47.8946315118965,0.05406669464170401,595.986469550606,977.0190683679795,0
47.92126148734171,0.05788565643297231,596.2137253227263,975.4311440551701,0
47.94764544117727,0.046428618111040064,596.4388815874332,980.1949805894295,0
47.97427541662248,0.06661119414894275,596.6661373595534,971.8030654728697,0
47.97427541662248,0.06115828751342279,596.6661373595534,974.0703840519188,0
48.00065191525775,0.05515415582701049,596.8912300028237,976.566902007129,0
48.027035869093304,0.07970707165520115,597.1163862675307,966.3577996057674,0
48.05341982292886,0.0682500333332689,597.3415425322378,971.1216361400268,0
48.08004979837408,0.06606991072632676,597.568798304358,972.0281311199933,0
48.10643375220964,0.0502477328504357,597.793954569065,978.6069926807888,0
48.132817706045195,0.056251864536847995,598.019110833772,976.1104747255786,0
48.159447681490406,0.06443107154200059,598.2463666058921,972.7095604528362,0
48.159447681490406,0.06279223235767444,598.2463666058921,973.3909897856789,0
48.18582418012567,0.05679314795946398,598.4714592491624,975.8854090784549,0
48.21245415557088,0.06661119414894275,598.6987150212826,971.8030654728697,0
48.238838109406444,0.06661119414894275,598.9238712859897,971.8030654728697,0
48.238838109406444,0.06388978811938462,598.9238712859897,972.9346260999599,0
48.265222063242,0.06606991072632676,599.1490275506967,972.0281311199933,0
48.29185203868721,0.07643428762662334,599.3762833228169,967.71862320485,0
48.31823599252277,0.06170461822424062,599.6014395875239,973.8432197423607,0
48.31823599252277,0.06115828751342279,599.6014395875239,974.0703840519188,0
48.34461994635833,0.04752127953267572,599.8265958522309,979.7406519703135,0
48.371249921803546,0.06170461822424062,600.0538516243512,973.8432197423607,0
48.39762642043881,0.06934269475490457,600.2789442676213,970.6673075209106,0
48.39762642043881,0.05788565643297231,600.2789442676213,975.4311440551701,0
48.42401037427437,0.055700486537828324,600.5041005323284,976.339737697571,0
48.45064034971958,0.07970707165520115,600.7313563044486,966.3577996057674,0
48.47702430355514,0.07534177915311502,600.9565125691556,968.1728882281348,0
48.47702430355514,0.07316165654617288,600.9565125691556,969.0793832081014,0
48.50365427900036,0.05897816490648065,601.1837683412758,974.9768790318853,0
48.52979221122625,0.06279223235767444,601.4068250985696,973.3909897856789,0
48.55642218667147,0.06443107154200059,601.6340808706899,972.7095604528362,0
48.55642218667147,0.056251864536847995,601.6340808706899,976.1104747255786,0
48.58304470691639,0.06552358001550893,601.8612730213733,972.2552954295514,0
48.609428660751945,0.055700486537828324,602.0864292860803,976.339737697571,0
48.6358126145875,0.07043520322841289,602.3115855507873,970.2130424976259,0
48.6358126145875,0.06552358001550893,602.3115855507873,972.2552954295514,0
48.66219656842306,0.055700486537828324,602.5367418154943,976.339737697571,0
48.68882654386828,0.0507939106131262,602.7639975876145,978.3798919670621,0
48.715210497703836,0.06443107154200059,602.9891538523216,972.7095604528362,0
48.715210497703836,0.05515415582701049,602.9891538523216,976.566902007129,0
48.74183301794876,0.048067457295366225,603.216346003005,979.5135512565868,0
48.7682244269846,0.060070826328116306,603.4415658891488,974.5225504127692,0
48.79460092561987,0.06443107154200059,603.666658532419,972.7095604528362,0
48.79460092561987,0.057339325722154486,603.666658532419,975.6583083647282,0
48.82098487945542,0.07316165654617288,603.891814797126,969.0793832081014,0
48.84761485490064,0.06225094893505845,604.1190705692462,973.6160554328027,0
48.87424483034586,0.060612109750732286,604.3463263413664,974.2974847656455,0
48.87424483034586,0.046428618111040064,604.3463263413664,980.1949805894295,0
48.900628784181414,0.05297403322006835,604.5714826060735,977.4733969870956,0
48.92701273801697,0.04970140213961787,604.7966388707805,978.8341569903469,0
48.953396691852525,0.07097648665102887,605.0217951354875,969.9879768505022,0
48.953396691852525,0.055700486537828324,605.0217951354875,976.339737697571,0
48.98001921209745,0.06115828751342279,605.248987286171,974.0703840519188,0
49.00640316593301,0.05897816490648065,605.474143550878,974.9768790318853,0
49.03278711976857,0.06225094893505845,605.6992998155849,973.6160554328027,0
49.03278711976857,0.05952449561729847,605.6992998155849,974.7497147223273,0
49.05941709521378,0.06115828751342279,605.9265555877051,974.0703840519188,0
49.08580104904934,0.06879636404408673,606.1517118524122,970.8944718304688,0
49.11218500288489,0.06606991072632676,606.3768681171192,972.0281311199933,0
49.11218500288489,0.04860874071798221,606.3768681171192,979.288485609463,0
49.13880752312982,0.07424927067960668,606.6040602678027,968.6271532514195,0
49.16543749857503,0.07807312681094951,606.8313160399229,967.0371938720072,0
49.19157543080093,0.07097648665102887,607.0543727972167,969.9879768505022,0
49.19157543080093,0.06552358001550893,607.0543727972167,972.2552954295514,0
49.21820540624614,0.06661119414894275,607.2816285693369,971.8030654728697,0
49.244589360081704,0.06225094893505845,607.5067848340439,973.6160554328027,0
49.27121933552692,0.07261532583535504,607.7340406061642,969.3065475176594,0
49.29760328936248,0.08244851388943933,607.9591968708711,965.2179079247711,0
49.29760328936248,0.0737079872569907,607.9591968708711,968.8522188985432,0
49.32398724319803,0.07316165654617288,608.1843531355781,969.0793832081014,0
49.350609763442954,0.07261532583535504,608.4115452862616,969.3065475176594,0
49.37699371727851,0.08626747568070764,608.6367015509686,963.6299836119617,0
49.37699371727851,0.07097648665102887,608.6367015509686,969.9879768505022,0
49.40337767111407,0.08079958012870948,608.8618578156756,965.9035345824826,0
49.43000764655929,0.0786144102335655,609.0891135877959,966.8121282248835,0
49.45614557878518,0.08299484460025716,609.3121703450896,964.9907436152131,0
49.45614557878518,0.07588810986393285,609.3121703450896,967.9457239185767,0
49.4827755542304,0.07206899512453721,609.5394261172098,969.5337118272174,0
49.50940552967561,0.06988887251759507,609.76668188933,970.4402068071839,0
49.53578202831088,0.07316165654617288,609.9917745326003,969.0793832081014,0
49.53578202831088,0.06934269475490457,609.9917745326003,970.6673075209106,0
49.562412003756094,0.07424927067960668,610.2190303047205,968.6271532514195,0
49.58879595759165,0.060612109750732286,610.4441865694275,974.2974847656455,0
49.61517991142721,0.07479544844229719,610.6693428341346,968.4000525376928,0
49.61517991142721,0.06934269475490457,610.6693428341346,970.6673075209106,0
49.64156386526277,0.06552358001550893,610.8944990988416,972.2552954295514,0
49.66819384070798,0.0682500333332689,611.1217548709618,971.1216361400268,0
49.694577794543534,0.06225094893505845,611.3469111356687,973.6160554328027,0
49.694577794543534,0.049160118717001884,611.3469111356687,979.0592226374706,0
49.72096174837909,0.057339325722154486,611.5720674003758,975.6583083647282,0
49.74734570221465,0.06334345740856678,611.7972236650828,973.161790409518,0
49.77396822245957,0.06279223235767444,612.0244158157662,973.3909897856789,0
49.77396822245957,0.0507939106131262,612.0244158157662,978.3798919670621,0
49.80059819790478,0.06497740225281842,612.2516715878864,972.4823961432782,0
49.826982151740346,0.060612109750732286,612.4768278525935,974.2974847656455,0
49.8533661055759,0.0677038555705784,612.7019841173005,971.3487368537535,0
49.8533661055759,0.05188657203476186,612.7019841173005,977.925563347946,0
49.87999608102112,0.058431987143790144,612.9292398894207,975.2039797456121,0
49.906380034856674,0.07479544844229719,613.1543961541277,968.4000525376928,0
49.93275653349194,0.07206899512453721,613.3794887973979,969.5337118272174,0
49.93275653349194,0.06497740225281842,613.3794887973979,972.4823961432782,0
49.95938650893715,0.06661119414894275,613.6067445695181,971.8030654728697,0
49.98577046277271,0.06443107154200059,613.8319008342252,972.7095604528362,0
50.01215441660827,0.07752190176005716,614.0570570989322,967.2663932481682,0
50.01215441660827,0.07643428762662334,614.0570570989322,967.71862320485,0
50.038538370443824,0.0840873530737655,614.2822133636392,964.5364785919284,0
50.06516834588904,0.07097648665102887,614.5094691357594,969.9879768505022,0
50.0915522997246,0.07807312681094951,614.7346254004664,967.0371938720072,0
50.0915522997246,0.06552358001550893,614.7346254004664,972.2552954295514,0
50.11793625356016,0.07643428762662334,614.9597816651734,967.71862320485,0
50.14455877380507,0.09936335318696606,615.1869738158568,958.1847177448595,0
50.170942727640636,0.08354102236294766,615.4121300805639,964.7636429014864,0
50.170942727640636,0.07206899512453721,615.4121300805639,969.5337118272174,0
50.197572703085854,0.0737079872569907,615.6393858526841,968.8522188985432,0
50.224687266550085,0.07424927067960668,615.870777018194,968.6271532514195,0
50.25107122038564,0.07807312681094951,616.095933282901,967.0371938720072,0
50.25107122038564,0.06388978811938462,616.095933282901,972.9346260999599,0
50.277455174221195,0.08462863649638148,616.321089547608,964.3114129448046,0
50.304085149666406,0.06115828751342279,616.5483453197282,974.0703840519188,0
50.33071512511163,0.06170461822424062,616.7756010918484,973.8432197423607,0
50.33071512511163,0.05297403322006835,616.7756010918484,977.4733969870956,0
50.356853057337524,0.06934269475490457,616.9986578491422,970.6673075209106,0
50.38348303278274,0.0677038555705784,617.2259136212624,971.3487368537535,0
50.41010555302766,0.07807312681094951,617.4531057719458,967.0371938720072,0
50.43648950686322,0.06443107154200059,617.6782620366529,972.7095604528362,0
50.43648950686322,0.05679314795946398,617.6782620366529,975.8854090784549,0
50.46287346069877,0.06388978811938462,617.9034183013599,972.9346260999599,0
50.489257414534336,0.052427855457377846,618.128574566067,977.7004977008223,0
50.515887389979554,0.06443107154200059,618.3558303381872,972.7095604528362,0
50.515887389979554,0.05788565643297231,618.3558303381872,975.4311440551701,0
50.54227134381511,0.053520363930886175,618.5809866028942,977.2462326775375,0
50.568655297650665,0.06934269475490457,618.8061428676011,970.6673075209106,0
50.595277817895585,0.04970140213961787,619.0333350182846,978.8341569903469,0
50.595277817895585,0.04370231774140742,619.0333350182846,981.3285762831227,0
50.62166177173114,0.05788565643297231,619.2584912829916,975.4311440551701,0
50.648045725566696,0.04860874071798221,619.4836475476986,979.288485609463,0
50.674675701011914,0.06170461822424062,619.7109033198188,973.8432197423607,0
50.674675701011914,0.058431987143790144,619.7109033198188,975.2039797456121,0
50.70105965484748,0.04860874071798221,619.9360595845259,979.288485609463,0
50.72768963029269,0.06497740225281842,620.1633153566461,972.4823961432782,0
50.75406612892795,0.06552358001550893,620.3884079999164,972.2552954295514,0
50.75406612892795,0.056251864536847995,620.3884079999164,976.1104747255786,0
50.7804575379638,0.05679314795946398,620.61362788606,975.8854090784549,0
50.807080058208726,0.058431987143790144,620.8408200367436,975.2039797456121,0
50.83346401204428,0.05679314795946398,621.0659763014505,975.8854090784549,0
50.83346401204428,0.05406669464170401,621.0659763014505,977.0190683679795,0
50.85984796587984,0.060070826328116306,621.2911325661576,974.5225504127692,0
50.886477941325055,0.06497740225281842,621.5183883382778,972.4823961432782,0
50.91286189516061,0.055700486537828324,621.7435446029848,976.339737697571,0
50.91286189516061,0.05134024132394403,621.7435446029848,978.1527276575041,0
50.939245848996165,0.053520363930886175,621.9687008676918,977.2462326775375,0
50.96586836924109,0.05515415582701049,622.1958930183753,976.566902007129,0
50.99225232307665,0.06115828751342279,622.4210492830823,974.0703840519188,0
50.99225232307665,0.060070826328116306,622.4210492830823,974.5225504127692,0
51.018636276912204,0.06715752485976058,622.6462055477892,971.5759011633115,0
51.04502023074777,0.048067457295366225,622.8713618124963,979.5135512565868,0
51.07165020619298,0.053520363930886175,623.0986175846165,977.2462326775375,0
51.07165020619298,0.04970140213961787,623.0986175846165,978.8341569903469,0
51.098280181638195,0.044248495504097915,623.3258733567367,981.101475569396,0
51.12466413547375,0.05515415582701049,623.5510296214437,976.566902007129,0
51.151040634109016,0.07206899512453721,623.776122264714,969.5337118272174,0
51.151040634109016,0.05788565643297231,623.776122264714,975.4311440551701,0
51.17767060955423,0.058431987143790144,624.0033780368342,975.2039797456121,0
51.20405456338978,0.060612109750732286,624.2285343015412,974.2974847656455,0
51.23043851722534,0.07534177915311502,624.4536905662482,968.1728882281348,0
51.23043851722534,0.05952449561729847,624.4536905662482,974.7497147223273,0
51.257068492670555,0.058431987143790144,624.6809463383685,975.2039797456121,0
51.28345244650612,0.049160118717001884,624.9061026030754,979.0592226374706,0
51.30983640034167,0.060612109750732286,625.1312588677824,974.2974847656455,0
51.30983640034167,0.05461287240439451,625.1312588677824,976.7919676542527,0
51.33622035417723,0.06443107154200059,625.3564151324895,972.7095604528362,0
51.36284287442215,0.060070826328116306,625.5836072831729,974.5225504127692,0
51.38947284986737,0.055700486537828324,625.8108630552931,976.339737697571,0
51.38947284986737,0.046428618111040064,625.8108630552931,980.1949805894295,0
51.41561078209327,0.06497740225281842,626.0339198125869,972.4823961432782,0
51.442240757538485,0.06661119414894275,626.2611755847072,971.8030654728697,0
51.468870732983696,0.053520363930886175,626.4884313568274,977.2462326775375,0
51.468870732983696,0.0502477328504357,626.4884313568274,978.6069926807888,0
51.49525468681925,0.05297403322006835,626.7135876215343,977.4733969870956,0
51.52163864065481,0.05952449561729847,626.9387438862414,974.7497147223273,0
51.54801513929007,0.05952449561729847,627.1638365295116,974.7497147223273,0
51.57464511473529,0.06279223235767444,627.3910923016318,973.3909897856789,0
51.57464511473529,0.060612109750732286,627.3910923016318,974.2974847656455,0
51.601029068570845,0.057339325722154486,627.6162485663389,975.6583083647282,0
51.62741302240641,0.05297403322006835,627.8414048310459,977.4733969870956,0
51.65404299785162,0.06606991072632676,628.0686606031661,972.0281311199933,0
51.65404299785162,0.053520363930886175,628.0686606031661,977.2462326775375,0
51.680426951687174,0.05897816490648065,628.293816867873,974.9768790318853,0
51.70681090552273,0.07261532583535504,628.5189731325801,969.3065475176594,0
51.73343342576766,0.05897816490648065,628.7461652832635,974.9768790318853,0
51.75981737960321,0.07261532583535504,628.9713215479705,969.3065475176594,0
51.78644735504842,0.060612109750732286,629.1985773200907,974.2974847656455,0
51.81283130888398,0.06879636404408673,629.4237335847978,970.8944718304688,0
51.81283130888398,0.05952449561729847,629.4237335847978,974.7497147223273,0
51.83921526271954,0.057339325722154486,629.6488898495048,975.6583083647282,0
51.8655992165551,0.055700486537828324,629.8740461142118,976.339737697571,0
51.89198317039066,0.06606991072632676,630.0992023789188,972.0281311199933,0
51.89198317039066,0.06552358001550893,630.0992023789188,972.2552954295514,0
51.918851712245235,0.05461287240439451,630.3284940370155,976.7919676542527,0
51.94523566608079,0.06225094893505845,630.5536503017224,973.6160554328027,0
51.971619619916346,0.06715752485976058,630.7788065664295,971.5759011633115,0
51.971619619916346,0.05788565643297231,630.7788065664295,975.4311440551701,0
51.998249595361564,0.06988887251759507,631.0060623385497,970.4402068071839,0
52.024387527587464,0.06715752485976058,631.2291190958435,971.5759011633115,0
52.05101750303268,0.06606991072632676,631.4563748679637,972.0281311199933,0
52.05101750303268,0.05788565643297231,631.4563748679637,975.4311440551701,0
52.07740145686824,0.06279223235767444,631.6815311326707,973.3909897856789,0
52.10402397711316,0.06388978811938462,631.9087232833542,972.9346260999599,0
52.130653952558376,0.055700486537828324,632.1359790554744,976.339737697571,0
52.130653952558376,0.05515415582701049,632.1359790554744,976.566902007129,0
52.15679188478427,0.06279223235767444,632.3590358127682,973.3909897856789,0
52.18333239782597,0.06770523210372435,632.5855281276472,971.3481644912714,0
52.18342186022949,0.0677038555705784,632.5862915848884,971.3487368537535,0
52.209716351661534,0.05406807117484996,632.8106843923542,977.0184960054974,0
52.209716351661534,0.042611185801045046,632.8106843923542,981.7822689439255,0
52.23634632710675,0.06007220286126226,633.0379401644744,974.5219780502872,0
52.26273028094231,0.06388627031245606,633.2630964291815,972.9360888040808,0
52.28959882279689,0.06552006220858037,633.4923880872782,972.2567581336723,0
52.28959882279689,0.057887032966118274,633.4923880872782,975.430571692688,0
52.31573675502278,0.05679452449260994,633.715444844572,975.8848367159728,0
52.34212070885834,0.049156600910073324,633.940601109279,979.0606853415915,0
52.368750684303556,0.057887032966118274,634.1678568813992,975.430571692688,0
52.368750684303556,0.055155685308283776,634.1678568813992,976.5662660488156,0
52.39513463813912,0.061159816994696074,634.3930131461062,974.0697480936053,0
52.42176461358433,0.06443244807514656,634.6202689182264,972.7089880903541,0
52.44790254581023,0.05952097781036991,634.8433256755202,974.7511774264482,0
52.44790254581023,0.05352189341215946,634.8433256755202,977.2455967192241,0
52.474286499645785,0.0524292319905238,635.0684819402272,977.6999253383402,0
52.50115504150037,0.04970277867276383,635.2977735983238,978.8335846278648,0
52.527538995335924,0.05734085520342777,635.5229298630309,975.6576724064147,0
52.527538995335924,0.049156600910073324,635.5229298630309,979.0606853415915,0
52.554168970781134,0.05570201601910161,635.7501856351511,976.3391017392576,0
52.58030690300704,0.04806898677663951,635.973242392445,979.5129152982732,0
52.6066908568426,0.06007220286126226,636.1983986571519,974.5219780502872,0
52.6066908568426,0.05897464709955209,636.1983986571519,974.9783417360062,0
52.63332083228781,0.06170110041731206,636.4256544292721,973.8446824464817,0
52.65970478612337,0.06879774057723269,636.6508106939791,970.8938994679867,0
52.686573327977946,0.061159816994696074,636.8801023520758,974.0697480936053,0
52.71271126020385,0.054614401885667796,637.1031591093696,976.7913316959393,0
52.71271126020385,0.05024910938358166,637.1031591093696,978.6064203183067,0
52.73909521403941,0.07316303307931883,637.3283153740766,969.0788108456193,0
52.76572518948462,0.05024910938358166,637.5555711461968,978.6064203183067,0
52.792109143320175,0.06552006220858037,637.7807274109039,972.2567581336723,0
52.792109143320175,0.0524292319905238,637.7807274109039,977.6999253383402,0
52.81873911876539,0.06333993960163822,638.0079831830241,973.1632531136388,0
52.84512307260095,0.052975562701341634,638.2331394477311,977.4727610287822,0
52.871261004826856,0.05679452449260994,638.4561962050249,975.8848367159728,0
52.871261004826856,0.05024910938358166,638.4561962050249,978.6064203183067,0
52.898129546681425,0.05897464709955209,638.6854878631215,974.9783417360062,0
52.92451350051698,0.07043168542148434,638.9106441278285,970.2145052017468,0
52.9511434759622,0.06715890139290653,639.1378998999487,971.5753288008294,0
52.9511434759622,0.05570201601910161,639.1378998999487,976.3391017392576,0
52.97752742979776,0.06825156281454219,639.3630561646557,971.1210001817134,0
53.00366536202366,0.06007220286126226,639.5861129219495,974.5219780502872,0
53.03029533746887,0.07370431650193482,639.8133686940698,968.8537451984955,0
53.03029533746887,0.06007220286126226,639.8133686940698,974.5219780502872,0
53.05667929130443,0.06934407128805052,640.0385249587767,970.6667351584285,0
53.08354783315901,0.07534315568626097,640.2678166168735,968.1723158656526,0
53.109931786994565,0.07097801613230216,640.4929728815805,969.9873408921887,0
53.109931786994565,0.07043168542148434,640.4929728815805,970.2145052017468,0
53.13631574083012,0.06443244807514656,640.7181291462874,972.7089880903541,0
53.16269969466568,0.06170110041731206,640.9432854109945,973.8446824464817,0
53.18908364850124,0.07097801613230216,641.1684416757015,969.9873408921887,0
53.18908364850124,0.057887032966118274,641.1684416757015,975.430571692688,0
53.21571362394645,0.06061348628387825,641.3956974478217,974.2969124031634,0
53.242097577782005,0.07643581710789664,641.6208537125287,967.7179872465366,0
53.26847407641728,0.05570201601910161,641.8459463557989,976.3391017392576,0
53.26847407641728,0.0486102701992555,641.8459463557989,979.2878496511496,0
53.29510405186249,0.06007220286126226,642.0732021279192,974.5219780502872,0
53.32148800569805,0.06879774057723269,642.2983583926261,970.8938994679867,0
53.34811798114326,0.05679452449260994,642.5256141647463,975.8848367159728,0
53.34811798114326,0.052975562701341634,642.5256141647463,977.4727610287822,0
53.37450193497882,0.06661272363021603,642.7507704294534,971.8024295145561,0
53.40088588881437,0.06497877878596438,642.9759266941604,972.481823780796,0
53.427269842649935,0.057887032966118274,643.2010829588675,975.430571692688,0
53.427269842649935,0.0524292319905238,643.2010829588675,977.6999253383402,0
53.4536537964855,0.06497877878596438,643.4262392235744,972.481823780796,0
53.480522338340066,0.05952097781036991,643.6555308816711,974.7511774264482,0
53.50690629217562,0.06497877878596438,643.8806871463781,972.481823780796,0
53.50690629217562,0.058428316388734254,643.8806871463781,975.2055060455643,0
53.533290246011184,0.06661272363021603,644.1058434110851,971.8024295145561,0
53.5599202214564,0.05679452449260994,644.3330991832053,975.8848367159728,0
53.5860581536823,0.06061348628387825,644.5561559404991,974.2969124031634,0
53.5860581536823,0.052975562701341634,644.5561559404991,977.4727610287822,0
53.61268812912751,0.058428316388734254,644.7834117126193,975.2055060455643,0
53.639072082963075,0.06333993960163822,645.0085679773264,973.1632531136388,0
53.66569460320799,0.061159816994696074,645.2357601280098,974.0697480936053,0
53.66569460320799,0.06007220286126226,645.2357601280098,974.5219780502872,0
53.692324578653206,0.05406807117484996,645.46301590013,977.0184960054974,0
53.71846251087911,0.05897464709955209,645.6860726574238,974.9783417360062,0
53.745092486324324,0.06879774057723269,645.913328429544,970.8938994679867,0
53.745092486324324,0.06661272363021603,645.913328429544,971.8024295145561,0
53.77147644015988,0.057887032966118274,646.138484694251,975.430571692688,0
53.797860393995435,0.06225232546820441,646.3636409589581,973.6154830703206,0
53.824482914240356,0.06552006220858037,646.5908331096415,972.2567581336723,0
53.824482914240356,0.06279360889082039,646.5908331096415,973.3904174231968,0
53.85086686807591,0.07370431650193482,646.8159893743485,968.8537451984955,0
53.87749684352113,0.07261180802842648,647.0432451464687,969.3080102217803,0
53.90388079735669,0.0660663929193982,647.2684014111758,972.0295938241143,0
53.93026475119225,0.05952097781036991,647.4935576758827,974.7511774264482,0
53.93026475119225,0.055155685308283776,647.4935576758827,976.5662660488156,0
53.95689472663746,0.05570201601910161,647.720813448003,976.3391017392576,0
53.98327868047302,0.06715890139290653,647.9459697127099,971.5753288008294,0
54.009662634308576,0.05679452449260994,648.171125977417,975.8848367159728,0
54.009662634308576,0.05406807117484996,648.171125977417,977.0184960054974,0
54.03604658814414,0.06552006220858037,648.396282242124,972.2567581336723,0
54.06266910838905,0.06443244807514656,648.6234743928075,972.7089880903541,0
54.08929908383426,0.06770523210372435,648.8507301649277,971.3481644912714,0
54.08929908383426,0.051882901279705976,648.8507301649277,977.9270896478982,0
54.115683037669825,0.06225232546820441,649.0758864296347,973.6154830703206,0
54.14206699150539,0.07479697792357047,649.3010426943417,968.3994165793794,0
54.16845094534094,0.06007220286126226,649.5261989590487,974.5219780502872,0
54.16845094534094,0.054614401885667796,649.5261989590487,976.7913316959393,0
54.194834899176506,0.04806898677663951,649.7513552237557,979.5129152982732,0
54.22145741942142,0.058428316388734254,649.9785473744391,975.2055060455643,0
54.24784137325698,0.06497877878596438,650.2037036391462,972.481823780796,0
54.24784137325698,0.06388627031245606,650.2037036391462,972.9360888040808,0
54.27447134870219,0.05679452449260994,650.4309594112664,975.8848367159728,0
54.300855302537755,0.06061348628387825,650.6561156759734,974.2969124031634,0
54.32723925637331,0.06333993960163822,650.8812719406804,973.1632531136388,0
54.32723925637331,0.06170110041731206,650.8812719406804,973.8446824464817,0
54.35386923181852,0.05897464709955209,651.1085277128007,974.9783417360062,0
54.38025318565408,0.04643014759231335,651.3336839775076,980.1943446311161,0
54.407852337137335,0.07152419389499266,651.5692105364071,969.760240178462,0
54.407852337137335,0.055155685308283776,651.5692105364071,976.5662660488156,0
54.434482312582546,0.05133672351701547,651.7964663085273,978.154190361625,0
54.460620244808446,0.061159816994696074,652.0195230658212,974.0697480936053,0
54.48725022025366,0.07425064721275264,652.2467788379414,968.6265808889375,0
54.48725022025366,0.07097801613230216,652.2467788379414,969.9873408921887,0
54.51363417408922,0.05624819378179211,652.4719351026483,976.1120010255308,0
54.54001812792478,0.0524292319905238,652.6970913673554,977.6999253383402,0
54.56664810336999,0.07043168542148434,652.9243471394756,970.2145052017468,0
54.56664810336999,0.06061348628387825,652.9243471394756,974.2969124031634,0
54.59303205720555,0.054614401885667796,653.1495034041826,976.7913316959393,0
54.61965457745047,0.06388627031245606,653.376695554866,972.9360888040808,0
54.646038531286024,0.05352189341215946,653.6018518195731,977.2455967192241,0
54.646038531286024,0.04643014759231335,653.6018518195731,980.1943446311161,0
54.67242248512159,0.06661272363021603,653.8270080842801,971.8024295145561,0
54.6990524605668,0.05624819378179211,654.0542638564003,976.1120010255308,0
54.725190392792705,0.0524292319905238,654.2773206136941,977.6999253383402,0
54.725190392792705,0.0486102701992555,654.2773206136941,979.2878496511496,0
54.751820368237915,0.06989040199886835,654.5045763858143,970.4395708488705,0
54.77820432207347,0.054614401885667796,654.7297326505213,976.7913316959393,0
54.80482684231839,0.06388627031245606,654.9569248012048,972.9360888040808,0
54.83145681776361,0.06388627031245606,655.184180573325,972.9360888040808,0
54.857840771599164,0.05024910938358166,655.409336838032,978.6064203183067,0
54.88422472543473,0.05679452449260994,655.634493102739,975.8848367159728,0
54.88422472543473,0.055155685308283776,655.634493102739,976.5662660488156,0
54.91060867927028,0.054614401885667796,655.8596493674461,976.7913316959393,0
54.93699263310584,0.06225232546820441,656.084805632153,973.6154830703206,0
54.963622608551056,0.06061348628387825,656.3120614042732,974.2969124031634,0
54.963622608551056,0.054614401885667796,656.3120614042732,976.7913316959393,0
54.990245128795976,0.05679452449260994,656.5392535549568,975.8848367159728,0
55.01662908263153,0.06989040199886835,656.7644098196637,970.4395708488705,0
55.04301303646709,0.06552006220858037,656.9895660843707,972.2567581336723,0
55.06939699030265,0.049156600910073324,657.2147223490778,979.0606853415915,0
55.06939699030265,0.04806898677663951,657.2147223490778,979.5129152982732,0
55.09602696574787,0.05352189341215946,657.441978121198,977.2455967192241,0
55.12241091958342,0.055155685308283776,657.667134385905,976.5662660488156,0
55.149040895028634,0.06989040199886835,657.8943901580252,970.4395708488705,0
55.149040895028634,0.06552006220858037,657.8943901580252,972.2567581336723,0
55.1754173936639,0.05897464709955209,658.1194828012955,974.9783417360062,0
55.201801347499455,0.05679452449260994,658.3446390660024,975.8848367159728,0
55.22843132294467,0.05897464709955209,658.5718948381226,974.9783417360062,0
55.22843132294467,0.05406807117484996,658.5718948381226,977.0184960054974,0
55.254815276780235,0.06333993960163822,658.7970511028296,973.1632531136388,0
55.281445252225446,0.0486102701992555,659.0243068749498,979.2878496511496,0
55.307583184451346,0.05624819378179211,659.2473636322437,976.1120010255308,0
55.307583184451346,0.051882901279705976,659.2473636322437,977.9270896478982,0
55.3339671382869,0.06388627031245606,659.4725198969506,972.9360888040808,0
55.36059711373211,0.05624819378179211,659.6997756690708,976.1120010255308,0
55.38721963397704,0.06170110041731206,659.9269678197544,973.8446824464817,0
55.38721963397704,0.05570201601910161,659.9269678197544,976.3391017392576,0
55.41384960942225,0.06225232546820441,660.1542235918746,973.6154830703206,0
55.43998754164816,0.06007220286126226,660.3772803491684,974.5219780502872,0
55.46637149548371,0.06170110041731206,660.6024366138754,973.8446824464817,0
55.46637149548371,0.049156600910073324,660.6024366138754,979.0606853415915,0
55.493001470928924,0.05952097781036991,660.8296923859956,974.7511774264482,0
55.51938542476448,0.05406807117484996,661.0548486507026,977.0184960054974,0
55.5460154002097,0.07043168542148434,661.2821044228228,970.2145052017468,0
55.5460154002097,0.05079039280619764,661.2821044228228,978.381354671183,0
55.5721533324356,0.0660663929193982,661.5051611801166,972.0295938241143,0
55.59877585268052,0.0720705246058105,661.7323533308,969.533075868904,0
55.62540582812573,0.05897464709955209,661.9596091029202,974.9783417360062,0
55.62540582812573,0.040972193668591554,661.9596091029202,982.4637618725997,0
55.65178978196129,0.054614401885667796,662.1847653676273,976.7913316959393,0
55.6784197574065,0.055155685308283776,662.4120211397475,976.5662660488156,0
55.704803711242064,0.05952097781036991,662.6371774044545,974.7511774264482,0
55.704803711242064,0.05079039280619764,662.6371774044545,978.381354671183,0
55.730941643467965,0.05406807117484996,662.8602341617483,977.0184960054974,0
55.75781018532254,0.05406807117484996,663.089525819845,977.0184960054974,0
55.784194139158096,0.05679452449260994,663.314682084552,975.8848367159728,0
55.784194139158096,0.04479130840798719,663.314682084552,980.875773963959,0
55.81082411460331,0.055155685308283776,663.5419378566722,976.5662660488156,0
55.83720806843887,0.06170110041731206,663.7670941213793,973.8446824464817,0
55.86334600066477,0.05679452449260994,663.990150878673,975.8848367159728,0
55.86334600066477,0.052975562701341634,663.990150878673,977.4727610287822,0
55.88997597610999,0.06279360889082039,664.2174066507932,973.3904174231968,0
55.91635992994554,0.05406807117484996,664.4425629155003,977.0184960054974,0
55.94298990539075,0.06225232546820441,664.6698186876205,973.6154830703206,0
55.94298990539075,0.05734085520342777,664.6698186876205,975.6576724064147,0
55.969612425635674,0.06007220286126226,664.8970108383039,974.5219780502872,0
55.99599637947124,0.04970277867276383,665.122167103011,978.8335846278648,0
56.0223803333068,0.06061348628387825,665.347323367718,974.2969124031634,0
56.0223803333068,0.05734085520342777,665.347323367718,975.6576724064147,0
56.048764287142355,0.07097801613230216,665.5724796324249,969.9873408921887,0
56.075394262587565,0.0524292319905238,665.7997354045451,977.6999253383402,0
56.10177821642312,0.058428316388734254,666.0248916692522,975.2055060455643,0
56.10177821642312,0.04588381688149552,666.0248916692522,980.4215089406741,0
56.128162170258676,0.05024910938358166,666.2500479339592,978.6064203183067,0
56.15454612409424,0.049156600910073324,666.4752041986662,979.0606853415915,0
56.18116864433916,0.04533748617067769,666.7023963493497,980.6486732502323,0
56.20779861978437,0.057887032966118274,666.9296521214699,975.430571692688,0
56.20779861978437,0.055155685308283776,666.9296521214699,976.5662660488156,0
56.23418257361993,0.05679452449260994,667.1548083861769,975.8848367159728,0
56.26056652745549,0.052975562701341634,667.3799646508838,977.4727610287822,0
56.28695048129104,0.06061348628387825,667.6051209155909,974.2969124031634,0
56.28695048129104,0.06007220286126226,667.6051209155909,974.5219780502872,0
56.313334435126606,0.04970277867276383,667.8302771802979,978.8335846278648,0
56.339964410571824,0.05897464709955209,668.0575329524181,974.9783417360062,0
56.36658693081674,0.06552006220858037,668.2847251031016,972.2567581336723,0
56.36658693081674,0.05679452449260994,668.2847251031016,975.8848367159728,0
56.3929708846523,0.061159816994696074,668.5098813678086,974.0697480936053,0
56.41960086009752,0.06333993960163822,668.7371371399288,973.1632531136388,0
56.44573879232341,0.07316303307931883,668.9601938972226,969.0788108456193,0
56.44573879232341,0.05897464709955209,668.9601938972226,974.9783417360062,0
56.47236876776863,0.06225232546820441,669.1874496693429,973.6154830703206,0
56.498752721604184,0.06497877878596438,669.4126059340498,972.481823780796,0
56.52513667543975,0.061159816994696074,669.6377621987568,974.0697480936053,0
56.52513667543975,0.06061348628387825,669.6377621987568,974.2969124031634,0
56.55175919568466,0.05897464709955209,669.8649543494403,974.9783417360062,0
56.57814314952022,0.06279360889082039,670.0901106141473,973.3904174231968,0
56.60477312496544,0.07261180802842648,670.3173663862675,969.3080102217803,0
56.60477312496544,0.06279360889082039,670.3173663862675,973.3904174231968,0
56.631157078800996,0.0660663929193982,670.5425226509745,972.0295938241143,0
56.65754103263655,0.06333993960163822,670.7676789156816,973.1632531136388,0
56.68417100808176,0.06879774057723269,670.9949346878018,970.8938994679867,0
56.68417100808176,0.06770523210372435,670.9949346878018,971.3481644912714,0
56.710554961917325,0.06007220286126226,671.2200909525087,974.5219780502872,0
56.73693891575288,0.05897464709955209,671.4452472172158,974.9783417360062,0
56.76356143599781,0.054614401885667796,671.6724393678992,976.7913316959393,0
56.76356143599781,0.04588381688149552,671.6724393678992,980.4215089406741,0
56.78994538983336,0.06552006220858037,671.8975956326062,972.2567581336723,0
56.816575365278574,0.0660663929193982,672.1248514047264,972.0295938241143,0
56.84295931911413,0.06061348628387825,672.3500076694335,974.2969124031634,0
56.84295931911413,0.0524292319905238,672.3500076694335,977.6999253383402,0
56.869343272949685,0.06443244807514656,672.5751639341405,972.7089880903541,0
56.89572722678525,0.054614401885667796,672.8003201988474,976.7913316959393,0
56.9221111806208,0.0660663929193982,673.0254764635545,972.0295938241143,0
56.9221111806208,0.05952097781036991,673.0254764635545,974.7511774264482,0
56.94897972247538,0.051882901279705976,673.2547681216512,977.9270896478982,0
56.97536367631094,0.05570201601910161,673.4799243863581,976.3391017392576,0
57.0017476301465,0.06661272363021603,673.7050806510651,971.8024295145561,0
57.0017476301465,0.0524292319905238,673.7050806510651,977.6999253383402,0
57.02813158398205,0.051882901279705976,673.9302369157722,977.9270896478982,0
57.05451553781761,0.06388627031245606,674.1553931804792,972.9360888040808,0
57.081145513262825,0.06661272363021603,674.3826489525994,971.8024295145561,0
57.081145513262825,0.06007220286126226,674.3826489525994,974.5219780502872,0
57.10752946709839,0.06715890139290653,674.6078052173065,971.5753288008294,0
57.1341519873433,0.05570201601910161,674.8349973679899,976.3391017392576,0
57.160535941178864,0.06770523210372435,675.0601536326968,971.3481644912714,0
57.160535941178864,0.05024910938358166,675.0601536326968,978.6064203183067,0
57.18691989501442,0.07534315568626097,675.2853098974039,968.1723158656526,0
57.21354987045964,0.061159816994696074,675.5125656695241,974.0697480936053,0
57.23993382429519,0.06061348628387825,675.7377219342311,974.2969124031634,0
57.23993382429519,0.05952097781036991,675.7377219342311,974.7511774264482,0
57.2665637997404,0.07643581710789664,675.9649777063513,967.7179872465366,0
57.29270173196631,0.05897464709955209,676.1880344636452,974.9783417360062,0
57.319085685801866,0.054614401885667796,676.4131907283521,976.7913316959393,0
57.34595422765645,0.06879774057723269,676.6424823864488,970.8938994679867,0
57.34595422765645,0.06497877878596438,676.6424823864488,972.481823780796,0
57.372338181492005,0.058428316388734254,676.8676386511559,975.2055060455643,0
57.398968156937215,0.06497877878596438,677.0948944232761,972.481823780796,0
57.425106089163116,0.06061348628387825,677.3179511805698,974.2969124031634,0
57.425106089163116,0.05352189341215946,677.3179511805698,977.2455967192241,0
57.45149004299868,0.06879774057723269,677.5431074452769,970.8938994679867,0
57.47812001844389,0.06388627031245606,677.7703632173971,972.9360888040808,0
57.504503972279444,0.06989040199886835,677.9955194821041,970.4395708488705,0
57.504503972279444,0.06279360889082039,677.9955194821041,973.3904174231968,0
57.53137251413402,0.06388627031245606,678.2248111402007,972.9360888040808,0
57.55775646796958,0.06333993960163822,678.4499674049077,973.1632531136388,0
57.58389440019548,0.07043168542148434,678.6730241622015,970.2145052017468,0
57.58389440019548,0.06388627031245606,678.6730241622015,972.9360888040808,0
57.61052437564069,0.06443244807514656,678.9002799343217,972.7089880903541,0
57.63690832947625,0.08134239303259876,679.1254361990287,965.6778329770455,0
57.663538304921474,0.06770523210372435,679.3526919711489,971.3481644912714,0
57.663538304921474,0.06497877878596438,679.3526919711489,972.481823780796,0
57.68992225875703,0.061159816994696074,679.577848235856,974.0697480936053,0
57.71606019098292,0.061159816994696074,679.8009049931497,974.0697480936053,0
57.742928732837505,0.06879774057723269,680.0301966512465,970.8938994679867,0
57.742928732837505,0.058428316388734254,680.0301966512465,975.2055060455643,0
57.76931268667306,0.06552006220858037,680.2553529159535,972.2567581336723,0
57.79594266211828,0.07588443910887696,680.4826086880737,967.947250218529,0
57.822326615953834,0.06333993960163822,680.7077649527806,973.1632531136388,0
57.822326615953834,0.05734085520342777,680.7077649527806,975.6576724064147,0
57.848464548179734,0.054614401885667796,680.9308217100745,976.7913316959393,0
57.87509452362495,0.07534315568626097,681.1580774821947,968.1723158656526,0
57.90147847746051,0.055155685308283776,681.3832337469017,976.5662660488156,0
57.90147847746051,0.05024910938358166,681.3832337469017,978.6064203183067,0
57.92810099770543,0.055155685308283776,681.6104258975852,976.5662660488156,0
57.954730973150646,0.06497877878596438,681.8376816697054,972.481823780796,0
57.9811149269862,0.05897464709955209,682.0628379344124,974.9783417360062,0
57.9811149269862,0.05734085520342777,682.0628379344124,975.6576724064147,0
58.00749888082176,0.058428316388734254,682.2879941991193,975.2055060455643,0
58.03388283465732,0.05570201601910161,682.5131504638264,976.3391017392576,0
58.06051281010253,0.07261180802842648,682.7404062359466,969.3080102217803,0
58.06051281010253,0.055155685308283776,682.7404062359466,976.5662660488156,0
58.086896763938086,0.06007220286126226,682.9655625006536,974.5219780502872,0
58.11351928418301,0.054614401885667796,683.192754651337,976.7913316959393,0
58.13990323801857,0.06497877878596438,683.4179109160441,972.481823780796,0
58.13990323801857,0.06279360889082039,683.4179109160441,973.3904174231968,0
58.166287191854124,0.06007220286126226,683.6430671807511,974.5219780502872,0
58.192917167299335,0.05570201601910161,683.8703229528713,976.3391017392576,0
58.2193011211349,0.06170110041731206,684.0954792175784,973.8446824464817,0
58.2193011211349,0.06007220286126226,684.0954792175784,974.5219780502872,0
58.24568507497045,0.05679452449260994,684.3206354822853,975.8848367159728,0
58.27230759521538,0.06388627031245606,684.5478276329687,972.9360888040808,0
58.298452982641564,0.06934407128805052,684.7709480116994,970.6667351584285,0
58.298452982641564,0.05406807117484996,684.7709480116994,977.0184960054974,0
58.32532152449615,0.06934407128805052,685.000239669796,970.6667351584285,0
58.3517054783317,0.05570201601910161,685.225395934503,976.3391017392576,0
58.37808943216726,0.06989040199886835,685.45055219921,970.4395708488705,0
58.37808943216726,0.06715890139290653,685.45055219921,971.5753288008294,0
58.404719407612475,0.06279360889082039,685.6778079713303,973.3904174231968,0
58.430857339838376,0.0720705246058105,685.900864728624,969.533075868904,0
58.45748731528359,0.06007220286126226,686.1281205007442,974.5219780502872,0
58.48387126911915,0.06279360889082039,686.3532767654513,973.3904174231968,0
58.48387126911915,0.055155685308283776,686.3532767654513,976.5662660488156,0
58.51049378936407,0.06552006220858037,686.5804689161347,972.2567581336723,0
58.53712376480929,0.0486102701992555,686.8077246882549,979.2878496511496,0
58.563992306663856,0.05952097781036991,687.0370163463516,974.7511774264482,0
58.563992306663856,0.05624819378179211,687.0370163463516,976.1120010255308,0
58.590622282109074,0.05352189341215946,687.2642721184718,977.2455967192241,0
58.617006235944636,0.05406807117484996,687.4894283831788,977.0184960054974,0
58.64339018978019,0.07806960900402095,687.7145846478859,967.0386565761281,0
58.64339018978019,0.04479130840798719,687.7145846478859,980.875773963959,0
58.66977414361575,0.05570201601910161,687.9397409125928,976.3391017392576,0
58.69640411906096,0.05897464709955209,688.166996684713,974.9783417360062,0
58.723026639305886,0.06934407128805052,688.3941888353966,970.6667351584285,0
58.723026639305886,0.06061348628387825,688.3941888353966,974.2969124031634,0
58.74941059314144,0.06170110041731206,688.6193451001035,973.8446824464817,0
58.775794546977004,0.06388627031245606,688.8445013648105,972.9360888040808,0
58.80217850081256,0.05624819378179211,689.0696576295176,976.1120010255308,0
58.80217850081256,0.049156600910073324,689.0696576295176,979.0606853415915,0
58.828562454648115,0.05079039280619764,689.2948138942246,978.381354671183,0
58.85543845170299,0.06007220286126226,689.524169173758,974.5219780502872,0
58.88182240553854,0.06225232546820441,689.749325438465,973.6154830703206,0
58.88182240553854,0.06007220286126226,689.749325438465,974.5219780502872,0
58.9082063593741,0.05679452449260994,689.974481703172,975.8848367159728,0
58.93482887961902,0.04424497769716936,690.2016738538555,981.102938273517,0
58.960966811844926,0.06279360889082039,690.4247306111492,973.3904174231968,0
58.960966811844926,0.05734085520342777,690.4247306111492,975.6576724064147,0
58.98759678729014,0.05406807117484996,690.6519863832694,977.0184960054974,0
59.01398074112569,0.04752265606582168,690.8771426479765,979.7400796078314,0
59.040364694961255,0.07370431650193482,691.1022989126835,968.8537451984955,0
59.040364694961255,0.06333993960163822,691.1022989126835,973.1632531136388,0
59.06724069201612,0.05624819378179211,691.3316541922169,976.1120010255308,0
59.09337862424202,0.052975562701341634,691.5547109495108,977.4727610287822,0
59.12000114448694,0.07806960900402095,691.7819031001942,967.0386565761281,0
59.12000114448694,0.05079039280619764,691.7819031001942,978.381354671183,0
59.1463850983225,0.06552006220858037,692.0070593649011,972.2567581336723,0
59.17276905215806,0.06661272363021603,692.2322156296082,971.8024295145561,0
59.19939902760328,0.05679452449260994,692.4594714017284,975.8848367159728,0
59.19939902760328,0.0524292319905238,692.4594714017284,977.6999253383402,0
59.22578298143883,0.04752265606582168,692.6846276664354,979.7400796078314,0
59.25216693527439,0.05734085520342777,692.9097839311424,975.6576724064147,0
59.2787969107196,0.05734085520342777,693.1370397032626,975.6576724064147,0
59.2787969107196,0.04369864698635153,693.1370397032626,981.330102583075,0
59.30518086455516,0.061159816994696074,693.3621959679697,974.0697480936053,0
59.33180338480008,0.06443244807514656,693.5893881186531,972.7089880903541,0
59.358187338635645,0.08517634374034527,693.81454438336,964.0836762727645,0
59.358187338635645,0.04697647830313118,693.81454438336,979.9671803215581,0
59.3845712924712,0.06770523210372435,694.0397006480671,971.3481644912714,0
59.410955246306756,0.06825156281454219,694.2648569127741,971.1210001817134,0
59.43733920014231,0.054614401885667796,694.4900131774812,976.7913316959393,0
59.43733920014231,0.049156600910073324,694.4900131774812,979.0606853415915,0
59.464215197197184,0.051882901279705976,694.7193684570145,977.9270896478982,0
59.49059169583245,0.06497877878596438,694.9444611002848,972.481823780796,0
59.516975649668005,0.07097801613230216,695.1696173649918,969.9873408921887,0
59.516975649668005,0.05679452449260994,695.1696173649918,975.8848367159728,0
59.54335960350357,0.06879774057723269,695.3947736296988,970.8938994679867,0
59.56974355733912,0.0660663929193982,695.6199298944058,972.0295938241143,0
59.596373532784334,0.05897464709955209,695.847185666526,974.9783417360062,0
59.62275748661989,0.07916227042565661,696.072341931233,966.584327957012,0
59.62275748661989,0.058428316388734254,696.072341931233,975.2055060455643,0
59.64938746206511,0.05133672351701547,696.2995977033532,978.154190361625,0
59.67577141590067,0.05734085520342777,696.5247539680603,975.6576724064147,0
59.702155369736225,0.06279360889082039,696.7499102327673,973.3904174231968,0
59.702155369736225,0.05897464709955209,696.7499102327673,974.9783417360062,0
59.72877788998114,0.06061348628387825,696.9771023834508,974.2969124031634,0
59.7551618438167,0.057887032966118274,697.2022586481578,975.430571692688,0
59.78179181926192,0.07588443910887696,697.429514420278,967.947250218529,0
59.78179181926192,0.05352189341215946,697.429514420278,977.2455967192241,0
59.80792975148782,0.06879774057723269,697.6525711775718,970.8938994679867,0
59.83431370532338,0.05024910938358166,697.8777274422788,978.6064203183067,0
59.86118970237824,0.06934407128805052,698.1070827218122,970.6667351584285,0
59.86118970237824,0.06552006220858037,698.1070827218122,972.2567581336723,0
59.887566201013506,0.06715890139290653,698.3321753650824,971.5753288008294,0
59.914196176458724,0.06879774057723269,698.5594311372026,970.8938994679867,0
59.940334108684624,0.07097801613230216,698.7824878944965,969.9873408921887,0
59.940334108684624,0.06279360889082039,698.7824878944965,973.3904174231968,0
59.96671806252019,0.07643581710789664,699.0076441592034,967.7179872465366,0
59.9933480379654,0.06552006220858037,699.2348999313236,972.2567581336723,0
60.01973199180095,0.0720705246058105,699.4600561960307,969.533075868904,0
60.01973199180095,0.06170110041731206,699.4600561960307,973.8446824464817,0
60.046600533655536,0.06170110041731206,699.6893478541274,973.8446824464817,0
60.07298448749109,0.06443244807514656,699.9145041188343,972.7089880903541,0
60.09912987491729,0.07479697792357047,700.137624497565,968.3994165793794,0
60.09912987491729,0.04588381688149552,700.137624497565,980.4215089406741,0
60.12575239516221,0.06989040199886835,700.3648166482484,970.4395708488705,0
60.152136348997765,0.058428316388734254,700.5899729129554,975.2055060455643,0
60.178766324442975,0.07425064721275264,700.8172286850756,968.6265808889375,0
60.178766324442975,0.06552006220858037,700.8172286850756,972.2567581336723,0
60.20515027827854,0.06443244807514656,701.0423849497827,972.7089880903541,0
60.2315342321141,0.05570201601910161,701.2675412144896,976.3391017392576,0
60.25816420755931,0.057887032966118274,701.4947969866098,975.430571692688,0
60.25816420755931,0.054614401885667796,701.4947969866098,976.7913316959393,0
60.284540706194576,0.04970277867276383,701.7198896298801,978.8335846278648,0
60.31117068163979,0.06388627031245606,701.9471454020003,972.9360888040808,0
60.33755463547534,0.06989040199886835,702.1723016667073,970.4395708488705,0
60.33755463547534,0.06279360889082039,702.1723016667073,973.3904174231968,0
60.36369256770124,0.05624819378179211,702.3953584240011,976.1120010255308,0
60.39032254314646,0.05024910938358166,702.6226141961214,978.6064203183067,0
60.41670649698202,0.06552006220858037,702.8477704608283,972.2567581336723,0
60.41670649698202,0.05734085520342777,702.8477704608283,975.6576724064147,0
60.44357503883659,0.0720705246058105,703.077062118925,969.533075868904,0
60.46995899267215,0.055155685308283776,703.3022183836321,976.5662660488156,0
60.49634294650771,0.06879774057723269,703.527374648339,970.8938994679867,0
60.49634294650771,0.06443244807514656,703.527374648339,972.7089880903541,0
60.52272690034327,0.061159816994696074,703.752530913046,974.0697480936053,0
60.54911085417883,0.06715890139290653,703.9776871777531,971.5753288008294,0
60.57574082962404,0.06715890139290653,704.2049429498733,971.5753288008294,0
60.57574082962404,0.06661272363021603,704.2049429498733,971.8024295145561,0
60.602124783459594,0.06715890139290653,704.4300992145803,971.5753288008294,0
60.628747303704515,0.07152419389499266,704.6572913652637,969.760240178462,0
60.65513871274037,0.07043168542148434,704.8825112514075,970.2145052017468,0
60.65513871274037,0.055155685308283776,704.8825112514075,976.5662660488156,0
60.68151521137564,0.06007220286126226,705.1076038946777,974.5219780502872,0
60.70814518682085,0.06825156281454219,705.3348596667979,971.1210001817134,0
60.734529140656406,0.06225232546820441,705.560015931505,973.6154830703206,0
60.734529140656406,0.05133672351701547,705.560015931505,978.154190361625,0
60.76091309449196,0.06388627031245606,705.785172196212,972.9360888040808,0
60.78754306993717,0.058428316388734254,706.0124279683322,975.2055060455643,0
60.81368100216308,0.061159816994696074,706.235484725626,974.0697480936053,0
60.840549544017655,0.07534315568626097,706.4647763837227,968.1723158656526,0
60.840549544017655,0.061159816994696074,706.4647763837227,974.0697480936053,0
60.86693349785322,0.05570201601910161,706.6899326484297,976.3391017392576,0
60.89331745168877,0.05897464709955209,706.9150889131366,974.9783417360062,0
60.919947427133984,0.0524292319905238,707.142344685257,977.6999253383402,0
60.946085359359884,0.06170110041731206,707.3654014425507,973.8446824464817,0
60.9727153348051,0.05897464709955209,707.5926572146709,974.9783417360062,0
60.99934531025031,0.05897464709955209,707.8199129867911,974.9783417360062,0
60.99934531025031,0.05133672351701547,707.8199129867911,978.154190361625,0
61.02572180888558,0.054614401885667796,708.0450056300614,976.7913316959393,0
61.05235178433079,0.05952097781036991,708.2722614021816,974.7511774264482,0
61.078489716556696,0.05897464709955209,708.4953181594753,974.9783417360062,0
61.078489716556696,0.05133672351701547,708.4953181594753,978.154190361625,0
61.10511969200191,0.05624819378179211,708.7225739315957,976.1120010255308,0
61.13150364583747,0.058428316388734254,708.9477301963026,975.2055060455643,0
61.157887599673025,0.06770523210372435,709.1728864610096,971.3481644912714,0
61.157887599673025,0.06007220286126226,709.1728864610096,974.5219780502872,0
61.18451757511824,0.06552006220858037,709.4001422331298,972.2567581336723,0
61.21065550734414,0.07152419389499266,709.6231989904237,969.760240178462,0
61.23752404919871,0.058428316388734254,709.8524906485203,975.2055060455643,0
61.23752404919871,0.05079039280619764,709.8524906485203,978.381354671183,0
61.263908003034274,0.061159816994696074,710.0776469132273,974.0697480936053,0
61.29029195686984,0.057887032966118274,710.3028031779344,975.430571692688,0
61.31692193231505,0.052975562701341634,710.5300589500546,977.4727610287822,0
61.31692193231505,0.05024910938358166,710.5300589500546,978.6064203183067,0
61.3433058861506,0.0660663929193982,710.7552152147615,972.0295938241143,0
61.369689839986165,0.07479697792357047,710.9803714794685,968.3994165793794,0
61.39607379382172,0.07698214781871446,711.2055277441756,967.4908229369785,0
61.39607379382172,0.07261180802842648,711.2055277441756,969.3080102217803,0
61.42269631406664,0.05624819378179211,711.432719894859,976.1120010255308,0
61.44932628951186,0.04752265606582168,711.6599756669792,979.7400796078314,0
61.475710243347415,0.05952097781036991,711.8851319316863,974.7511774264482,0
61.475710243347415,0.054614401885667796,711.8851319316863,976.7913316959393,0
61.50209419718297,0.06497877878596438,712.1102881963933,972.481823780796,0
61.528478151018525,0.04970277867276383,712.3354444611002,978.8335846278648,0
61.55486210485409,0.06061348628387825,712.5606007258073,974.2969124031634,0
61.55486210485409,0.0524292319905238,712.5606007258073,977.6999253383402,0
61.581492080299306,0.07043168542148434,712.7878564979275,970.2145052017468,0
61.608122055744516,0.06061348628387825,713.0151122700477,974.2969124031634,0
61.63449855437978,0.06388627031245606,713.2402049133179,972.9360888040808,0
61.63449855437978,0.05734085520342777,713.2402049133179,975.6576724064147,0
61.66088250821534,0.05734085520342777,713.465361178025,975.6576724064147,0
61.68726646205089,0.05024910938358166,713.690517442732,978.6064203183067,0
61.71389643749611,0.061159816994696074,713.9177732148522,974.0697480936053,0
61.71389643749611,0.05570201601910161,713.9177732148522,976.3391017392576,0
61.74028039133167,0.0524292319905238,714.1429294795591,977.6999253383402,0
61.76666434516723,0.04806898677663951,714.3680857442662,979.5129152982732,0
61.79329432061244,0.05570201601910161,714.5953415163864,976.3391017392576,0
61.79329432061244,0.0524292319905238,714.5953415163864,977.6999253383402,0
61.819670819247705,0.05734085520342777,714.8204341596567,975.6576724064147,0
61.84630079469292,0.06061348628387825,715.0476899317769,974.2969124031634,0
61.87268474852848,0.06661272363021603,715.2728461964839,971.8024295145561,0
61.87268474852848,0.05734085520342777,715.2728461964839,975.6576724064147,0
61.89906870236403,0.0486102701992555,715.4980024611909,979.2878496511496,0
61.925452656199596,0.05406807117484996,715.7231587258979,977.0184960054974,0
61.95183661003515,0.05952097781036991,715.9483149906049,974.7511774264482,0
61.97846658548036,0.07097801613230216,716.1755707627251,969.9873408921887,0
61.97846658548036,0.0660663929193982,716.1755707627251,972.0295938241143,0
62.00509656092558,0.04752265606582168,716.4028265348453,979.7400796078314,0
62.031473059560845,0.0660663929193982,716.6279191781156,972.0295938241143,0
62.058103035006056,0.057887032966118274,716.8551749502358,975.430571692688,0
62.058103035006056,0.04806898677663951,716.8551749502358,979.5129152982732,0
62.084240967231956,0.05570201601910161,717.0782317075297,976.3391017392576,0
62.11087094267717,0.07534315568626097,717.3054874796499,968.1723158656526,0
62.13725489651273,0.06170110041731206,717.5306437443569,973.8446824464817,0
62.13725489651273,0.04588381688149552,717.5306437443569,980.4215089406741,0
62.163638850348285,0.051882901279705976,717.7558000090638,977.9270896478982,0
62.19050739220286,0.06443244807514656,717.9850916671605,972.7089880903541,0
62.21664532442877,0.06879774057723269,718.2081484244543,970.8938994679867,0
62.21664532442877,0.058428316388734254,718.2081484244543,975.2055060455643,0
62.24327529987398,0.06170110041731206,718.4354041965745,973.8446824464817,0
62.269659253709534,0.06333993960163822,718.6605604612815,973.1632531136388,0
62.2960432075451,0.06007220286126226,718.8857167259886,974.5219780502872,0
62.2960432075451,0.051882901279705976,718.8857167259886,977.9270896478982,0
62.322673182990314,0.058428316388734254,719.1129724981088,975.2055060455643,0
62.34905713682587,0.061159816994696074,719.3381287628158,974.0697480936053,0
62.37567965707079,0.06661272363021603,719.5653209134992,971.8024295145561,0
62.37567965707079,0.06443244807514656,719.5653209134992,972.7089880903541,0
62.402071066106636,0.05897464709955209,719.790540799643,974.9783417360062,0
62.4284475647419,0.06989040199886835,720.0156334429132,970.4395708488705,0
62.45507754018712,0.07097801613230216,720.2428892150334,969.9873408921887,0
62.45507754018712,0.06388627031245606,720.2428892150334,972.9360888040808,0
62.481461494022675,0.05897464709955209,720.4680454797405,974.9783417360062,0
62.50784544785824,0.06007220286126226,720.6932017444475,974.5219780502872,0
62.53422940169379,0.08299622113340312,720.9183580091545,964.990171252731,0
62.53422940169379,0.06279360889082039,720.9183580091545,973.3904174231968,0
62.56061335552935,0.05897464709955209,721.1435142738615,974.9783417360062,0
62.587481897383924,0.05952097781036991,721.3728059319582,974.7511774264482,0
62.61386585121949,0.07316303307931883,721.5979621966652,969.0788108456193,0
62.61386585121949,0.061159816994696074,721.5979621966652,974.0697480936053,0
62.64024980505504,0.054614401885667796,721.8231184613721,976.7913316959393,0
62.6666337588906,0.06661272363021603,722.0482747260792,971.8024295145561,0
62.69301771272616,0.07425064721275264,722.2734309907862,968.6265808889375,0
62.69301771272616,0.05570201601910161,722.2734309907862,976.3391017392576,0
62.7206243194097,0.06007220286126226,722.5090211711225,974.5219780502872,0
62.7467622516356,0.0660663929193982,722.7320779284163,972.0295938241143,0
62.77339222708082,0.07316303307931883,722.9593337005365,969.0788108456193,0
62.77339222708082,0.07043168542148434,722.9593337005365,970.2145052017468,0
62.799776180916375,0.0720705246058105,723.1844899652435,969.533075868904,0
62.82616013475194,0.06715890139290653,723.4096462299506,971.5753288008294,0
62.85278265499685,0.06715890139290653,723.636838380634,971.5753288008294,0
62.85278265499685,0.05570201601910161,723.636838380634,976.3391017392576,0
62.87892804242305,0.07588443910887696,723.8599587593645,967.947250218529,0
62.90555056266797,0.06825156281454219,724.087150910048,971.1210001817134,0
62.93218053811319,0.06497877878596438,724.3144066821682,972.481823780796,0
62.93218053811319,0.06279360889082039,724.3144066821682,973.3904174231968,0
62.95856449194874,0.06661272363021603,724.5395629468752,971.8024295145561,0
62.98519446739395,0.06497877878596438,724.7668187189954,972.481823780796,0
63.01157842122951,0.06661272363021603,724.9919749837024,971.8024295145561,0
63.01157842122951,0.06170110041731206,724.9919749837024,973.8446824464817,0
63.037954919864774,0.06225232546820441,725.2170676269727,973.6154830703206,0
63.064346328900626,0.07425064721275264,725.4422875131164,968.6265808889375,0
63.09072282753589,0.06333993960163822,725.6673801563867,973.1632531136388,0
63.117598824590765,0.06715890139290653,725.8967354359202,971.5753288008294,0
63.117598824590765,0.06007220286126226,725.8967354359202,974.5219780502872,0
63.14398277842632,0.05897464709955209,726.1218917006271,974.9783417360062,0
63.170366732261876,0.07316303307931883,726.3470479653341,969.0788108456193,0
63.19675068609744,0.06989040199886835,726.5722042300412,970.4395708488705,0
63.19675068609744,0.06552006220858037,726.5722042300412,972.2567581336723,0
63.223134639932994,0.0524292319905238,726.7973604947482,977.6999253383402,0
63.249757160177914,0.06661272363021603,727.0245526454316,971.8024295145561,0
63.27614111401348,0.05897464709955209,727.2497089101387,974.9783417360062,0
63.27614111401348,0.055155685308283776,727.2497089101387,976.5662660488156,0
63.30277108945869,0.051882901279705976,727.4769646822589,977.9270896478982,0
63.32915504329424,0.05352189341215946,727.7021209469658,977.2455967192241,0
63.3555389971298,0.06552006220858037,727.9272772116728,972.2567581336723,0
63.3555389971298,0.05952097781036991,727.9272772116728,974.7511774264482,0
63.382168972575016,0.07970844818834712,728.154532983793,966.3572272432853,0
63.40855292641058,0.06388627031245606,728.3796892485001,972.9360888040808,0
63.43517544665549,0.06497877878596438,728.6068813991835,972.481823780796,0
63.43517544665549,0.05679452449260994,728.6068813991835,975.8848367159728,0
63.46132083408169,0.05734085520342777,728.830001777914,975.6576724064147,0
63.487697332716955,0.06661272363021603,729.0550944211843,971.8024295145561,0
63.51457332977183,0.07043168542148434,729.2844497007178,970.2145052017468,0
63.51457332977183,0.0660663929193982,729.2844497007178,972.0295938241143,0
63.54095728360738,0.05952097781036991,729.5096059654247,974.7511774264482,0
63.567587259052594,0.06934407128805052,729.736861737545,970.6667351584285,0
63.5937251912785,0.07370431650193482,729.9599184948388,968.8537451984955,0
63.5937251912785,0.06443244807514656,729.9599184948388,972.7089880903541,0
63.62010914511406,0.06552006220858037,730.1850747595458,972.2567581336723,0
63.64673166535898,0.05570201601910161,730.4122669102293,976.3391017392576,0
63.67311561919453,0.06770523210372435,730.6374231749363,971.3481644912714,0
63.67311561919453,0.06497877878596438,730.6374231749363,972.481823780796,0
63.699991616249406,0.06279360889082039,730.8667784544697,973.3904174231968,0
63.72637557008496,0.06770523210372435,731.0919347191767,971.3481644912714,0
63.75251350231087,0.07261180802842648,731.3149914764705,969.3080102217803,0
63.75251350231087,0.06715890139290653,731.3149914764705,971.5753288008294,0
63.77914347775608,0.05570201601910161,731.5422472485907,976.3391017392576,0
63.805527431591635,0.061159816994696074,731.7674035132977,974.0697480936053,0
63.83214995183656,0.06552006220858037,731.9945956639812,972.2567581336723,0
63.83214995183656,0.06225232546820441,731.9945956639812,973.6154830703206,0
63.85853390567212,0.06388627031245606,732.2197519286882,972.9360888040808,0
63.88467183789801,0.07425064721275264,732.442808685982,968.6265808889375,0
63.911547834952884,0.07316303307931883,732.6721639655154,969.0788108456193,0
63.911547834952884,0.06497877878596438,732.6721639655154,972.481823780796,0
63.93793178878844,0.06989040199886835,732.8973202302225,970.4395708488705,0
63.96456176423366,0.06552006220858037,733.1245760023427,972.2567581336723,0
63.99093826286892,0.07534315568626097,733.3496686456128,968.1723158656526,0
63.99093826286892,0.06170110041731206,733.3496686456128,973.8446824464817,0
64.01732967190478,0.05897464709955209,733.5748885317566,974.9783417360062,0
64.04370617054005,0.058428316388734254,733.7999811750269,975.2055060455643,0
64.0700901243756,0.05897464709955209,734.025137439734,974.9783417360062,0
64.09696612143047,0.06388627031245606,734.2544927192673,972.9360888040808,0
64.12335007526602,0.06333993960163822,734.4796489839744,973.1632531136388,0
64.14973402910158,0.07097801613230216,734.7048052486814,969.9873408921887,0
64.14973402910158,0.06170110041731206,734.7048052486814,973.8446824464817,0
64.17611798293714,0.04970277867276383,734.9299615133883,978.8335846278648,0
64.2025019367727,0.06007220286126226,735.1551177780954,974.5219780502872,0
64.22912445701762,0.06388627031245606,735.3823099287788,972.9360888040808,0
64.25550841085317,0.06443244807514656,735.6074661934858,972.7089880903541,0
64.25550841085317,0.06170110041731206,735.6074661934858,973.8446824464817,0
64.28189236468873,0.05624819378179211,735.8326224581929,976.1120010255308,0
64.30852234013395,0.06333993960163822,736.0598782303131,973.1632531136388,0
64.33490629396951,0.057887032966118274,736.2850344950201,975.430571692688,0
64.33490629396951,0.052975562701341634,736.2850344950201,977.4727610287822,0
64.36153626941473,0.0660663929193982,736.5122902671403,972.0295938241143,0
64.38791276804999,0.06333993960163822,736.7373829104106,973.1632531136388,0
64.41430417708582,0.05897464709955209,736.9626027965543,974.9783417360062,0
64.41430417708582,0.055155685308283776,736.9626027965543,976.5662660488156,0
64.4406806757211,0.06661272363021603,737.1876954398246,971.8024295145561,0
64.46706462955666,0.06825156281454219,737.4128517045316,971.1210001817134,0
64.49394062661153,0.06388627031245606,737.642206984065,972.9360888040808,0
64.49394062661153,0.05734085520342777,737.642206984065,975.6576724064147,0
64.52032458044708,0.06934407128805052,737.867363248772,970.6667351584285,0
64.54670853428264,0.0720705246058105,738.092519513479,969.533075868904,0
64.57333105452756,0.06007220286126226,738.3197116641625,974.5219780502872,0
64.57333105452756,0.05352189341215946,738.3197116641625,977.2455967192241,0
64.59947644195375,0.07588443910887696,738.542832042893,967.947250218529,0
64.62609896219868,0.07152419389499266,738.7700241935764,969.760240178462,0
64.65248291603424,0.06989040199886835,738.9951804582835,970.4395708488705,0
64.65248291603424,0.06279360889082039,738.9951804582835,973.3904174231968,0
64.6788668698698,0.05624819378179211,739.2203367229905,976.1120010255308,0
64.70574286692467,0.06333993960163822,739.4496920025239,973.1632531136388,0
64.73188079915056,0.05679452449260994,739.6727487598178,975.8848367159728,0
64.73188079915056,0.051882901279705976,739.6727487598178,977.9270896478982,0
64.75851077459578,0.06388627031245606,739.900004531938,972.9360888040808,0
64.78488727323105,0.05679452449260994,740.1250971752082,975.8848367159728,0
64.8112786822669,0.06170110041731206,740.3503170613519,973.8446824464817,0
64.8112786822669,0.05570201601910161,740.3503170613519,976.3391017392576,0
64.83790120251182,0.06879774057723269,740.5775092120355,970.8938994679867,0
64.86428515634736,0.06879774057723269,740.8026654767424,970.8938994679867,0
64.89091513179258,0.06279360889082039,741.0299212488626,973.3904174231968,0
64.89091513179258,0.0524292319905238,741.0299212488626,977.6999253383402,0
64.91729908562814,0.06825156281454219,741.2550775135696,971.1210001817134,0
64.9436830394637,0.0660663929193982,741.4802337782767,972.0295938241143,0
64.97030555970863,0.05897464709955209,741.7074259289601,974.9783417360062,0
64.97030555970863,0.05406807117484996,741.7074259289601,977.0184960054974,0
64.99668951354418,0.06552006220858037,741.9325821936671,972.2567581336723,0
65.02307346737973,0.06825156281454219,742.1577384583742,971.1210001817134,0
65.0494574212153,0.06279360889082039,742.3828947230811,973.3904174231968,0
65.0494574212153,0.05897464709955209,742.3828947230811,974.9783417360062,0
65.07608739666051,0.0524292319905238,742.6101504952013,977.6999253383402,0
65.10271737210573,0.06333993960163822,742.8374062673216,973.1632531136388,0
65.12910132594129,0.06007220286126226,743.0625625320286,974.5219780502872,0
65.12910132594129,0.05679452449260994,743.0625625320286,975.8848367159728,0
65.15548527977684,0.05734085520342777,743.2877187967356,975.6576724064147,0
65.1818617784121,0.06061348628387825,743.5128114400059,974.2969124031634,0
65.20825318744797,0.0720705246058105,743.7380313261497,969.533075868904,0
65.20825318744797,0.05624819378179211,743.7380313261497,976.1120010255308,0
65.23487570769288,0.06661272363021603,743.9652234768331,971.8024295145561,0
65.26125966152844,0.05624819378179211,744.19037974154,976.1120010255308,0
65.28813565858331,0.06715890139290653,744.4197350210735,971.5753288008294,0
65.28813565858331,0.06279360889082039,744.4197350210735,973.3904174231968,0
65.31427359080921,0.05352189341215946,744.6427917783673,977.2455967192241,0
65.34065754464477,0.057887032966118274,744.8679480430743,975.430571692688,0
65.36728006488968,0.06007220286126226,745.0951401937577,974.5219780502872,0
65.39366401872525,0.07316303307931883,745.3202964584648,969.0788108456193,0
65.39366401872525,0.06443244807514656,745.3202964584648,972.7089880903541,0
65.42029399417046,0.058428316388734254,745.547552230585,975.2055060455643,0
65.44643192639637,0.06061348628387825,745.7706089878787,974.2969124031634,0
65.47306190184158,0.05624819378179211,745.9978647599991,976.1120010255308,0
65.47306190184158,0.05079039280619764,745.9978647599991,978.381354671183,0
65.49969187728679,0.07261180802842648,746.2251205321193,969.3080102217803,0
65.52607583112234,0.05079039280619764,746.4502767968262,978.381354671183,0
65.55269835136727,0.06770523210372435,746.6774689475097,971.3481644912714,0
65.55269835136727,0.06225232546820441,746.6774689475097,973.6154830703206,0
65.57908230520283,0.05734085520342777,746.9026252122167,975.6576724064147,0
65.60522769262903,0.05024910938358166,747.1257455909473,978.6064203183067,0
65.63185021287394,0.054614401885667796,747.3529377416307,976.7913316959393,0
65.63185021287394,0.05352189341215946,747.3529377416307,977.2455967192241,0
65.6582341667095,0.0486102701992555,747.5780940063378,979.2878496511496,0
65.68511016376436,0.061159816994696074,747.8074492858711,974.0697480936053,0
65.71149411759993,0.05406807117484996,748.0326055505782,977.0184960054974,0
65.71149411759993,0.0524292319905238,748.0326055505782,977.6999253383402,0
65.73763204982583,0.0404310631941029,748.255662307872,982.688763923892,0
65.76425457007075,0.06170110041731206,748.4828544585554,973.8446824464817,0
65.79063852390631,0.06061348628387825,748.7080107232624,974.2969124031634,0
65.79063852390631,0.058428316388734254,748.7080107232624,975.2055060455643,0
65.81726849935151,0.04643014759231335,748.9352664953826,980.1943446311161,0
65.84365245318708,0.06552006220858037,749.1604227600897,972.2567581336723,0
65.87003640702264,0.06443244807514656,749.3855790247967,972.7089880903541,0
65.87003640702264,0.04533748617067769,749.3855790247967,980.6486732502323,0
65.89666638246786,0.05734085520342777,749.6128347969169,975.6576724064147,0
65.9230503363034,0.06170110041731206,749.8379910616238,973.8446824464817,0
65.94967285654833,0.06715890139290653,750.0651832123074,971.5753288008294,0
65.94967285654833,0.05734085520342777,750.0651832123074,975.6576724064147,0
65.97605681038388,0.06770523210372435,750.2903394770143,971.3481644912714,0
66.00220219781008,0.05570201601910161,750.5134598557449,976.3391017392576,0
66.028824718055,0.06715890139290653,750.7406520064284,971.5753288008294,0
66.028824718055,0.06388627031245606,750.7406520064284,972.9360888040808,0
66.05545469350022,0.06443244807514656,750.9679077785486,972.7089880903541,0
66.08208466894544,0.058428316388734254,751.1951635506688,975.2055060455643,0
66.10846862278099,0.05679452449260994,751.4203198153758,975.8848367159728,0
66.13484512141625,0.05570201601910161,751.6454124586461,976.3391017392576,0
66.16122907525181,0.06879774057723269,751.870568723353,970.8938994679867,0
66.18761302908737,0.06552006220858037,752.09572498806,972.2567581336723,0
66.18761302908737,0.06497877878596438,752.09572498806,972.481823780796,0
66.21413863172849,0.061702171054203364,752.3220900600655,973.8442372756623,0
66.21424300453258,0.06170110041731206,752.3229807601803,973.8446824464817,0
66.24052258556404,0.0682526334514335,752.5472463247726,971.120555010894,0
66.26739112741862,0.07043275605837564,752.7765379828693,970.2140600309274,0
66.26739112741862,0.05734192584031907,752.7765379828693,975.6572272355953,0
66.29353651484482,0.06224850176502119,752.9996583615998,973.6170729661042,0
66.32015903508974,0.05734192584031907,753.2268505122832,975.6572272355953,0
66.3465429889253,0.0698864253475578,753.4520067769903,970.4412243404855,0
66.3465429889253,0.06552113284547167,753.4520067769903,972.2563129628529,0
66.37292694276086,0.061702171054203364,753.6771630416973,973.8442372756623,0
66.39955691820606,0.0627946795277117,753.9044188138175,973.3899722523774,0
66.42594087204162,0.06224850176502119,754.1295750785246,973.6170729661042,0
66.42594087204162,0.058429387025625557,754.1295750785246,975.2050608747448,0
66.45232482587718,0.05461042523435725,754.3547313432315,976.7929851875542,0
66.4789548013224,0.0627946795277117,754.5819871153517,973.3899722523774,0
66.50533129995766,0.048611340836146794,754.807079758622,979.2874044803301,0
66.53196127540286,0.061702171054203364,755.0343355307422,973.8442372756623,0
66.53196127540286,0.059522048447261215,755.0343355307422,974.7507322556288,0
66.55834522923843,0.049698954969580614,755.2594917954492,978.8351745236483,0
66.58472918307399,0.049698954969580614,755.4846480601562,978.8351745236483,0
66.61111313690955,0.06497984942285569,755.7098043248633,972.4813786099766,0
66.61111313690955,0.05734192584031907,755.7098043248633,975.6572272355953,0
66.6374970907451,0.05352296404905076,755.9349605895702,977.2451515484047,0
66.66436563259968,0.06116088763158738,756.1642522476669,974.0693029227859,0
66.69074958643523,0.059522048447261215,756.389408512374,974.7507322556288,0
66.69074958643523,0.054069141811741266,756.389408512374,977.018050834678,0
66.7171335402708,0.0627946795277117,756.6145647770809,973.3899722523774,0
66.74351749410636,0.059522048447261215,756.8397210417879,974.7507322556288,0
66.76990144794192,0.0627946795277117,757.064877306495,973.3899722523774,0
66.76990144794192,0.05188397191659727,757.064877306495,977.9266444770789,0
66.79653142338714,0.06497984942285569,757.2921330786152,972.4813786099766,0
66.82291537722269,0.05461042523435725,757.5172893433222,976.7929851875542,0
66.84978391907727,0.061702171054203364,757.7465810014188,973.8442372756623,0
66.84978391907727,0.05024513273227111,757.7465810014188,978.6080738099216,0
66.87690593774178,0.06660874697890548,757.9780357883654,971.8040830061711,0
66.90328989157734,0.06497984942285569,758.2031920530725,972.4813786099766,0
66.92991241182227,0.06116088763158738,758.4303842037559,974.0693029227859,0
66.92991241182227,0.05515675594517508,758.4303842037559,976.5658208779962,0
66.95629636565783,0.05188397191659727,758.655540468463,977.9266444770789,0
66.98292634110305,0.05897571773644339,758.8827962405832,974.9778965651868,0
67.00955631654826,0.07043275605837564,759.1100520127034,970.2140600309274,0
67.00955631654826,0.05461042523435725,759.1100520127034,976.7929851875542,0
67.03569424877415,0.05734192584031907,759.3331087699971,975.6572272355953,0
67.06231676901908,0.06497984942285569,759.5603009206806,972.4813786099766,0
67.08870072285464,0.06879881121412398,759.7854571853876,970.8934542971673,0
67.08870072285464,0.049698954969580614,759.7854571853876,978.8351745236483,0
67.11508467669019,0.05679559512950124,760.0106134500946,975.8843915451533,0
67.1417146521354,0.05897571773644339,760.2378692222148,974.9778965651868,0
67.16809860597097,0.06770630274061566,760.4630254869219,971.347719320452,0
67.16809860597097,0.054069141811741266,760.4630254869219,977.018050834678,0
67.19472858141617,0.05079146344308894,760.6902812590421,978.3809095003636,0
67.22111253525173,0.06224850176502119,760.9154375237491,973.6170729661042,0
67.2474964890873,0.06660874697890548,761.140593788456,971.8040830061711,0
67.2474964890873,0.049698954969580614,761.140593788456,978.8351745236483,0
67.27411900933222,0.05079146344308894,761.3677859391396,978.3809095003636,0
67.30026439675841,0.05679559512950124,761.5909063178701,975.8843915451533,0
67.32688691700332,0.06497984942285569,761.8180984685536,972.4813786099766,0
67.32688691700332,0.052430302627415104,761.8180984685536,977.6994801675208,0
67.35327087083888,0.058429387025625557,762.0432547332606,975.2050608747448,0
67.3799008462841,0.05734192584031907,762.2705105053808,975.6572272355953,0
67.40653082172932,0.051337794153906775,762.497766277501,978.1537451908056,0
67.40653082172932,0.04806501012532897,762.497766277501,979.5145687898882,0
67.43291477556488,0.057883209262935054,762.722922542208,975.4321615884716,0
67.45929127420014,0.06334101023852952,762.9480151854783,973.1628079428194,0
67.48567522803569,0.06497984942285569,763.1731714501852,972.4813786099766,0
67.48567522803569,0.057883209262935054,763.1731714501852,975.4321615884716,0
67.51205918187125,0.051337794153906775,763.3983277148923,978.1537451908056,0
67.53868915731647,0.049157671546964626,763.6255834870125,979.0602401707721,0
67.56531913276169,0.07043275605837564,763.8528392591327,970.2140600309274,0
67.56531913276169,0.03879314169854071,763.8528392591327,983.3698116817468,0
67.59170308659725,0.07588550974576826,764.0779955238397,967.9468050477095,0
67.6180870404328,0.07043275605837564,764.3031517885468,970.2140600309274,0
67.64447099426835,0.06116088763158738,764.5283080532537,974.0693029227859,0
67.64447099426835,0.057883209262935054,764.5283080532537,975.4321615884716,0
67.67109351451327,0.06442862437196334,764.7555002039372,972.7105779861377,0
67.69747746834884,0.05461042523435725,764.9806564686442,976.7929851875542,0
67.72410744379405,0.05570308665599291,765.2079122407644,976.3386565684382,0
67.75024537601995,0.06497984942285569,765.4309689980582,972.4813786099766,0
67.75024537601995,0.057883209262935054,765.4309689980582,975.4321615884716,0
67.77687535146516,0.058429387025625557,765.6582247701784,975.2050608747448,0
67.80350532691037,0.05079146344308894,765.8854805422986,978.3809095003636,0
67.82988928074593,0.06334101023852952,766.1106368070057,973.1628079428194,0
67.82988928074593,0.06006837915807905,766.1106368070057,974.5235679460708,0
67.85651180099086,0.06660874697890548,766.3378289576891,971.8040830061711,0
67.88264973321675,0.059522048447261215,766.5608857149829,974.7507322556288,0
67.90903368705231,0.07206654795449995,766.7860419796899,969.5347293605189,0
67.90903368705231,0.06934009463673997,766.7860419796899,970.6683886500435,0
67.93566366249753,0.05679559512950124,767.0132977518101,975.8843915451533,0
67.96204761633308,0.06006837915807905,767.2384540165172,974.5235679460708,0
67.98892361338795,0.06224850176502119,767.4678092960505,973.6170729661042,0
67.98892361338795,0.06116088763158738,767.4678092960505,974.0693029227859,0
68.01506154561386,0.06497984942285569,767.6908660533444,972.4813786099766,0
68.04144549944942,0.061702171054203364,767.9160223180514,973.8442372756623,0
68.06806801969434,0.07043275605837564,768.1432144687349,970.2140600309274,0
68.06806801969434,0.06552113284547167,768.1432144687349,972.2563129628529,0
68.0944519735299,0.05897571773644339,768.3683707334418,974.9778965651868,0
68.1210819489751,0.06770630274061566,768.5956265055621,971.347719320452,0
68.14771192442032,0.07697817116740392,768.8228822776823,967.4924764285935,0
68.14771192442032,0.06442862437196334,768.8228822776823,972.7105779861377,0
68.17384985664623,0.05352296404905076,769.0459390349761,977.2451515484047,0
68.20047983209145,0.06770630274061566,769.2731948070963,971.347719320452,0
68.226863785927,0.06934009463673997,769.4983510718033,970.6683886500435,0
68.226863785927,0.06715997202979783,769.4983510718033,971.57488363001,0
68.25348630617191,0.07206654795449995,769.7255432224867,969.5347293605189,0
68.27987026000747,0.058429387025625557,769.9506994871938,975.2050608747448,0
68.30600819223338,0.0698864253475578,770.1737562444875,970.4412243404855,0
68.30600819223338,0.06552113284547167,770.1737562444875,972.2563129628529,0
68.3326381676786,0.06770630274061566,770.4010120166078,971.347719320452,0
68.35926814312381,0.06006837915807905,770.628267788728,974.5235679460708,0
68.38589811856902,0.07043275605837564,770.8555235608483,970.2140600309274,0
68.38589811856902,0.05297663333823293,770.8555235608483,977.4723158579627,0
68.41227461720428,0.05624926441868341,771.0806162041184,976.1115558547115,0
68.43842000463047,0.05461042523435725,771.3037365828491,976.7929851875542,0
68.4650425248754,0.06879881121412398,771.5309287335325,970.8934542971673,0
68.4650425248754,0.06660874697890548,771.5309287335325,971.8040830061711,0
68.49142647871096,0.05679559512950124,771.7560849982395,975.8843915451533,0
68.51805645415618,0.06334101023852952,771.9833407703597,973.1628079428194,0
68.54444040799173,0.06006837915807905,772.2084970350667,974.5235679460708,0
68.54444040799173,0.057883209262935054,772.2084970350667,975.4321615884716,0
68.57107038343693,0.0660674635562895,772.435752807187,972.0291486532948,0
68.5974543372725,0.06334101023852952,772.6609090718939,973.1628079428194,0
68.62383829110806,0.0698864253475578,772.886065336601,970.4412243404855,0
68.62383829110806,0.04151959501630068,772.886065336601,982.2361523922222,0
68.65046081135299,0.057883209262935054,773.1132574872844,975.4321615884716,0
68.67684476518855,0.051337794153906775,773.3384137519914,978.1537451908056,0
68.7032287190241,0.05570308665599291,773.5635700166985,976.3386565684382,0
68.7032287190241,0.05352296404905076,773.5635700166985,977.2451515484047,0
68.72961267285964,0.058429387025625557,773.7887262814054,975.2050608747448,0
68.75624264830486,0.058429387025625557,774.0159820535257,975.2050608747448,0
68.78287262375008,0.05734192584031907,774.2432378256459,975.6572272355953,0
68.78287262375008,0.05679559512950124,774.2432378256459,975.8843915451533,0
68.80924912238535,0.06006837915807905,774.4683304689161,974.5235679460708,0
68.8356330762209,0.05352296404905076,774.6934867336231,977.2451515484047,0
68.86201703005646,0.049157671546964626,774.9186429983301,979.0602401707721,0
68.88840098389201,0.06442862437196334,775.1437992630372,972.7105779861377,0
68.88840098389201,0.05897571773644339,775.1437992630372,974.9778965651868,0
68.91503095933723,0.05897571773644339,775.3710550351574,974.9778965651868,0
68.94166093478245,0.06224850176502119,775.5983108072776,973.6170729661042,0
68.96804488861801,0.07097908676919347,775.8234670719846,969.9868957213694,0
68.96804488861801,0.051337794153906775,775.8234670719846,978.1537451908056,0
68.99466740886292,0.05461042523435725,776.0506592226681,976.7929851875542,0
69.02081279628912,0.05897571773644339,776.2737796013986,974.9778965651868,0
69.04743531653403,0.061702171054203364,776.500971752082,973.8442372756623,0
69.04743531653403,0.05188397191659727,776.500971752082,977.9266444770789,0
69.0738192703696,0.06442862437196334,776.7261280167891,972.7105779861377,0
69.10020322420516,0.05679559512950124,776.9512842814961,975.8843915451533,0
69.12683319965038,0.05734192584031907,777.1785400536163,975.6572272355953,0
69.12683319965038,0.04806501012532897,777.1785400536163,979.5145687898882,0
69.15321715348593,0.04806501012532897,777.4036963183233,979.5145687898882,0
69.17984712893114,0.06334101023852952,777.6309520904435,973.1628079428194,0
69.2062236275664,0.05188397191659727,777.8560447337138,977.9266444770789,0
69.2062236275664,0.04369971762324283,777.8560447337138,981.3296574122556,0
69.23260758140196,0.05461042523435725,778.0812009984207,976.7929851875542,0
69.25923755684718,0.05624926441868341,778.3084567705409,976.1115558547115,0
69.28562151068274,0.060614556920769544,778.533613035248,974.2964672323441,0
69.28562151068274,0.049157671546964626,778.533613035248,979.0602401707721,0
69.3120054645183,0.058429387025625557,778.758769299955,975.2050608747448,0
69.33863543996351,0.06224850176502119,778.9860250720752,973.6170729661042,0
69.36501939379907,0.06497984942285569,779.2111813367823,972.4813786099766,0
69.36501939379907,0.06442862437196334,779.2111813367823,972.7105779861377,0
69.39164191404399,0.05734192584031907,779.4383734874657,975.6572272355953,0
69.41802586787955,0.059522048447261215,779.6635297521727,974.7507322556288,0
69.44440982171511,0.06879881121412398,779.8886860168797,970.8934542971673,0
69.44440982171511,0.059522048447261215,779.8886860168797,974.7507322556288,0
69.47079377555066,0.058429387025625557,780.1138422815867,975.2050608747448,0
69.49717772938621,0.06224850176502119,780.3389985462937,973.6170729661042,0
69.52405372644108,0.06552113284547167,780.5683538258271,972.2563129628529,0
69.52405372644108,0.06224850176502119,780.5683538258271,973.6170729661042,0
69.55043768027664,0.0627946795277117,780.7935100905341,973.3899722523774,0
69.5768216341122,0.05461042523435725,781.0186663552412,976.7929851875542,0
69.60319813274748,0.05624926441868341,781.2437589985115,976.1115558547115,0
69.60319813274748,0.05515675594517508,781.2437589985115,976.5658208779962,0
69.62958208658303,0.058429387025625557,781.4689152632184,975.2050608747448,0
69.65621206202825,0.052430302627415104,781.6961710353387,977.6994801675208,0
69.6825960158638,0.06334101023852952,781.9213273000456,973.1628079428194,0
69.6825960158638,0.05897571773644339,781.9213273000456,974.9778965651868,0
69.70947201291867,0.05461042523435725,782.1506825795791,976.7929851875542,0
69.73560994514457,0.060614556920769544,782.3737393368729,974.2964672323441,0
69.76199389898014,0.05352296404905076,782.5988956015799,977.2451515484047,0
69.76199389898014,0.05297663333823293,782.5988956015799,977.4723158579627,0
69.78861641922505,0.0682526334514335,782.8260877522633,971.120555010894,0
69.81500037306061,0.05897571773644339,783.0512440169704,974.9778965651868,0
69.84163034850582,0.060614556920769544,783.2784997890906,974.2964672323441,0
69.84163034850582,0.054069141811741266,783.2784997890906,977.018050834678,0
69.86776828073172,0.052430302627415104,783.5015565463843,977.6994801675208,0
69.89439825617694,0.061702171054203364,783.7288123185045,973.8442372756623,0
69.9207822100125,0.059522048447261215,783.9539685832116,974.7507322556288,0
69.9207822100125,0.05352296404905076,783.9539685832116,977.2451515484047,0
69.94741218545771,0.06116088763158738,784.1812243553318,974.0693029227859,0
69.97403470570262,0.05570308665599291,784.4084165060152,976.3386565684382,0
70.00017263792853,0.052430302627415104,784.6314732633091,977.6994801675208,0
