x,y,pixel_x,pixel_y,gap_before
-0.3306159869419663,0.14611696857264322,665.897839660035,1091.7629917939846,0
-0.3306159869419663,0.12776495540365002,665.897839660035,1096.314291059895,0
-0.3306159869419663,0.12304296492641444,665.897839660035,1097.4853446982493,0
-0.3306159869419663,0.11885794892834316,665.897839660035,1098.523228665771,0
-0.3306159869419663,0.11832866749329296,665.897839660035,1098.6544904616635,0
-0.3306159869419663,0.11780759197196448,665.897839660035,1098.783717190953,0
-0.3306159869419663,0.11727831053691429,665.897839660035,1098.9149789868454,0
-0.3306159869419663,0.11622795358053561,665.897839660035,1099.1754675120274,0
-0.3306159869419663,0.11570687805920714,665.897839660035,1099.3046942413166,0
-0.3306159869419663,0.11465652110282845,665.897839660035,1099.5651827664985,0
-0.3306159869419663,0.11204345045207194,665.897839660035,1100.2132242878863,0
-0.3306159869419663,0.11099309349569327,665.897839660035,1100.4737128130682,0
-0.3306159869419663,0.10994273653931459,665.897839660035,1100.7342013382502,0
-0.3306159869419663,0.10784202262655725,665.897839660035,1101.2551783886138,0
-0.3306159869419663,0.10732094710522876,665.897839660035,1101.3844051179033,0
-0.3306159869419663,0.10417808214981444,665.897839660035,1102.163835626846,0
-0.3306159869419663,0.10050644862895755,665.897839660035,1103.0744007400185,0
-0.3306159869419663,0.09578394528211437,665.897839660035,1104.2455815700357,0
-0.3306159869419663,0.0931370252372558,665.897839660035,1104.9020177411608,0
-0.3306159869419663,0.09261594971592732,665.897839660035,1105.03124447045,0
-0.3306159869419663,0.0858014512396561,665.897839660035,1106.7212400925653,0
-0.3306159869419663,0.08528037571832763,665.897839660035,1106.8504668218548,0
-0.3306159869419663,0.08265858628424179,665.897839660035,1107.500670601508,0
-0.3306159869419663,0.0784653643724488,665.897839660035,1108.5405896356328,0
-0.3306159869419663,0.0747937308515919,665.897839660035,1109.4511547488053,0
-0.3306159869419663,0.07269301693883455,665.897839660035,1109.9721317991691,0
-0.3306159869419663,0.07060050893979891,665.897839660035,1110.49107378293,0
-0.3306159869419663,0.06955015198342024,665.897839660035,1110.751562308112,0
-0.3306159869419663,0.06849979502704157,665.897839660035,1111.0120508332939,0
-0.3306159869419663,0.0669283625493344,665.897839660035,1111.401766087765,0
-0.3306159869419663,0.06535693007162725,665.897839660035,1111.7914813422365,0
-0.3306159869419663,0.06482764863657706,665.897839660035,1111.922743138129,0
-0.3306159869419663,0.06220585920249123,665.897839660035,1112.5729469177822,0
0.09435050328598746,0.13668068066228617,666.0291543055154,1094.1031911957532,0
0.09435050328598746,0.1356303237059075,666.0291543055154,1094.3636797209351,0
0.09435050328598746,0.13457996674952882,666.0291543055154,1094.624168246117,0
0.09435050328598746,0.1324874587504932,666.0291543055154,1095.1431102298777,0
0.09435050328598746,0.13090782035906431,666.0291543055154,1095.534860550952,0
0.09435050328598746,0.12986566931640736,666.0291543055154,1095.793314009531,0
0.09435050328598746,0.1282860309249785,666.0291543055154,1096.1850643306054,0
0.09435050328598746,0.12567296027422198,666.0291543055154,1096.833105851993,0
0.09435050328598746,0.12200081388375747,666.0291543055154,1097.7437981568282,0
0.09435050328598746,0.11832866749329296,666.0291543055154,1098.6544904616635,0
0.09435050328598746,0.11780759197196448,666.0291543055154,1098.783717190953,0
0.09435050328598746,0.11727831053691429,666.0291543055154,1098.9149789868454,0
0.09435050328598746,0.11675723501558581,666.0291543055154,1099.044205716135,0
0.09435050328598746,0.11622795358053561,666.0291543055154,1099.1754675120274,0
0.5263174105041304,0.16710718300316568,666.1626320798457,1086.557418615215,0
0.5263174105041304,0.16448539356907985,666.1626320798457,1087.2076223948682,0
0.5263174105041304,0.15872125204918733,666.1626320798457,1088.6371294918017,0
0.5263174105041304,0.15241090439719357,666.1626320798457,1090.202095709496,0
0.5263174105041304,0.14663804409397171,666.1626320798457,1091.6337650646951,0
0.5263174105041304,0.1434951791385574,666.1626320798457,1092.413195573638,0
0.5263174105041304,0.14244482218217872,666.1626320798457,1092.6736840988199,0
0.5263174105041304,0.14192374666085023,666.1626320798457,1092.8029108281091,0
0.5263174105041304,0.14087338970447155,666.1626320798457,1093.063399353291,0
0.5263174105041304,0.1387726757917142,666.1626320798457,1093.584376403655,0
0.5263174105041304,0.13720175618361466,666.1626320798457,1093.9739644664637,0
0.5263174105041304,0.1351010422708573,666.1626320798457,1094.4949415168276,0
0.5263174105041304,0.13300853427182166,666.1626320798457,1095.0138835005882,0
0.9512839007320842,0.16762825852449417,666.2939467253262,1086.4281918859256,0
0.9512839007320842,0.16500646909040834,666.2939467253262,1087.078395665579,0
0.9512839007320842,0.16134304148327314,666.2939467253262,1087.9869257121484,0
0.9512839007320842,0.15660361343937895,666.2939467253262,1089.162303867034,0
0.9512839007320842,0.15031839639815792,666.2939467253262,1090.721037693257,0
0.9512839007320842,0.14559589305131473,666.2939467253262,1091.892218523274,0
0.9512839007320842,0.14454553609493606,666.2939467253262,1092.152707048456,0
0.9512839007320842,0.14192374666085023,666.2939467253262,1092.8029108281091,0
0.9512839007320842,0.14139446522580004,666.2939467253262,1092.9341726240016,0
1.376250390960038,0.16448539356907985,666.4252613708067,1087.2076223948682,0
1.376250390960038,0.16343503661270117,666.4252613708067,1087.46811092005,0
1.376250390960038,0.16186411700460163,666.4252613708067,1087.857698982859,0
1.376250390960038,0.16029268452689446,666.4252613708067,1088.2474142373303,0
1.376250390960038,0.15976340309184428,666.4252613708067,1088.3786760332227,0
1.376250390960038,0.15660361343937895,666.4252613708067,1089.162303867034,0
1.376250390960038,0.15293146704891444,666.4252613708067,1090.0729961718694,0
1.376250390960038,0.14926803944177924,666.4252613708067,1090.9815262184388,0
1.8014227758053503,0.1629144739609803,666.5566396377238,1087.597210457677,0
1.8014227758053503,0.1623846796563225,666.5566396377238,1087.728599445232,0
1.8014227758053503,0.16134304148327314,666.5566396377238,1087.9869257121484,0
1.8014227758053503,0.16029268452689446,666.5566396377238,1088.2474142373303,0
1.8014227758053503,0.15976340309184428,666.5566396377238,1088.3786760332227,0
1.8014227758053503,0.1592423275705158,666.5566396377238,1088.5079027625122,0
2.233183788406135,0.16186411700460163,666.6900537906175,1087.857698982859,0
2.233183788406135,0.16134304148327314,666.6900537906175,1087.9869257121484,0
2.233183788406135,0.16029268452689446,666.6900537906175,1088.2474142373303,0
2.233183788406135,0.15872125204918733,666.6900537906175,1088.6371294918017,0
2.233183788406135,0.1581832518308078,666.6900537906175,1088.7705535459597,0
2.233183788406135,0.15713289487442914,666.6900537906175,1089.0310420711417,0
2.6513557562612577,0.16395611213402966,666.8192689286847,1087.3388841907608,0
2.6513557562612577,0.16081376004822295,666.8192689286847,1088.1181875080408,0
2.6513557562612577,0.1592423275705158,666.8192689286847,1088.5079027625122,0
2.6513557562612577,0.1581832518308078,666.8192689286847,1088.7705535459597,0
2.6513557562612577,0.15765397039575763,666.8192689286847,1088.9018153418522,0
2.6513557562612577,0.15713289487442914,666.8192689286847,1089.0310420711417,0
2.6513557562612577,0.15660361343937895,666.8192689286847,1089.162303867034,0
3.0833226634794006,0.166056826046787,666.9527467030151,1086.817907140397,0
3.0833226634794006,0.16553575052545852,666.9527467030151,1086.9471338696865,0
3.0833226634794006,0.16343503661270117,666.9527467030151,1087.46811092005,0
3.0833226634794006,0.16029268452689446,666.9527467030151,1088.2474142373303,0
3.0833226634794006,0.1592423275705158,666.9527467030151,1088.5079027625122,0
3.0833226634794006,0.1581832518308078,666.9527467030151,1088.7705535459597,0
3.5082891537073544,0.16972897243725152,667.0840613484955,1085.9072148355617,0
3.5082891537073544,0.16500646909040834,667.0840613484955,1087.078395665579,0
3.5082891537073544,0.1592423275705158,667.0840613484955,1088.5079027625122,0
3.5082891537073544,0.15660361343937895,667.0840613484955,1089.162303867034,0
3.5082891537073544,0.1555619752663296,667.0840613484955,1089.4206301339505,0
3.9400501663081386,0.17130040491495868,667.2174755013892,1085.5174995810903,0
3.9400501663081386,0.16867861548087285,667.2174755013892,1086.1677033607436,0
3.9400501663081386,0.16343503661270117,667.2174755013892,1087.46811092005,0
3.9400501663081386,0.15713289487442914,667.2174755013892,1089.0310420711417,0
3.9400501663081386,0.15241090439719357,667.2174755013892,1090.202095709496,0
4.3584280287806205,0.1508394719194864,667.3467542608932,1090.5918109639674,0
4.3584280287806205,0.1476884010503504,667.3467542608932,1091.3732765395132,0
4.3584280287806205,0.14559589305131473,667.3467542608932,1091.892218523274,0
4.3584280287806205,0.14401625465988588,667.3467542608932,1092.2839688443485,0
4.3584280287806205,0.1434951791385574,667.3467542608932,1092.413195573638,0
4.790189041381406,0.16710718300316568,667.4801684137868,1086.557418615215,0
4.790189041381406,0.16448539356907985,667.4801684137868,1087.2076223948682,0
4.790189041381406,0.16029268452689446,667.4801684137868,1088.2474142373303,0
4.790189041381406,0.1555619752663296,667.4801684137868,1089.4206301339505,0
5.208566903853887,0.17863597891255836,667.6094471732908,1083.6982772296856,0
5.208566903853887,0.1775938278699014,667.6094471732908,1083.9567306882645,0
5.208566903853887,0.17549311395714406,667.6094471732908,1084.4777077386284,0
5.208566903853887,0.17340111882771603,667.6094471732908,1084.9965225307265,0
5.208566903853887,0.16972897243725152,667.6094471732908,1085.9072148355617,0
5.640327916454671,0.17182148043628717,667.7428613261844,1085.3882728518008,0
5.640327916454671,0.16710718300316568,667.7428613261844,1086.557418615215,0
5.640327916454671,0.16081376004822295,667.7428613261844,1088.1181875080408,0
5.640327916454671,0.15346126135357224,667.7428613261844,1089.941607184314,0
6.072088929055456,0.14663804409397171,667.8762754790781,1091.6337650646951,0
6.072088929055456,0.14559589305131473,667.8762754790781,1091.892218523274,0
6.072088929055456,0.1429658977035072,667.8762754790781,1092.5444573695304,0
6.072088929055456,0.14244482218217872,667.8762754790781,1092.6736840988199,0
6.49705541928341,0.15976340309184428,668.0075901245585,1088.3786760332227,0
6.49705541928341,0.1592423275705158,668.0075901245585,1088.5079027625122,0
6.49705541928341,0.1581832518308078,668.0075901245585,1088.7705535459597,0
6.49705541928341,0.15713289487442914,668.0075901245585,1089.0310420711417,0
6.49705541928341,0.1513605474408149,668.0075901245585,1090.462584234678,0
6.922227804128721,0.16029268452689446,668.1389683914757,1088.2474142373303,0
6.922227804128721,0.15660361343937895,668.1389683914757,1089.162303867034,0
6.922227804128721,0.15608253791805046,668.1389683914757,1089.2915305963236,0
6.922227804128721,0.1550321809616718,668.1389683914757,1089.5520191215055,0
7.347194294356676,0.17182148043628717,668.2702830369562,1085.3882728518008,0
7.347194294356676,0.17025004795858,668.2702830369562,1085.7779881062722,0
7.347194294356676,0.16658610748183722,668.2702830369562,1086.6866453445045,0
7.347194294356676,0.1623846796563225,668.2702830369562,1087.728599445232,0
7.772160784584629,0.17182148043628717,668.4015976824367,1085.3882728518008,0
7.772160784584629,0.16920789691592303,668.4015976824367,1086.0364415648512,0
7.772160784584629,0.16553575052545852,668.4015976824367,1086.9471338696865,0
8.204127691802771,0.1592423275705158,668.535075456767,1088.5079027625122,0
8.204127691802771,0.1555619752663296,668.535075456767,1089.4206301339505,0
8.204127691802771,0.15188982887586508,668.535075456767,1090.3313224387855,0
8.204127691802771,0.14978911496310773,668.535075456767,1090.8522994891493,0
8.629094182030727,0.14926803944177924,668.6663901022474,1090.9815262184388,0
8.629094182030727,0.1476884010503504,668.6663901022474,1091.3732765395132,0
8.629094182030727,0.1471673255290219,668.6663901022474,1091.5025032688027,0
8.629094182030727,0.14663804409397171,668.6663901022474,1091.6337650646951,0
9.05406067225868,0.1513605474408149,668.797704747728,1090.462584234678,0
9.05406067225868,0.15031839639815792,668.797704747728,1090.721037693257,0
9.05406067225868,0.14926803944177924,668.797704747728,1090.9815262184388,0
9.479233057103992,0.15293146704891444,668.9290830146451,1090.0729961718694,0
9.479233057103992,0.1508394719194864,668.9290830146451,1090.5918109639674,0
9.910994069704776,0.1513605474408149,669.0624971675387,1090.462584234678,0
9.910994069704776,0.14926803944177924,669.0624971675387,1090.9815262184388,0
9.910994069704776,0.14873875800672906,669.0624971675387,1091.1127880143313,0
9.910994069704776,0.14821768248540057,669.0624971675387,1091.2420147436208,0
10.3291660375599,0.15241090439719357,669.191712305606,1090.202095709496,0
10.3291660375599,0.15031839639815792,669.191712305606,1090.721037693257,0
10.3291660375599,0.14663804409397171,669.191712305606,1091.6337650646951,0
10.761132944778044,0.14401625465988588,669.3251900799364,1092.2839688443485,0
10.761132944778044,0.1434951791385574,669.3251900799364,1092.413195573638,0
10.761132944778044,0.14139446522580004,669.3251900799364,1092.9341726240016,0
11.186099435005996,0.13982303274809288,669.4565047254168,1093.323887878473,0
11.186099435005996,0.13668068066228617,669.4565047254168,1094.1031911957532,0
11.186099435005996,0.1356303237059075,669.4565047254168,1094.3636797209351,0
11.61786044760678,0.19175313199670924,669.5899188783105,1080.4452232648161,0
11.61786044760678,0.1817870497816944,669.5899188783105,1082.9168116541398,0
11.61786044760678,0.16658610748183722,669.5899188783105,1086.6866453445045,0
11.61786044760678,0.1508394719194864,669.5899188783105,1090.5918109639674,0
12.036238310079263,0.20013906295068762,669.7191976378144,1078.3655123882295,0
12.036238310079263,0.19751727351660178,669.7191976378144,1079.0157161678828,0
12.036238310079263,0.1969879920815516,669.7191976378144,1079.1469779637753,0
12.461204800307216,0.19070277504033056,669.850512283295,1080.705711789998,0
12.461204800307216,0.1781149033912299,669.850512283295,1083.827503958975,0
12.461204800307216,0.1629144739609803,669.850512283295,1087.597210457677,0
12.892965812908,0.15031839639815792,669.9839264361885,1090.721037693257,0
12.892965812908,0.14244482218217872,669.9839264361885,1092.6736840988199,0
12.892965812908,0.14192374666085023,669.9839264361885,1092.8029108281091,0
12.892965812908,0.14087338970447155,669.9839264361885,1093.063399353291,0
13.318138197753314,0.14454553609493606,670.1153047031057,1092.152707048456,0
13.318138197753314,0.1434951791385574,670.1153047031057,1092.413195573638,0
13.318138197753314,0.1429658977035072,670.1153047031057,1092.5444573695304,0
13.743104687981267,0.15346126135357224,670.2466193485861,1089.941607184314,0
13.743104687981267,0.14978911496310773,670.2466193485861,1090.8522994891493,0
13.743104687981267,0.14611696857264322,670.2466193485861,1091.7629917939846,0
14.168071178209221,0.15398182400529312,670.3779339940667,1089.8125076466874,0
14.168071178209221,0.15346126135357224,670.3779339940667,1089.941607184314,0
14.168071178209221,0.15188982887586508,670.3779339940667,1090.3313224387855,0
14.168071178209221,0.14978911496310773,670.3779339940667,1090.8522994891493,0
14.600038085427364,0.14663804409397171,670.511411768397,1091.6337650646951,0
14.600038085427364,0.14035282705275068,670.511411768397,1093.192498890918,0
14.600038085427364,0.1324874587504932,670.511411768397,1095.1431102298777,0
15.018210053282486,0.1251436788391718,670.6406269064643,1096.9643676478854,0
15.018210053282486,0.12252188940508596,670.6406269064643,1097.6145714275387,0
15.018210053282486,0.12147153244870727,670.6406269064643,1097.8750599527207,0
15.44997106588327,0.12986566931640736,670.774041059358,1095.793314009531,0
15.44997106588327,0.12671459844727134,670.774041059358,1096.5747795850768,0
15.44997106588327,0.1251436788391718,670.774041059358,1096.9643676478854,0
15.875143450728585,0.14244482218217872,670.9054193262751,1092.6736840988199,0
15.875143450728585,0.13720175618361466,670.9054193262751,1093.9739644664637,0
15.875143450728585,0.13300853427182166,670.9054193262751,1095.0138835005882,0
16.306904463329367,0.1508394719194864,671.0388334791687,1090.5918109639674,0
16.306904463329367,0.15031839639815792,671.0388334791687,1090.721037693257,0
16.306904463329367,0.1471673255290219,671.0388334791687,1091.5025032688027,0
16.72528232580185,0.1508394719194864,671.1681122386727,1090.5918109639674,0
16.72528232580185,0.14821768248540057,671.1681122386727,1091.2420147436208,0
16.72528232580185,0.1434951791385574,671.1681122386727,1092.413195573638,0
17.157043338402634,0.13825211313999333,671.3015263915664,1093.7134759412818,0
17.157043338402634,0.1356303237059075,671.3015263915664,1094.3636797209351,0
17.157043338402634,0.13405889122820036,671.3015263915664,1094.7533949754063,0
17.575215306257757,0.13982303274809288,671.4307415296337,1093.323887878473,0
17.575215306257757,0.13668068066228617,671.4307415296337,1094.1031911957532,0
17.575215306257757,0.13457996674952882,671.4307415296337,1094.624168246117,0
18.00697631885854,0.1550321809616718,671.5641556825273,1089.5520191215055,0
18.00697631885854,0.15398182400529312,671.5641556825273,1089.8125076466874,0
18.00697631885854,0.1513605474408149,671.5641556825273,1090.462584234678,0
18.00697631885854,0.14611696857264322,671.5641556825273,1091.7629917939846,0
18.438943226076685,0.15346126135357224,671.6976334568577,1089.941607184314,0
18.438943226076685,0.1513605474408149,671.6976334568577,1090.462584234678,0
18.438943226076685,0.14821768248540057,671.6976334568577,1091.2420147436208,0
18.86390971630464,0.1434951791385574,671.8289481023381,1092.413195573638,0
18.86390971630464,0.13825211313999333,671.8289481023381,1093.7134759412818,0
18.86390971630464,0.13353781570687187,671.8289481023381,1094.8826217046958,0
19.288876206532592,0.14244482218217872,671.9602627478185,1092.6736840988199,0
19.288876206532592,0.13668068066228617,671.9602627478185,1094.1031911957532,0
19.288876206532592,0.13300853427182166,671.9602627478185,1095.0138835005882,0
19.714048591377907,0.1555619752663296,672.0916410147357,1089.4206301339505,0
19.714048591377907,0.1513605474408149,672.0916410147357,1090.462584234678,0
19.714048591377907,0.14663804409397171,672.0916410147357,1091.6337650646951,0
20.13901508160586,0.16134304148327314,672.2229556602161,1087.9869257121484,0
20.13901508160586,0.15976340309184428,672.2229556602161,1088.3786760332227,0
20.570776094206643,0.15765397039575763,672.3563698131098,1088.9018153418522,0
20.570776094206643,0.15188982887586508,672.3563698131098,1090.3313224387855,0
20.570776094206643,0.14454553609493606,672.3563698131098,1092.152707048456,0
20.995948479051954,0.14087338970447155,672.487748080027,1093.063399353291,0
20.995948479051954,0.1387726757917142,672.487748080027,1093.584376403655,0
20.995948479051954,0.13825211313999333,672.487748080027,1093.7134759412818,0
21.42091496927991,0.13773103761866484,672.6190627255074,1093.8427026705713,0
21.42091496927991,0.136151399227236,672.6190627255074,1094.2344529916456,0
21.42091496927991,0.1356303237059075,672.6190627255074,1094.3636797209351,0
21.845881459507865,0.14821768248540057,672.750377370988,1091.2420147436208,0
21.845881459507865,0.14663804409397171,672.750377370988,1091.6337650646951,0
21.845881459507865,0.14244482218217872,672.750377370988,1092.6736840988199,0
22.27784836672601,0.1550321809616718,672.8838551453183,1089.5520191215055,0
22.27784836672601,0.1508394719194864,672.8838551453183,1090.5918109639674,0
22.27784836672601,0.14873875800672906,672.8838551453183,1091.1127880143313,0
22.696020334581128,0.15976340309184428,673.0130702833856,1088.3786760332227,0
22.696020334581128,0.1592423275705158,673.0130702833856,1088.5079027625122,0
22.696020334581128,0.15765397039575763,673.0130702833856,1088.9018153418522,0
23.127781347181912,0.15398182400529312,673.1464844362791,1089.8125076466874,0
23.127781347181912,0.1508394719194864,673.1464844362791,1090.5918109639674,0
23.127781347181912,0.14611696857264322,673.1464844362791,1091.7629917939846,0
23.552953732027223,0.14139446522580004,673.2778627031964,1092.9341726240016,0
23.552953732027223,0.136151399227236,673.2778627031964,1094.2344529916456,0
23.552953732027223,0.1324874587504932,673.2778627031964,1095.1431102298777,0
23.984714744628008,0.13668068066228617,673.41127685609,1094.1031911957532,0
23.984714744628008,0.13300853427182166,673.41127685609,1095.0138835005882,0
23.984714744628008,0.131958177315443,673.41127685609,1095.2743720257702,0
24.402886712483134,0.15346126135357224,673.5404919941573,1089.941607184314,0
24.402886712483134,0.1471673255290219,673.5404919941573,1091.5025032688027,0
24.402886712483134,0.14139446522580004,673.5404919941573,1092.9341726240016,0
24.828059097328445,0.15713289487442914,673.6718702610744,1089.0310420711417,0
24.828059097328445,0.15608253791805046,673.6718702610744,1089.2915305963236,0
25.25982010992923,0.15398182400529312,673.8052844139681,1089.8125076466874,0
25.68478660015718,0.1550321809616718,673.9365990594486,1089.5520191215055,0
25.68478660015718,0.15451161830995092,673.9365990594486,1089.6811186591322,0
26.109958985002496,0.1555619752663296,674.0679773263657,1089.4206301339505,0
26.109958985002496,0.1550321809616718,674.0679773263657,1089.5520191215055,0
26.109958985002496,0.15188982887586508,674.0679773263657,1090.3313224387855,0
26.534925475230448,0.1471673255290219,674.1992919718462,1091.5025032688027,0
26.534925475230448,0.14035282705275068,674.1992919718462,1093.192498890918,0
26.534925475230448,0.1351010422708573,674.1992919718462,1094.4949415168276,0
26.966686487831232,0.13720175618361466,674.3327061247398,1093.9739644664637,0
26.966686487831232,0.1324874587504932,674.3327061247398,1095.1431102298777,0
26.966686487831232,0.13143710179411452,674.3327061247398,1095.4035987550596,0
27.38506435030372,0.14978911496310773,674.4619848842439,1090.8522994891493,0
27.38506435030372,0.1434951791385574,674.4619848842439,1092.413195573638,0
27.816825362904503,0.16134304148327314,674.5953990371374,1087.9869257121484,0
27.816825362904503,0.1592423275705158,674.5953990371374,1088.5079027625122,0
27.816825362904503,0.1555619752663296,674.5953990371374,1089.4206301339505,0
28.241791853132455,0.16081376004822295,674.7267136826179,1088.1181875080408,0
28.241791853132455,0.15713289487442914,674.7267136826179,1089.0310420711417,0
28.241791853132455,0.15293146704891444,674.7267136826179,1090.0729961718694,0
28.673758760350594,0.14821768248540057,674.8601914569483,1091.2420147436208,0
28.673758760350594,0.1471673255290219,674.8601914569483,1091.5025032688027,0
29.09193072820572,0.1476884010503504,674.9894065950156,1091.3732765395132,0
29.09193072820572,0.14506661161626455,674.9894065950156,1092.0234803191665,0
29.09193072820572,0.13982303274809288,674.9894065950156,1093.323887878473,0
29.523691740806505,0.1356303237059075,675.1228207479091,1094.3636797209351,0
29.523691740806505,0.13405889122820036,675.1228207479091,1094.7533949754063,0
29.523691740806505,0.13353781570687187,675.1228207479091,1094.8826217046958,0
29.942069603278988,0.13720175618361466,675.2520995074132,1093.9739644664637,0
29.942069603278988,0.13457996674952882,675.2520995074132,1094.624168246117,0
30.373830615879772,0.15713289487442914,675.3855136603069,1089.0310420711417,0
30.373830615879772,0.14978911496310773,675.3855136603069,1090.8522994891493,0
30.373830615879772,0.14244482218217872,675.3855136603069,1092.6736840988199,0
30.805591628480556,0.16448539356907985,675.5189278132004,1087.2076223948682,0
30.805591628480556,0.16395611213402966,675.5189278132004,1087.3388841907608,0
30.805591628480556,0.16134304148327314,675.5189278132004,1087.9869257121484,0
31.230764013325867,0.16343503661270117,675.6503060801177,1087.46811092005,0
31.230764013325867,0.16186411700460163,675.6503060801177,1087.857698982859,0
31.230764013325867,0.16029268452689446,675.6503060801177,1088.2474142373303,0
31.655730503553823,0.1581832518308078,675.7816207255981,1088.7705535459597,0
31.655730503553823,0.1555619752663296,675.7816207255981,1089.4206301339505,0
31.655730503553823,0.15398182400529312,675.7816207255981,1089.8125076466874,0
32.08069699378178,0.15293146704891444,675.9129353710786,1090.0729961718694,0
32.08069699378178,0.1513605474408149,675.9129353710786,1090.462584234678,0
32.519252528755395,0.14926803944177924,676.0484490313854,1090.9815262184388,0
32.519252528755395,0.1476884010503504,676.0484490313854,1091.3732765395132,0
32.519252528755395,0.1471673255290219,676.0484490313854,1091.5025032688027,0
32.951219435973535,0.15293146704891444,676.1819268057158,1090.0729961718694,0
32.951219435973535,0.15031839639815792,676.1819268057158,1090.721037693257,0
32.951219435973535,0.14821768248540057,676.1819268057158,1091.2420147436208,0
33.36939140382866,0.15451161830995092,676.311141943783,1089.6811186591322,0
33.36939140382866,0.15346126135357224,676.311141943783,1089.941607184314,0
33.36939140382866,0.1508394719194864,676.311141943783,1090.5918109639674,0
33.80115241642944,0.14611696857264322,676.4445560966767,1091.7629917939846,0
33.80115241642944,0.1434951791385574,676.4445560966767,1092.413195573638,0
33.80115241642944,0.14139446522580004,676.4445560966767,1092.9341726240016,0
34.22632480127475,0.139302470096372,676.5759343635939,1093.4529874160999,0
34.22632480127475,0.13773103761866484,676.5759343635939,1093.8427026705713,0
34.65808581387554,0.14559589305131473,676.7093485164875,1091.892218523274,0
34.65808581387554,0.14192374666085023,676.7093485164875,1092.8029108281091,0
34.65808581387554,0.1387726757917142,676.7093485164875,1093.584376403655,0
35.07625778173066,0.14663804409397171,676.8385636545547,1091.6337650646951,0
35.07625778173066,0.14559589305131473,676.8385636545547,1091.892218523274,0
35.07625778173066,0.14244482218217872,676.8385636545547,1092.6736840988199,0
35.50822468894881,0.14506661161626455,676.9720414288852,1092.0234803191665,0
35.50822468894881,0.14035282705275068,676.9720414288852,1093.192498890918,0
35.50822468894881,0.139302470096372,676.9720414288852,1093.4529874160999,0
35.92639665680393,0.15346126135357224,677.1012565669524,1089.941607184314,0
35.92639665680393,0.14978911496310773,677.1012565669524,1090.8522994891493,0
36.35156904164924,0.16395611213402966,677.2326348338696,1087.3388841907608,0
36.35156904164924,0.15976340309184428,677.2326348338696,1088.3786760332227,0
36.35156904164924,0.15608253791805046,677.2326348338696,1089.2915305963236,0
36.78333005425002,0.16500646909040834,677.3660489867632,1087.078395665579,0
36.78333005425002,0.16186411700460163,677.3660489867632,1087.857698982859,0
36.78333005425002,0.15608253791805046,677.3660489867632,1089.2915305963236,0
37.20829654447798,0.15031839639815792,677.4973636322437,1090.721037693257,0
37.20829654447798,0.14559589305131473,677.4973636322437,1091.892218523274,0
37.20829654447798,0.1429658977035072,677.4973636322437,1092.5444573695304,0
37.64005755707876,0.1429658977035072,677.6307777851373,1092.5444573695304,0
37.64005755707876,0.14244482218217872,677.6307777851373,1092.6736840988199,0
38.058435419551245,0.14192374666085023,677.7600565446413,1092.8029108281091,0
38.058435419551245,0.14087338970447155,677.7600565446413,1093.063399353291,0
38.058435419551245,0.14035282705275068,677.7600565446413,1093.192498890918,0
38.490196432152025,0.14244482218217872,677.893470697535,1092.6736840988199,0
38.490196432152025,0.14087338970447155,677.893470697535,1093.063399353291,0
38.915162922379984,0.1471673255290219,678.0247853430154,1091.5025032688027,0
38.915162922379984,0.14559589305131473,678.0247853430154,1091.892218523274,0
38.915162922379984,0.14454553609493606,678.0247853430154,1092.152707048456,0
39.34712982959813,0.1434951791385574,678.1582631173458,1092.413195573638,0
39.34712982959813,0.14244482218217872,678.1582631173458,1092.6736840988199,0
39.76530179745325,0.15713289487442914,678.287478255413,1089.0310420711417,0
39.76530179745325,0.15293146704891444,678.287478255413,1090.0729961718694,0
39.76530179745325,0.1471673255290219,678.287478255413,1091.5025032688027,0
40.19706281005403,0.16029268452689446,678.4208924083067,1088.2474142373303,0
40.19706281005403,0.15976340309184428,678.4208924083067,1088.3786760332227,0
40.19706281005403,0.15872125204918733,678.4208924083067,1088.6371294918017,0
40.622235194899346,0.1581832518308078,678.5522706752239,1088.7705535459597,0
40.622235194899346,0.15713289487442914,678.5522706752239,1089.0310420711417,0
40.622235194899346,0.15293146704891444,678.5522706752239,1090.0729961718694,0
41.0472016851273,0.1471673255290219,678.6835853207043,1091.5025032688027,0
41.0472016851273,0.1434951791385574,678.6835853207043,1092.413195573638,0
41.47237406997261,0.15241090439719357,678.8149635876215,1090.202095709496,0
41.47237406997261,0.14821768248540057,678.8149635876215,1091.2420147436208,0
41.47237406997261,0.1434951791385574,678.8149635876215,1092.413195573638,0
41.9041350825734,0.16343503661270117,678.9483777405152,1087.46811092005,0
41.9041350825734,0.16081376004822295,678.9483777405152,1088.1181875080408,0
41.9041350825734,0.15713289487442914,678.9483777405152,1089.0310420711417,0
42.32910157280135,0.16920789691592303,679.0796923859956,1086.0364415648512,0
42.32910157280135,0.16710718300316568,679.0796923859956,1086.557418615215,0
42.7540680630293,0.1629144739609803,679.211007031476,1087.597210457677,0
42.7540680630293,0.16029268452689446,679.211007031476,1088.2474142373303,0
43.17924044787461,0.16134304148327314,679.3423852983932,1087.9869257121484,0
43.17924044787461,0.16029268452689446,679.3423852983932,1088.2474142373303,0
43.17924044787461,0.15976340309184428,679.3423852983932,1088.3786760332227,0
43.604206938102564,0.16186411700460163,679.4736999438737,1087.857698982859,0
43.604206938102564,0.16081376004822295,679.4736999438737,1088.1181875080408,0
43.604206938102564,0.16029268452689446,679.4736999438737,1088.2474142373303,0
44.03596795070335,0.16553575052545852,679.6071140967673,1086.9471338696865,0
44.03596795070335,0.16500646909040834,679.6071140967673,1087.078395665579,0
44.03596795070335,0.16134304148327314,679.6071140967673,1087.9869257121484,0
44.46114033554867,0.1550321809616718,679.7384923636845,1089.5520191215055,0
44.46114033554867,0.15031839639815792,679.7384923636845,1090.721037693257,0
44.88610682577662,0.14821768248540057,679.8698070091649,1091.2420147436208,0
44.88610682577662,0.1476884010503504,679.8698070091649,1091.3732765395132,0
45.31786783837741,0.15241090439719357,680.0032211620586,1090.202095709496,0
45.31786783837741,0.1508394719194864,680.0032211620586,1090.5918109639674,0
45.31786783837741,0.14873875800672906,680.0032211620586,1091.1127880143313,0
45.736245700849885,0.16081376004822295,680.1324999215626,1088.1181875080408,0
45.736245700849885,0.15765397039575763,680.1324999215626,1088.9018153418522,0
46.16800671345067,0.16500646909040834,680.2659140744562,1087.078395665579,0
46.16800671345067,0.16343503661270117,680.2659140744562,1087.46811092005,0
46.16800671345067,0.1629144739609803,680.2659140744562,1087.597210457677,0
46.592973203678625,0.17182148043628717,680.3972287199367,1085.3882728518008,0
46.592973203678625,0.16972897243725152,680.3972287199367,1085.9072148355617,0
46.592973203678625,0.16762825852449417,680.3972287199367,1086.4281918859256,0
47.024940110896765,0.17340111882771603,680.5307064942671,1084.9965225307265,0
47.024940110896765,0.17235076187133735,680.5307064942671,1085.2570110559084,0
47.44311207875189,0.17182148043628717,680.6599216323343,1085.3882728518008,0
47.44311207875189,0.17025004795858,680.6599216323343,1085.7779881062722,0
47.874873091352676,0.16762825852449417,680.793335785228,1086.4281918859256,0
47.874873091352676,0.16395611213402966,680.793335785228,1087.3388841907608,0
47.874873091352676,0.15976340309184428,680.793335785228,1088.3786760332227,0
48.29325095382515,0.15608253791805046,680.9226145447319,1089.2915305963236,0
48.29325095382515,0.15346126135357224,680.9226145447319,1089.941607184314,0
48.29325095382515,0.14978911496310773,680.9226145447319,1090.8522994891493,0
48.72501196642594,0.14663804409397171,681.0560286976256,1091.6337650646951,0
48.72501196642594,0.14401625465988588,681.0560286976256,1092.2839688443485,0
49.15018435127126,0.14506661161626455,681.1874069645428,1092.0234803191665,0
49.15018435127126,0.1434951791385574,681.1874069645428,1092.413195573638,0
49.15018435127126,0.1429658977035072,681.1874069645428,1092.5444573695304,0
49.57515084149921,0.15346126135357224,681.3187216100232,1089.941607184314,0
49.57515084149921,0.15188982887586508,681.3187216100232,1090.3313224387855,0
49.57515084149921,0.14873875800672906,681.3187216100232,1091.1127880143313,0
50.0069118541,0.15608253791805046,681.4521357629169,1089.2915305963236,0
50.0069118541,0.15451161830995092,681.4521357629169,1089.6811186591322,0
50.0069118541,0.15346126135357224,681.4521357629169,1089.941607184314,0
50.42528971657247,0.15872125204918733,681.5814145224209,1088.6371294918017,0
50.42528971657247,0.15765397039575763,681.5814145224209,1088.9018153418522,0
50.85705072917326,0.16081376004822295,681.7148286753145,1088.1181875080408,0
50.85705072917326,0.15976340309184428,681.7148286753145,1088.3786760332227,0
50.85705072917326,0.1592423275705158,681.7148286753145,1088.5079027625122,0
51.28201721940121,0.16134304148327314,681.8461433207949,1087.9869257121484,0
51.28201721940121,0.16081376004822295,681.8461433207949,1088.1181875080408,0
51.28201721940121,0.15765397039575763,681.8461433207949,1088.9018153418522,0
51.713778232002,0.15398182400529312,681.9795574736886,1089.8125076466874,0
51.713778232002,0.15031839639815792,681.9795574736886,1090.721037693257,0
52.132156094474475,0.1581832518308078,682.1088362331926,1088.7705535459597,0
52.132156094474475,0.15346126135357224,682.1088362331926,1089.941607184314,0
52.56391710707526,0.17130040491495868,682.2422503860862,1085.5174995810903,0
52.56391710707526,0.16658610748183722,682.2422503860862,1086.6866453445045,0
52.56391710707526,0.1623846796563225,682.2422503860862,1087.728599445232,0
52.98229496954774,0.17863597891255836,682.3715291455902,1083.6982772296856,0
52.98229496954774,0.1781149033912299,682.3715291455902,1083.827503958975,0
52.98229496954774,0.17549311395714406,682.3715291455902,1084.4777077386284,0
53.414055982148525,0.17654347091352274,682.5049432984839,1084.2172192134465,0
53.414055982148525,0.17392219434904452,682.5049432984839,1084.867295801437,0
53.83902247237648,0.17287183739266584,682.6362579439643,1085.127784326619,0
53.83902247237648,0.1707711234799085,682.6362579439643,1085.6487613769827,0
53.83902247237648,0.16710718300316568,682.6362579439643,1086.557418615215,0
54.270783484977265,0.1623846796563225,682.7696720968579,1087.728599445232,0
54.270783484977265,0.15660361343937895,682.7696720968579,1089.162303867034,0
54.270783484977265,0.15293146704891444,682.7696720968579,1090.0729961718694,0
54.695955869822576,0.16081376004822295,682.9010503637752,1088.1181875080408,0
54.695955869822576,0.15765397039575763,682.9010503637752,1088.9018153418522,0
54.695955869822576,0.15398182400529312,682.9010503637752,1089.8125076466874,0
55.120922360050535,0.16553575052545852,683.0323650092556,1086.9471338696865,0
55.120922360050535,0.16448539356907985,683.0323650092556,1087.2076223948682,0
55.546094744895846,0.16815753995954436,683.1637432761728,1086.2969300900331,0
55.546094744895846,0.16762825852449417,683.1637432761728,1086.4281918859256,0
55.9710612351238,0.16395611213402966,683.2950579216532,1087.3388841907608,0
55.9710612351238,0.15872125204918733,683.2950579216532,1088.6371294918017,0
55.9710612351238,0.15293146704891444,683.2950579216532,1090.0729961718694,0
56.40282224772458,0.14873875800672906,683.4284720745469,1091.1127880143313,0
56.40282224772458,0.1471673255290219,683.4284720745469,1091.5025032688027,0
56.40282224772458,0.14559589305131473,683.4284720745469,1091.892218523274,0
56.82778873795254,0.14506661161626455,683.5597867200273,1092.0234803191665,0
56.82778873795254,0.1434951791385574,683.5597867200273,1092.413195573638,0
57.25296112279785,0.15031839639815792,683.6911649869445,1090.721037693257,0
57.25296112279785,0.14506661161626455,683.6911649869445,1092.0234803191665,0
57.25296112279785,0.1434951791385574,683.6911649869445,1092.413195573638,0
57.68472213539863,0.17130040491495868,683.8245791398382,1085.5174995810903,0
57.68472213539863,0.16395611213402966,683.8245791398382,1087.3388841907608,0
57.68472213539863,0.15608253791805046,683.8245791398382,1089.2915305963236,0
58.10309999787112,0.18073669282531574,683.9538578993422,1083.1773001793217,0
58.10309999787112,0.17654347091352274,683.9538578993422,1084.2172192134465,0
58.5348610104719,0.18230812530302287,684.0872720522358,1082.7875849248503,0
58.5348610104719,0.1817870497816944,684.0872720522358,1082.9168116541398,0
58.5348610104719,0.17863597891255836,684.0872720522358,1083.6982772296856,0
58.95982750069986,0.17340111882771603,684.2185866977162,1084.9965225307265,0
58.95982750069986,0.16867861548087285,684.2185866977162,1086.1677033607436,0
58.95982750069986,0.16448539356907985,684.2185866977162,1087.2076223948682,0
59.39158851330064,0.16029268452689446,684.3520008506099,1088.2474142373303,0
59.39158851330064,0.1592423275705158,684.3520008506099,1088.5079027625122,0
59.39158851330064,0.15872125204918733,684.3520008506099,1088.6371294918017,0
59.80996637577312,0.16134304148327314,684.4812796101139,1087.9869257121484,0
59.80996637577312,0.16029268452689446,684.4812796101139,1088.2474142373303,0
60.2417273883739,0.16343503661270117,684.6146937630075,1087.46811092005,0
60.2417273883739,0.1629144739609803,684.6146937630075,1087.597210457677,0
60.2417273883739,0.1623846796563225,684.6146937630075,1087.728599445232,0
60.660105250846385,0.16500646909040834,684.7439725225115,1087.078395665579,0
60.660105250846385,0.16395611213402966,684.7439725225115,1087.3388841907608,0
61.091866263447166,0.16186411700460163,684.8773866754052,1087.857698982859,0
61.091866263447166,0.15872125204918733,684.8773866754052,1088.6371294918017,0
61.516832753675125,0.15765397039575763,685.0087013208856,1088.9018153418522,0
61.516832753675125,0.15660361343937895,685.0087013208856,1089.162303867034,0
61.516832753675125,0.1550321809616718,685.0087013208856,1089.5520191215055,0
61.942005138520436,0.1513605474408149,685.1400795878028,1090.462584234678,0
61.942005138520436,0.14611696857264322,685.1400795878028,1091.7629917939846,0
61.942005138520436,0.1434951791385574,685.1400795878028,1092.413195573638,0
62.37376615112122,0.15451161830995092,685.2734937406964,1089.6811186591322,0
62.37376615112122,0.14926803944177924,685.2734937406964,1090.9815262184388,0
62.37376615112122,0.14401625465988588,685.2734937406964,1092.2839688443485,0
62.79193811897635,0.16500646909040834,685.4027088787636,1087.078395665579,0
62.79193811897635,0.16029268452689446,685.4027088787636,1088.2474142373303,0
63.22390502619449,0.17706454643485123,685.5361866530941,1084.087992484157,0
63.22390502619449,0.1744427570007654,685.5361866530941,1084.7381962638103,0
63.22390502619449,0.16972897243725152,685.5361866530941,1085.9072148355617,0
63.64887151642244,0.1775938278699014,685.6675012985745,1083.9567306882645,0
63.64887151642244,0.17549311395714406,685.6675012985745,1084.4777077386284,0
63.64887151642244,0.17287183739266584,685.6675012985745,1085.127784326619,0
64.08063252902322,0.16920789691592303,685.8009154514682,1086.0364415648512,0
64.08063252902322,0.16762825852449417,685.8009154514682,1086.4281918859256,0
64.4990103914957,0.16553575052545852,685.9301942109721,1086.9471338696865,0
64.93077140409649,0.17287183739266584,686.0636083638658,1085.127784326619,0
64.93077140409649,0.17025004795858,686.0636083638658,1085.7779881062722,0
64.93077140409649,0.16762825852449417,686.0636083638658,1086.4281918859256,0
65.34894337195162,0.18073669282531574,686.192823501933,1083.1773001793217,0
65.34894337195162,0.1775938278699014,686.192823501933,1083.9567306882645,0
65.34894337195162,0.1749725513054232,686.192823501933,1084.606807276255,0
65.78091027916976,0.18440883921578022,686.3263012762634,1082.2666078744867,0
65.78091027916976,0.18283740673807308,686.3263012762634,1082.6563231289579,0
66.2058767693977,0.1849299147371087,686.4576159217439,1082.1373811451972,0
66.2058767693977,0.18440883921578022,686.4576159217439,1082.2666078744867,0
66.2058767693977,0.1812577683466442,686.4576159217439,1083.0480734500322,0
66.63763778199849,0.17340111882771603,686.5910300746375,1084.9965225307265,0
66.63763778199849,0.1629144739609803,686.5910300746375,1087.597210457677,0
66.63763778199849,0.14873875800672906,686.5910300746375,1091.1127880143313,0
67.0628101668438,0.13038674483773585,686.7224083415547,1095.6640872802416,0
67.0628101668438,0.11151416901702176,686.7224083415547,1100.3444860837787,0
67.48777665707176,0.09735537775982152,686.8537229870351,1103.8558663155643,0
67.48777665707176,0.08842272780413434,686.8537229870351,1106.0711635045748,0
67.48777665707176,0.0858014512396561,686.8537229870351,1106.7212400925653,0
67.91274314729971,0.11518580253787865,686.9850376325156,1099.433920970606,0
67.91274314729971,0.10050644862895755,686.9850376325156,1103.0744007400185,0
67.91274314729971,0.08999416028184148,686.9850376325156,1105.6814482501034,0
68.33791553214502,0.14401625465988588,687.1164158994328,1092.2839688443485,0
68.33791553214502,0.12933638788135718,687.1164158994328,1095.9245758054235,0
68.7696765447458,0.1629144739609803,687.2498300523264,1087.597210457677,0
68.7696765447458,0.16186411700460163,687.2498300523264,1087.857698982859,0
68.7696765447458,0.15608253791805046,687.2498300523264,1089.2915305963236,0
69.19464303497377,0.16500646909040834,687.3811446978069,1087.078395665579,0
69.19464303497377,0.16395611213402966,687.3811446978069,1087.3388841907608,0
69.19464303497377,0.1629144739609803,687.3811446978069,1087.597210457677,0
69.61981541981909,0.16553575052545852,687.5125229647241,1086.9471338696865,0
69.61981541981909,0.16500646909040834,687.5125229647241,1087.078395665579,0
69.61981541981909,0.16395611213402966,687.5125229647241,1087.3388841907608,0
70.05157643241986,0.16448539356907985,687.6459371176177,1087.2076223948682,0
70.05157643241986,0.16395611213402966,687.6459371176177,1087.3388841907608,0
70.46974840027498,0.16658610748183722,687.7751522556849,1086.6866453445045,0
70.46974840027498,0.16553575052545852,687.7751522556849,1086.9471338696865,0
70.90171530749313,0.16448539356907985,687.9086300300154,1087.2076223948682,0
70.90171530749313,0.16343503661270117,687.9086300300154,1087.46811092005,0
70.90171530749313,0.1629144739609803,687.9086300300154,1087.597210457677,0
71.3266817977211,0.16658610748183722,688.0399446754958,1086.6866453445045,0
71.3266817977211,0.16500646909040834,688.0399446754958,1087.078395665579,0
71.75844281032187,0.16920789691592303,688.1733588283894,1086.0364415648512,0
71.75844281032187,0.16815753995954436,688.1733588283894,1086.2969300900331,0
71.75844281032187,0.16762825852449417,688.1733588283894,1086.4281918859256,0
72.17682067279435,0.16972897243725152,688.3026375878934,1085.9072148355617,0
72.17682067279435,0.16762825852449417,688.3026375878934,1086.4281918859256,0
72.17682067279435,0.16658610748183722,688.3026375878934,1086.6866453445045,0
72.60858168539514,0.1817870497816944,688.4360517407871,1082.9168116541398,0
72.60858168539514,0.17654347091352274,688.4360517407871,1084.2172192134465,0
72.60858168539514,0.17340111882771603,688.4360517407871,1084.9965225307265,0
73.02675365325025,0.19436620264746576,688.5652668788543,1079.7971817434286,0
73.02675365325025,0.18808098560624473,688.5652668788543,1081.3559155696514,0
73.4587205604684,0.19960978151563744,688.6987446531847,1078.496774184122,0
73.4587205604684,0.19908870599430895,688.6987446531847,1078.6260009134114,0
73.4587205604684,0.19436620264746576,688.6987446531847,1079.7971817434286,0
73.88368705069635,0.18335848225940155,688.8300592986651,1082.5270963996686,0
73.88368705069635,0.17025004795858,688.8300592986651,1085.7779881062722,0
73.88368705069635,0.15660361343937895,688.8300592986651,1089.162303867034,0
74.30865354092431,0.14611696857264322,688.9613739441456,1091.7629917939846,0
74.30865354092431,0.139302470096372,688.9613739441456,1093.4529874160999,0
74.30865354092431,0.13773103761866484,688.9613739441456,1093.8427026705713,0
74.74062044814245,0.14244482218217872,689.094851718476,1092.6736840988199,0
74.74062044814245,0.13982303274809288,689.094851718476,1093.323887878473,0
75.15879241599757,0.1623846796563225,689.2240668565432,1087.728599445232,0
75.15879241599757,0.15451161830995092,689.2240668565432,1089.6811186591322,0
75.15879241599757,0.1471673255290219,689.2240668565432,1091.5025032688027,0
75.59055342859835,0.17025004795858,689.3574810094369,1085.7779881062722,0
75.59055342859835,0.16920789691592303,689.3574810094369,1086.0364415648512,0
75.59055342859835,0.16815753995954436,689.3574810094369,1086.2969300900331,0
76.01572581344367,0.166056826046787,689.4888592763541,1086.817907140397,0
76.01572581344367,0.1623846796563225,689.4888592763541,1087.728599445232,0
76.44748682604445,0.16134304148327314,689.6222734292477,1087.9869257121484,0
76.44748682604445,0.16081376004822295,689.6222734292477,1088.1181875080408,0
76.86565879389957,0.16448539356907985,689.7514885673149,1087.2076223948682,0
76.86565879389957,0.16081376004822295,689.7514885673149,1088.1181875080408,0
77.29762570111771,0.18230812530302287,689.8849663416454,1082.7875849248503,0
77.29762570111771,0.1781149033912299,689.8849663416454,1083.827503958975,0
77.29762570111771,0.1707711234799085,689.8849663416454,1085.6487613769827,0
77.71579766897284,0.1817870497816944,690.0141814797125,1082.9168116541398,0
77.71579766897284,0.1781149033912299,690.0141814797125,1083.827503958975,0
78.14755868157363,0.17392219434904452,690.1475956326062,1084.867295801437,0
78.14755868157363,0.1707711234799085,690.1475956326062,1085.6487613769827,0
78.14755868157363,0.16920789691592303,690.1475956326062,1086.0364415648512,0
78.57273106641894,0.16658610748183722,690.2789738995234,1086.6866453445045,0
78.57273106641894,0.16395611213402966,690.2789738995234,1087.3388841907608,0
78.57273106641894,0.1629144739609803,690.2789738995234,1087.597210457677,0
79.00449207901971,0.16500646909040834,690.4123880524171,1087.078395665579,0
79.00449207901971,0.16343503661270117,690.4123880524171,1087.46811092005,0
79.42945856924767,0.166056826046787,690.5437026978975,1086.817907140397,0
79.42945856924767,0.16553575052545852,690.5437026978975,1086.9471338696865,0
79.854630954093,0.16553575052545852,690.6750809648147,1086.9471338696865,0
79.854630954093,0.16500646909040834,690.6750809648147,1087.078395665579,0
79.854630954093,0.16448539356907985,690.6750809648147,1087.2076223948682,0
80.27959744432096,0.1629144739609803,690.8063956102951,1087.597210457677,0
80.27959744432096,0.1623846796563225,690.8063956102951,1087.728599445232,0
80.27959744432096,0.16186411700460163,690.8063956102951,1087.857698982859,0
80.7045639345489,0.16029268452689446,690.9377102557756,1088.2474142373303,0
80.7045639345489,0.15660361343937895,690.9377102557756,1089.162303867034,0
81.13653084176704,0.15346126135357224,691.071188030106,1089.941607184314,0
81.13653084176704,0.15293146704891444,691.071188030106,1090.0729961718694,0
81.13653084176704,0.15188982887586508,691.071188030106,1090.3313224387855,0
81.561497331995,0.16448539356907985,691.2025026755864,1087.2076223948682,0
81.561497331995,0.16134304148327314,691.2025026755864,1087.9869257121484,0
81.561497331995,0.15660361343937895,691.2025026755864,1089.162303867034,0
81.98646382222296,0.16658610748183722,691.3338173210668,1086.6866453445045,0
82.4184307294411,0.16500646909040834,691.4672950953973,1087.078395665579,0
82.4184307294411,0.16448539356907985,691.4672950953973,1087.2076223948682,0
82.83660269729621,0.16867861548087285,691.5965102334645,1086.1677033607436,0
82.83660269729621,0.16658610748183722,691.5965102334645,1086.6866453445045,0
82.83660269729621,0.16553575052545852,691.5965102334645,1086.9471338696865,0
83.268363709897,0.1744427570007654,691.7299243863581,1084.7381962638103,0
83.268363709897,0.17182148043628717,691.7299243863581,1085.3882728518008,0
83.69353609474231,0.17916526034760857,691.8613026532754,1083.5670154337931,0
83.69353609474231,0.1775938278699014,691.8613026532754,1083.9567306882645,0
83.69353609474231,0.17706454643485123,691.8613026532754,1084.087992484157,0
84.1252971073431,0.18598027169348738,691.994716806169,1081.8768926200153,0
84.1252971073431,0.18230812530302287,691.994716806169,1082.7875849248503,0
84.1252971073431,0.18021561730398725,691.994716806169,1083.3065269086112,0
84.54346907519822,0.18650134721481587,692.1239319442362,1081.7476658907258,0
84.54346907519822,0.1849299147371087,692.1239319442362,1082.1373811451972,0
84.97543598241636,0.1817870497816944,692.2574097185667,1082.9168116541398,0
84.97543598241636,0.17968633586893706,692.2574097185667,1083.4377887045036,0
84.97543598241636,0.17602290826180186,692.2574097185667,1084.346318751073,0
85.39360795027149,0.16867861548087285,692.3866248566338,1086.1677033607436,0
85.39360795027149,0.16029268452689446,692.3866248566338,1088.2474142373303,0
85.39360795027149,0.15398182400529312,692.3866248566338,1089.8125076466874,0
85.8321634852451,0.15398182400529312,692.5221385169407,1089.8125076466874,0
85.8321634852451,0.1513605474408149,692.5221385169407,1090.462584234678,0
86.25054134771757,0.15976340309184428,692.6514172764447,1088.3786760332227,0
86.25054134771757,0.15608253791805046,692.6514172764447,1089.2915305963236,0
86.67550783794553,0.16867861548087285,692.7827319219251,1086.1677033607436,0
86.67550783794553,0.166056826046787,692.7827319219251,1086.817907140397,0
86.67550783794553,0.16186411700460163,692.7827319219251,1087.857698982859,0
87.10726885054632,0.16815753995954436,692.9161460748188,1086.2969300900331,0
87.10726885054632,0.16553575052545852,692.9161460748188,1086.9471338696865,0
87.10726885054632,0.1623846796563225,692.9161460748188,1087.728599445232,0
87.5256467130188,0.16343503661270117,693.0454248343228,1087.46811092005,0
87.5256467130188,0.16134304148327314,693.0454248343228,1087.9869257121484,0
87.95740772561957,0.17654347091352274,693.1788389872164,1084.2172192134465,0
87.95740772561957,0.17235076187133735,693.1788389872164,1085.2570110559084,0
87.95740772561957,0.16710718300316568,693.1788389872164,1086.557418615215,0
88.38237421584753,0.17706454643485123,693.3101536326968,1084.087992484157,0
88.38237421584753,0.1744427570007654,693.3101536326968,1084.7381962638103,0
88.38237421584753,0.17130040491495868,693.3101536326968,1085.5174995810903,0
88.81434112306569,0.16972897243725152,693.4436314070273,1085.9072148355617,0
88.81434112306569,0.16867861548087285,693.4436314070273,1086.1677033607436,0
88.81434112306569,0.16710718300316568,693.4436314070273,1086.557418615215,0
89.23251309092082,0.16553575052545852,693.5728465450945,1086.9471338696865,0
89.66427410352159,0.16972897243725152,693.7062606979881,1085.9072148355617,0
89.66427410352159,0.16815753995954436,693.7062606979881,1086.2969300900331,0
89.66427410352159,0.16658610748183722,693.7062606979881,1086.6866453445045,0
90.08265196599407,0.16972897243725152,693.8355394574921,1085.9072148355617,0
90.08265196599407,0.166056826046787,693.8355394574921,1086.817907140397,0
90.08265196599407,0.16186411700460163,693.8355394574921,1087.857698982859,0
90.51441297859486,0.166056826046787,693.9689536103858,1086.817907140397,0
90.51441297859486,0.16186411700460163,693.9689536103858,1087.857698982859,0
90.93958536344017,0.17706454643485123,694.100331877303,1084.087992484157,0
90.93958536344017,0.1749725513054232,694.100331877303,1084.606807276255,0
90.93958536344017,0.1707711234799085,694.100331877303,1085.6487613769827,0
91.37134637604096,0.17654347091352274,694.2337460301966,1084.2172192134465,0
91.37134637604096,0.17392219434904452,694.2337460301966,1084.867295801437,0
91.37134637604096,0.17130040491495868,694.2337460301966,1085.5174995810903,0
91.7963128662689,0.16762825852449417,694.3650606756771,1086.4281918859256,0
91.7963128662689,0.1623846796563225,694.3650606756771,1087.728599445232,0
92.22127935649686,0.15398182400529312,694.4963753211575,1089.8125076466874,0
92.22127935649686,0.14663804409397171,694.4963753211575,1091.6337650646951,0
92.22127935649686,0.1429658977035072,694.4963753211575,1092.5444573695304,0
92.64645174134218,0.14454553609493606,694.6277535880747,1092.152707048456,0
92.64645174134218,0.14244482218217872,694.6277535880747,1092.6736840988199,0
92.64789300366368,0.1471673255290219,694.6281989381321,1091.5025032688027,0
92.64789300366368,0.14454553609493606,694.6281989381321,1092.152707048456,0
93.06627086613616,0.16029268452689446,694.7574776976361,1088.2474142373303,0
93.06627086613616,0.1545111054403433,694.7574776976361,1089.681245850795,0
93.06627086613616,0.15031839639815792,694.7574776976361,1090.721037693257,0
93.50482640110978,0.17182096756667956,694.892991357943,1085.3884000434637,0
93.50482640110978,0.16658610748183722,694.892991357943,1086.6866453445045,0
93.92299836896491,0.17654347091352274,695.0222064960101,1084.2172192134465,0
93.92299836896491,0.17549311395714406,695.0222064960101,1084.4777077386284,0
93.92299836896491,0.1744427570007654,695.0222064960101,1084.7381962638103,0
94.35475938156569,0.18021561730398725,695.1556206489038,1083.3065269086112,0
94.35475938156569,0.17916526034760857,695.1556206489038,1083.5670154337931,0
94.35475938156569,0.17863597891255836,695.1556206489038,1083.6982772296856,0
94.779931766411,0.1775938278699014,695.286998915821,1083.9567306882645,0
94.779931766411,0.17497203843581557,695.286998915821,1084.6069344679179,0
95.20489825663896,0.17235076187133735,695.4183135613014,1085.2570110559084,0
95.20489825663896,0.17130040491495868,695.4183135613014,1085.5174995810903,0
95.20489825663896,0.16920789691592303,695.4183135613014,1086.0364415648512,0
95.62986474686691,0.16762825852449417,695.5496282067819,1086.4281918859256,0
95.62986474686691,0.16710718300316568,695.5496282067819,1086.557418615215,0
95.62986474686691,0.16658610748183722,695.5496282067819,1086.6866453445045,0
96.06183165408505,0.16710718300316568,695.6831059811122,1086.557418615215,0
96.06183165408505,0.16658610748183722,695.6831059811122,1086.6866453445045,0
96.486798144313,0.17235076187133735,695.8144206265927,1085.2570110559084,0
96.486798144313,0.16920789691592303,695.8144206265927,1086.0364415648512,0
96.486798144313,0.16710718300316568,695.8144206265927,1086.557418615215,0
96.91176463454096,0.17340111882771603,695.9457352720731,1084.9965225307265,0
96.91176463454096,0.17130040491495868,695.9457352720731,1085.5174995810903,0
97.33693701938627,0.16920789691592303,696.0771135389904,1086.0364415648512,0
97.33693701938627,0.16658610748183722,696.0771135389904,1086.6866453445045,0
97.76190350961423,0.16448539356907985,696.2084281844708,1087.2076223948682,0
97.76190350961423,0.16395611213402966,696.2084281844708,1087.3388841907608,0
98.18707589445954,0.17077061061030088,696.339806451388,1085.6488885686454,0
98.18707589445954,0.16658610748183722,696.339806451388,1086.6866453445045,0
98.18707589445954,0.16500646909040834,696.339806451388,1087.078395665579,0
98.61883690706031,0.17706454643485123,696.4732206042817,1084.087992484157,0
98.61883690706031,0.17340111882771603,696.4732206042817,1084.9965225307265,0
99.04380339728827,0.17863597891255836,696.6045352497621,1083.6982772296856,0
99.04380339728827,0.1781149033912299,696.6045352497621,1083.827503958975,0
99.04380339728827,0.17497203843581557,696.6045352497621,1084.6069344679179,0
99.47556440988906,0.17025004795858,696.7379494026557,1085.7779881062722,0
99.47556440988906,0.16762825852449417,696.7379494026557,1086.4281918859256,0
99.47556440988906,0.16395611213402966,696.7379494026557,1087.3388841907608,0
99.89394227236154,0.16134304148327314,696.8672281621597,1087.9869257121484,0
99.89394227236154,0.15713289487442914,696.8672281621597,1089.0310420711417,0
100.32570328496232,0.15398182400529312,697.0006423150534,1089.8125076466874,0
100.32570328496232,0.15293146704891444,697.0006423150534,1090.0729961718694,0
100.75066977519027,0.15713289487442914,697.1319569605338,1089.0310420711417,0
100.75066977519027,0.15660361343937895,697.1319569605338,1089.162303867034,0
101.18263668240841,0.16029268452689446,697.2654347348641,1088.2474142373303,0
101.18263668240841,0.15872125204918733,697.2654347348641,1088.6371294918017,0
101.60080865026355,0.15976289022223666,697.3946498729314,1088.3788032248854,0
101.60080865026355,0.1581832518308078,697.3946498729314,1088.7705535459597,0
101.60080865026355,0.15556146239672197,697.3946498729314,1089.420757325613,0
102.03256966286432,0.15872125204918733,697.5280640258251,1088.6371294918017,0
102.03256966286432,0.1545111054403433,697.5280640258251,1089.681245850795,0
102.03256966286432,0.15398182400529312,697.5280640258251,1089.8125076466874,0
102.47112519783794,0.16710718300316568,697.6635776861319,1086.557418615215,0
102.47112519783794,0.16343503661270117,697.6635776861319,1087.46811092005,0
102.90288621043872,0.17340111882771603,697.7969918390255,1084.9965225307265,0
102.90288621043872,0.17025004795858,697.7969918390255,1085.7779881062722,0
102.90288621043872,0.16867861548087285,697.7969918390255,1086.1677033607436,0
103.32805859528405,0.17549311395714406,697.9283701059428,1084.4777077386284,0
103.32805859528405,0.1744427570007654,697.9283701059428,1084.7381962638103,0
103.753025085512,0.1739216814794369,698.0596847514232,1084.8674229930998,0
103.753025085512,0.17340111882771603,698.0596847514232,1084.9965225307265,0
103.753025085512,0.17287132452305823,698.0596847514232,1085.1279115182817,0
104.1781974703573,0.17340111882771603,698.1910630183404,1084.9965225307265,0
104.1781974703573,0.17287132452305823,698.1910630183404,1085.1279115182817,0
104.60316396058526,0.17025004795858,698.3223776638208,1085.7779881062722,0
104.60316396058526,0.16658610748183722,698.3223776638208,1086.6866453445045,0
104.60316396058526,0.16343503661270117,698.3223776638208,1087.46811092005,0
105.02813045081322,0.16815753995954436,698.4536923093012,1086.2969300900331,0
105.02813045081322,0.166056826046787,698.4536923093012,1086.817907140397,0
105.02813045081322,0.16343503661270117,698.4536923093012,1087.46811092005,0
105.459891463414,0.17287132452305823,698.5871064621949,1085.1279115182817,0
105.459891463414,0.17025004795858,698.5871064621949,1085.7779881062722,0
105.8850638482593,0.1775938278699014,698.7184847291121,1083.9567306882645,0
105.8850638482593,0.17706454643485123,698.7184847291121,1084.087992484157,0
105.8850638482593,0.17602239539219425,698.7184847291121,1084.346445942736,0
106.31003033848727,0.17602239539219425,698.8497993745925,1084.346445942736,0
106.31003033848727,0.1744427570007654,698.8497993745925,1084.7381962638103,0
106.31003033848727,0.17287132452305823,698.8497993745925,1085.1279115182817,0
106.73520272333258,0.17182096756667956,698.9811776415097,1085.3884000434637,0
106.73520272333258,0.17025004795858,698.9811776415097,1085.7779881062722,0
107.16016921356054,0.16972897243725152,699.1124922869902,1085.9072148355617,0
107.16016921356054,0.16762825852449417,699.1124922869902,1086.4281918859256,0
107.16016921356054,0.16553575052545852,699.1124922869902,1086.9471338696865,0
107.59193022616131,0.16710718300316568,699.2459064398838,1086.557418615215,0
107.59193022616131,0.16553575052545852,699.2459064398838,1086.9471338696865,0
107.59193022616131,0.16500646909040834,699.2459064398838,1087.078395665579,0
108.01710261100662,0.17235076187133735,699.377284706801,1085.2570110559084,0
108.01710261100662,0.16867861548087285,699.377284706801,1086.1677033607436,0
108.44886362360741,0.1817870497816944,699.5106988596947,1082.9168116541398,0
108.44886362360741,0.18073669282531574,699.5106988596947,1083.1773001793217,0
108.44886362360741,0.17706454643485123,699.5106988596947,1084.087992484157,0
108.86703559146254,0.18073669282531574,699.6399139977619,1083.1773001793217,0
108.86703559146254,0.17654347091352274,699.6399139977619,1084.2172192134465,0
108.86703559146254,0.17025004795858,699.6399139977619,1085.7779881062722,0
109.29879660406331,0.16448539356907985,699.7733281506555,1087.2076223948682,0
109.29879660406331,0.16186360413499404,699.7733281506555,1087.8578261745215,0
109.7171744665358,0.16343503661270117,699.9026069101595,1087.46811092005,0
109.7171744665358,0.1629139610913727,699.9026069101595,1087.5973376493396,0
110.14893547913658,0.16710718300316568,700.0360210630532,1086.557418615215,0
110.14893547913658,0.16343503661270117,700.0360210630532,1087.46811092005,0
110.14893547913658,0.1623846796563225,700.0360210630532,1087.728599445232,0
110.5741078639819,0.17340111882771603,700.1673993299704,1084.9965225307265,0
110.5741078639819,0.17130040491495868,700.1673993299704,1085.5174995810903,0
111.0058688765827,0.17077061061030088,700.300813482864,1085.6488885686454,0
111.0058688765827,0.16867861548087285,700.300813482864,1086.1677033607436,0
111.4240408444378,0.16815753995954436,700.4300286209312,1086.2969300900331,0
111.4240408444378,0.16762825852449417,700.4300286209312,1086.4281918859256,0
111.85580185703859,0.16500646909040834,700.5634427738249,1087.078395665579,0
111.85580185703859,0.1623846796563225,700.5634427738249,1087.728599445232,0
112.28097424188391,0.16815753995954436,700.6948210407421,1086.2969300900331,0
112.28097424188391,0.16500646909040834,700.6948210407421,1087.078395665579,0
112.7127352544847,0.17235076187133735,700.8282351936357,1085.2570110559084,0
112.7127352544847,0.17182096756667956,700.8282351936357,1085.3884000434637,0
112.7127352544847,0.17077061061030088,700.8282351936357,1085.6488885686454,0
113.13770174471264,0.17235076187133735,700.9595498391162,1085.2570110559084,0
113.13770174471264,0.17077061061030088,700.9595498391162,1085.6488885686454,0
113.13770174471264,0.16815753995954436,700.9595498391162,1086.2969300900331,0
113.56287412955795,0.16343503661270117,701.0909281060334,1087.46811092005,0
113.56287412955795,0.15976289022223666,701.0909281060334,1088.3788032248854,0
113.98784061978591,0.16710718300316568,701.2222427515138,1086.557418615215,0
113.98784061978591,0.16134304148327314,701.2222427515138,1087.9869257121484,0
113.98784061978591,0.15872125204918733,701.2222427515138,1088.6371294918017,0
114.41301300463122,0.1775938278699014,701.353621018431,1083.9567306882645,0
114.41301300463122,0.17287132452305823,701.353621018431,1085.1279115182817,0
114.83797949485917,0.1812577683466442,701.4849356639114,1083.0480734500322,0
114.83797949485917,0.18021561730398725,701.4849356639114,1083.3065269086112,0
114.83797949485917,0.17968633586893706,701.4849356639114,1083.4377887045036,0
115.26974050745996,0.1739216814794369,701.6183498168051,1084.8674229930998,0
115.26974050745996,0.16395611213402966,701.6183498168051,1087.3388841907608,0
115.26974050745996,0.15346074848396463,701.6183498168051,1089.941734375977,0
115.69470699768792,0.1434951791385574,701.7496644622855,1092.413195573638,0
115.69470699768792,0.1387726757917142,701.7496644622855,1093.584376403655,0
115.69470699768792,0.13825160027038574,701.7496644622855,1093.7136031329444,0
116.11987938253323,0.14611696857264322,701.8810427292027,1091.7629917939846,0
116.11987938253323,0.14192374666085023,701.8810427292027,1092.8029108281091,0
116.54484587276117,0.16186360413499404,702.0123573746832,1087.8578261745215,0
116.54484587276117,0.1550321809616718,702.0123573746832,1089.5520191215055,0
116.54484587276117,0.14978911496310773,702.0123573746832,1090.8522994891493,0
116.97001825760648,0.1781149033912299,702.1437356416004,1083.827503958975,0
116.97001825760648,0.1739216814794369,702.1437356416004,1084.8674229930998,0
116.97001825760648,0.16867861548087285,702.1437356416004,1086.1677033607436,0
117.39498474783444,0.18230812530302287,702.2750502870808,1082.7875849248503,0
117.39498474783444,0.18073669282531574,702.2750502870808,1083.1773001793217,0
117.82674576043523,0.18283740673807308,702.4084644399744,1082.6563231289579,0
117.82674576043523,0.18073669282531574,702.4084644399744,1083.1773001793217,0
117.82674576043523,0.17706454643485123,702.4084644399744,1084.087992484157,0
118.25191814528054,0.17077061061030088,702.5398427068917,1085.6488885686454,0
118.25191814528054,0.16658610748183722,702.5398427068917,1086.6866453445045,0
118.25191814528054,0.16343503661270117,702.5398427068917,1087.46811092005,0
118.67688463550849,0.1629139610913727,702.6711573523721,1087.5973376493396,0
118.67688463550849,0.1623846796563225,702.6711573523721,1087.728599445232,0
119.10185112573645,0.16553575052545852,702.8024719978525,1086.9471338696865,0
119.10185112573645,0.16448539356907985,702.8024719978525,1087.2076223948682,0
119.10185112573645,0.1623846796563225,702.8024719978525,1087.728599445232,0
119.52702351058176,0.16500646909040834,702.9338502647697,1087.078395665579,0
119.52702351058176,0.1623846796563225,702.9338502647697,1087.728599445232,0
119.52702351058176,0.15976289022223666,702.9338502647697,1088.3788032248854,0
119.95878452318254,0.15765397039575763,703.0672644176634,1088.9018153418522,0
119.95878452318254,0.15713289487442914,703.0672644176634,1089.0310420711417,0
120.38375101341049,0.166056826046787,703.1985790631438,1086.817907140397,0
120.38375101341049,0.16343503661270117,703.1985790631438,1087.46811092005,0
120.38375101341049,0.1592423275705158,703.1985790631438,1088.5079027625122,0
120.81551202601128,0.16762825852449417,703.3319932160375,1086.4281918859256,0
120.81551202601128,0.16710718300316568,703.3319932160375,1086.557418615215,0
120.81551202601128,0.16658610748183722,703.3319932160375,1086.6866453445045,0
121.23388988848377,0.16395611213402966,703.4612719755414,1087.3388841907608,0
121.23388988848377,0.16134304148327314,703.4612719755414,1087.9869257121484,0
121.66565090108456,0.16029268452689446,703.5946861284351,1088.2474142373303,0
121.66565090108456,0.1592423275705158,703.5946861284351,1088.5079027625122,0
122.08402876355703,0.17130040491495868,703.7239648879391,1085.5174995810903,0
122.08402876355703,0.16500646909040834,703.7239648879391,1087.078395665579,0
122.08402876355703,0.15976289022223666,703.7239648879391,1088.3788032248854,0
122.52258429853065,0.18021561730398725,703.859478548246,1083.3065269086112,0
122.52258429853065,0.17654347091352274,703.859478548246,1084.2172192134465,0
122.94075626638578,0.18021561730398725,703.9886936863131,1083.3065269086112,0
122.94075626638578,0.17602239539219425,703.9886936863131,1084.346445942736,0
122.94075626638578,0.17025004795858,703.9886936863131,1085.7779881062722,0
123.37251727898656,0.16500646909040834,704.1221078392068,1087.078395665579,0
123.37251727898656,0.1623846796563225,704.1221078392068,1087.728599445232,0
123.37251727898656,0.15976289022223666,704.1221078392068,1088.3788032248854,0
123.79089514145903,0.16029268452689446,704.2513865987108,1088.2474142373303,0
123.79089514145903,0.1581832518308078,704.2513865987108,1088.7705535459597,0
124.22265615405982,0.1739216814794369,704.3848007516044,1084.8674229930998,0
124.22265615405982,0.16972897243725152,704.3848007516044,1085.9072148355617,0
124.22265615405982,0.16448539356907985,704.3848007516044,1087.2076223948682,0
124.64782853890513,0.17706454643485123,704.5161790185217,1084.087992484157,0
124.64782853890513,0.17602239539219425,704.5161790185217,1084.346445942736,0
125.07958955150592,0.17497203843581557,704.6495931714153,1084.6069344679179,0
125.07958955150592,0.17182096756667956,704.6495931714153,1085.3884000434637,0
125.07958955150592,0.16815753995954436,704.6495931714153,1086.2969300900331,0
125.50455604173385,0.16500646909040834,704.7809078168957,1087.078395665579,0
125.50455604173385,0.16448539356907985,704.7809078168957,1087.2076223948682,0
125.92972842657917,0.17602239539219425,704.912286083813,1084.346445942736,0
125.92972842657917,0.17235076187133735,704.912286083813,1085.2570110559084,0
125.92972842657917,0.16762825852449417,704.912286083813,1086.4281918859256,0
126.35469491680715,0.1817870497816944,705.0436007292934,1082.9168116541398,0
126.35469491680715,0.17916526034760857,705.0436007292934,1083.5670154337931,0
126.77966140703509,0.18388776369445176,705.1749153747738,1082.395834603776,0
126.77966140703509,0.18230812530302287,705.1749153747738,1082.7875849248503,0
126.77966140703509,0.17863597891255836,705.1749153747738,1083.6982772296856,0
127.20483379188042,0.17130040491495868,705.306293641691,1085.5174995810903,0
127.20483379188042,0.1629139610913727,705.306293641691,1087.5973376493396,0
127.20483379188042,0.15556146239672197,705.306293641691,1089.420757325613,0
127.63659480448119,0.15031839639815792,705.4397077945847,1090.721037693257,0
127.63659480448119,0.14873875800672906,705.4397077945847,1091.1127880143313,0
127.63659480448119,0.14769660696407208,705.4397077945847,1091.3712414729102,0
128.06156129470912,0.15608253791805046,705.5710224400651,1089.2915305963236,0
128.06156129470912,0.15136003457120728,705.5710224400651,1090.4627114263408,0
128.48673367955445,0.17235076187133735,705.7024007069823,1085.2570110559084,0
128.48673367955445,0.16658610748183722,705.7024007069823,1086.6866453445045,0
128.48673367955445,0.16134304148327314,705.7024007069823,1087.9869257121484,0
128.9117001697824,0.18440883921578022,705.8337153524627,1082.2666078744867,0
128.9117001697824,0.18230812530302287,705.8337153524627,1082.7875849248503,0
128.9117001697824,0.1775938278699014,705.8337153524627,1083.9567306882645,0
129.33666666001037,0.18388776369445176,705.9650299979431,1082.395834603776,0
129.33666666001037,0.1812577683466442,705.9650299979431,1083.0480734500322,0
129.7686335672285,0.1775938278699014,706.0985077722736,1083.9567306882645,0
129.7686335672285,0.17182096756667956,706.0985077722736,1085.3884000434637,0
129.7686335672285,0.166056826046787,706.0985077722736,1086.817907140397,0
130.19360005745645,0.16081324717861536,706.229822417754,1088.1183146997034,0
130.19360005745645,0.15713289487442914,706.229822417754,1089.0310420711417,0
130.61856654768442,0.16186360413499404,706.3611370632344,1087.8578261745215,0
130.61856654768442,0.1581832518308078,706.3611370632344,1088.7705535459597,0
130.61856654768442,0.15608253791805046,706.3611370632344,1089.2915305963236,0
131.04373893252972,0.16815753995954436,706.4925153301517,1086.2969300900331,0
131.04373893252972,0.16710718300316568,706.4925153301517,1086.557418615215,0
131.04373893252972,0.16500646909040834,706.4925153301517,1087.078395665579,0
131.4687054227577,0.17077061061030088,706.6238299756321,1085.6488885686454,0
131.4687054227577,0.16867861548087285,706.6238299756321,1086.1677033607436,0
131.8936719129856,0.17340111882771603,706.7551446211125,1084.9965225307265,0
131.8936719129856,0.17287132452305823,706.7551446211125,1085.1279115182817,0
131.8936719129856,0.17182096756667956,706.7551446211125,1085.3884000434637,0
132.32563882020375,0.17602239539219425,706.8886223954429,1084.346445942736,0
132.32563882020375,0.1739216814794369,706.8886223954429,1084.8674229930998,0
132.32563882020375,0.17340111882771603,706.8886223954429,1084.9965225307265,0
132.75060531043172,0.17863597891255836,707.0199370409234,1083.6982772296856,0
132.75060531043172,0.1781149033912299,707.0199370409234,1083.827503958975,0
132.75060531043172,0.1775938278699014,707.0199370409234,1083.9567306882645,0
133.1823663230325,0.17706454643485123,707.153351193817,1084.087992484157,0
133.600744185505,0.17654347091352274,707.282629953321,1084.2172192134465,0
133.600744185505,0.17340111882771603,707.282629953321,1084.9965225307265,0
133.600744185505,0.16762825852449417,707.282629953321,1086.4281918859256,0
134.03250519810578,0.1623846796563225,707.4160441062147,1087.728599445232,0
134.03250519810578,0.15765397039575763,707.4160441062147,1088.9018153418522,0
134.45088306057826,0.15556146239672197,707.5453228657186,1089.420757325613,0
134.45088306057826,0.1550321809616718,707.5453228657186,1089.5520191215055,0
134.8892327009345,0.16395611213402966,707.6807729045887,1087.3388841907608,0
134.8892327009345,0.16029268452689446,707.6807729045887,1088.2474142373303,0
134.8892327009345,0.15713289487442914,707.6807729045887,1089.0310420711417,0
135.30761056340702,0.17182096756667956,707.8100516640927,1085.3884000434637,0
135.30761056340702,0.16867861548087285,707.8100516640927,1086.1677033607436,0
135.73937157600778,0.17654347091352274,707.9434658169864,1084.2172192134465,0
135.73937157600778,0.17497203843581557,707.9434658169864,1084.6069344679179,0
135.73937157600778,0.17340111882771603,707.9434658169864,1084.9965225307265,0
136.15774943848027,0.1781149033912299,708.0727445764904,1083.827503958975,0
136.15774943848027,0.1775938278699014,708.0727445764904,1083.9567306882645,0
136.15774943848027,0.17706454643485123,708.0727445764904,1084.087992484157,0
136.58951045108105,0.17549311395714406,708.206158729384,1084.4777077386284,0
136.58951045108105,0.1739216814794369,708.206158729384,1084.8674229930998,0
137.014476941309,0.17182096756667956,708.3374733748644,1085.3884000434637,0
137.014476941309,0.16815753995954436,708.3374733748644,1086.2969300900331,0
137.014476941309,0.1629139610913727,708.3374733748644,1087.5973376493396,0
137.44644384852714,0.16029268452689446,708.4709511491949,1088.2474142373303,0
137.44644384852714,0.1592423275705158,708.4709511491949,1088.5079027625122,0
137.44644384852714,0.1581832518308078,708.4709511491949,1088.7705535459597,0
137.8714103387551,0.16395611213402966,708.6022657946753,1087.3388841907608,0
137.8714103387551,0.1623846796563225,708.6022657946753,1087.728599445232,0
138.29637682898306,0.1623846796563225,708.7335804401557,1087.728599445232,0
138.29637682898306,0.16134304148327314,708.7335804401557,1087.9869257121484,0
138.72154921382838,0.16448539356907985,708.8649587070729,1087.2076223948682,0
138.72154921382838,0.16395611213402966,708.8649587070729,1087.3388841907608,0
138.72154921382838,0.16343503661270117,708.8649587070729,1087.46811092005,0
139.1465157040563,0.16186360413499404,708.9962733525534,1087.8578261745215,0
139.1465157040563,0.15976289022223666,708.9962733525534,1088.3788032248854,0
139.57148219428427,0.16395611213402966,709.1275879980338,1087.3388841907608,0
139.57148219428427,0.16029268452689446,709.1275879980338,1088.2474142373303,0
139.57148219428427,0.15872125204918733,709.1275879980338,1088.6371294918017,0
140.0034491015024,0.17654347091352274,709.2610657723642,1084.2172192134465,0
140.0034491015024,0.17235076187133735,709.2610657723642,1085.2570110559084,0
140.0034491015024,0.16815753995954436,709.2610657723642,1086.2969300900331,0
140.42841559173036,0.18335848225940155,709.3923804178446,1082.5270963996686,0
140.42841559173036,0.18073669282531574,709.3923804178446,1083.1773001793217,0
140.85338208195833,0.1849299147371087,709.5236950633251,1082.1373811451972,0
140.85338208195833,0.18440883921578022,709.5236950633251,1082.2666078744867,0
140.85338208195833,0.1812577683466442,709.5236950633251,1083.0480734500322,0
141.27855446680363,0.17549311395714406,709.6550733302423,1084.4777077386284,0
141.27855446680363,0.17130040491495868,709.6550733302423,1085.5174995810903,0
141.27855446680363,0.16972897243725152,709.6550733302423,1085.9072148355617,0
141.7035209570316,0.17025004795858,709.7863879757227,1085.7779881062722,0
141.7035209570316,0.16972897243725152,709.7863879757227,1085.9072148355617,0
142.1286933418769,0.16972897243725152,709.9177662426399,1085.9072148355617,0
142.1286933418769,0.16920789691592303,709.9177662426399,1086.0364415648512,0
142.56045435447768,0.1781149033912299,710.0511803955336,1083.827503958975,0
142.56045435447768,0.17549311395714406,710.0511803955336,1084.4777077386284,0
142.56045435447768,0.17235076187133735,710.0511803955336,1085.2570110559084,0
142.98542084470563,0.18230812530302287,710.182495041014,1082.7875849248503,0
142.98542084470563,0.18021561730398725,710.182495041014,1083.3065269086112,0
143.41038733493357,0.18965190521434427,710.3138096864944,1080.9663275068426,0
143.41038733493357,0.1891226237792941,710.3138096864944,1081.097589302735,0
143.41038733493357,0.18545047738882958,710.3138096864944,1082.0082816075703,0
143.8355597197789,0.18545047738882958,710.4451879534116,1082.0082816075703,0
143.8355597197789,0.17968633586893706,710.4451879534116,1083.4377887045036,0
144.26052621000684,0.17497203843581557,710.5765025988921,1084.6069344679179,0
144.26052621000684,0.17130040491495868,710.5765025988921,1085.5174995810903,0
144.26052621000684,0.16867861548087285,710.5765025988921,1086.1677033607436,0
144.69228722260766,0.16920789691592303,710.7099167517857,1086.0364415648512,0
144.69228722260766,0.16815753995954436,710.7099167517857,1086.2969300900331,0
144.69228722260766,0.16762825852449417,710.7099167517857,1086.4281918859256,0
145.11745960745296,0.17077061061030088,710.8412950187029,1085.6488885686454,0
145.11745960745296,0.16920789691592303,710.8412950187029,1086.0364415648512,0
145.54922062005375,0.17182096756667956,710.9747091715966,1085.3884000434637,0
145.54922062005375,0.17025004795858,710.9747091715966,1085.7779881062722,0
145.96739258790888,0.16867861548087285,711.1039243096639,1086.1677033607436,0
145.96739258790888,0.16658610748183722,711.1039243096639,1086.6866453445045,0
145.96739258790888,0.166056826046787,711.1039243096639,1086.817907140397,0
146.39935949512702,0.16658610748183722,711.2374020839942,1086.6866453445045,0
146.39935949512702,0.166056826046787,711.2374020839942,1086.817907140397,0
146.81753146298212,0.16920789691592303,711.3666172220614,1086.0364415648512,0
146.81753146298212,0.16762825852449417,711.3666172220614,1086.4281918859256,0
147.25608699795575,0.17549311395714406,711.5021308823683,1084.4777077386284,0
147.25608699795575,0.17340111882771603,711.5021308823683,1084.9965225307265,0
147.67446486042823,0.17287132452305823,711.6314096418723,1085.1279115182817,0
147.67446486042823,0.17130040491495868,711.6314096418723,1085.5174995810903,0
148.10622587302902,0.17077061061030088,711.7648237947659,1085.6488885686454,0
148.10622587302902,0.16972897243725152,711.7648237947659,1085.9072148355617,0
148.10622587302902,0.16762825852449417,711.7648237947659,1086.4281918859256,0
148.5246037355015,0.16658610748183722,711.8941025542699,1086.6866453445045,0
148.5246037355015,0.16500646909040834,711.8941025542699,1087.078395665579,0
148.5246037355015,0.16448539356907985,711.8941025542699,1087.2076223948682,0
148.9563647481023,0.17549311395714406,712.0275167071636,1084.4777077386284,0
148.9563647481023,0.17182096756667956,712.0275167071636,1085.3884000434637,0
149.38133123833023,0.1781149033912299,712.158831352644,1083.827503958975,0
149.38133123833023,0.17706454643485123,712.158831352644,1084.087992484157,0
149.81309225093102,0.17549311395714406,712.2922455055376,1084.4777077386284,0
149.81309225093102,0.1744427570007654,712.2922455055376,1084.7381962638103,0
149.81309225093102,0.17340111882771603,712.2922455055376,1084.9965225307265,0
150.23826463577632,0.17287132452305823,712.4236237724549,1085.1279115182817,0
150.66323112600426,0.17497203843581557,712.5549384179353,1084.6069344679179,0
150.66323112600426,0.1744427570007654,712.5549384179353,1084.7381962638103,0
150.66323112600426,0.17340111882771603,712.5549384179353,1084.9965225307265,0
151.08819761623224,0.17968633586893706,712.6862530634157,1083.4377887045036,0
151.08819761623224,0.17863597891255836,712.6862530634157,1083.6982772296856,0
151.08819761623224,0.17654347091352274,712.6862530634157,1084.2172192134465,0
151.51337000107753,0.17916526034760857,712.8176313303329,1083.5670154337931,0
151.51337000107753,0.17706454643485123,712.8176313303329,1084.087992484157,0
151.9383364913055,0.17706454643485123,712.9489459758133,1084.087992484157,0
151.9383364913055,0.17654347091352274,712.9489459758133,1084.2172192134465,0
151.9383364913055,0.17602239539219425,712.9489459758133,1084.346445942736,0
152.3700975039063,0.17916526034760857,713.082360128707,1083.5670154337931,0
152.3700975039063,0.1781149033912299,713.082360128707,1083.827503958975,0
152.79526988875162,0.17916526034760857,713.2137383956242,1083.5670154337931,0
152.79526988875162,0.17654347091352274,713.2137383956242,1084.2172192134465,0
152.79526988875162,0.17497203843581557,713.2137383956242,1084.6069344679179,0
153.22023637897956,0.17235076187133735,713.3450530411046,1085.2570110559084,0
153.22023637897956,0.16972897243725152,713.3450530411046,1085.9072148355617,0
153.22023637897956,0.16553575052545852,713.3450530411046,1086.9471338696865,0
153.64520286920748,0.16343503661270117,713.4763676865851,1087.46811092005,0
153.64520286920748,0.1623846796563225,713.4763676865851,1087.728599445232,0
154.0703752540528,0.17182096756667956,713.6077459535023,1085.3884000434637,0
154.0703752540528,0.16762825852449417,713.6077459535023,1086.4281918859256,0
154.0703752540528,0.16448539356907985,713.6077459535023,1087.2076223948682,0
154.49534174428078,0.1775938278699014,713.7390605989827,1083.9567306882645,0
154.49534174428078,0.17654347091352274,713.7390605989827,1084.2172192134465,0
154.49534174428078,0.17602239539219425,713.7390605989827,1084.346445942736,0
154.92710275688157,0.17130040491495868,713.8724747518763,1085.5174995810903,0
154.92710275688157,0.16500646909040834,713.8724747518763,1087.078395665579,0
155.35227514172686,0.15872125204918733,714.0038530187936,1088.6371294918017,0
155.35227514172686,0.1545111054403433,714.0038530187936,1089.681245850795,0
155.35227514172686,0.15293146704891444,714.0038530187936,1090.0729961718694,0
155.77724163195484,0.16500646909040834,714.135167664274,1087.078395665579,0
155.77724163195484,0.16029268452689446,714.135167664274,1088.2474142373303,0
155.77724163195484,0.15608253791805046,714.135167664274,1089.2915305963236,0
156.20241401680013,0.17497203843581557,714.2665459311912,1084.6069344679179,0
156.20241401680013,0.17077061061030088,714.2665459311912,1085.6488885686454,0
156.6273805070281,0.1775938278699014,714.3978605766716,1083.9567306882645,0
156.6273805070281,0.17654347091352274,714.3978605766716,1084.2172192134465,0
156.6273805070281,0.17235076187133735,714.3978605766716,1085.2570110559084,0
157.0591415196289,0.16920789691592303,714.5312747295653,1086.0364415648512,0
157.0591415196289,0.16867861548087285,714.5312747295653,1086.1677033607436,0
157.0591415196289,0.16710718300316568,714.5312747295653,1086.557418615215,0
157.4841080098568,0.17916526034760857,714.6625893750457,1083.5670154337931,0
157.4841080098568,0.1744427570007654,714.6625893750457,1084.7381962638103,0
157.91607491707495,0.18598027169348738,714.7960671493762,1081.8768926200153,0
157.91607491707495,0.1849299147371087,714.7960671493762,1082.1373811451972,0
157.91607491707495,0.18283740673807308,714.7960671493762,1082.6563231289579,0
158.33424688493008,0.1849299147371087,714.9252822874433,1082.1373811451972,0
158.33424688493008,0.18230812530302287,714.9252822874433,1082.7875849248503,0
158.76600789753087,0.1775938278699014,715.058696440337,1083.9567306882645,0
158.76600789753087,0.17340111882771603,715.058696440337,1084.9965225307265,0
158.76600789753087,0.17077061061030088,715.058696440337,1085.6488885686454,0
159.18438576000335,0.18073669282531574,715.187975199841,1083.1773001793217,0
159.18438576000335,0.17549311395714406,715.187975199841,1084.4777077386284,0
159.18438576000335,0.17130040491495868,715.187975199841,1085.5174995810903,0
159.61614677260414,0.1849299147371087,715.3213893527346,1082.1373811451972,0
159.61614677260414,0.18440883921578022,715.3213893527346,1082.2666078744867,0
160.04131915744946,0.18230812530302287,715.4527676196518,1082.7875849248503,0
160.04131915744946,0.1775938278699014,715.4527676196518,1083.9567306882645,0
160.04131915744946,0.1739216814794369,715.4527676196518,1084.8674229930998,0
160.47308017005025,0.17497203843581557,715.5861817725455,1084.6069344679179,0
160.47308017005025,0.1744427570007654,715.5861817725455,1084.7381962638103,0
160.47308017005025,0.17287132452305823,715.5861817725455,1085.1279115182817,0
160.89125213790535,0.17340111882771603,715.7153969106128,1084.9965225307265,0
161.32301315050614,0.18388776369445176,715.8488110635063,1082.395834603776,0
161.32301315050614,0.1812577683466442,715.8488110635063,1083.0480734500322,0
161.32301315050614,0.17654347091352274,715.8488110635063,1084.2172192134465,0
161.74818553535144,0.18388776369445176,715.9801893304236,1082.395834603776,0
161.74818553535144,0.18021561730398725,715.9801893304236,1083.3065269086112,0
162.17994654795223,0.17706454643485123,716.1136034833172,1084.087992484157,0
162.17994654795223,0.17654347091352274,716.1136034833172,1084.2172192134465,0
162.6049130381802,0.17968633586893706,716.2449181287976,1083.4377887045036,0
163.03008542302553,0.18283740673807308,716.3762963957149,1082.6563231289579,0
163.03008542302553,0.17968633586893706,716.3762963957149,1083.4377887045036,0
163.45505191325347,0.18650083434520826,716.5076110411953,1081.7477930823884,0
163.45505191325347,0.18598027169348738,716.5076110411953,1081.8768926200153,0
163.45505191325347,0.18283740673807308,716.5076110411953,1082.6563231289579,0
163.8802242980988,0.1775938278699014,716.6389893081125,1083.9567306882645,0
163.8802242980988,0.17235076187133735,716.6389893081125,1085.2570110559084,0
164.30519078832674,0.16920789691592303,716.7703039535929,1086.0364415648512,0
164.30519078832674,0.16867861548087285,716.7703039535929,1086.1677033607436,0
164.7369518009275,0.17287132452305823,716.9037181064866,1085.1279115182817,0
164.7369518009275,0.17130040491495868,716.9037181064866,1085.5174995810903,0
164.7369518009275,0.17025004795858,716.9037181064866,1085.7779881062722,0
165.16191829115547,0.18021561730398725,717.035032751967,1083.3065269086112,0
165.16191829115547,0.17602239539219425,717.035032751967,1084.346445942736,0
165.58709067600077,0.18230812530302287,717.1664110188842,1082.7875849248503,0
165.58709067600077,0.1817870497816944,717.1664110188842,1082.9168116541398,0
166.01205716622874,0.18335848225940155,717.2977256643646,1082.5270963996686,0
166.01205716622874,0.1817870497816944,717.2977256643646,1082.9168116541398,0
166.01205716622874,0.1812577683466442,717.2977256643646,1083.0480734500322,0
166.44381817882953,0.18335848225940155,717.4311398172583,1082.5270963996686,0
166.44381817882953,0.1817870497816944,717.4311398172583,1082.9168116541398,0
166.86899056367483,0.17602239539219425,717.5625180841755,1084.346445942736,0
166.86899056367483,0.17130040491495868,717.5625180841755,1085.5174995810903,0
166.86899056367483,0.16762825852449417,717.5625180841755,1086.4281918859256,0
167.2939570539028,0.166056826046787,717.6938327296559,1086.817907140397,0
167.2939570539028,0.16553575052545852,717.6938327296559,1086.9471338696865,0
167.2939570539028,0.16500646909040834,717.6938327296559,1087.078395665579,0
167.7191294387481,0.16553575052545852,717.8252109965731,1086.9471338696865,0
167.7191294387481,0.16500646909040834,717.8252109965731,1087.078395665579,0
168.14409592897604,0.17706454643485123,717.9565256420535,1084.087992484157,0
168.14409592897604,0.17182096756667956,717.9565256420535,1085.3884000434637,0
168.14409592897604,0.16762825852449417,717.9565256420535,1086.4281918859256,0
168.569062419204,0.17968633586893706,718.087840287534,1083.4377887045036,0
168.569062419204,0.17916526034760857,718.087840287534,1083.5670154337931,0
168.9942348040493,0.1849299147371087,718.2192185544512,1082.1373811451972,0
168.9942348040493,0.18283740673807308,718.2192185544512,1082.6563231289579,0
168.9942348040493,0.18073669282531574,718.2192185544512,1083.1773001793217,0
169.4259958166501,0.1849299147371087,718.3526327073448,1082.1373811451972,0
169.4259958166501,0.18283740673807308,718.3526327073448,1082.6563231289579,0
169.4259958166501,0.18073669282531574,718.3526327073448,1083.1773001793217,0
169.85096230687805,0.17916526034760857,718.4839473528253,1083.5670154337931,0
169.85096230687805,0.17863597891255836,718.4839473528253,1083.6982772296856,0
170.28272331947883,0.17916526034760857,718.6173615057189,1083.5670154337931,0
170.28272331947883,0.17863597891255836,718.6173615057189,1083.6982772296856,0
170.28272331947883,0.17602239539219425,718.6173615057189,1084.346445942736,0
170.70110118195132,0.17235076187133735,718.7466402652229,1085.2570110559084,0
170.70110118195132,0.16920789691592303,718.7466402652229,1086.0364415648512,0
170.70110118195132,0.16867861548087285,718.7466402652229,1086.1677033607436,0
171.1328621945521,0.16972897243725152,718.8800544181166,1085.9072148355617,0
171.1328621945521,0.16920789691592303,718.8800544181166,1086.0364415648512,0
171.55124005702461,0.16972897243725152,719.0093331776205,1085.9072148355617,0
171.55124005702461,0.16920789691592303,719.0093331776205,1086.0364415648512,0
171.98300106962537,0.17235076187133735,719.1427473305142,1085.2570110559084,0
171.98300106962537,0.16972897243725152,719.1427473305142,1085.9072148355617,0
172.42155660459898,0.17287132452305823,719.2782609908211,1085.1279115182817,0
172.42155660459898,0.17235076187133735,719.2782609908211,1085.2570110559084,0
172.42155660459898,0.17025004795858,719.2782609908211,1085.7779881062722,0
172.84652309482695,0.17654347091352274,719.4095756363015,1084.2172192134465,0
172.84652309482695,0.17235076187133735,719.4095756363015,1085.2570110559084,0
172.84652309482695,0.17025004795858,719.4095756363015,1085.7779881062722,0
173.27169547967225,0.18073669282531574,719.5409539032187,1083.1773001793217,0
173.27169547967225,0.17916526034760857,719.5409539032187,1083.5670154337931,0
173.70345649227303,0.17916526034760857,719.6743680561124,1083.5670154337931,0
173.70345649227303,0.17549311395714406,719.6743680561124,1084.4777077386284,0
173.70345649227303,0.17235076187133735,719.6743680561124,1085.2570110559084,0
174.128422982501,0.16920789691592303,719.8056827015928,1086.0364415648512,0
174.128422982501,0.16553575052545852,719.8056827015928,1086.9471338696865,0
174.5535953673463,0.1629139610913727,719.93706096851,1087.5973376493396,0
174.5535953673463,0.16186360413499404,719.93706096851,1087.8578261745215,0
174.5535953673463,0.16081324717861536,719.93706096851,1088.1183146997034,0
174.97856185757428,0.17287132452305823,720.0683756139904,1085.1279115182817,0
174.97856185757428,0.16867861548087285,720.0683756139904,1086.1677033607436,0
174.97856185757428,0.16553575052545852,720.0683756139904,1086.9471338696865,0
175.41032287017504,0.1817870497816944,720.2017897668841,1082.9168116541398,0
175.41032287017504,0.1775938278699014,720.2017897668841,1083.9567306882645,0
175.83528936040298,0.18545047738882958,720.3331044123645,1082.0082816075703,0
175.83528936040298,0.18440883921578022,720.3331044123645,1082.2666078744867,0
176.26725626762112,0.18335848225940155,720.466582186695,1082.5270963996686,0
176.26725626762112,0.18283740673807308,720.466582186695,1082.6563231289579,0
176.68542823547625,0.18335848225940155,720.5957973247621,1082.5270963996686,0
176.68542823547625,0.1817870497816944,720.5957973247621,1082.9168116541398,0
177.11718924807704,0.1812577683466442,720.7292114776558,1083.0480734500322,0
177.11718924807704,0.18021561730398725,720.7292114776558,1083.3065269086112,0
177.11718924807704,0.17916526034760857,720.7292114776558,1083.5670154337931,0
177.53556711054952,0.18650083434520826,720.8584902371598,1081.7477930823884,0
177.53556711054952,0.18388776369445176,720.8584902371598,1082.395834603776,0
177.9673281231503,0.1922736946484301,720.9919043900534,1080.3161237271895,0
177.9673281231503,0.19017298073567276,720.9919043900534,1080.8371007775531,0
177.9673281231503,0.18808098560624473,720.9919043900534,1081.3559155696514,0
178.39250050799563,0.19175261912710165,721.1232826569707,1080.4453504564788,0
178.39250050799563,0.18650083434520826,721.1232826569707,1081.7477930823884,0
178.39250050799563,0.17549311395714406,721.1232826569707,1084.4777077386284,0
178.81746699822358,0.16134304148327314,721.2545973024511,1087.9869257121484,0
178.81746699822358,0.1471673255290219,721.2545973024511,1091.5025032688027,0
179.24243348845152,0.13405889122820036,721.3859119479315,1094.7533949754063,0
179.24243348845152,0.1209504569273788,721.3859119479315,1098.0042866820102,0
179.24243348845152,0.1094129422346568,721.3859119479315,1100.8655903258052,0
179.66760587329682,0.10102701128067842,721.5172902148487,1102.9453012023919,0
179.66760587329682,0.09631322671716455,721.5172902148487,1104.1143197741433,0
180.0993668858976,0.09892629736792108,721.6507043677424,1103.4662782527557,0
180.0993668858976,0.09788465919487171,721.6507043677424,1103.7246045196719,0
180.0993668858976,0.09631322671716455,721.6507043677424,1104.1143197741433,0
180.51753885375274,0.09526286976078588,721.7799195058096,1104.3748082993252,0
180.51753885375274,0.09052344171689168,721.7799195058096,1105.550186454211,0
180.51753885375274,0.08999416028184148,721.7799195058096,1105.6814482501034,0
180.95609438872637,0.10417808214981444,721.9154331661164,1102.163835626846,0
180.95609438872637,0.09683430223849304,721.9154331661164,1103.9850930448538,0
181.37447225119885,0.12724387988232153,722.0447119256204,1096.4435177891844,0
181.37447225119885,0.11937902444967163,722.0447119256204,1098.3940019364816,0
181.37447225119885,0.11204345045207194,722.0447119256204,1100.2132242878863,0
181.80623326379964,0.15556146239672197,722.1781260785141,1089.420757325613,0
181.80623326379964,0.14611696857264322,722.1781260785141,1091.7629917939846,0
181.80623326379964,0.13615088635762837,722.1781260785141,1094.2345801833083,0
182.22461112627212,0.16029268452689446,722.3074048380181,1088.2474142373303,0
182.22461112627212,0.15976289022223666,722.3074048380181,1088.3788032248854,0
182.6563721388729,0.16448539356907985,722.4408189909117,1087.2076223948682,0
182.6563721388729,0.16029268452689446,722.4408189909117,1088.2474142373303,0
182.6563721388729,0.1581832518308078,722.4408189909117,1088.7705535459597,0
183.08133862910086,0.16867861548087285,722.5721336363921,1086.1677033607436,0
183.51309964170164,0.166056826046787,722.7055477892858,1086.817907140397,0
183.51309964170164,0.1623846796563225,722.7055477892858,1087.728599445232,0
183.51309964170164,0.15976289022223666,722.7055477892858,1088.3788032248854,0
183.93147750417413,0.16762825852449417,722.8348265487898,1086.4281918859256,0
183.93147750417413,0.16395611213402966,722.8348265487898,1087.3388841907608,0
183.93147750417413,0.16081324717861536,722.8348265487898,1088.1183146997034,0
184.3632385167749,0.17130040491495868,722.9682407016834,1085.5174995810903,0
184.3632385167749,0.16920789691592303,722.9682407016834,1086.0364415648512,0
184.7884109016202,0.18335848225940155,723.0996189686007,1082.5270963996686,0
184.7884109016202,0.17968633586893706,723.0996189686007,1083.4377887045036,0
184.7884109016202,0.17497203843581557,723.0996189686007,1084.6069344679179,0
185.21337739184818,0.1849299147371087,723.2309336140811,1082.1373811451972,0
185.21337739184818,0.18440883921578022,723.2309336140811,1082.2666078744867,0
185.21337739184818,0.1817870497816944,723.2309336140811,1082.9168116541398,0
185.63834388207613,0.17916526034760857,723.3622482595615,1083.5670154337931,0
185.63834388207613,0.17654347091352274,723.3622482595615,1084.2172192134465,0
186.07031078929427,0.1817870497816944,723.4957260338919,1082.9168116541398,0
186.07031078929427,0.17968633586893706,723.4957260338919,1083.4377887045036,0
186.07031078929427,0.17654347091352274,723.4957260338919,1084.2172192134465,0
186.4952772795222,0.1812577683466442,723.6270406793724,1083.0480734500322,0
186.4952772795222,0.17863597891255836,723.6270406793724,1083.6982772296856,0
186.92024376975016,0.17549311395714406,723.7583553248528,1084.4777077386284,0
186.92024376975016,0.17182096756667956,723.7583553248528,1085.3884000434637,0
186.92024376975016,0.16710718300316568,723.7583553248528,1086.557418615215,0
187.34541615459548,0.16134304148327314,723.88973359177,1087.9869257121484,0
187.34541615459548,0.15765397039575763,723.88973359177,1088.9018153418522,0
187.34541615459548,0.15608253791805046,723.88973359177,1089.2915305963236,0
187.77717716719627,0.15660361343937895,724.0231477446637,1089.162303867034,0
187.77717716719627,0.15556146239672197,724.0231477446637,1089.420757325613,0
188.20214365742422,0.17182096756667956,724.1544623901441,1085.3884000434637,0
188.20214365742422,0.16448539356907985,724.1544623901441,1087.2076223948682,0
188.20214365742422,0.15976289022223666,724.1544623901441,1088.3788032248854,0
188.633904670025,0.1849299147371087,724.2878765430377,1082.1373811451972,0
188.633904670025,0.17968633586893706,724.2878765430377,1083.4377887045036,0
189.0522825324975,0.18650083434520826,724.4171553025417,1081.7477930823884,0
189.0522825324975,0.18598027169348738,724.4171553025417,1081.8768926200153,0
189.48404354509827,0.1886015482579656,724.5505694554354,1081.2268160320245,0
189.48404354509827,0.1849299147371087,724.5505694554354,1082.1373811451972,0
189.90242140757078,0.17654347091352274,724.6798482149394,1084.2172192134465,0
189.90242140757078,0.16867861548087285,724.6798482149394,1086.1677033607436,0
190.33418242017154,0.16343503661270117,724.813262367833,1087.46811092005,0
190.33418242017154,0.16081324717861536,724.813262367833,1088.1183146997034,0
190.33418242017154,0.15976289022223666,724.813262367833,1088.3788032248854,0
190.7591489103995,0.16186360413499404,724.9445770133134,1087.8578261745215,0
190.7591489103995,0.15976289022223666,724.9445770133134,1088.3788032248854,0
190.7591489103995,0.1592423275705158,724.9445770133134,1088.5079027625122,0
191.1843212952448,0.16867861548087285,725.0759552802306,1086.1677033607436,0
191.1843212952448,0.16448539356907985,725.0759552802306,1087.2076223948682,0
191.60928778547276,0.17340111882771603,725.2072699257111,1084.9965225307265,0
191.60928778547276,0.17287132452305823,725.2072699257111,1085.1279115182817,0
191.60928778547276,0.17182096756667956,725.2072699257111,1085.3884000434637,0
192.03425427570073,0.17235076187133735,725.3385845711915,1085.2570110559084,0
192.03425427570073,0.17182096756667956,725.3385845711915,1085.3884000434637,0
192.46622118291887,0.18073669282531574,725.4720623455219,1083.1773001793217,0
192.46622118291887,0.17549311395714406,725.4720623455219,1084.4777077386284,0
192.46622118291887,0.17235076187133735,725.4720623455219,1085.2570110559084,0
192.884393150774,0.19070226217072297,725.6012774835891,1080.7058389816607,0
192.884393150774,0.1891226237792941,725.6012774835891,1081.097589302735,0
192.884393150774,0.18650083434520826,725.6012774835891,1081.7477930823884,0
193.3229486857476,0.1922736946484301,725.736791143896,1080.3161237271895,0
193.3229486857476,0.19122333769205144,725.736791143896,1080.5766122523714,0
193.74132654822006,0.19384512712613727,725.8660699034,1079.926408472718,0
193.74132654822006,0.1927947701697586,725.8660699034,1080.1868969979,0
193.74132654822006,0.19017298073567276,725.8660699034,1080.8371007775531,0
194.17308756082085,0.18755119130158693,725.9994840562936,1081.4873045572065,0
194.17308756082085,0.18703062864986605,725.9994840562936,1081.6164040948333,0
194.59125952867598,0.18755119130158693,726.1286991943608,1081.4873045572065,0
194.59125952867598,0.18703062864986605,726.1286991943608,1081.6164040948333,0
194.59125952867598,0.18598027169348738,726.1286991943608,1081.8768926200153,0
195.02322643589412,0.18335848225940155,726.2621769686913,1082.5270963996686,0
195.02322643589412,0.18073669282531574,726.2621769686913,1083.1773001793217,0
195.02322643589412,0.17916526034760857,726.2621769686913,1083.5670154337931,0
195.4481929261221,0.17916526034760857,726.3934916141717,1083.5670154337931,0
195.4481929261221,0.1775938278699014,726.3934916141717,1083.9567306882645,0
195.87995393872288,0.17497203843581557,726.5269057670654,1084.6069344679179,0
195.87995393872288,0.17235076187133735,726.5269057670654,1085.2570110559084,0
195.87995393872288,0.17182096756667956,726.5269057670654,1085.3884000434637,0
196.29833180119536,0.1744427570007654,726.6561845265693,1084.7381962638103,0
196.29833180119536,0.17287132452305823,726.6561845265693,1085.1279115182817,0
196.29833180119536,0.17130040491495868,726.6561845265693,1085.5174995810903,0
196.73009281379615,0.1812577683466442,726.789598679463,1083.0480734500322,0
196.73009281379615,0.17706454643485123,726.789598679463,1084.087992484157,0
197.15505930402406,0.18598027169348738,726.9209133249434,1081.8768926200153,0
197.15505930402406,0.18440883921578022,726.9209133249434,1082.2666078744867,0
197.5802316888694,0.18335848225940155,727.0522915918606,1082.5270963996686,0
197.5802316888694,0.1812577683466442,727.0522915918606,1083.0480734500322,0
198.00519817909733,0.17863597891255836,727.1836062373411,1083.6982772296856,0
198.00519817909733,0.17497203843581557,727.1836062373411,1084.6069344679179,0
198.00519817909733,0.17235076187133735,727.1836062373411,1085.2570110559084,0
198.43695919169812,0.17077061061030088,727.3170203902347,1085.6488885686454,0
198.43695919169812,0.17025004795858,727.3170203902347,1085.7779881062722,0
198.43695919169812,0.16972897243725152,727.3170203902347,1085.9072148355617,0
198.86213157654345,0.17130040491495868,727.4483986571519,1085.5174995810903,0
199.2870980667714,0.16972897243725152,727.5797133026323,1085.9072148355617,0
199.2870980667714,0.16762825852449417,727.5797133026323,1086.4281918859256,0
199.2870980667714,0.16710718300316568,727.5797133026323,1086.557418615215,0
199.71206455699937,0.17235076187133735,727.7110279481128,1085.2570110559084,0
199.71206455699937,0.16867861548087285,727.7110279481128,1086.1677033607436,0
200.1440314642175,0.18440883921578022,727.8445057224432,1082.2666078744867,0
200.1440314642175,0.18230812530302287,727.8445057224432,1082.7875849248503,0
200.1440314642175,0.1775938278699014,727.8445057224432,1083.9567306882645,0
200.56899795444548,0.18335848225940155,727.9758203679236,1082.5270963996686,0
200.56899795444548,0.17968633586893706,727.9758203679236,1083.4377887045036,0
200.56899795444548,0.17706454643485123,727.9758203679236,1084.087992484157,0
200.9939644446734,0.17287132452305823,728.1071350134041,1085.1279115182817,0
200.9939644446734,0.17077061061030088,728.1071350134041,1085.6488885686454,0
201.41913682951872,0.16710718300316568,728.2385132803213,1086.557418615215,0
201.41913682951872,0.16395611213402966,728.2385132803213,1087.3388841907608,0
201.41913682951872,0.1629139610913727,728.2385132803213,1087.5973376493396,0
201.8508978421195,0.17130040491495868,728.3719274332149,1085.5174995810903,0
201.8508978421195,0.16553575052545852,728.3719274332149,1086.9471338696865,0
202.26906980997464,0.18335848225940155,728.5011425712821,1082.5270963996686,0
202.26906980997464,0.1817870497816944,728.5011425712821,1082.9168116541398,0
202.26906980997464,0.1775938278699014,728.5011425712821,1083.9567306882645,0
202.70103671719278,0.1886015482579656,728.6346203456126,1081.2268160320245,0
202.70103671719278,0.18650083434520826,728.6346203456126,1081.7477930823884,0
202.70103671719278,0.18440883921578022,728.6346203456126,1082.2666078744867,0
203.12600320742072,0.18965190521434427,728.765934991093,1080.9663275068426,0
203.12600320742072,0.18808098560624473,728.765934991093,1081.3559155696514,0
203.5509696976487,0.1849299147371087,728.8972496365734,1082.1373811451972,0
203.5509696976487,0.18021561730398725,728.8972496365734,1083.3065269086112,0
203.5509696976487,0.17497203843581557,728.8972496365734,1084.6069344679179,0
203.976142082494,0.17025004795858,729.0286279034906,1085.7779881062722,0
203.976142082494,0.166056826046787,729.0286279034906,1086.817907140397,0
204.40110857272194,0.16343503661270117,729.159942548971,1087.46811092005,0
204.40110857272194,0.1629139610913727,729.159942548971,1087.5973376493396,0
204.40110857272194,0.1623846796563225,729.159942548971,1087.728599445232,0
204.83286958532273,0.1623846796563225,729.2933567018647,1087.728599445232,0
204.83286958532273,0.16134304148327314,729.2933567018647,1087.9869257121484,0
205.25804197016802,0.16710718300316568,729.4247349687819,1086.557418615215,0
205.25804197016802,0.16448539356907985,729.4247349687819,1087.2076223948682,0
205.25804197016802,0.16186360413499404,729.4247349687819,1087.8578261745215,0
205.6898029827688,0.16867861548087285,729.5581491216756,1086.1677033607436,0
205.6898029827688,0.16710718300316568,729.5581491216756,1086.557418615215,0
206.10797495062394,0.17025004795858,729.6873642597428,1085.7779881062722,0
206.10797495062394,0.16762825852449417,729.6873642597428,1086.4281918859256,0
206.53994185784208,0.17654347091352274,729.8208420340732,1084.2172192134465,0
206.53994185784208,0.17549311395714406,729.8208420340732,1084.4777077386284,0
206.53994185784208,0.17340111882771603,729.8208420340732,1084.9965225307265,0
206.9581138256972,0.17497203843581557,729.9500571721404,1084.6069344679179,0
206.9581138256972,0.17235076187133735,729.9500571721404,1085.2570110559084,0
206.9581138256972,0.16972897243725152,729.9500571721404,1085.9072148355617,0
207.389874838298,0.16972897243725152,730.0834713250341,1085.9072148355617,0
207.389874838298,0.16920789691592303,730.0834713250341,1086.0364415648512,0
207.81504722314332,0.16867861548087285,730.2148495919513,1086.1677033607436,0
207.81504722314332,0.16553575052545852,730.2148495919513,1086.9471338696865,0
207.81504722314332,0.16186360413499404,730.2148495919513,1087.8578261745215,0
208.24680823574408,0.1623846796563225,730.3482637448449,1087.728599445232,0
208.24680823574408,0.16029268452689446,730.3482637448449,1088.2474142373303,0
208.66518609821657,0.166056826046787,730.4775425043489,1086.817907140397,0
208.66518609821657,0.16500646909040834,730.4775425043489,1087.078395665579,0
208.66518609821657,0.16395611213402966,730.4775425043489,1087.3388841907608,0
209.09694711081735,0.16186360413499404,730.6109566572426,1087.8578261745215,0
209.52191360104533,0.16972897243725152,730.742271302723,1085.9072148355617,0
209.52191360104533,0.16815753995954436,730.742271302723,1086.2969300900331,0
209.52191360104533,0.16500646909040834,730.742271302723,1087.078395665579,0
209.94543882895175,0.1744437827399806,730.873140598146,1084.7379418804849,0
209.94688009127327,0.1744427570007654,730.8735859482034,1084.7381962638103,0
209.94688009127327,0.17130040491495868,730.8735859482034,1085.5174995810903,0
209.94688009127327,0.17025004795858,730.8735859482034,1085.7779881062722,0
210.37719984155254,0.18125828121625182,731.0065547510397,1083.0479462583696,0
210.37719984155254,0.17759485360911662,731.0065547510397,1083.956476304939,0
210.80237222639786,0.18440935208538783,731.1379330179569,1082.2664806828238,0
210.80237222639786,0.18388878943366696,731.1379330179569,1082.3955802204507,0
210.80237222639786,0.18335899512900916,731.1379330179569,1082.5269692080058,0
211.2273387166258,0.18388878943366696,731.2692476634373,1082.3955802204507,0
211.2273387166258,0.1828384324772883,731.2692476634373,1082.6560687456326,0
211.65230520685378,0.1828384324772883,731.4005623089178,1082.6560687456326,0
211.65230520685378,0.18178807552090961,731.4005623089178,1082.9165572708146,0
211.65230520685378,0.18021664304320245,731.4005623089178,1083.306272525286,0
212.07747759169908,0.1781159291304451,731.5319405758349,1083.8272495756496,0
212.07747759169908,0.17549413969635927,731.5319405758349,1084.477453355303,0
212.07747759169908,0.17339342578360192,731.5319405758349,1084.9984304056668,0
212.50923860429984,0.17025056082818762,731.6653547287286,1085.7778609146096,0
212.50923860429984,0.16814984691543025,731.6653547287286,1086.2988379649735,0
212.9342050945278,0.1665789273073307,731.796669374209,1086.688426027782,0
212.9342050945278,0.16395713787324487,731.796669374209,1087.3386298074354,0
212.9342050945278,0.1629067809168662,731.796669374209,1087.5991183326173,0
213.3593774793731,0.16762928426370938,731.9280476411262,1086.4279375026001,0
213.3593774793731,0.16447821339457336,731.9280476411262,1087.209403078146,0
213.78434396960108,0.17968736160815227,732.0593622866068,1083.4375343211784,0
213.78434396960108,0.17654449665273794,732.0593622866068,1084.216964830121,0
213.78434396960108,0.17182199330589476,732.0593622866068,1085.3881456601382,0
214.21610498220187,0.18125828121625182,732.1927764395003,1083.0479462583696,0
214.21610498220187,0.17916628608682378,732.1927764395003,1083.5667610504677,0
214.21610498220187,0.1744437827399806,732.1927764395003,1084.7379418804849,0
214.63448284467435,0.16920020387180892,732.3220551990044,1086.0383494397915,0
214.63448284467435,0.16342785643819469,732.3220551990044,1087.4698916033278,0
215.06624385727514,0.1597639159614519,732.455469351898,1088.37854884156,0
215.06624385727514,0.15871355900507322,732.455469351898,1088.6390373667418,0
215.06624385727514,0.15817607165630132,732.455469351898,1088.7723342292375,0
215.49121034750308,0.16605785178600224,732.5867839973785,1086.8176527570715,0
215.49121034750308,0.16133534843915906,732.5867839973785,1087.9888335870887,0
215.92297136010387,0.17549413969635927,732.720198150272,1084.477453355303,0
215.92297136010387,0.1749648582613091,732.720198150272,1084.6087151511954,0
215.92297136010387,0.17129271187084458,732.720198150272,1085.5194074560306,0
216.34134922257635,0.17339342578360192,732.8494769097761,1084.9984304056668,0
216.34134922257635,0.17025056082818762,732.8494769097761,1085.7778609146096,0
216.34134922257635,0.1665789273073307,732.8494769097761,1086.688426027782,0
216.77311023517714,0.16447821339457336,732.9828910626698,1087.209403078146,0
217.19828262002244,0.16709948995905158,733.1142693295869,1086.5593264901554,0
217.19828262002244,0.16552857035095203,733.1142693295869,1086.948914552964,0
217.19828262002244,0.16447821339457336,733.1142693295869,1087.209403078146,0
217.63004363262323,0.17234306882722325,733.2476834824805,1085.2589189308487,0
217.63004363262323,0.17025056082818762,733.2476834824805,1085.7778609146096,0
218.0550101228512,0.17549413969635927,733.378998127961,1084.477453355303,0
218.0550101228512,0.17339342578360192,733.378998127961,1084.9984304056668,0
218.4801825076965,0.17549413969635927,733.5103763948782,1084.477453355303,0
218.4801825076965,0.17339342578360192,733.5103763948782,1084.9984304056668,0
218.4801825076965,0.16972127939313741,733.5103763948782,1085.909122710502,0
218.90514899792447,0.16395713787324487,733.6416910403586,1087.3386298074354,0
218.90514899792447,0.15712571469992265,733.6416910403586,1089.0328227544192,0
219.3301154881524,0.1508317788753723,733.773005685839,1090.5937188389078,0
219.3301154881524,0.147688913919958,733.773005685839,1091.3731493478506,0
219.3301154881524,0.14611799431185843,733.773005685839,1091.7627374106592,0
219.7552878729977,0.15136106031042248,733.9043839527562,1090.4624570430153,0
219.7552878729977,0.147688913919958,733.9043839527562,1091.3731493478506,0
220.1870488855985,0.16447821339457336,734.0377981056499,1087.209403078146,0
220.1870488855985,0.16081427291783057,734.0377981056499,1088.1180603163782,0
220.1870488855985,0.15607535774354397,734.0377981056499,1089.293311279601,0
220.61201537582645,0.16814984691543025,734.1691127511303,1086.2988379649735,0
220.61201537582645,0.16709948995905158,734.1691127511303,1086.5593264901554,0
221.03718776067177,0.16709948995905158,734.3004910180475,1086.5593264901554,0
221.46215425089972,0.16972127939313741,734.4318056635279,1085.909122710502,0
221.46215425089972,0.16762928426370938,734.4318056635279,1086.4279375026001,0
221.8939152635005,0.1707716363495161,734.5652198164216,1085.6486341853201,0
221.8939152635005,0.17025056082818762,734.5652198164216,1085.7778609146096,0
222.31229312597299,0.16972127939313741,734.6944985759256,1085.909122710502,0
222.31229312597299,0.16867964122008805,734.6944985759256,1086.1674489774182,0
222.31229312597299,0.16709948995905158,734.6944985759256,1086.5593264901554,0
222.74405413857377,0.16500749482962354,734.8279127288192,1087.0781412822535,0
222.74405413857377,0.16342785643819469,734.8279127288192,1087.4698916033278,0
223.16902062880172,0.17025056082818762,734.9592273742998,1085.7778609146096,0
223.16902062880172,0.16762928426370938,734.9592273742998,1086.4279375026001,0
223.16902062880172,0.16447821339457336,734.9592273742998,1087.209403078146,0
223.59419301364704,0.17025056082818762,735.0906056412169,1085.7778609146096,0
223.59419301364704,0.16709948995905158,735.0906056412169,1086.5593264901554,0
223.59419301364704,0.16238570539553773,735.0906056412169,1087.7283450619068,0
224.019159503875,0.15871355900507322,735.2219202866974,1088.6390373667418,0
224.019159503875,0.15555428222221548,735.2219202866974,1089.4225380088906,0
224.44412599410293,0.15241141726680116,735.3532349321778,1090.2019685178334,0
224.44412599410293,0.1471683512682371,735.3532349321778,1091.5022488854772,0
224.44412599410293,0.14192477240006546,735.3532349321778,1092.802656444784,0
224.8760929013211,0.14139549096501525,735.4867127065082,1092.9339182406763,0
224.8760929013211,0.13930298296597962,735.4867127065082,1093.4528602244372,0
225.30105939154905,0.15765499613497283,735.6180273519886,1088.9015609585267,0
225.30105939154905,0.15345356830945814,735.6180273519886,1089.9435150592544,0
225.30105939154905,0.1471683512682371,735.6180273519886,1091.5022488854772,0
225.72602588177702,0.17025056082818762,735.7493419974691,1085.7778609146096,0
225.72602588177702,0.16447821339457336,735.7493419974691,1087.209403078146,0
225.72602588177702,0.1602849914827804,735.7493419974691,1088.2493221122706,0
226.15119826662232,0.17759485360911662,735.8807202643862,1083.956476304939,0
226.15119826662232,0.1749648582613091,735.8807202643862,1084.6087151511954,0
226.58295927922308,0.1828384324772883,736.0141344172799,1082.6560687456326,0
226.58295927922308,0.18125828121625182,736.0141344172799,1083.0479462583696,0
226.58295927922308,0.17916628608682378,736.0141344172799,1083.5667610504677,0
227.00133714169556,0.18125828121625182,736.143413176784,1083.0479462583696,0
227.00133714169556,0.1786370046517736,736.143413176784,1083.6980228463603,0
227.43309815429635,0.1749648582613091,736.2768273296775,1084.6087151511954,0
227.43309815429635,0.16972127939313741,736.2768273296775,1085.909122710502,0
227.43309815429635,0.16709948995905158,736.2768273296775,1086.5593264901554,0
227.85806464452432,0.16552857035095203,736.408141975158,1086.948914552964,0
227.85806464452432,0.16500749482962354,736.408141975158,1087.0781412822535,0
228.2898256571251,0.16447821339457336,736.5415561280516,1087.209403078146,0
228.2898256571251,0.16395713787324487,736.5415561280516,1087.3386298074354,0
228.2898256571251,0.16342785643819469,736.5415561280516,1087.4698916033278,0
228.7082035195976,0.16447821339457336,736.6708348875557,1087.209403078146,0
228.7082035195976,0.16342785643819469,736.6708348875557,1087.4698916033278,0
229.13996453219838,0.16342785643819469,736.8042490404492,1087.4698916033278,0
229.56493102242632,0.16238570539553773,736.9355636859298,1087.7283450619068,0
229.56493102242632,0.16081427291783057,736.9355636859298,1088.1180603163782,0
229.56493102242632,0.1602849914827804,736.9355636859298,1088.2493221122706,0
229.99669203502708,0.16133534843915906,737.0689778388233,1087.9888335870887,0
229.99669203502708,0.1602849914827804,737.0689778388233,1088.2493221122706,0
230.4218644198724,0.16342785643819469,737.2003561057405,1087.4698916033278,0
230.4218644198724,0.1629067809168662,737.2003561057405,1087.5991183326173,0
230.4218644198724,0.16238570539553773,737.2003561057405,1087.7283450619068,0
230.84683091010035,0.1707716363495161,737.3316707512209,1085.6486341853201,0
230.84683091010035,0.1665789273073307,737.3316707512209,1086.688426027782,0
231.27200329494568,0.18021664304320245,737.4630490181382,1083.306272525286,0
231.27200329494568,0.17968736160815227,737.4630490181382,1083.4375343211784,0
231.27200329494568,0.17654449665273794,737.4630490181382,1084.216964830121,0
231.69696978517362,0.1786370046517736,737.5943636636187,1083.6980228463603,0
231.69696978517362,0.1749648582613091,737.5943636636187,1084.6087151511954,0
231.69696978517362,0.16867964122008805,737.5943636636187,1086.1674489774182,0
232.1219362754016,0.16238570539553773,737.7256783090991,1087.7283450619068,0
232.1219362754016,0.15923463452640169,737.7256783090991,1088.5098106374526,0
232.55390318261973,0.15817607165630132,737.8591560834295,1088.7723342292375,0
232.55390318261973,0.15765499613497283,737.8591560834295,1088.9015609585267,0
232.9788696728477,0.1629067809168662,737.9904707289099,1087.5991183326173,0
232.9788696728477,0.1597639159614519,737.9904707289099,1088.37854884156,0
233.40383616307565,0.17549413969635927,738.1217853743904,1084.477453355303,0
233.40383616307565,0.17182199330589476,738.1217853743904,1085.3881456601382,0
233.40383616307565,0.16762928426370938,738.1217853743904,1086.4279375026001,0
233.82900854792095,0.18125828121625182,738.2531636413075,1083.0479462583696,0
233.82900854792095,0.1781159291304451,738.2531636413075,1083.8272495756496,0
233.82900854792095,0.17654449665273794,738.2531636413075,1084.216964830121,0
234.26076956052174,0.18703114151947367,738.3865777942012,1081.6162769031705,0
234.26076956052174,0.18493042760671632,738.3865777942012,1082.1372539535344,0
234.67894152837687,0.185980784563095,738.5157929322685,1081.8767654283524,0
234.67894152837687,0.18388878943366696,738.5157929322685,1082.3955802204507,0
234.67894152837687,0.18335899512900916,738.5157929322685,1082.5269692080058,0
235.110908435595,0.18545150312804481,738.6492707065988,1082.0080272242449,0
235.110908435595,0.18493042760671632,738.6492707065988,1082.1372539535344,0
235.53587492582295,0.18335899512900916,738.7805853520792,1082.5269692080058,0
235.53587492582295,0.17968736160815227,738.7805853520792,1083.4375343211784,0
235.53587492582295,0.17601521521768776,738.7805853520792,1084.3482266260135,0
235.96084141605093,0.17339342578360192,738.9118999975597,1084.9984304056668,0
235.96084141605093,0.1707716363495161,738.9118999975597,1085.6486341853201,0
235.96084141605093,0.16972127939313741,738.9118999975597,1085.909122710502,0
236.38601380089622,0.16762928426370938,739.043278264477,1086.4279375026001,0
236.38601380089622,0.16500749482962354,739.043278264477,1087.0781412822535,0
236.8109802911242,0.16814984691543025,739.1745929099574,1086.2988379649735,0
236.8109802911242,0.16500749482962354,739.1745929099574,1087.0781412822535,0
236.8109802911242,0.16447821339457336,739.1745929099574,1087.209403078146,0
237.24274130372496,0.1707716363495161,739.308007062851,1085.6486341853201,0
237.24274130372496,0.17025056082818762,739.308007062851,1085.7778609146096,0
237.66791368857025,0.16920020387180892,739.4393853297682,1086.0383494397915,0
237.66791368857025,0.1665789273073307,739.4393853297682,1086.688426027782,0
237.66791368857025,0.16500749482962354,739.4393853297682,1087.0781412822535,0
238.09288017879823,0.16447821339457336,739.5706999752487,1087.209403078146,0
238.09288017879823,0.16395713787324487,739.5706999752487,1087.3386298074354,0
238.51784666902617,0.1629067809168662,739.7020146207291,1087.5991183326173,0
238.51784666902617,0.16133534843915906,739.7020146207291,1087.9888335870887,0
238.9498135762443,0.16552857035095203,739.8354923950594,1086.948914552964,0
238.9498135762443,0.16342785643819469,739.8354923950594,1087.4698916033278,0
238.9498135762443,0.16081427291783057,739.8354923950594,1088.1180603163782,0
239.36798554409944,0.16605785178600224,739.9647075331267,1086.8176527570715,0
239.36798554409944,0.16552857035095203,739.9647075331267,1086.948914552964,0
239.79974655670023,0.16447821339457336,740.0981216860204,1087.209403078146,0
239.79974655670023,0.16238570539553773,740.0981216860204,1087.7283450619068,0
239.79974655670023,0.1602849914827804,740.0981216860204,1088.2493221122706,0
240.22491894154555,0.15871355900507322,740.2294999529375,1088.6390373667418,0
240.22491894154555,0.15817607165630132,740.2294999529375,1088.7723342292375,0
240.65667995414634,0.15712571469992265,740.3629141058312,1089.0328227544192,0
240.65667995414634,0.155033206700887,740.3629141058312,1089.55176473818,0
240.65667995414634,0.15398284974450832,740.3629141058312,1089.812253263362,0
241.07505781661882,0.155033206700887,740.4921928653351,1089.55176473818,0
241.07505781661882,0.15398284974450832,740.4921928653351,1089.812253263362,0
241.50681882921958,0.15765499613497283,740.6256070182288,1088.9015609585267,0
241.50681882921958,0.15607535774354397,740.6256070182288,1089.293311279601,0
241.93178531944753,0.1739227072186521,740.7569216637092,1084.8671686097744,0
241.93178531944753,0.16814984691543025,740.7569216637092,1086.2988379649735,0
241.93178531944753,0.16238570539553773,740.7569216637092,1087.7283450619068,0
242.36354633204832,0.18545150312804481,740.8903358166029,1082.0080272242449,0
242.36354633204832,0.17968736160815227,740.8903358166029,1083.4375343211784,0
242.80210186702195,0.190174006474888,741.0258494769098,1080.836846394228,0
242.80210186702195,0.18860257399718083,741.0258494769098,1081.2265616486993,0
243.22727425186727,0.18335899512900916,741.157227743827,1082.5269692080058,0
243.22727425186727,0.17968736160815227,741.157227743827,1083.4375343211784,0
243.22727425186727,0.17654449665273794,741.157227743827,1084.216964830121,0
243.65224074209522,0.17549413969635927,741.2885423893074,1084.477453355303,0
243.65224074209522,0.1749648582613091,741.2885423893074,1084.6087151511954,0
244.084001754696,0.17601521521768776,741.4219565422011,1084.3482266260135,0
244.084001754696,0.1749648582613091,741.4219565422011,1084.6087151511954,0
244.50896824492395,0.17916628608682378,741.5532711876815,1083.5667610504677,0
244.50896824492395,0.1781159291304451,741.5532711876815,1083.8272495756496,0
244.94093515214212,0.1781159291304451,741.6867489620118,1083.8272495756496,0
244.94093515214212,0.1749648582613091,741.6867489620118,1084.6087151511954,0
244.94093515214212,0.17339342578360192,741.6867489620118,1084.9984304056668,0
245.35910711999722,0.1749648582613091,741.8159641000791,1084.6087151511954,0
245.35910711999722,0.17339342578360192,741.8159641000791,1084.9984304056668,0
245.78427950484252,0.1749648582613091,741.9473423669963,1084.6087151511954,0
245.78427950484252,0.1739227072186521,741.9473423669963,1084.8671686097744,0
245.78427950484252,0.17287235026227343,741.9473423669963,1085.1276571349563,0
246.2092459950705,0.17287235026227343,742.0786570124768,1085.1276571349563,0
246.2092459950705,0.17182199330589476,742.0786570124768,1085.3881456601382,0
246.2092459950705,0.17129271187084458,742.0786570124768,1085.5194074560306,0
246.64100700767128,0.16867964122008805,742.2120711653704,1086.1674489774182,0
246.64100700767128,0.16552857035095203,742.2120711653704,1086.948914552964,0
247.06617939251657,0.17025056082818762,742.3434494322876,1085.7778609146096,0
247.06617939251657,0.16552857035095203,742.3434494322876,1086.948914552964,0
247.06617939251657,0.16342785643819469,742.3434494322876,1087.4698916033278,0
247.49114588274455,0.1749648582613091,742.474764077768,1084.6087151511954,0
247.49114588274455,0.17339342578360192,742.474764077768,1084.9984304056668,0
247.92290689534533,0.17549413969635927,742.6081782306617,1084.477453355303,0
247.92290689534533,0.1749648582613091,742.6081782306617,1084.6087151511954,0
248.34128475781782,0.17339342578360192,742.7374569901657,1084.9984304056668,0
248.34128475781782,0.17129271187084458,742.7374569901657,1085.5194074560306,0
248.77304577041858,0.16867964122008805,742.8708711430593,1086.1674489774182,0
248.77304577041858,0.16500749482962354,742.8708711430593,1087.0781412822535,0
248.77304577041858,0.1629067809168662,742.8708711430593,1087.5991183326173,0
249.19801226064652,0.16342785643819469,743.0021857885398,1087.4698916033278,0
249.19801226064652,0.16238570539553773,743.0021857885398,1087.7283450619068,0
249.6297732732473,0.16238570539553773,743.1355999414334,1087.7283450619068,0
249.6297732732473,0.16133534843915906,743.1355999414334,1087.9888335870887,0
249.6297732732473,0.1602849914827804,743.1355999414334,1088.2493221122706,0
250.04815113571982,0.15817607165630132,743.2648787009374,1088.7723342292375,0
250.04815113571982,0.15765499613497283,743.2648787009374,1088.9015609585267,0
250.4799121483206,0.16447821339457336,743.398292853831,1087.209403078146,0
250.4799121483206,0.16133534843915906,743.398292853831,1087.9888335870887,0
250.89829001079306,0.17654449665273794,743.527571613335,1084.216964830121,0
250.89829001079306,0.17339342578360192,743.527571613335,1084.9984304056668,0
250.89829001079306,0.16867964122008805,743.527571613335,1086.1674489774182,0
251.33005102339385,0.18125828121625182,743.6609857662287,1083.0479462583696,0
251.33005102339385,0.17916628608682378,743.6609857662287,1083.5667610504677,0
251.7550175136218,0.18178807552090961,743.7923004117091,1082.9165572708146,0
251.7550175136218,0.18021664304320245,743.7923004117091,1083.306272525286,0
251.7550175136218,0.17549413969635927,743.7923004117091,1084.477453355303,0
252.18677852622255,0.17129271187084458,743.9257145646028,1085.5194074560306,0
252.18677852622255,0.16867964122008805,743.9257145646028,1086.1674489774182,0
252.6119509110679,0.1665789273073307,744.05709283152,1086.688426027782,0
252.6119509110679,0.16447821339457336,744.05709283152,1087.209403078146,0
252.6119509110679,0.16342785643819469,744.05709283152,1087.4698916033278,0
253.03691740129585,0.1629067809168662,744.1884074770004,1087.5991183326173,0
253.03691740129585,0.16186462987420924,744.1884074770004,1087.8575717911963,0
253.46208978614115,0.16395713787324487,744.3197857439176,1087.3386298074354,0
253.46208978614115,0.16342785643819469,744.3197857439176,1087.4698916033278,0
253.89385079874194,0.1597639159614519,744.4531998968113,1088.37854884156,0
253.89385079874194,0.15555428222221548,744.4531998968113,1089.4225380088906,0
253.89385079874194,0.15293249278812965,744.4531998968113,1090.072741788544,0
254.31881728896994,0.15293249278812965,744.5845145422917,1090.072741788544,0
254.31881728896994,0.15241141726680116,744.5845145422917,1090.2019685178334,0
254.74398967381524,0.16395713787324487,744.7158928092089,1087.3386298074354,0
254.74398967381524,0.15765499613497283,744.7158928092089,1088.9015609585267,0
254.74398967381524,0.15398284974450832,744.7158928092089,1089.812253263362,0
255.16895616404318,0.18388878943366696,744.8472074546893,1082.3955802204507,0
255.16895616404318,0.17916628608682378,744.8472074546893,1083.5667610504677,0
255.16895616404318,0.17234306882722325,744.8472074546893,1085.2589189308487,0
255.5939226542711,0.18388878943366696,744.9785221001697,1082.3955802204507,0
255.5939226542711,0.18073771856453094,744.9785221001697,1083.1770457959965,0
256.01909503911645,0.17759485360911662,745.109900367087,1083.956476304939,0
256.01909503911645,0.17654449665273794,745.109900367087,1084.216964830121,0
256.01909503911645,0.17601521521768776,745.109900367087,1084.3482266260135,0
256.45085605171727,0.17654449665273794,745.2433145199806,1084.216964830121,0
256.45085605171727,0.17549413969635927,745.2433145199806,1084.477453355303,0
256.8758225419452,0.1739227072186521,745.374629165461,1084.8671686097744,0
256.8758225419452,0.17129271187084458,745.374629165461,1085.5194074560306,0
256.8758225419452,0.16867964122008805,745.374629165461,1086.1674489774182,0
257.307583554546,0.16814984691543025,745.5080433183547,1086.2988379649735,0
257.307583554546,0.16762928426370938,745.5080433183547,1086.4279375026001,0
257.7259614170184,0.16552857035095203,745.6373220778587,1086.948914552964,0
257.7259614170184,0.16447821339457336,745.6373220778587,1087.209403078146,0
258.1577224296192,0.17025056082818762,745.7707362307523,1085.7778609146096,0
258.1577224296192,0.1665789273073307,745.7707362307523,1086.688426027782,0
258.5761002920917,0.17654449665273794,745.9000149902563,1084.216964830121,0
258.5761002920917,0.17601521521768776,745.9000149902563,1084.3482266260135,0
258.5761002920917,0.1744437827399806,745.9000149902563,1084.7379418804849,0
259.00106678231964,0.17601521521768776,746.0313296357367,1084.3482266260135,0
259.00106678231964,0.1749648582613091,746.0313296357367,1084.6087151511954,0
259.43282779492046,0.17916628608682378,746.1647437886304,1083.5667610504677,0
259.43282779492046,0.1786370046517736,746.1647437886304,1083.6980228463603,0
259.43282779492046,0.1781159291304451,746.1647437886304,1083.8272495756496,0
259.8580001797657,0.17549413969635927,746.2961220555476,1084.477453355303,0
259.8580001797657,0.17129271187084458,746.2961220555476,1085.5194074560306,0
259.8580001797657,0.16920020387180892,746.2961220555476,1086.0383494397915,0
260.28976119236654,0.16920020387180892,746.4295362084413,1086.0383494397915,0
260.28976119236654,0.16814984691543025,746.4295362084413,1086.2988379649735,0
260.70793316022167,0.17916628608682378,746.5587513465084,1083.5667610504677,0
260.70793316022167,0.1749648582613091,746.5587513465084,1084.6087151511954,0
260.70793316022167,0.17129271187084458,746.5587513465084,1085.5194074560306,0
261.13990006743984,0.1823086381726305,746.6922291208389,1082.7874577331877,0
261.13990006743984,0.18178807552090961,746.6922291208389,1082.9165572708146,0
261.56486655766776,0.18178807552090961,746.8235437663193,1082.9165572708146,0
261.56486655766776,0.17968736160815227,746.8235437663193,1083.4375343211784,0
261.56486655766776,0.17654449665273794,746.8235437663193,1084.216964830121,0
261.9966275702685,0.1744437827399806,746.956957919213,1084.7379418804849,0
261.9966275702685,0.17234306882722325,746.956957919213,1085.2589189308487,0
262.41500543274105,0.1823086381726305,747.086236678717,1082.7874577331877,0
262.41500543274105,0.17654449665273794,747.086236678717,1084.216964830121,0
262.41500543274105,0.17339342578360192,747.086236678717,1084.9984304056668,0
262.8467664453418,0.19384615286535248,747.2196508316106,1079.9261540893926,0
262.8467664453418,0.19227472038764534,747.2196508316106,1080.315869343864,0
262.8467664453418,0.18808149847585234,747.2196508316106,1081.3557883779888,0
263.2651443078143,0.19384615286535248,747.3489295911146,1079.9261540893926,0
263.2651443078143,0.19175364486631685,747.3489295911146,1080.4450960731535,0
263.69690532041506,0.185980784563095,747.4823437440083,1081.8767654283524,0
263.69690532041506,0.17916628608682378,747.4823437440083,1083.5667610504677,0
263.69690532041506,0.17339342578360192,747.4823437440083,1084.9984304056668,0
264.1218718106431,0.16972127939313741,747.6136583894887,1085.909122710502,0
264.1218718106431,0.16814984691543025,747.6136583894887,1086.2988379649735,0
264.55363282324384,0.16867964122008805,747.7470725423823,1086.1674489774182,0
264.55363282324384,0.16762928426370938,747.7470725423823,1086.4279375026001,0
264.9788052080891,0.17129271187084458,747.8784508092995,1085.5194074560306,0
264.9788052080891,0.16972127939313741,747.8784508092995,1085.909122710502,0
265.4037716983171,0.17025056082818762,748.00976545478,1085.7778609146096,0
265.4037716983171,0.1665789273073307,748.00976545478,1086.688426027782,0
265.4037716983171,0.16133534843915906,748.00976545478,1087.9888335870887,0
265.828738188545,0.15765499613497283,748.1410801002604,1088.9015609585267,0
265.828738188545,0.15555428222221548,748.1410801002604,1089.4225380088906,0
265.828738188545,0.1545039252658368,748.1410801002604,1089.6830265340725,0
266.2604992011458,0.16814984691543025,748.274494253154,1086.2988379649735,0
266.2604992011458,0.1602849914827804,748.274494253154,1088.2493221122706,0
266.68567158599114,0.18440935208538783,748.4058725200713,1082.2664806828238,0
266.68567158599114,0.18073771856453094,748.4058725200713,1083.1770457959965,0
266.68567158599114,0.17549413969635927,748.4058725200713,1084.477453355303,0
267.1106380762191,0.18545150312804481,748.5371871655517,1082.0080272242449,0
267.1106380762191,0.18440935208538783,748.5371871655517,1082.2664806828238,0
267.5358104610644,0.18073771856453094,748.6685654324689,1083.1770457959965,0
267.5358104610644,0.17601521521768776,748.6685654324689,1084.3482266260135,0
267.5358104610644,0.17234306882722325,748.6685654324689,1085.2589189308487,0
267.96077695129236,0.16972127939313741,748.7998800779493,1085.909122710502,0
267.96077695129236,0.16709948995905158,748.7998800779493,1086.5593264901554,0
268.38574344152033,0.17129271187084458,748.9311947234297,1085.5194074560306,0
268.38574344152033,0.16920020387180892,748.9311947234297,1086.0383494397915,0
268.38574344152033,0.16709948995905158,748.9311947234297,1086.5593264901554,0
268.81771034873844,0.17287235026227343,749.0646724977602,1085.1276571349563,0
268.81771034873844,0.17234306882722325,749.0646724977602,1085.2589189308487,0
268.81771034873844,0.17025056082818762,749.0646724977602,1085.7778609146096,0
269.2426768389664,0.1665789273073307,749.1959871432406,1086.688426027782,0
269.2426768389664,0.16186462987420924,749.1959871432406,1087.8575717911963,0
269.6744378515672,0.16342785643819469,749.3294012961343,1087.4698916033278,0
269.6744378515672,0.16186462987420924,749.3294012961343,1087.8575717911963,0
269.6744378515672,0.16081427291783057,749.3294012961343,1088.1180603163782,0
270.0928157140397,0.16605785178600224,749.4586800556382,1086.8176527570715,0
270.0928157140397,0.16500749482962354,749.4586800556382,1087.0781412822535,0
270.5245767266405,0.17339342578360192,749.5920942085319,1084.9984304056668,0
270.5245767266405,0.17025056082818762,749.5920942085319,1085.7778609146096,0
270.5245767266405,0.16762928426370938,749.5920942085319,1086.4279375026001,0
270.94295458911296,0.17549413969635927,749.7213729680359,1084.477453355303,0
270.94295458911296,0.1749648582613091,749.7213729680359,1084.6087151511954,0
271.3679210793409,0.17339342578360192,749.8526876135163,1084.9984304056668,0
271.3679210793409,0.16920020387180892,749.8526876135163,1086.0383494397915,0
271.3679210793409,0.16552857035095203,749.8526876135163,1086.948914552964,0
271.7996820919417,0.1629067809168662,749.98610176641,1087.5991183326173,0
271.7996820919417,0.16081427291783057,749.98610176641,1088.1180603163782,0
272.22464858216966,0.1629067809168662,750.1174164118904,1087.5991183326173,0
272.22464858216966,0.1602849914827804,750.1174164118904,1088.2493221122706,0
272.22464858216966,0.1597639159614519,750.1174164118904,1088.37854884156,0
272.6566154893878,0.17339342578360192,750.2508941862208,1084.9984304056668,0
272.6566154893878,0.16972127939313741,750.2508941862208,1085.909122710502,0
272.6566154893878,0.1665789273073307,750.2508941862208,1086.688426027782,0
273.0747874572429,0.18178807552090961,750.380109324288,1082.9165572708146,0
273.0747874572429,0.1781159291304451,750.380109324288,1083.8272495756496,0
273.50654846984366,0.18388878943366696,750.5135234771817,1082.3955802204507,0
273.50654846984366,0.1823086381726305,750.5135234771817,1082.7874577331877,0
273.50654846984366,0.17916628608682378,750.5135234771817,1083.5667610504677,0
273.931720854689,0.17706557217406643,750.6449017440989,1084.0877381008315,0
273.931720854689,0.1749648582613091,750.6449017440989,1084.6087151511954,0
274.36348186728975,0.17287235026227343,750.7783158969925,1085.1276571349563,0
274.36348186728975,0.17182199330589476,750.7783158969925,1085.3881456601382,0
274.36348186728975,0.16867964122008805,750.7783158969925,1086.1674489774182,0
274.78165383514494,0.16709948995905158,750.9075310350597,1086.5593264901554,0
275.21362074236305,0.17234306882722325,751.0410088093902,1085.2589189308487,0
275.21362074236305,0.1707716363495161,751.0410088093902,1085.6486341853201,0
275.21362074236305,0.16867964122008805,751.0410088093902,1086.1674489774182,0
275.6317927102181,0.17706557217406643,751.1702239474574,1084.0877381008315,0
275.6317927102181,0.1744437827399806,751.1702239474574,1084.7379418804849,0
276.06355372281894,0.1781159291304451,751.303638100351,1083.8272495756496,0
276.06355372281894,0.17706557217406643,751.303638100351,1084.0877381008315,0
276.06355372281894,0.17549413969635927,751.303638100351,1084.477453355303,0
276.48872610766426,0.17287235026227343,751.4350163672682,1085.1276571349563,0
276.48872610766426,0.16972127939313741,751.4350163672682,1085.909122710502,0
276.48872610766426,0.16709948995905158,751.4350163672682,1086.5593264901554,0
276.9204871202651,0.16920020387180892,751.5684305201619,1086.0383494397915,0
276.9204871202651,0.1665789273073307,751.5684305201619,1086.688426027782,0
277.345453610493,0.18440935208538783,751.6997451656423,1082.2664806828238,0
277.345453610493,0.18021664304320245,751.6997451656423,1083.306272525286,0
277.345453610493,0.1744437827399806,751.6997451656423,1084.7379418804849,0
277.7706259953383,0.18808149847585234,751.8311234325595,1081.3557883779888,0
277.7706259953383,0.18755221704080216,751.8311234325595,1081.4870501738812,0
278.19559248556624,0.1891236495185093,751.96243807804,1081.0973349194098,0
278.19559248556624,0.18860257399718083,751.96243807804,1081.2265616486993,0
278.19559248556624,0.18808149847585234,751.96243807804,1081.3557883779888,0
278.62735349816705,0.18545150312804481,752.0958522309336,1082.0080272242449,0
278.62735349816705,0.18125828121625182,752.0958522309336,1083.0479462583696,0
279.0525258830124,0.18125828121625182,752.2272304978508,1083.0479462583696,0
279.0525258830124,0.17968736160815227,752.2272304978508,1083.4375343211784,0
279.0525258830124,0.17916628608682378,752.2272304978508,1083.5667610504677,0
279.4774923732403,0.18125828121625182,752.3585451433312,1083.0479462583696,0
279.4774923732403,0.17968736160815227,752.3585451433312,1083.4375343211784,0
279.4774923732403,0.1749648582613091,752.3585451433312,1084.6087151511954,0
279.90245886346827,0.1707716363495161,752.4898597888117,1085.6486341853201,0
279.90245886346827,0.1665789273073307,752.4898597888117,1086.688426027782,0
280.3276312483136,0.16342785643819469,752.6212380557289,1087.4698916033278,0
280.3276312483136,0.16186462987420924,752.6212380557289,1087.8575717911963,0
280.3276312483136,0.1597639159614519,752.6212380557289,1088.37854884156,0
280.75259773854157,0.16081427291783057,752.7525527012093,1088.1180603163782,0
280.75259773854157,0.1597639159614519,752.7525527012093,1088.37854884156,0
281.1843587511423,0.17339342578360192,752.885966854103,1084.9984304056668,0
281.1843587511423,0.16814984691543025,752.885966854103,1086.2988379649735,0
281.1843587511423,0.16395713787324487,752.885966854103,1087.3386298074354,0
281.60953113598765,0.18125828121625182,753.0173451210202,1083.0479462583696,0
281.60953113598765,0.1781159291304451,753.0173451210202,1083.8272495756496,0
282.0412921485884,0.18178807552090961,753.1507592739138,1082.9165572708146,0
282.0412921485884,0.18125828121625182,753.1507592739138,1083.0479462583696,0
282.0412921485884,0.17968736160815227,753.1507592739138,1083.4375343211784,0
282.4594641164436,0.17759485360911662,753.279974411981,1083.956476304939,0
282.4594641164436,0.17549413969635927,753.279974411981,1084.477453355303,0
282.8914310236617,0.17287235026227343,753.4134521863115,1085.1276571349563,0
282.8914310236617,0.1707716363495161,753.4134521863115,1085.6486341853201,0
282.8914310236617,0.16920020387180892,753.4134521863115,1086.0383494397915,0
283.3096029915168,0.17025056082818762,753.5426673243787,1085.7778609146096,0
283.3096029915168,0.16920020387180892,753.5426673243787,1086.0383494397915,0
283.7413640041176,0.17601521521768776,753.6760814772723,1084.3482266260135,0
283.7413640041176,0.1739227072186521,753.6760814772723,1084.8671686097744,0
283.7413640041176,0.17129271187084458,753.6760814772723,1085.5194074560306,0
284.16653638896287,0.18178807552090961,753.8074597441895,1082.9165572708146,0
284.16653638896287,0.17968736160815227,753.8074597441895,1083.4375343211784,0
284.16653638896287,0.1781159291304451,753.8074597441895,1083.8272495756496,0
284.5915028791909,0.17968736160815227,753.9387743896699,1083.4375343211784,0
284.5915028791909,0.17129271187084458,753.9387743896699,1085.5194074560306,0
285.02326389179166,0.16081427291783057,754.0721885425636,1088.1180603163782,0
285.02326389179166,0.1508317788753723,754.0721885425636,1090.5937188389078,0
285.02326389179166,0.14087441544368678,754.0721885425636,1093.0631449699658,0
285.44164175426414,0.13405940409780795,754.2014673020676,1094.7532677837437,0
285.44164175426414,0.13143812753332973,754.2014673020676,1095.4033443717344,0
285.8734027668649,0.14401728039910108,754.3348814549612,1092.283714461023,0
285.8734027668649,0.13825262600960095,754.3348814549612,1093.713348749619,0
285.8734027668649,0.13300904714142928,754.3348814549612,1095.0137563089256,0
286.2983692570929,0.1602849914827804,754.4661961004417,1088.2493221122706,0
286.2983692570929,0.15241141726680116,754.4661961004417,1090.2019685178334,0
286.730336164311,0.17287235026227343,754.5996738747721,1085.1276571349563,0
286.730336164311,0.16814984691543025,754.5996738747721,1086.2988379649735,0
286.730336164311,0.16447821339457336,754.5996738747721,1087.209403078146,0
287.1485081321661,0.17601521521768776,754.7288890128393,1084.3482266260135,0
287.1485081321661,0.17549413969635927,754.7288890128393,1084.477453355303,0
287.1485081321661,0.1749648582613091,754.7288890128393,1084.6087151511954,0
287.58026914476693,0.17654449665273794,754.8623031657329,1084.216964830121,0
287.58026914476693,0.17601521521768776,754.8623031657329,1084.3482266260135,0
287.99864700723936,0.1739227072186521,754.9915819252369,1084.8671686097744,0
287.99864700723936,0.1707716363495161,754.9915819252369,1085.6486341853201,0
287.99864700723936,0.16972127939313741,754.9915819252369,1085.909122710502,0
288.4304080198402,0.17129271187084458,755.1249960781306,1085.5194074560306,0
288.4304080198402,0.16920020387180892,755.1249960781306,1086.0383494397915,0
288.86216903244093,0.1823086381726305,755.2584102310242,1082.7874577331877,0
288.86216903244093,0.1781159291304451,755.2584102310242,1083.8272495756496,0
288.86216903244093,0.1744437827399806,755.2584102310242,1084.7379418804849,0
289.2873414172863,0.18545150312804481,755.3897884979415,1082.0080272242449,0
289.2873414172863,0.18440935208538783,755.3897884979415,1082.2664806828238,0
289.71230790751423,0.185980784563095,755.5211031434219,1081.8767654283524,0
289.71230790751423,0.18545150312804481,755.5211031434219,1082.0080272242449,0
290.13727439774215,0.18545150312804481,755.6524177889023,1082.0080272242449,0
290.13727439774215,0.18493042760671632,755.6524177889023,1082.1372539535344,0
290.56244678258753,0.18440935208538783,755.7837960558195,1082.2664806828238,0
290.56244678258753,0.1823086381726305,755.7837960558195,1082.7874577331877,0
290.9942077951883,0.18021664304320245,755.9172102087132,1083.306272525286,0
290.9942077951883,0.17759485360911662,755.9172102087132,1083.956476304939,0
290.9942077951883,0.17654449665273794,755.9172102087132,1084.216964830121,0
291.41917428541626,0.17968736160815227,756.0485248541936,1083.4375343211784,0
291.41917428541626,0.1781159291304451,756.0485248541936,1083.8272495756496,0
291.84434667026153,0.18073771856453094,756.1799031211108,1083.1770457959965,0
291.84434667026153,0.17916628608682378,756.1799031211108,1083.5667610504677,0
291.84434667026153,0.17601521521768776,756.1799031211108,1084.3482266260135,0
292.2693131604895,0.1739227072186521,756.3112177665912,1084.8671686097744,0
292.2693131604895,0.17339342578360192,756.3112177665912,1084.9984304056668,0
292.6944855453348,0.17654449665273794,756.4425960335084,1084.216964830121,0
292.6944855453348,0.1749648582613091,756.4425960335084,1084.6087151511954,0
292.6944855453348,0.1739227072186521,756.4425960335084,1084.8671686097744,0
293.1194520355628,0.17968736160815227,756.5739106789889,1083.4375343211784,0
293.1194520355628,0.1786370046517736,756.5739106789889,1083.6980228463603,0
293.55121304816356,0.18178807552090961,756.7073248318825,1082.9165572708146,0
293.55121304816356,0.18073771856453094,756.7073248318825,1083.1770457959965,0
293.55121304816356,0.18021664304320245,756.7073248318825,1083.306272525286,0
293.9761795383915,0.18125828121625182,756.8386394773629,1083.0479462583696,0
293.9761795383915,0.18021664304320245,756.8386394773629,1083.306272525286,0
293.9761795383915,0.1781159291304451,756.8386394773629,1083.8272495756496,0
294.40814644560965,0.1828384324772883,756.9721172516934,1082.6560687456326,0
294.40814644560965,0.1786370046517736,756.9721172516934,1083.6980228463603,0
294.8263184134648,0.19384615286535248,757.1013323897606,1079.9261540893926,0
294.8263184134648,0.1891236495185093,757.1013323897606,1081.0973349194098,0
295.2580794260656,0.1896529309535595,757.2347465426542,1080.9660731235174,0
295.2580794260656,0.18440935208538783,757.2347465426542,1082.2664806828238,0
295.68325181091086,0.18178807552090961,757.3661248095715,1082.9165572708146,0
295.68325181091086,0.17968736160815227,757.3661248095715,1083.4375343211784,0
295.68325181091086,0.17706557217406643,757.3661248095715,1084.0877381008315,0
296.10821830113883,0.17234306882722325,757.4974394550519,1085.2589189308487,0
296.10821830113883,0.16762928426370938,757.4974394550519,1086.4279375026001,0
296.53318479136675,0.17601521521768776,757.6287541005323,1084.3482266260135,0
296.53318479136675,0.1707716363495161,757.6287541005323,1085.6486341853201,0
296.53318479136675,0.16762928426370938,757.6287541005323,1086.4279375026001,0
296.95835717621213,0.18021664304320245,757.7601323674495,1083.306272525286,0
296.95835717621213,0.17968736160815227,757.7601323674495,1083.4375343211784,0
297.3901181888129,0.17706557217406643,757.8935465203432,1084.0877381008315,0
297.3901181888129,0.17287235026227343,757.8935465203432,1085.1276571349563,0
297.3901181888129,0.16814984691543025,757.8935465203432,1086.2988379649735,0
297.8084960512853,0.16447821339457336,758.0228252798471,1087.209403078146,0
297.8084960512853,0.1629067809168662,758.0228252798471,1087.5991183326173,0
298.24025706388613,0.17234306882722325,758.1562394327408,1085.2589189308487,0
298.24025706388613,0.16605785178600224,758.1562394327408,1086.8176527570715,0
298.24025706388613,0.1629067809168662,758.1562394327408,1087.5991183326173,0
298.6652235541141,0.19122436343126667,758.2875540782212,1080.576357869046,0
298.6652235541141,0.18755221704080216,758.2875540782212,1081.4870501738812,0
298.6652235541141,0.18021664304320245,758.2875540782212,1083.306272525286,0
299.0969845667149,0.19227472038764534,758.4209682311149,1080.315869343864,0
299.0969845667149,0.1891236495185093,758.4209682311149,1081.0973349194098,0
299.51536242918735,0.18440935208538783,758.5502469906189,1082.2664806828238,0
299.51536242918735,0.18021664304320245,758.5502469906189,1083.306272525286,0
299.51536242918735,0.17968736160815227,758.5502469906189,1083.4375343211784,0
299.94712344178816,0.18388878943366696,758.6836611435125,1082.3955802204507,0
299.94712344178816,0.18178807552090961,758.6836611435125,1082.9165572708146,0
300.36550130426065,0.19070328790993818,758.8129399030165,1080.7055845983355,0
300.36550130426065,0.1891236495185093,758.8129399030165,1081.0973349194098,0
300.36550130426065,0.1865018600844235,758.8129399030165,1081.7475386990632,0
300.79726231686146,0.18860257399718083,758.9463540559102,1081.2265616486993,0
300.79726231686146,0.18440935208538783,758.9463540559102,1082.2664806828238,0
301.2290233294622,0.17549413969635927,759.0797682088038,1084.477453355303,0
301.2290233294622,0.1665789273073307,759.0797682088038,1086.688426027782,0
301.2290233294622,0.1602849914827804,759.0797682088038,1088.2493221122706,0
301.65398981969014,0.1597639159614519,759.2110828542842,1088.37854884156,0
301.65398981969014,0.15871355900507322,759.2110828542842,1088.6390373667418,0
302.07916220453546,0.16500749482962354,759.3424611212014,1087.0781412822535,0
302.07916220453546,0.16238570539553773,759.3424611212014,1087.7283450619068,0
302.07916220453546,0.16081427291783057,759.3424611212014,1088.1180603163782,0
302.5041286947634,0.17234306882722325,759.4737757666819,1085.2589189308487,0
302.5041286947634,0.17182199330589476,759.4737757666819,1085.3881456601382,0
302.5041286947634,0.16920020387180892,759.4737757666819,1086.0383494397915,0
302.92930107960876,0.16709948995905158,759.6051540335991,1086.5593264901554,0
302.92930107960876,0.16238570539553773,759.6051540335991,1087.7283450619068,0
303.3610620922095,0.16186462987420924,759.7385681864927,1087.8575717911963,0
303.3610620922095,0.1602849914827804,759.7385681864927,1088.2493221122706,0
303.3610620922095,0.1597639159614519,759.7385681864927,1088.37854884156,0
303.7860285824375,0.16972127939313741,759.8698828319732,1085.909122710502,0
303.7860285824375,0.16552857035095203,759.8698828319732,1086.948914552964,0
304.2109950726654,0.18440935208538783,760.0011974774536,1082.2664806828238,0
304.2109950726654,0.18021664304320245,760.0011974774536,1083.306272525286,0
304.2109950726654,0.1744437827399806,760.0011974774536,1084.7379418804849,0
304.63616745751074,0.185980784563095,760.1325757443708,1081.8767654283524,0
305.0611339477387,0.18335899512900916,760.2638903898512,1082.5269692080058,0
305.0611339477387,0.18125828121625182,760.2638903898512,1083.0479462583696,0
305.0611339477387,0.18073771856453094,760.2638903898512,1083.1770457959965,0
305.486306332584,0.18073771856453094,760.3952686567684,1083.1770457959965,0
305.9180673451848,0.17968736160815227,760.5286828096621,1083.4375343211784,0
305.9180673451848,0.1781159291304451,760.5286828096621,1083.8272495756496,0
305.9180673451848,0.17654449665273794,760.5286828096621,1084.216964830121,0
306.3430338354127,0.17549413969635927,760.6599974551425,1084.477453355303,0
306.7747948480135,0.1749648582613091,760.7934116080362,1084.6087151511954,0
306.7747948480135,0.17339342578360192,760.7934116080362,1084.9984304056668,0
306.7747948480135,0.17287235026227343,760.7934116080362,1085.1276571349563,0
307.193172710486,0.17916628608682378,760.9226903675401,1083.5667610504677,0
307.193172710486,0.1744437827399806,760.9226903675401,1084.7379418804849,0
307.6249337230868,0.190174006474888,761.0561045204338,1080.836846394228,0
307.6249337230868,0.18755221704080216,761.0561045204338,1081.4870501738812,0
307.6249337230868,0.18388878943366696,761.0561045204338,1082.3955802204507,0
308.04331158555925,0.19489650982173115,761.1853832799378,1079.6656655642107,0
308.04331158555925,0.19436671551707338,761.1853832799378,1079.797054551766,0
308.04331158555925,0.19227472038764534,761.1853832799378,1080.315869343864,0
308.47507259816,0.19227472038764534,761.3187974328314,1080.315869343864,0
308.47507259816,0.18545150312804481,761.3187974328314,1082.0080272242449,0
308.90003908838804,0.1781159291304451,761.4501120783119,1083.8272495756496,0
308.90003908838804,0.16972127939313741,761.4501120783119,1085.909122710502,0
308.90003908838804,0.16447821339457336,761.4501120783119,1087.209403078146,0
309.3252114732333,0.16342785643819469,761.5814903452291,1087.4698916033278,0
309.3252114732333,0.1629067809168662,761.5814903452291,1087.5991183326173,0
309.7569724858341,0.1786370046517736,761.7149044981227,1083.6980228463603,0
309.7569724858341,0.17129271187084458,761.7149044981227,1085.5194074560306,0
309.7569724858341,0.1665789273073307,761.7149044981227,1086.688426027782,0
310.1751444536892,0.18703114151947367,761.8441196361899,1081.6162769031705,0
310.1751444536892,0.18440935208538783,761.8441196361899,1082.2664806828238,0
310.60711136090737,0.185980784563095,761.9775974105204,1081.8767654283524,0
310.60711136090737,0.18388878943366696,761.9775974105204,1082.3955802204507,0
310.60711136090737,0.17968736160815227,761.9775974105204,1083.4375343211784,0
311.03207785113534,0.1749648582613091,762.1089120560008,1084.6087151511954,0
311.03207785113534,0.17182199330589476,762.1089120560008,1085.3881456601382,0
311.46383886373616,0.17759485360911662,762.2423262088944,1083.956476304939,0
311.46383886373616,0.1744437827399806,762.2423262088944,1084.7379418804849,0
311.8822167262086,0.1823086381726305,762.3716049683984,1082.7874577331877,0
311.8822167262086,0.18073771856453094,762.3716049683984,1083.1770457959965,0
312.31397773880934,0.18125828121625182,762.5050191212921,1083.0479462583696,0
312.31397773880934,0.17916628608682378,762.5050191212921,1083.5667610504677,0
312.752533273783,0.1744437827399806,762.640532781599,1084.7379418804849,0
312.752533273783,0.16814984691543025,762.640532781599,1086.2988379649735,0
312.752533273783,0.1629067809168662,762.640532781599,1087.5991183326173,0
313.1774997640109,0.16133534843915906,762.7718474270794,1087.9888335870887,0
313.1774997640109,0.1602849914827804,762.7718474270794,1088.2493221122706,0
313.60267214885624,0.1786370046517736,762.9032256939965,1083.6980228463603,0
313.60267214885624,0.17234306882722325,762.9032256939965,1085.2589189308487,0
313.60267214885624,0.16605785178600224,762.9032256939965,1086.8176527570715,0
314.0276386390842,0.1927957959089738,763.034540339477,1080.1866426145746,0
314.0276386390842,0.18545150312804481,763.034540339477,1082.0080272242449,0
314.4526051293122,0.19961029438524502,763.1658549849574,1078.4966469924593,0
314.4526051293122,0.19856814334258807,763.1658549849574,1078.7551004510383,0
314.4526051293122,0.19803886190753786,763.1658549849574,1078.8863622469307,0
314.88436614191295,0.19489650982173115,763.2992691378511,1079.6656655642107,0
314.88436614191295,0.19384615286535248,763.2992691378511,1079.9261540893926,0
315.3095385267583,0.19227472038764534,763.4306474047683,1080.315869343864,0
315.3095385267583,0.19122436343126667,763.4306474047683,1080.576357869046,0
315.3095385267583,0.1891236495185093,763.4306474047683,1081.0973349194098,0
315.74129953935903,0.18755221704080216,763.564061557662,1081.4870501738812,0
315.74129953935903,0.18493042760671632,763.564061557662,1082.1372539535344,0
315.74129953935903,0.1828384324772883,763.564061557662,1082.6560687456326,0
316.1596774018315,0.17968736160815227,763.693340317166,1083.4375343211784,0
316.1596774018315,0.1744437827399806,763.693340317166,1084.7379418804849,0
316.59143841443233,0.16867964122008805,763.8267544700595,1086.1674489774182,0
316.59143841443233,0.16447821339457336,763.8267544700595,1087.209403078146,0
316.59143841443233,0.16186462987420924,763.8267544700595,1087.8575717911963,0
317.0096103822874,0.16081427291783057,763.9559696081268,1088.1180603163782,0
317.0096103822874,0.1602849914827804,763.9559696081268,1088.2493221122706,0
317.44816591726106,0.16814984691543025,764.0914832684336,1086.2988379649735,0
317.44816591726106,0.16395713787324487,764.0914832684336,1087.3386298074354,0
317.44816591726106,0.16081427291783057,764.0914832684336,1088.1180603163782,0
317.86654377973355,0.1781159291304451,764.2207620279377,1083.8272495756496,0
317.86654377973355,0.17287235026227343,764.2207620279377,1085.1276571349563,0
318.29830479233436,0.18755221704080216,764.3541761808312,1081.4870501738812,0
318.29830479233436,0.18545150312804481,764.3541761808312,1082.0080272242449,0
318.29830479233436,0.1823086381726305,764.3541761808312,1082.7874577331877,0
318.7166826548068,0.18755221704080216,764.4834549403353,1081.4870501738812,0
318.7166826548068,0.185980784563095,764.4834549403353,1081.8767654283524,0
319.1484436674076,0.1828384324772883,764.616869093229,1082.6560687456326,0
319.1484436674076,0.17968736160815227,764.616869093229,1083.4375343211784,0
319.1484436674076,0.1781159291304451,764.616869093229,1083.8272495756496,0
319.5734101576355,0.17916628608682378,764.7481837387094,1083.5667610504677,0
319.5734101576355,0.17759485360911662,764.7481837387094,1083.956476304939,0
319.99858254248085,0.18073771856453094,764.8795620056266,1083.1770457959965,0
319.99858254248085,0.18021664304320245,764.8795620056266,1083.306272525286,0
320.43034355508166,0.17759485360911662,765.0129761585202,1083.956476304939,0
320.43034355508166,0.1744437827399806,765.0129761585202,1084.7379418804849,0
320.84851552293674,0.17129271187084458,765.1421912965874,1085.5194074560306,0
320.84851552293674,0.16920020387180892,765.1421912965874,1086.0383494397915,0
321.2804824301549,0.1739227072186521,765.2756690709178,1084.8671686097744,0
321.2804824301549,0.1707716363495161,765.2756690709178,1085.6486341853201,0
321.69865439801004,0.18440935208538783,765.4048842089851,1082.2664806828238,0
321.69865439801004,0.1828384324772883,765.4048842089851,1082.6560687456326,0
321.69865439801004,0.1786370046517736,765.4048842089851,1083.6980228463603,0
322.13720993298364,0.18493042760671632,765.540397869292,1082.1372539535344,0
322.13720993298364,0.18335899512900916,765.540397869292,1082.5269692080058,0
322.13720993298364,0.1828384324772883,765.540397869292,1082.6560687456326,0
322.5555877954561,0.18178807552090961,765.669676628796,1082.9165572708146,0
322.5555877954561,0.18125828121625182,765.669676628796,1083.0479462583696,0
322.9873488080569,0.17916628608682378,765.8030907816895,1083.5667610504677,0
322.9873488080569,0.17759485360911662,765.8030907816895,1083.956476304939,0
322.9873488080569,0.17654449665273794,765.8030907816895,1084.216964830121,0
323.405520775912,0.17759485360911662,765.9323059197568,1083.956476304939,0
323.405520775912,0.17706557217406643,765.9323059197568,1084.0877381008315,0
323.8374876831301,0.1786370046517736,766.0657836940871,1083.6980228463603,0
323.8374876831301,0.1781159291304451,766.0657836940871,1083.8272495756496,0
323.8374876831301,0.17706557217406643,766.0657836940871,1084.0877381008315,0
324.26245417335815,0.17968736160815227,766.1970983395677,1083.4375343211784,0
324.26245417335815,0.17706557217406643,766.1970983395677,1084.0877381008315,0
324.6942151859589,0.18808149847585234,766.3305124924613,1081.3557883779888,0
324.6942151859589,0.18755221704080216,766.3305124924613,1081.4870501738812,0
324.6942151859589,0.18440935208538783,766.3305124924613,1082.2664806828238,0
325.1191816761869,0.18703114151947367,766.4618271379417,1081.6162769031705,0
325.1191816761869,0.18493042760671632,766.4618271379417,1082.1372539535344,0
325.54435406103215,0.18493042760671632,766.593205404859,1082.1372539535344,0
325.54435406103215,0.18440935208538783,766.593205404859,1082.2664806828238,0
325.9693205512601,0.18388878943366696,766.7245200503394,1082.3955802204507,0
325.9693205512601,0.1823086381726305,766.7245200503394,1082.7874577331877,0
326.39449293610545,0.18178807552090961,766.8558983172566,1082.9165572708146,0
326.39449293610545,0.18021664304320245,766.8558983172566,1083.306272525286,0
326.39449293610545,0.1786370046517736,766.8558983172566,1083.6980228463603,0
326.81945942633337,0.17706557217406643,766.987212962737,1084.0877381008315,0
326.81945942633337,0.17549413969635927,766.987212962737,1084.477453355303,0
327.2512204389342,0.17287235026227343,767.1206271156307,1085.1276571349563,0
327.2512204389342,0.16920020387180892,767.1206271156307,1086.0383494397915,0
327.2512204389342,0.1665789273073307,767.1206271156307,1086.688426027782,0
327.67639282377945,0.16395713787324487,767.2520053825478,1087.3386298074354,0
327.67639282377945,0.1629067809168662,767.2520053825478,1087.5991183326173,0
328.10815383638027,0.16447821339457336,767.3854195354414,1087.209403078146,0
328.10815383638027,0.16342785643819469,767.3854195354414,1087.4698916033278,0
328.10815383638027,0.16238570539553773,767.3854195354414,1087.7283450619068,0
328.5263258042354,0.16762928426370938,767.5146346735087,1086.4279375026001,0
328.5263258042354,0.1665789273073307,767.5146346735087,1086.688426027782,0
328.5263258042354,0.16552857035095203,767.5146346735087,1086.948914552964,0
328.95829271145357,0.17234306882722325,767.6481124478391,1085.2589189308487,0
328.95829271145357,0.16972127939313741,767.6481124478391,1085.909122710502,0
329.3832592016815,0.17759485360911662,767.7794270933196,1083.956476304939,0
329.3832592016815,0.17654449665273794,767.7794270933196,1084.216964830121,0
329.3832592016815,0.1749648582613091,767.7794270933196,1084.6087151511954,0
329.8150202142823,0.17654449665273794,767.9128412462132,1084.216964830121,0
330.2333980767548,0.17654449665273794,768.0421200057172,1084.216964830121,0
330.2333980767548,0.17549413969635927,768.0421200057172,1084.477453355303,0
330.66515908935554,0.1744437827399806,768.1755341586108,1084.7379418804849,0
330.66515908935554,0.17339342578360192,768.1755341586108,1084.9984304056668,0
331.08333105721067,0.1739227072186521,768.3047492966781,1084.8671686097744,0
331.083536951828,0.17549003673949842,768.3048129181149,1084.4784708886045,0
331.083536951828,0.17496896121816993,768.3048129181149,1084.607697617894,0
331.083536951828,0.17391860426179126,768.3048129181149,1084.868186143076,0
331.50850344205594,0.1807418215213918,768.4361275635953,1083.176028262695,0
331.50850344205594,0.17759075065225577,768.4361275635953,1083.9574938382407,0
331.9404703492741,0.18545560608490566,768.5696053379256,1082.0070096909435,0
331.9404703492741,0.1838841736071985,768.5696053379256,1082.396724945415,0
331.9404703492741,0.18283381665081982,768.5696053379256,1082.6572134705968,0
332.3654368395021,0.18859847104031996,768.7009199834062,1081.2275791820007,0
332.3654368395021,0.18650596304128433,768.7009199834062,1081.7465211657616,0
332.7971978521029,0.18912775247537017,768.8343341362997,1081.0963173861082,0
332.7971978521029,0.1880773955189915,768.8343341362997,1081.3568059112902,0
332.7971978521029,0.18702703856261282,768.8343341362997,1081.617294436472,0
333.2155757145753,0.18493453056357717,768.9636128958037,1082.136236420233,0
333.2155757145753,0.18231325399909895,768.9636128958037,1082.7863130082235,0
333.64733672717614,0.1802125400863416,769.0970270486974,1083.3072900585873,0
333.64733672717614,0.1765403936958771,769.0970270486974,1084.2179823634226,0
333.64733672717614,0.17129681482770542,769.0970270486974,1085.518389922729,0
334.06550869503127,0.1681544627418987,769.2262421867646,1086.2976932400093,0
334.06550869503127,0.16605374882914137,769.2262421867646,1086.8186702903731,0
334.5040642300048,0.1655326733078129,769.3617558470714,1086.9478970196624,0
334.5040642300048,0.1644823163514342,769.3617558470714,1087.2083855448443,0
334.5040642300048,0.16291088387372707,769.3617558470714,1087.5981007993157,0
334.92244209247735,0.16343195939505553,769.4910346065755,1087.4688740700262,0
334.92244209247735,0.16291088387372707,769.4910346065755,1087.5981007993157,0
334.92244209247735,0.1618605269173484,769.4910346065755,1087.8585893244976,0
335.3542031050781,0.1644823163514342,769.6244487594691,1087.2083855448443,0
335.3542031050781,0.16395303491638402,769.6244487594691,1087.3396473407367,0
335.77258096755065,0.17129681482770542,769.7537275189732,1085.518389922729,0
335.77258096755065,0.1681544627418987,769.7537275189732,1086.2976932400093,0
335.77258096755065,0.1655326733078129,769.7537275189732,1086.9478970196624,0
336.2043419801514,0.17916218312996293,769.8871416718667,1083.5677785837693,0
336.2043419801514,0.17496896121816993,769.8871416718667,1084.607697617894,0
336.6293084703794,0.18702703856261282,770.0184563173472,1081.617294436472,0
336.6293084703794,0.18545560608490566,770.0184563173472,1082.0070096909435,0
336.6293084703794,0.18283381665081982,770.0184563173472,1082.6572134705968,0
337.06106948298014,0.18493453056357717,770.1518704702409,1082.136236420233,0
337.06106948298014,0.17916218312996293,770.1518704702409,1083.5677785837693,0
337.48624186782547,0.17443967978311975,770.283248737158,1084.7389594137865,0
337.48624186782547,0.17076753339265524,770.283248737158,1085.6496517186215,0
337.48624186782547,0.1681544627418987,770.283248737158,1086.2976932400093,0
337.9112083580534,0.16658303026419158,770.4145633826384,1086.6874084944807,0
337.9112083580534,0.1644823163514342,770.4145633826384,1087.2083855448443,0
338.3363807428987,0.1644823163514342,770.5459416495556,1087.2083855448443,0
338.3363807428987,0.16395303491638402,770.5459416495556,1087.3396473407367,0
338.3363807428987,0.16343195939505553,770.5459416495556,1087.4688740700262,0
338.7613472331267,0.17024645787132675,770.6772562950362,1085.778878447911,0
338.7613472331267,0.16710410578552004,770.6772562950362,1086.5581817651912,0
339.1863137233546,0.17339752874046277,770.8085709405166,1084.9974128723652,0
339.1863137233546,0.1718178903490339,770.8085709405166,1085.3891631934396,0
339.1863137233546,0.17129681482770542,770.8085709405166,1085.518389922729,0
339.61828063057277,0.1802125400863416,770.9420487148469,1083.3072900585873,0
339.61828063057277,0.17864110760863444,770.9420487148469,1083.6970053130588,0
339.61828063057277,0.17496896121816993,770.9420487148469,1084.607697617894,0
340.0432471208007,0.18178345969444115,771.0733633603274,1082.9177019957788,0
340.0432471208007,0.18126289704272028,771.0733633603274,1083.0468015334054,0
340.4682136110287,0.18336361095547762,771.2046780058079,1082.5258244830416,0
340.4682136110287,0.18283381665081982,771.2046780058079,1082.6572134705968,0
340.4682136110287,0.18126289704272028,771.2046780058079,1083.0468015334054,0
340.893385995874,0.18231325399909895,771.336056272725,1082.7863130082235,0
340.893385995874,0.17916218312996293,771.336056272725,1083.5677785837693,0
341.32514700847474,0.17549003673949842,771.4694704256186,1084.4784708886045,0
341.32514700847474,0.17391860426179126,771.4694704256186,1084.868186143076,0
341.32514700847474,0.1723471717840841,771.4694704256186,1085.2579013975471,0
341.7501134987027,0.17443967978311975,771.6007850710992,1084.7389594137865,0
341.7501134987027,0.17339752874046277,771.6007850710992,1084.9974128723652,0
342.1818745113035,0.17024645787132675,771.7341992239927,1085.778878447911,0
342.1818745113035,0.1686750253936196,771.7341992239927,1086.1685937023824,0
342.1818745113035,0.16710410578552004,771.7341992239927,1086.5581817651912,0
342.600252373776,0.1718178903490339,771.8634779834968,1085.3891631934396,0
342.600252373776,0.17076753339265524,771.8634779834968,1085.6496517186215,0
343.0320133863768,0.17129681482770542,771.9968921363904,1085.518389922729,0
343.0320133863768,0.1692048196982774,771.9968921363904,1086.0372047148273,0
343.0320133863768,0.16762466843724091,771.9968921363904,1086.4290822275643,0
343.45039124884926,0.1718178903490339,772.1261708958943,1085.3891631934396,0
343.45039124884926,0.1686750253936196,772.1261708958943,1086.1685937023824,0
343.87535773907723,0.17391860426179126,772.2574855413749,1084.868186143076,0
343.87535773907723,0.17339752874046277,772.2574855413749,1084.9974128723652,0
344.30711875167805,0.1760193181745486,772.3908996942685,1084.347209092712,0
344.30711875167805,0.17549003673949842,772.3908996942685,1084.4784708886045,0
344.7322911365233,0.17391860426179126,772.5222779611856,1084.868186143076,0
344.7322911365233,0.16972538234999826,772.5222779611856,1085.9081051772005,0
344.7322911365233,0.16343195939505553,772.5222779611856,1087.4688740700262,0
345.1640521491241,0.15765089317811198,772.6556921140793,1088.9025784918283,0
345.1640521491241,0.15345767126631898,772.6556921140793,1089.942497525953,0
345.5822241169792,0.15871766196193407,772.7849072521466,1088.6380198334405,0
345.5822241169792,0.15345767126631898,772.7849072521466,1089.942497525953,0
345.5822241169792,0.1524073143099403,772.7849072521466,1090.202986051135,0
346.0141910241973,0.18545560608490566,772.9183850264769,1082.0070096909435,0
346.0141910241973,0.17759075065225577,772.9183850264769,1083.9574938382407,0
346.0141910241973,0.16762466843724091,772.9183850264769,1086.4290822275643,0
346.4323629920525,0.1880773955189915,773.0476001645442,1081.3568059112902,0
346.4323629920525,0.18597668160623415,773.0476001645442,1081.877782961654,0
346.86412400465326,0.18231325399909895,773.1810143174379,1082.7863130082235,0
346.86412400465326,0.1765403936958771,773.1810143174379,1084.2179823634226,0
346.86412400465326,0.1692048196982774,773.1810143174379,1086.0372047148273,0
347.2892963894986,0.16395303491638402,773.312392584355,1087.3396473407367,0
347.2892963894986,0.1613394513960199,773.312392584355,1087.9878160537871,0
347.72105740209935,0.1718178903490339,773.4458067372486,1085.3891631934396,0
347.72105740209935,0.16658303026419158,773.4458067372486,1086.6874084944807,0
347.72105740209935,0.16238160243867686,773.4458067372486,1087.7293625952082,0
348.1394352645719,0.17969146456501311,773.5750854967526,1083.4365167878768,0
348.1394352645719,0.17706967513092728,773.5750854967526,1084.0867205675302,0
348.57119627717265,0.1802125400863416,773.7084996496463,1083.3072900585873,0
348.57119627717265,0.17916218312996293,773.7084996496463,1083.5677785837693,0
348.57119627717265,0.17706967513092728,773.7084996496463,1084.0867205675302,0
348.99616276740056,0.17443967978311975,773.8398142951268,1084.7389594137865,0
348.99616276740056,0.17129681482770542,773.8398142951268,1085.518389922729,0
349.4279237800014,0.16658303026419158,773.9732284480204,1086.6874084944807,0
349.4279237800014,0.16081016996096972,773.9732284480204,1088.1190778496796,0
349.4279237800014,0.1571298176567835,773.9732284480204,1089.0318052211178,0
349.85309616484665,0.15555838517907633,774.1046067149376,1089.4215204755892,0
349.85309616484665,0.15502910374402615,774.1046067149376,1089.5527822714816,0
350.2780626550746,0.15555838517907633,774.235921360418,1089.4215204755892,0
350.2780626550746,0.15502910374402615,774.235921360418,1089.5527822714816,0
350.7030291453026,0.1618605269173484,774.3672360058985,1087.8585893244976,0
350.7030291453026,0.15765089317811198,774.3672360058985,1088.9025784918283,0
351.1282015301479,0.1728682473054126,774.4986142728156,1085.1286746682579,0
351.1282015301479,0.17024645787132675,774.4986142728156,1085.778878447911,0
351.1282015301479,0.16658303026419158,774.4986142728156,1086.6874084944807,0
351.55316802037584,0.18178345969444115,774.6299289182961,1082.9177019957788,0
351.55316802037584,0.17706967513092728,774.6299289182961,1084.0867205675302,0
351.98492903297665,0.18859847104031996,774.7633430711898,1081.2275791820007,0
351.98492903297665,0.1880773955189915,774.7633430711898,1081.3568059112902,0
351.98492903297665,0.18650596304128433,774.7633430711898,1081.7465211657616,0
352.410101417822,0.18545560608490566,774.8947213381069,1082.0070096909435,0
352.410101417822,0.18283381665081982,774.8947213381069,1082.6572134705968,0
352.8350679080499,0.18126289704272028,775.0260359835873,1083.0468015334054,0
352.8350679080499,0.17864110760863444,775.0260359835873,1083.6970053130588,0
352.8350679080499,0.17549003673949842,775.0260359835873,1084.4784708886045,0
353.26003439827787,0.1723471717840841,775.1573506290679,1085.2579013975471,0
353.26003439827787,0.17129681482770542,775.1573506290679,1085.518389922729,0
353.692001305496,0.17759075065225577,775.2908284033982,1083.9574938382407,0
353.692001305496,0.17443967978311975,775.2908284033982,1084.7389594137865,0
353.692001305496,0.17129681482770542,775.2908284033982,1085.518389922729,0
354.11696779572395,0.17969146456501311,775.4221430488786,1083.4365167878768,0
354.11696779572395,0.17916218312996293,775.4221430488786,1083.5677785837693,0
354.11696779572395,0.17706967513092728,775.4221430488786,1084.0867205675302,0
354.5487288083247,0.17443967978311975,775.5555572017723,1084.7389594137865,0
354.5487288083247,0.1718178903490339,775.5555572017723,1085.3891631934396,0
354.96710667079725,0.16972538234999826,775.6848359612763,1085.9081051772005,0
354.96710667079725,0.16710410578552004,775.6848359612763,1086.5581817651912,0
354.96710667079725,0.16605374882914137,775.6848359612763,1086.8186702903731,0
355.398867683398,0.16710410578552004,775.8182501141699,1086.5581817651912,0
355.398867683398,0.1655326733078129,775.8182501141699,1086.9478970196624,0
355.8170396512531,0.17391860426179126,775.9474652522372,1084.868186143076,0
355.8170396512531,0.1728682473054126,775.9474652522372,1085.1286746682579,0
355.8170396512531,0.16972538234999826,775.9474652522372,1085.9081051772005,0
356.24221203609846,0.1728682473054126,776.0788435191544,1085.1286746682579,0
356.24221203609846,0.1723471717840841,776.0788435191544,1085.2579013975471,0
356.6739730486992,0.17024645787132675,776.212257672048,1085.778878447911,0
356.6739730486992,0.16762466843724091,776.212257672048,1086.4290822275643,0
356.6739730486992,0.16343195939505553,776.212257672048,1087.4688740700262,0
357.0989395389272,0.15975981300459105,776.3435723175285,1088.3795663748615,0
357.0989395389272,0.1571298176567835,776.3435723175285,1089.0318052211178,0
357.5309064461453,0.15975981300459105,776.4770500918589,1088.3795663748615,0
357.5309064461453,0.1571298176567835,776.4770500918589,1089.0318052211178,0
357.5309064461453,0.1566005362217333,776.4770500918589,1089.1630670170102,0
357.94907841400044,0.1644823163514342,776.6062652299261,1087.2083855448443,0
357.94907841400044,0.16238160243867686,776.6062652299261,1087.7293625952082,0
358.3808394266012,0.17443967978311975,776.7396793828198,1084.7389594137865,0
358.3808394266012,0.1718178903490339,776.7396793828198,1085.3891631934396,0
358.3808394266012,0.1686750253936196,776.7396793828198,1086.1685937023824,0
358.79921728907374,0.17339752874046277,776.8689581423238,1084.9974128723652,0
358.79921728907374,0.1723471717840841,776.8689581423238,1085.2579013975471,0
359.2309783016745,0.17916218312996293,777.0023722952174,1083.5677785837693,0
359.2309783016745,0.17496896121816993,777.0023722952174,1084.607697617894,0
359.2309783016745,0.1723471717840841,777.0023722952174,1085.2579013975471,0
359.6559447919024,0.18336361095547762,777.1336869406979,1082.5258244830416,0
359.6559447919024,0.18283381665081982,777.1336869406979,1082.6572134705968,0
360.0879116991206,0.17916218312996293,777.2671647150282,1083.5677785837693,0
360.0879116991206,0.1760193181745486,777.2671647150282,1084.347209092712,0
360.5060836669757,0.1723471717840841,777.3963798530955,1085.2579013975471,0
360.5060836669757,0.16762466843724091,777.3963798530955,1086.4290822275643,0
360.5060836669757,0.16238160243867686,777.3963798530955,1087.7293625952082,0
360.93784467957653,0.15975981300459105,777.5297940059891,1088.3795663748615,0
360.93784467957653,0.15923873748326256,777.5297940059891,1088.508793104151,0
361.3630170644218,0.16291088387372707,777.6611722729064,1087.5981007993157,0
361.3630170644218,0.16081016996096972,777.6611722729064,1088.1190778496796,0
361.7947780770226,0.1618605269173484,777.7945864257999,1087.8585893244976,0
361.7947780770226,0.15871766196193407,777.7945864257999,1088.6380198334405,0
361.7947780770226,0.15083588183223315,777.7945864257999,1090.5927013056062,0
362.21974456725053,0.14402138335596196,777.9259010712804,1092.2826969277214,0
362.21974456725053,0.1382485230527401,777.9259010712804,1093.7143662829205,0
362.21974456725053,0.13667709057503294,777.9259010712804,1094.104081537392,0
362.6449169520959,0.14349210192091175,778.0572793381976,1092.4139587236139,0
362.6449169520959,0.1382485230527401,778.0572793381976,1093.7143662829205,0
363.0698834423238,0.1618605269173484,778.1885939836781,1087.8585893244976,0
363.0698834423238,0.15555838517907633,778.1885939836781,1089.4215204755892,0
363.0698834423238,0.14978552487585448,778.1885939836781,1090.853189830788,0
363.49484993255174,0.1650033918727627,778.3199086291585,1087.079158815555,0
363.92002231739707,0.16081016996096972,778.4512868960757,1088.1190778496796,0
363.92002231739707,0.1566005362217333,778.4512868960757,1089.1630670170102,0
363.92002231739707,0.15450802822269766,778.4512868960757,1089.6820090007711,0
364.35178332999783,0.15765089317811198,778.5847010489694,1088.9025784918283,0
364.35178332999783,0.15555838517907633,778.5847010489694,1089.4215204755892,0
364.77674982022586,0.16762466843724091,778.7160156944498,1086.4290822275643,0
364.77674982022586,0.1650033918727627,778.7160156944498,1087.079158815555,0
364.77674982022586,0.1613394513960199,778.7160156944498,1087.9878160537871,0
365.2019222050711,0.1681544627418987,778.847393961367,1086.2976932400093,0
365.2019222050711,0.1644823163514342,778.847393961367,1087.2083855448443,0
365.6268886952991,0.15765089317811198,778.9787086068474,1088.9025784918283,0
365.6268886952991,0.15083588183223315,778.9787086068474,1090.5927013056062,0
365.6268886952991,0.14664317279004777,778.9787086068474,1091.6324931480683,0
366.05864970789986,0.1503148063109047,779.112122759741,1090.7219280348957,0
366.05864970789986,0.14664317279004777,779.112122759741,1091.6324931480683,0
366.4838220927452,0.1692048196982774,779.2435010266582,1086.0372047148273,0
366.4838220927452,0.16238160243867686,779.2435010266582,1087.7293625952082,0
366.4838220927452,0.15607946070040482,779.2435010266582,1089.2922937462997,0
366.91558310534595,0.17443967978311975,779.3769151795519,1084.7389594137865,0
366.91558310534595,0.17391860426179126,779.3769151795519,1084.868186143076,0
367.3337550732011,0.17076753339265524,779.5061303176191,1085.6496517186215,0
367.3337550732011,0.16395303491638402,779.5061303176191,1087.3396473407367,0
367.3337550732011,0.1566005362217333,779.5061303176191,1089.1630670170102,0
367.76572198041924,0.1524073143099403,779.6396080919495,1090.202986051135,0
367.76572198041924,0.1503148063109047,779.6396080919495,1090.7219280348957,0
368.1838939482743,0.15765089317811198,779.7688232300168,1088.9025784918283,0
368.1838939482743,0.15397874678764747,779.7688232300168,1089.8132707966636,0
368.1838939482743,0.15083588183223315,779.7688232300168,1090.5927013056062,0
368.6090663331197,0.16028909443964123,779.900201496934,1088.248304578969,0
368.6090663331197,0.15923873748326256,779.900201496934,1088.508793104151,0
369.04082734572046,0.1566005362217333,780.0336156498275,1089.1630670170102,0
369.04082734572046,0.15397874678764747,780.0336156498275,1089.8132707966636,0
369.04082734572046,0.1524073143099403,780.0336156498275,1090.202986051135,0
369.46579383594843,0.15871766196193407,780.1649302953081,1088.6380198334405,0
369.46579383594843,0.1566005362217333,780.1649302953081,1089.1630670170102,0
369.46579383594843,0.1529283898312688,780.1649302953081,1090.0737593218455,0
369.8975548485492,0.16395303491638402,780.2983444482016,1087.3396473407367,0
369.8975548485492,0.1613394513960199,780.2983444482016,1087.9878160537871,0
370.3159327110216,0.17129681482770542,780.4276232077057,1085.518389922729,0
370.3159327110216,0.17024645787132675,780.4276232077057,1085.778878447911,0
370.3159327110216,0.16658303026419158,780.4276232077057,1086.6874084944807,0
370.74769372362243,0.1681544627418987,780.5610373605994,1086.2976932400093,0
370.74769372362243,0.16238160243867686,780.5610373605994,1087.7293625952082,0
371.1726602138504,0.15818017461316217,780.6923520060798,1088.7713166959359,0
371.1726602138504,0.1571298176567835,780.6923520060798,1089.0318052211178,0
371.1726602138504,0.1566005362217333,780.6923520060798,1089.1630670170102,0
371.6046271210686,0.16028909443964123,780.8258297804101,1088.248304578969,0
371.6046271210686,0.15975981300459105,780.8258297804101,1088.3795663748615,0
372.02279908892365,0.16291088387372707,780.9550449184774,1087.5981007993157,0
372.02279908892365,0.16028909443964123,780.9550449184774,1088.248304578969,0
372.02279908892365,0.15975981300459105,780.9550449184774,1088.3795663748615,0
372.45456010152446,0.16658303026419158,781.0884590713711,1086.6874084944807,0
372.45456010152446,0.16605374882914137,781.0884590713711,1086.8186702903731,0
372.87293796399695,0.16238160243867686,781.2177378308751,1087.7293625952082,0
372.87293796399695,0.15450802822269766,781.2177378308751,1089.6820090007711,0
372.87293796399695,0.14664317279004777,781.2177378308751,1091.6324931480683,0
373.30469897659776,0.14139959392187612,781.3511519837687,1092.9329007073748,0
373.30469897659776,0.1382485230527401,781.3511519837687,1093.7143662829205,0
373.72987136144303,0.1377274475314116,781.4825302506858,1093.84359301221,0
373.72987136144303,0.13667709057503294,781.4825302506858,1094.104081537392,0
373.72987136144303,0.13615601505370445,781.4825302506858,1094.2333082666814,0
374.1616323740438,0.14349210192091175,781.6159444035795,1092.4139587236139,0
374.1616323740438,0.14087851840054763,781.6159444035795,1093.0621274366642,0
374.58659886427176,0.14664317279004777,781.74725904906,1091.6324931480683,0
374.58659886427176,0.14611337848538997,781.74725904906,1091.7638821356234,0
374.58659886427176,0.1455928158336691,781.74725904906,1091.8929816732502,0
375.01156535449974,0.14454245887729042,781.8785736945404,1092.1534701984322,0
375.01156535449974,0.14402138335596196,781.8785736945404,1092.2826969277214,0
375.43673773934506,0.14611337848538997,782.0099519614575,1091.7638821356234,0
375.43673773934506,0.14454245887729042,782.0099519614575,1092.1534701984322,0
375.861704229573,0.14611337848538997,782.1412666069381,1091.7638821356234,0
375.861704229573,0.14454245887729042,782.1412666069381,1092.1534701984322,0
376.2868766144183,0.14139959392187612,782.2726448738553,1092.9329007073748,0
376.2868766144183,0.13982816144416896,782.2726448738553,1093.3226159618462,0
376.2868766144183,0.1382485230527401,782.2726448738553,1093.7143662829205,0
376.71863762701906,0.1377274475314116,782.4060590267488,1093.84359301221,0
377.1436041172471,0.13877780448779028,782.5373736722294,1093.583104487028,0
377.1436041172471,0.1377274475314116,782.5373736722294,1093.84359301221,0
377.56877650209236,0.1377274475314116,782.6687519391465,1093.84359301221,0
377.9937429923203,0.14087851840054763,782.800066584627,1093.0621274366642,0
377.9937429923203,0.1382485230527401,782.800066584627,1093.7143662829205,0
378.4255040049211,0.1455928158336691,782.9334807375205,1091.8929816732502,0
378.4255040049211,0.14349210192091175,782.9334807375205,1092.4139587236139,0
378.850470495149,0.1455928158336691,783.0647953830011,1091.8929816732502,0
378.850470495149,0.14349210192091175,783.0647953830011,1092.4139587236139,0
379.2824374023672,0.14192066944320458,783.1982731573314,1092.8036739780853,0
379.2824374023672,0.13877780448779028,783.1982731573314,1093.583104487028,0
379.2824374023672,0.13562673361865427,783.1982731573314,1094.3645700625739,0
379.7006093702223,0.13615601505370445,783.3274882953987,1094.2333082666814,0
379.7006093702223,0.13510565809732578,783.3274882953987,1094.4937967918634,0
380.1323703828231,0.14192066944320458,783.4609024482924,1092.8036739780853,0
380.1323703828231,0.14139959392187612,783.4609024482924,1092.9329007073748,0
380.1323703828231,0.13877780448779028,783.4609024482924,1093.583104487028,0
380.5507482452956,0.14507174031234063,783.5901812077963,1092.0222084025397,0
380.5507482452956,0.14297102639958328,783.5901812077963,1092.5431854529033,0
380.98250925789637,0.14821409239814734,783.72359536069,1091.2429050852595,0
380.98250925789637,0.14769352974642644,783.72359536069,1091.3720046228864,0
380.98250925789637,0.14716373544176864,783.72359536069,1091.5033936104414,0
381.4076816427417,0.15135695735356164,783.8549736276071,1090.463474576317,0
381.4076816427417,0.149264449354526,783.8549736276071,1090.9824165600776,0
381.8326481329696,0.15135695735356164,783.9862882730876,1090.463474576317,0
381.8326481329696,0.1487351679194758,783.9862882730876,1091.11367835597,0
381.8326481329696,0.14402138335596196,783.9862882730876,1092.2826969277214,0
382.2644091455704,0.13877780448779028,784.1197024259812,1093.583104487028,0
382.2644091455704,0.13458458257599729,784.1197024259812,1094.6230235211528,0
382.6961701581712,0.1309129490551404,784.2531165788748,1095.5335886343253,0
382.6961701581712,0.12881223514238305,784.2531165788748,1096.0545656846891,0
382.6961701581712,0.12724080266467588,784.2531165788748,1096.4442809391605,0
383.127931170772,0.12619865162201893,784.3865307317685,1096.7027343977395,0
383.5598980779901,0.1340553011409471,784.520008506099,1094.7542853170453,0
383.5598980779901,0.1309129490551404,784.520008506099,1095.5335886343253,0
383.5598980779901,0.12829115962105456,784.520008506099,1096.1837924139786,0
383.9848645682181,0.1382485230527401,784.6513231515794,1093.7143662829205,0
383.9848645682181,0.13562673361865427,784.6513231515794,1094.3645700625739,0
384.40983105844606,0.15555838517907633,784.7826377970598,1089.4215204755892,0
384.40983105844606,0.1487351679194758,784.7826377970598,1091.11367835597,0
384.40983105844606,0.14349210192091175,784.7826377970598,1092.4139587236139,0
384.8350034432914,0.16291088387372707,784.914016063977,1087.5981007993157,0
384.8350034432914,0.16081016996096972,784.914016063977,1088.1190778496796,0
385.2599699335193,0.1613394513960199,785.0453307094574,1087.9878160537871,0
385.2599699335193,0.15818017461316217,785.0453307094574,1088.7713166959359,0
385.2599699335193,0.1529283898312688,785.0453307094574,1090.0737593218455,0
385.69173094612006,0.14716373544176864,785.1787448623511,1091.5033936104414,0
385.69173094612006,0.13929888000911878,785.1787448623511,1093.4538777577386,0
385.69173094612006,0.13248386866323994,785.1787448623511,1095.1440005715165,0
386.1169033309654,0.12829115962105456,785.3101231292683,1096.1837924139786,0
386.1169033309654,0.12776187818600437,785.3101231292683,1096.315054209871,0
386.54186982119336,0.1309129490551404,785.4414377747487,1095.5335886343253,0
386.54186982119336,0.12934151657743323,785.4414377747487,1095.9233038887967,0
386.96683631142133,0.13196330601151907,785.5727524202291,1095.2731001091433,0
386.96683631142133,0.13143351170686127,785.5727524202291,1095.4044890966984,0
387.3985973240221,0.13248386866323994,785.7061665731228,1095.1440005715165,0
387.8169751864946,0.1335342256196186,785.8354453326268,1094.8835120463348,0
387.8169751864946,0.13196330601151907,785.8354453326268,1095.2731001091433,0
388.2555307214682,0.13615601505370445,785.9709589929337,1094.2333082666814,0
388.2555307214682,0.13562673361865427,785.9709589929337,1094.3645700625739,0
388.2555307214682,0.13510565809732578,785.9709589929337,1094.4937967918634,0
388.67390858394066,0.13510565809732578,786.1002377524377,1094.4937967918634,0
388.67390858394066,0.13458458257599729,786.1002377524377,1094.6230235211528,0
389.1056695965415,0.13667709057503294,786.2336519053313,1094.104081537392,0
389.1056695965415,0.13615601505370445,786.2336519053313,1094.2333082666814,0
389.52384156439655,0.13667709057503294,786.3628670433985,1094.104081537392,0
389.52384156439655,0.13615601505370445,786.3628670433985,1094.2333082666814,0
389.9558084716147,0.13720637201008312,786.4963448177289,1093.9728197414995,0
389.9558084716147,0.13667709057503294,786.4963448177289,1094.104081537392,0
389.9558084716147,0.13510565809732578,786.4963448177289,1094.4937967918634,0
390.37398043946985,0.1340553011409471,786.6255599557961,1094.7542853170453,0
390.37398043946985,0.13248386866323994,786.6255599557961,1095.1440005715165,0
390.8125359744435,0.13196330601151907,786.761073616103,1095.2731001091433,0
390.8125359744435,0.13143351170686127,786.761073616103,1095.4044890966984,0
391.2377083592888,0.12881223514238305,786.8924518830202,1096.0545656846891,0
391.2377083592888,0.12619865162201893,786.8924518830202,1096.7027343977395,0
391.66267484951675,0.12356865627421137,787.0237665285007,1097.3549732439956,0
391.66267484951675,0.12199722379650423,787.0237665285007,1097.744688498467,0
391.66267484951675,0.11937543436241839,787.0237665285007,1098.3948922781203,0
392.08764133974466,0.12094686684012555,787.1550811739811,1098.005177023649,0
392.08764133974466,0.11937543436241839,787.1550811739811,1098.3948922781203,0
392.50601920221715,0.12776187818600437,787.2843599334851,1096.315054209871,0
392.50601920221715,0.12724080266467588,787.2843599334851,1096.4442809391605,0
392.50601920221715,0.12409793770926157,787.2843599334851,1097.2237114481031,0
392.93778021481796,0.12566937018696872,787.4177740863787,1096.833996193632,0
392.93778021481796,0.12147614827517574,787.4177740863787,1097.8739152277565,0
393.3627467050459,0.11623308227661168,787.5490887318591,1099.1741955954003,0
393.3627467050459,0.11361129284252586,787.5490887318591,1099.8243993750536,0
393.3627467050459,0.11151878484349022,787.5490887318591,1100.3433413588145,0
393.79471361226405,0.11151878484349022,787.6825665061896,1100.3433413588145,0
393.79471361226405,0.11046842788711153,787.6825665061896,1100.6038298839965,0
394.2128855801192,0.12724080266467588,787.8117816442568,1096.4442809391605,0
394.2128855801192,0.11990522866707619,787.8117816442568,1098.2635032905653,0
394.2128855801192,0.11413236836385433,787.8117816442568,1099.6951726457642,0
394.64464659272,0.13615601505370445,787.9451957971504,1094.2333082666814,0
394.64464659272,0.1335342256196186,787.9451957971504,1094.8835120463348,0
395.0630244551924,0.13667709057503294,788.0744745566544,1094.104081537392,0
395.0630244551924,0.1340553011409471,788.0744745566544,1094.7542853170453,0
395.0630244551924,0.1309129490551404,788.0744745566544,1095.5335886343253,0
395.49478546779324,0.12619865162201893,788.2078887095481,1096.7027343977395,0
395.49478546779324,0.12094686684012555,788.2078887095481,1098.005177023649,0
395.926546480394,0.1157120067552832,788.3413028624417,1099.3034223246898,0
395.926546480394,0.11151878484349022,788.3413028624417,1100.3433413588145,0
395.926546480394,0.10993914645206135,788.3413028624417,1100.735091679889,0
396.35171886523926,0.11413236836385433,788.4726811293589,1099.6951726457642,0
396.35171886523926,0.1120398603648187,788.4726811293589,1100.214114629525,0
396.7766853554673,0.12094686684012555,788.6039957748394,1098.005177023649,0
396.7766853554673,0.11833379618936903,788.6039957748394,1098.6532185450367,0
396.7766853554673,0.11623308227661168,788.6039957748394,1099.1741955954003,0
397.2016518456952,0.12724080266467588,788.7353104203198,1096.4442809391605,0
397.2016518456952,0.12409793770926157,788.7353104203198,1097.2237114481031,0
397.62682423054054,0.12934151657743323,788.866688687237,1095.9233038887967,0
397.62682423054054,0.12881223514238305,788.866688687237,1096.0545656846891,0
397.62682423054054,0.12776187818600437,788.866688687237,1096.315054209871,0
398.0585852431413,0.12619865162201893,789.0001028401307,1096.7027343977395,0
398.0585852431413,0.12514829466564026,789.0001028401307,1096.9632229229212,0
398.0585852431413,0.12356865627421137,789.0001028401307,1097.3549732439956,0
398.48355173336927,0.12252650523155441,789.1314174856111,1097.6134267025745,0
398.48355173336927,0.12199722379650423,789.1314174856111,1097.744688498467,0
398.9087241182146,0.12199722379650423,789.2627957525283,1097.744688498467,0
399.3336906084425,0.12147614827517574,789.3941103980087,1097.8739152277565,0
399.7654516210433,0.12514829466564026,789.5275245509024,1096.9632229229212,0
399.7654516210433,0.12356865627421137,789.5275245509024,1097.3549732439956,0
399.7654516210433,0.12199722379650423,789.5275245509024,1097.744688498467,0
400.1838294835158,0.12566937018696872,789.6568033104063,1096.833996193632,0
400.1838294835158,0.12409793770926157,789.6568033104063,1097.2237114481031,0
400.6155904961166,0.1230475807528829,789.7902174633,1097.484199973285,0
400.6155904961166,0.12042579131879706,789.7902174633,1098.1344037529384,0
400.6155904961166,0.11675415779794017,789.7902174633,1099.0449688661108,0
401.04055698634454,0.11098950340844002,789.9215321087804,1100.474603154707,0
401.04055698634454,0.10679679436625464,789.9215321087804,1101.514394997169,0
401.4725238935627,0.10312464797579013,790.0550098831109,1102.4250873020042,0
401.4725238935627,0.10103213997675449,790.0550098831109,1102.944029285765,0
401.8906958614178,0.10574643740987597,790.1842250211781,1101.7748835223508,0
401.8906958614178,0.10260357245446165,790.1842250211781,1102.5543140312936,0
402.3224568740186,0.11623308227661168,790.3176391740717,1099.1741955954003,0
402.3224568740186,0.11308201140747566,790.3176391740717,1099.955661170946,0
402.3224568740186,0.10941807093073286,790.3176391740717,1100.8643184091784,0
402.7408347364911,0.12042579131879706,790.4469179335757,1098.1344037529384,0
402.7408347364911,0.11885487171069752,790.4469179335757,1098.5239918157472,0
403.1793902714647,0.12986259209876172,790.5824315938826,1095.7940771595072,0
403.1793902714647,0.1267197271433474,790.5824315938826,1096.57350766845,0
403.1793902714647,0.1230475807528829,790.5824315938826,1097.484199973285,0
403.60435676169266,0.12934151657743323,790.713746239363,1095.9233038887967,0
403.60435676169266,0.12514829466564026,790.713746239363,1096.9632229229212,0
404.0295291465379,0.11937543436241839,790.8451245062802,1098.3948922781203,0
404.0295291465379,0.115182725320233,790.8451245062802,1099.4346841205822,0
404.0295291465379,0.11256093588614718,790.8451245062802,1100.0848879002356,0
404.4544956367659,0.1120398603648187,790.9764391517606,1100.214114629525,0
404.4544956367659,0.11151878484349022,790.9764391517606,1100.3433413588145,0
404.8794621269939,0.11728343923299035,791.1077537972411,1098.9137070702184,0
404.8794621269939,0.11413236836385433,791.1077537972411,1099.6951726457642,0
404.8794621269939,0.11308201140747566,791.1077537972411,1099.955661170946,0
405.3046345118392,0.12776187818600437,791.2391320641583,1096.315054209871,0
405.3046345118392,0.1230475807528829,791.2391320641583,1097.484199973285,0
405.7296010020671,0.12829115962105456,791.3704467096387,1096.1837924139786,0
405.7296010020671,0.12409793770926157,791.3704467096387,1097.2237114481031,0
405.7296010020671,0.11885487171069752,791.3704467096387,1098.5239918157472,0
406.16136201466793,0.11466164979890453,791.5038608625324,1099.5639108498717,0
406.16136201466793,0.11308201140747566,791.5038608625324,1099.955661170946,0
406.5797398771404,0.1120398603648187,791.6331396220363,1100.214114629525,0
406.5797398771404,0.10993914645206135,791.6331396220363,1100.735091679889,0
406.5797398771404,0.10679679436625464,791.6331396220363,1101.514394997169,0
407.01150088974117,0.10312464797579013,791.76655377493,1102.4250873020042,0
407.01150088974117,0.10207429101941146,791.76655377493,1102.685575827186,0
407.42987875221365,0.10155321549808298,791.895832534434,1102.8148025564756,0
407.42987875221365,0.10103213997675449,791.895832534434,1102.944029285765,0
407.42987875221365,0.09945250158532562,791.895832534434,1103.3357796068394,0
407.86843428718726,0.10050285854170429,792.0313461947409,1103.0752910816575,0
407.86843428718726,0.09841035054266865,792.0313461947409,1103.5942330654182,0
408.29340077741523,0.11885487171069752,792.1626608402213,1098.5239918157472,0
408.29340077741523,0.11466164979890453,792.1626608402213,1099.5639108498717,0
408.29340077741523,0.10731735701797551,792.1626608402213,1101.3852954595422,0
408.71836726764315,0.11780451475431884,792.2939754857017,1098.7844803409291,0
408.71836726764315,0.11623308227661168,792.2939754857017,1099.1741955954003,0
408.71836726764315,0.11361129284252586,792.2939754857017,1099.8243993750536,0
409.1435396524885,0.10993914645206135,792.4253537526189,1100.735091679889,0
409.1435396524885,0.10365392941084033,792.4253537526189,1102.2938255061117,0
409.56850614271644,0.09841035054266865,792.5566683980993,1103.5942330654182,0
409.56850614271644,0.09525927967353263,792.5566683980993,1104.375698640964,0
409.56850614271644,0.09419251088971055,792.5566683980993,1104.6402572993518,0
409.99367852756177,0.10993914645206135,792.6880466650166,1100.735091679889,0
409.99367852756177,0.10207429101941146,792.6880466650166,1102.685575827186,0
410.42543954016253,0.12566937018696872,792.8214608179102,1096.833996193632,0
410.42543954016253,0.12042579131879706,792.8214608179102,1098.1344037529384,0
410.42543954016253,0.11623308227661168,792.8214608179102,1099.1741955954003,0
410.8504060303905,0.12881223514238305,792.9527754633906,1096.0545656846891,0
410.8504060303905,0.12829115962105456,792.9527754633906,1096.1837924139786,0
411.2753725206185,0.1267197271433474,793.0840901088711,1096.57350766845,0
411.2753725206185,0.12566937018696872,793.0840901088711,1096.833996193632,0
411.2753725206185,0.12409793770926157,793.0840901088711,1097.2237114481031,0
411.70054490546374,0.12356865627421137,793.2154683757883,1097.3549732439956,0
411.70054490546374,0.12199722379650423,793.2154683757883,1097.744688498467,0
412.13230591806456,0.11833379618936903,793.3488825286819,1098.6532185450367,0
412.13230591806456,0.11361129284252586,793.3488825286819,1099.8243993750536,0
412.13230591806456,0.10784715132263331,793.3488825286819,1101.253906471987,0
412.55068378053704,0.10626700006159684,793.4781612881859,1101.6457839847242,0
412.55068378053704,0.1041750049321688,793.4781612881859,1102.1645987768222,0
412.98923931551064,0.10260357245446165,793.6136749484928,1102.5543140312936,0
412.98923931551064,0.10103213997675449,793.6136749484928,1102.944029285765,0
412.98923931551064,0.10050285854170429,793.6136749484928,1103.0752910816575,0
413.4074112833658,0.10679679436625464,793.74289008656,1101.514394997169,0
413.4074112833658,0.10260357245446165,793.74289008656,1102.5543140312936,0
413.83917229596653,0.11308201140747566,793.8763042394536,1099.955661170946,0
413.83917229596653,0.11151878484349022,793.8763042394536,1100.3433413588145,0
413.83917229596653,0.11046842788711153,793.8763042394536,1100.6038298839965,0
414.257550158439,0.11780451475431884,794.0055829989576,1098.7844803409291,0
414.257550158439,0.115182725320233,794.0055829989576,1099.4346841205822,0
414.6893111710398,0.11833379618936903,794.1389971518513,1098.6532185450367,0
414.6893111710398,0.11675415779794017,794.1389971518513,1099.0449688661108,0
414.6893111710398,0.11308201140747566,794.1389971518513,1099.955661170946,0
415.1142776612678,0.10941807093073286,794.2703117973317,1100.8643184091784,0
415.1142776612678,0.10679679436625464,794.2703117973317,1101.514394997169,0
415.5462445684859,0.10574643740987597,794.4037895716622,1101.7748835223508,0
415.5462445684859,0.1041750049321688,794.4037895716622,1102.1645987768222,0
415.5462445684859,0.10050285854170429,794.4037895716622,1103.0752910816575,0
415.9712110587139,0.09893142606399714,794.5351042171426,1103.465006336129,0
415.9712110587139,0.09788106910761847,794.5351042171426,1103.7254948613106,0
416.3961775489418,0.10312464797579013,794.666418862623,1102.4250873020042,0
416.3961775489418,0.10260357245446165,794.666418862623,1102.5543140312936,0
416.3961775489418,0.09998178302037582,794.666418862623,1103.204517810947,0
416.8213499337872,0.09578907397819043,794.7977971295402,1104.244309653409,0
416.8213499337872,0.09419251088971055,794.7977971295402,1104.6402572993518,0
417.2463164240151,0.09735999358628998,794.9291117750206,1103.8547215906,0
417.2463164240151,0.0968307121512398,794.9291117750206,1103.9859833864925,0
417.2463164240151,0.09525927967353263,794.9291117750206,1104.375698640964,0
417.671282914243,0.09630963662991131,795.060426420501,1104.115210115782,0
417.671282914243,0.09525927967353263,795.060426420501,1104.375698640964,0
418.09645529908835,0.10469608045349729,795.1918046874183,1102.0353720475327,0
418.09645529908835,0.10365392941084033,795.1918046874183,1102.2938255061117,0
418.09645529908835,0.09893142606399714,795.1918046874183,1103.465006336129,0
418.5282163116891,0.10312464797579013,795.3252188403119,1102.4250873020042,0
418.5282163116891,0.10260357245446165,795.3252188403119,1102.5543140312936,0
418.94659417416165,0.12252650523155441,795.4544975998159,1097.6134267025745,0
418.94659417416165,0.115182725320233,795.4544975998159,1099.4346841205822,0
418.94659417416165,0.10731735701797551,795.4544975998159,1101.3852954595422,0
419.3783551867624,0.12829115962105456,795.5879117527096,1096.1837924139786,0
419.3783551867624,0.12724080266467588,795.5879117527096,1096.4442809391605,0
419.79652715461754,0.12566937018696872,795.7171268907767,1096.833996193632,0
419.79652715461754,0.12356865627421137,795.7171268907767,1097.3549732439956,0
419.79652715461754,0.11937543436241839,795.7171268907767,1098.3948922781203,0
420.23508268959114,0.11151878484349022,795.8526405510836,1100.3433413588145,0
420.23508268959114,0.10103213997675449,795.8526405510836,1102.944029285765,0
420.66025507443646,0.0920917969769532,795.9840188180009,1105.1612343497156,0
420.66025507443646,0.08947000754286737,795.9840188180009,1105.811438129369,0
420.66025507443646,0.0884278565002104,795.9840188180009,1106.069891587948,0
421.08522156466444,0.09788106910761847,796.1153334634813,1103.7254948613106,0
421.08522156466444,0.09366271658505275,796.1153334634813,1104.771646286907,0
421.5103939495097,0.10312464797579013,796.2467117303985,1102.4250873020042,0
421.5103939495097,0.10050285854170429,796.2467117303985,1103.0752910816575,0
421.9353604397377,0.10260357245446165,796.3780263758789,1102.5543140312936,0
421.9353604397377,0.09841035054266865,796.3780263758789,1103.5942330654182,0
422.3603269299656,0.09262107841200339,796.5093410213593,1105.0299725538232,0
422.3603269299656,0.0878985750651602,796.5093410213593,1106.2011533838404,0
422.3603269299656,0.08737749954383173,796.5093410213593,1106.3303801131299,0
422.7920879425664,0.09052036449924604,796.642755174253,1105.550949604187,0
422.7920879425664,0.0884278565002104,796.642755174253,1106.069891587948,0
423.21726032741174,0.09578907397819043,796.7741334411702,1104.244309653409,0
423.21726032741174,0.0920917969769532,796.7741334411702,1105.1612343497156,0
423.21726032741174,0.09157072145562471,796.7741334411702,1105.2904610790051,0
423.6422268176397,0.10731735701797551,796.9054480866506,1101.3852954595422,0
423.6422268176397,0.10103213997675449,796.9054480866506,1102.944029285765,0
424.067399202485,0.11937543436241839,797.0368263535678,1098.3948922781203,0
424.067399202485,0.1157120067552832,797.0368263535678,1099.3034223246898,0
424.067399202485,0.11256093588614718,797.0368263535678,1100.0848879002356,0
424.4991602150858,0.12356865627421137,797.1702405064615,1097.3549732439956,0
424.4991602150858,0.12252650523155441,797.1702405064615,1097.6134267025745,0
424.9173321829409,0.1230475807528829,797.2994556445287,1097.484199973285,0
424.9173321829409,0.12042579131879706,797.2994556445287,1098.1344037529384,0
424.9173321829409,0.11780451475431884,797.2994556445287,1098.7844803409291,0
425.3490931955417,0.11623308227661168,797.4328697974223,1099.1741955954003,0
425.3490931955417,0.11466164979890453,797.4328697974223,1099.5639108498717,0
425.774265580387,0.11098950340844002,797.5642480643396,1100.474603154707,0
425.774265580387,0.10574643740987597,797.5642480643396,1101.7748835223508,0
425.774265580387,0.09945250158532562,797.5642480643396,1103.3357796068394,0
426.20602659298777,0.09419251088971055,797.6976622172332,1104.6402572993518,0
426.20602659298777,0.08947000754286737,797.6976622172332,1105.811438129369,0
426.20602659298777,0.08527678563107438,797.6976622172332,1106.8513571634937,0
426.6244044554603,0.08422642867469571,797.8269409767372,1107.1118456886757,0
426.6244044554603,0.08265499619698854,797.8269409767372,1107.5015609431468,0
427.05616546806107,0.10626700006159684,797.9603551296308,1101.6457839847242,0
427.05616546806107,0.09893142606399714,797.9603551296308,1103.465006336129,0
427.05616546806107,0.09052036449924604,797.9603551296308,1105.550949604187,0
427.48113195828904,0.11623308227661168,798.0916697751113,1099.1741955954003,0
427.48113195828904,0.1120398603648187,798.0916697751113,1100.214114629525,0
427.9128929708898,0.12042579131879706,798.2250839280049,1098.1344037529384,0
427.9128929708898,0.11990522866707619,798.2250839280049,1098.2635032905653,0
427.9128929708898,0.11885487171069752,798.2250839280049,1098.5239918157472,0
428.3380653557351,0.11990522866707619,798.3564621949221,1098.2635032905653,0
428.3380653557351,0.11885487171069752,798.3564621949221,1098.5239918157472,0
428.76303184596304,0.11780451475431884,798.4877768404026,1098.7844803409291,0
428.76303184596304,0.11728343923299035,798.4877768404026,1098.9137070702184,0
428.76303184596304,0.11413236836385433,798.4877768404026,1099.6951726457642,0
429.18820423080837,0.10836771397435419,798.6191551073198,1101.1248069343603,0
429.18820423080837,0.10155321549808298,798.6191551073198,1102.8148025564756,0
429.61317072103634,0.09419251088971055,798.7504697528002,1104.6402572993518,0
429.61317072103634,0.09052036449924604,798.7504697528002,1105.550949604187,0
429.61317072103634,0.08947000754286737,798.7504697528002,1105.811438129369,0
430.03813721126426,0.09104964593429624,798.8817843982806,1105.4196878082946,0
430.03813721126426,0.08894893202153888,798.8817843982806,1105.9406648586585,0
430.4633095961096,0.10469608045349729,799.0131626651978,1102.0353720475327,0
430.4633095961096,0.09945250158532562,799.0131626651978,1103.3357796068394,0
430.4633095961096,0.09471307354143142,799.0131626651978,1104.5111577617251,0
430.89507060871034,0.10888878949568268,799.1465768180915,1100.9955802050708,0
430.89507060871034,0.10784715132263331,799.1465768180915,1101.253906471987,0
431.31324257656553,0.10731735701797551,799.2757919561587,1101.3852954595422,0
431.31324257656553,0.10469608045349729,799.2757919561587,1102.0353720475327,0
431.31324257656553,0.10260357245446165,799.2757919561587,1102.5543140312936,0
431.74520948378364,0.10312464797579013,799.4092697304891,1102.4250873020042,0
431.74520948378364,0.10207429101941146,799.4092697304891,1102.685575827186,0
432.1633814516387,0.11046842788711153,799.5384848685563,1100.6038298839965,0
432.1633814516387,0.10784715132263331,799.5384848685563,1101.253906471987,0
432.1633814516387,0.10469608045349729,799.5384848685563,1102.0353720475327,0
432.6019369866124,0.11308201140747566,799.6739985288632,1099.955661170946,0
432.6019369866124,0.1120398603648187,799.6739985288632,1100.214114629525,0
433.0269034768403,0.11256093588614718,799.8053131743436,1100.0848879002356,0
433.0269034768403,0.11046842788711153,799.8053131743436,1100.6038298839965,0
433.0269034768403,0.10784715132263331,799.8053131743436,1101.253906471987,0
433.45207586168567,0.10574643740987597,799.9366914412608,1101.7748835223508,0
433.45207586168567,0.10365392941084033,799.9366914412608,1102.2938255061117,0
433.8770423519136,0.10260357245446165,800.0680060867413,1102.5543140312936,0
433.8770423519136,0.10103213997675449,800.0680060867413,1102.944029285765,0
433.8770423519136,0.10050285854170429,800.0680060867413,1103.0752910816575,0
434.3022147367589,0.10050285854170429,800.1993843536585,1103.0752910816575,0
434.3022147367589,0.09945250158532562,800.1993843536585,1103.3357796068394,0
434.72718122698683,0.09788106910761847,800.3306989991389,1103.7254948613106,0
434.72718122698683,0.0968307121512398,800.3306989991389,1103.9859833864925,0
435.15894223958765,0.10312464797579013,800.4641131520326,1102.4250873020042,0
435.15894223958765,0.09998178302037582,800.4641131520326,1103.204517810947,0
435.58411462443297,0.115182725320233,800.5954914189498,1099.4346841205822,0
435.58411462443297,0.11098950340844002,800.5954914189498,1100.474603154707,0
435.58411462443297,0.10626700006159684,800.5954914189498,1101.6457839847242,0
436.0090811146609,0.11990522866707619,800.7268060644302,1098.2635032905653,0
436.0090811146609,0.11833379618936903,800.7268060644302,1098.6532185450367,0
436.43404760488886,0.11833379618936903,800.8581207099106,1098.6532185450367,0
436.43404760488886,0.11466164979890453,800.8581207099106,1099.5639108498717,0
436.43404760488886,0.11151878484349022,800.8581207099106,1100.3433413588145,0
436.8658086174896,0.10836771397435419,800.9915348628043,1101.1248069343603,0
436.8658086174896,0.10574643740987597,800.9915348628043,1101.7748835223508,0
437.28418647996216,0.10155321549808298,801.1208136223082,1102.8148025564756,0
437.28418647996216,0.09525927967353263,801.1208136223082,1104.375698640964,0
437.28418647996216,0.09052036449924604,801.1208136223082,1105.550949604187,0
437.7159474925629,0.08737749954383173,801.2542277752019,1106.3303801131299,0
437.7159474925629,0.08684821810878153,801.2542277752019,1106.4616419090223,0
438.14111987740824,0.08894893202153888,801.3856060421191,1105.9406648586585,0
438.14111987740824,0.08684821810878153,801.3856060421191,1106.4616419090223,0
438.572880890009,0.09893142606399714,801.5190201950128,1103.465006336129,0
438.572880890009,0.09314215393333188,801.5190201950128,1104.9007458245337,0
438.99105285786413,0.1120398603648187,801.64823533308,1100.214114629525,0
438.99105285786413,0.10836771397435419,801.64823533308,1101.1248069343603,0
438.99105285786413,0.1041750049321688,801.64823533308,1102.1645987768222,0
439.4230197650823,0.11466164979890453,801.7817131074104,1099.5639108498717,0
439.4230197650823,0.11413236836385433,801.7817131074104,1099.6951726457642,0
439.8479862553102,0.11361129284252586,801.9130277528908,1099.8243993750536,0
439.8479862553102,0.11151878484349022,801.9130277528908,1100.3433413588145,0
439.8479862553102,0.10836771397435419,801.9130277528908,1101.1248069343603,0
440.27974726791103,0.10626700006159684,802.0464419057845,1101.6457839847242,0
440.70471375813895,0.11361129284252586,802.1777565512649,1099.8243993750536,0
440.70471375813895,0.11151878484349022,802.1777565512649,1100.3433413588145,0
440.70471375813895,0.10941807093073286,802.1777565512649,1100.8643184091784,0
441.1298861429843,0.12042579131879706,802.3091348181821,1098.1344037529384,0
441.1298861429843,0.11623308227661168,802.3091348181821,1099.1741955954003,0
441.55485263321225,0.12409793770926157,802.4404494636625,1097.2237114481031,0
441.55485263321225,0.12356865627421137,802.4404494636625,1097.3549732439956,0
441.55485263321225,0.12094686684012555,802.4404494636625,1098.005177023649,0
441.9800250180576,0.11675415779794017,802.5718277305798,1099.0449688661108,0
441.9800250180576,0.11098950340844002,802.5718277305798,1100.474603154707,0
442.4049915082855,0.10784715132263331,802.7031423760602,1101.253906471987,0
442.4049915082855,0.10574643740987597,802.7031423760602,1101.7748835223508,0
442.4049915082855,0.1041750049321688,802.7031423760602,1102.1645987768222,0
442.8299579985134,0.10260357245446165,802.8344570215406,1102.5543140312936,0
443.2619249057316,0.11361129284252586,802.9679347958711,1099.8243993750536,0
443.2619249057316,0.10993914645206135,802.9679347958711,1100.735091679889,0
443.2619249057316,0.10574643740987597,802.9679347958711,1101.7748835223508,0
443.6800968735867,0.11885487171069752,803.0971499339382,1098.5239918157472,0
443.6800968735867,0.11623308227661168,803.0971499339382,1099.1741955954003,0
444.1118578861875,0.12147614827517574,803.2305640868319,1097.8739152277565,0
444.1118578861875,0.12094686684012555,803.2305640868319,1098.005177023649,0
444.1118578861875,0.11990522866707619,803.2305640868319,1098.2635032905653,0
444.53023574865995,0.11937543436241839,803.3598428463359,1098.3948922781203,0
444.53023574865995,0.11675415779794017,803.3598428463359,1099.0449688661108,0
444.9687912836336,0.115182725320233,803.4953565066428,1099.4346841205822,0
444.9687912836336,0.11256093588614718,803.4953565066428,1100.0848879002356,0
444.9687912836336,0.11046842788711153,803.4953565066428,1100.6038298839965,0
445.3937577738615,0.11151878484349022,803.6266711521232,1100.3433413588145,0
445.3937577738615,0.10993914645206135,803.6266711521232,1100.735091679889,0
445.8189301587069,0.12199722379650423,803.7580494190404,1097.744688498467,0
445.8189301587069,0.11833379618936903,803.7580494190404,1098.6532185450367,0
445.8189301587069,0.11466164979890453,803.7580494190404,1099.5639108498717,0
446.2438966489348,0.12514829466564026,803.8893640645208,1096.9632229229212,0
446.2438966489348,0.12409793770926157,803.8893640645208,1097.2237114481031,0
446.66886313916274,0.12776187818600437,804.0206787100012,1096.315054209871,0
446.66886313916274,0.12724080266467588,804.0206787100012,1096.4442809391605,0
446.66886313916274,0.1267197271433474,804.0206787100012,1096.57350766845,0
447.0940355240081,0.1267197271433474,804.1520569769185,1096.57350766845,0
447.0940355240081,0.12514829466564026,804.1520569769185,1096.9632229229212,0
447.5257965366089,0.12619865162201893,804.2854711298121,1096.7027343977395,0
447.5257965366089,0.12566937018696872,804.2854711298121,1096.833996193632,0
447.5257965366089,0.12461901323059006,804.2854711298121,1097.0944847188136,0
447.95076302683685,0.12514829466564026,804.4167857752925,1096.9632229229212,0
447.95076302683685,0.12147614827517574,804.4167857752925,1097.8739152277565,0
448.3759354116821,0.1157120067552832,804.5481640422098,1099.3034223246898,0
448.3759354116821,0.10993914645206135,804.5481640422098,1100.735091679889,0
448.3759354116821,0.10784715132263331,804.5481640422098,1101.253906471987,0
448.8009019019101,0.10941807093073286,804.6794786876902,1100.8643184091784,0
448.8009019019101,0.10836771397435419,804.6794786876902,1101.1248069343603,0
449.23266291451085,0.11308201140747566,804.8128928405838,1099.955661170946,0
449.23266291451085,0.10941807093073286,804.8128928405838,1100.8643184091784,0
449.23266291451085,0.10836771397435419,804.8128928405838,1101.1248069343603,0
449.65783529935624,0.12147614827517574,804.944271107501,1097.8739152277565,0
449.65783529935624,0.11780451475431884,804.944271107501,1098.7844803409291,0
450.089596311957,0.12514829466564026,805.0776852603947,1096.9632229229212,0
450.089596311957,0.12461901323059006,805.0776852603947,1097.0944847188136,0
450.089596311957,0.12409793770926157,805.0776852603947,1097.2237114481031,0
450.50776827981207,0.12042579131879706,805.2069003984619,1098.1344037529384,0
450.50776827981207,0.11833379618936903,805.2069003984619,1098.6532185450367,0
450.93973518703024,0.11675415779794017,805.3403781727923,1099.0449688661108,0
450.93973518703024,0.115182725320233,805.3403781727923,1099.4346841205822,0
450.93973518703024,0.11361129284252586,805.3403781727923,1099.8243993750536,0
451.35790715488537,0.11256093588614718,805.4695933108595,1100.0848879002356,0
451.35790715488537,0.11151878484349022,805.4695933108595,1100.3433413588145,0
451.7896681674862,0.11361129284252586,805.6030074637532,1099.8243993750536,0
451.7896681674862,0.10993914645206135,805.6030074637532,1100.735091679889,0
451.7896681674862,0.10941807093073286,805.6030074637532,1100.8643184091784,0
452.21484055233145,0.11728343923299035,805.7343857306704,1098.9137070702184,0
452.64660156493227,0.11780451475431884,805.8677998835641,1098.7844803409291,0
452.64660156493227,0.1157120067552832,805.8677998835641,1099.3034223246898,0
452.64660156493227,0.115182725320233,805.8677998835641,1099.4346841205822,0
453.078362577533,0.12147614827517574,806.0012140364577,1097.8739152277565,0
453.0789802613851,0.12409639910043875,806.001404900768,1097.2240930230912,0
453.0789802613851,0.12147460966635291,806.001404900768,1097.8742968027445,0
453.50394675161306,0.12514675605681744,806.1327195462484,1096.9636044979093,0
453.50394675161306,0.12357532357911027,806.1327195462484,1097.3533197523807,0
453.50394675161306,0.12147460966635291,806.1327195462484,1097.8742968027445,0
453.93591365883117,0.12671818853452457,806.2661973205788,1096.573889243438,0
453.93591365883117,0.1219956851876814,806.2661973205788,1097.745070073455,0
454.35408562668636,0.1366837578799318,806.3954124586461,1094.102428045777,0
454.35408562668636,0.13458304396717446,806.3954124586461,1094.623405096141,0
454.35408562668636,0.13091089757670996,806.3954124586461,1095.534097400976,0
454.7858466392871,0.13773411483631048,806.5288266115397,1093.8419395205951,0
454.7858466392871,0.13510411948850296,806.5288266115397,1094.4941783668514,0
455.21101902413244,0.13196125453308863,806.6602048784569,1095.273608875794,0
455.21101902413244,0.12881890244728192,806.6602048784569,1096.0529121930742,0
455.21101902413244,0.1261971130131961,806.6602048784569,1096.7031159727273,0
455.63598551436036,0.12514675605681744,806.7915195239374,1096.9636044979093,0
455.63598551436036,0.12357532357911027,806.7915195239374,1097.3533197523807,0
456.06095200458833,0.1330116114894673,806.9228341694178,1095.013120350612,0
456.06095200458833,0.12776854549090325,806.9228341694178,1096.3134007182562,0
456.06095200458833,0.12462568053548895,806.9228341694178,1097.0928312271988,0
456.4929189118065,0.14349825635620303,807.0563119437481,1092.4124324236618,0
456.4929189118065,0.13877626587896746,807.0563119437481,1093.5834860620162,0
456.9178854020344,0.14559076435523868,807.1876265892286,1091.893490439901,0
456.9178854020344,0.1450696888339102,807.1876265892286,1092.0227171691904,0
456.9178854020344,0.1445486133125817,807.1876265892286,1092.1519438984799,0
457.3428518922624,0.14717040274666754,807.3189412347091,1091.5017401188265,0
457.3428518922624,0.14664112131161736,807.3189412347091,1091.633001914719,0
457.7680242771077,0.14559076435523868,807.4503195016263,1091.893490439901,0
457.7680242771077,0.1408769797917248,807.4503195016263,1093.0625090116523,0
457.7680242771077,0.13563340092355314,807.4503195016263,1094.362916570959,0
458.19978528970853,0.13144017901176017,807.5837336545198,1095.4028356050835,0
458.19978528970853,0.12933946509900282,807.5837336545198,1095.9238126554474,0
458.62475177993645,0.12776854549090325,807.7150483000004,1096.3134007182562,0
458.62475177993645,0.12724746996957478,807.7150483000004,1096.4426274475456,0
459.0565127925372,0.1303898220553815,807.848462452894,1095.6633241302654,0
459.0565127925372,0.12986925940366062,807.848462452894,1095.7924236678923,0
459.4748906550097,0.1303898220553815,807.977741212398,1095.6633241302654,0
459.90665166761045,0.13249053596813884,808.1111553652917,1095.1423470799016,0
459.90665166761045,0.13091089757670996,808.1111553652917,1095.534097400976,0
460.325029530083,0.1450696888339102,808.2404341247956,1092.0227171691904,0
460.325029530083,0.14035590427039632,808.2404341247956,1093.1917357409418,0
460.325029530083,0.13563340092355314,808.2404341247956,1094.362916570959,0
460.75679054268375,0.15660720352663218,808.3738482776893,1089.1614135253953,0
460.75679054268375,0.15083434322341033,808.3738482776893,1090.5930828805942,0
461.1817570329117,0.1602875558308184,808.5051629231697,1088.2486861539571,0
461.1817570329117,0.15976648030948992,808.5051629231697,1088.3779128832466,0
461.61372394012983,0.15817812313473176,808.6386406975001,1088.7718254625865,0
461.61372394012983,0.15712776617835306,808.6386406975001,1089.0323139877685,0
462.031895907985,0.15398541409254637,808.7678558355673,1089.8116173050487,0
462.031895907985,0.1492629107457032,808.7678558355673,1090.9827981350657,0
462.031895907985,0.14296897492115285,808.7678558355673,1092.5436942195543,0
462.4636569205858,0.13773411483631048,808.901269988461,1093.8419395205951,0
462.4636569205858,0.13458304396717446,808.901269988461,1094.623405096141,0
462.8820347830582,0.1330116114894673,809.030548747965,1095.013120350612,0
462.8820347830582,0.13196125453308863,809.030548747965,1095.273608875794,0
462.8820347830582,0.13144017901176017,809.030548747965,1095.4028356050835,0
463.313795795659,0.13510411948850296,809.1639629008586,1094.4941783668514,0
463.313795795659,0.13249053596813884,809.1639629008586,1095.1423470799016,0
463.7455568082598,0.13877626587896746,809.2973770537523,1093.5834860620162,0
463.7455568082598,0.13825519035763897,809.2973770537523,1093.7127127913056,0
463.7455568082598,0.13773411483631048,809.2973770537523,1093.8419395205951,0
464.1707291931051,0.13930554731401765,809.4287553206694,1093.4522242661237,0
464.1707291931051,0.13773411483631048,809.4287553206694,1093.8419395205951,0
464.5956956833331,0.14401933187753152,809.5600699661499,1092.2832056943723,0
464.5956956833331,0.14349825635620303,809.5600699661499,1092.4124324236618,0
464.5956956833331,0.14244789939982436,809.5600699661499,1092.6729209488437,0
465.02066217356105,0.14244789939982436,809.6913846116304,1092.6729209488437,0
465.02066217356105,0.14192733674810348,809.6913846116304,1092.8020204864704,0
465.4458345584063,0.14612004579028887,809.8227628785476,1091.7622286440085,0
465.4458345584063,0.1445486133125817,809.8227628785476,1092.1519438984799,0
465.4458345584063,0.14349825635620303,809.8227628785476,1092.4124324236618,0
465.8708010486343,0.14979219218075338,809.954077524028,1090.8515363391732,0
465.8708010486343,0.14717040274666754,809.954077524028,1091.5017401188265,0
466.30256206123505,0.16290934526490425,810.0874916769216,1087.5984823743038,0
466.30256206123505,0.16133791278719709,810.0874916769216,1087.9881976287752,0
466.30256206123505,0.15503577104892505,810.0874916769216,1089.5511287798668,0
466.72093992370753,0.1602875558308184,810.2167704364256,1088.2486861539571,0
466.72093992370753,0.15398541409254637,810.2167704364256,1089.8116173050487,0
467.15270093630835,0.1492629107457032,810.3501845893193,1090.9827981350657,0
467.15270093630835,0.14664112131161736,810.3501845893193,1091.633001914719,0
467.15270093630835,0.1445486133125817,810.3501845893193,1092.1519438984799,0
467.57766742653627,0.14559076435523868,810.4814992347997,1091.893490439901,0
467.57766742653627,0.14401933187753152,810.4814992347997,1092.2832056943723,0
468.00283981138165,0.15765756048301086,810.6128775017169,1088.9009250002134,0
468.00283981138165,0.15293505713616767,810.6128775017169,1090.0721058302306,0
468.00283981138165,0.14769147826799603,810.6128775017169,1091.372513389537,0
468.42780630160956,0.15923719887443974,810.7441921471973,1088.509174679139,0
468.42780630160956,0.15871612335311125,810.7441921471973,1088.6384014084285,0
468.8595673142104,0.1555568465702535,810.877606300091,1089.4219020505773,0
468.8595673142104,0.15398541409254637,810.877606300091,1089.8116173050487,0
468.8595673142104,0.15345613265749616,810.877606300091,1089.9428791009411,0
469.28473969905565,0.15398541409254637,811.0089845670082,1089.8116173050487,0
469.28473969905565,0.15293505713616767,811.0089845670082,1090.0721058302306,0
469.70970618928357,0.15817812313473176,811.1402992124886,1088.7718254625865,0
469.70970618928357,0.15607740922197438,811.1402992124886,1089.2928025129504,0
469.70970618928357,0.1555568465702535,811.1402992124886,1089.4219020505773,0
470.13487857412895,0.15817812313473176,811.2716774794058,1088.7718254625865,0
470.13487857412895,0.15765756048301086,811.2716774794058,1088.9009250002134,0
470.5666395867297,0.1608168372658686,811.4050916322994,1088.1174243580647,0
470.5666395867297,0.15923719887443974,811.4050916322994,1088.509174679139,0
470.5666395867297,0.15871612335311125,811.4050916322994,1088.6384014084285,0
470.9916060769577,0.16342990791662512,811.5364062777799,1087.4693828366771,0
470.9916060769577,0.16290934526490425,811.5364062777799,1087.5984823743038,0
471.42336708955844,0.16342990791662512,811.6698204306736,1087.4693828366771,0
471.42336708955844,0.16186719422224727,811.6698204306736,1087.8569358328828,0
471.42336708955844,0.15976648030948992,811.6698204306736,1088.3779128832466,0
471.8417449520309,0.15712776617835306,811.7990991901776,1089.0323139877685,0
471.8417449520309,0.15345613265749616,811.7990991901776,1089.9428791009411,0
472.2735059646317,0.15031326770208187,811.9325133430712,1090.7223096098837,0
472.2735059646317,0.1492629107457032,811.9325133430712,1090.9827981350657,0
472.2735059646317,0.1487418352243747,811.9325133430712,1091.1120248643551,0
472.6918838271042,0.15712776617835306,812.0617921025752,1089.0323139877685,0
472.6918838271042,0.15293505713616767,812.0617921025752,1090.0721058302306,0
473.123644839705,0.16606041613404027,812.1952062554689,1086.817016798758,0
473.123644839705,0.16290934526490425,812.1952062554689,1087.5984823743038,0
473.123644839705,0.15976648030948992,812.1952062554689,1088.3779128832466,0
473.5486113299329,0.17234563317526128,812.3265209009493,1085.2582829725352,0
473.5486113299329,0.16972384374117547,812.3265209009493,1085.9084867521885,0
473.9803723425337,0.1728749146103115,812.4599350538429,1085.1270211766428,0
473.9803723425337,0.17077420069755414,812.4599350538429,1085.6479982270066,0
473.9803723425337,0.16763133574213981,812.4599350538429,1086.4274287359494,0
474.3987502050062,0.1644802648730038,812.5892138133469,1087.2088943114952,0
474.3987502050062,0.16395970222128292,812.5892138133469,1087.3379938491219,0
474.830511217607,0.16710205430708963,812.7226279662406,1086.5586905318419,0
474.830511217607,0.1650100591776616,812.7226279662406,1087.07750532394,0
474.830511217607,0.16395970222128292,812.7226279662406,1087.3379938491219,0
475.24888908007944,0.1749674226093471,812.8519067257445,1084.608079192882,0
475.24888908007944,0.17025312517622565,812.8519067257445,1085.777224956296,0
475.68065009268025,0.1791601316515325,812.9853208786382,1083.56828735042,0
475.68065009268025,0.17758869917382533,812.9853208786382,1083.9580026048914,0
475.68065009268025,0.176547061000776,812.9853208786382,1084.2163288718077,0
476.112411105281,0.1718245576539328,813.1187350315319,1085.3875097018247,0
476.112411105281,0.16395970222128292,813.1187350315319,1087.3379938491219,0
476.537377595509,0.15712776617835306,813.2500496770123,1089.0323139877685,0
476.537377595509,0.1524139816148392,813.2500496770123,1090.2013325595199,0
476.537377595509,0.14979219218075338,813.2500496770123,1090.8515363391732,0
476.9625499803543,0.14979219218075338,813.3814279439295,1090.8515363391732,0
476.9625499803543,0.1487418352243747,813.3814279439295,1091.1120248643551,0
477.3875164705822,0.16553062182938247,813.5127425894099,1086.9484057863133,0
477.3875164705822,0.15923719887443974,813.5127425894099,1088.509174679139,0
477.3875164705822,0.15398541409254637,813.5127425894099,1089.8116173050487,0
477.8124829608102,0.17234563317526128,813.6440572348903,1085.2582829725352,0
477.8124829608102,0.17077420069755414,813.6440572348903,1085.6479982270066,0
478.2376553456555,0.17077420069755414,813.7754355018076,1085.6479982270066,0
478.2376553456555,0.1686816926985185,813.7754355018076,1086.1669402107675,0
478.2376553456555,0.16710205430708963,813.7754355018076,1086.5586905318419,0
478.66941635825634,0.1650100591776616,813.9088496547012,1087.07750532394,0
478.66941635825634,0.16342990791662512,813.9088496547012,1087.4693828366771,0
479.08779422072877,0.16186719422224727,814.0381284142052,1087.8569358328828,0
479.08779422072877,0.15976648030948992,814.0381284142052,1088.3779128832466,0
479.08779422072877,0.15923719887443974,814.0381284142052,1088.509174679139,0
479.5195552333296,0.1608168372658686,814.1715425670988,1088.1174243580647,0
479.5195552333296,0.15976648030948992,814.1715425670988,1088.3779128832466,0
479.9377272011847,0.15976648030948992,814.300757705166,1088.3779128832466,0
479.9377272011847,0.15660720352663218,814.300757705166,1089.1614135253953,0
479.9377272011847,0.1524139816148392,814.300757705166,1090.2013325595199,0
480.3696941084029,0.15031326770208187,814.4342354794965,1090.7223096098837,0
480.3696941084029,0.14979219218075338,814.4342354794965,1090.8515363391732,0
480.7946605986308,0.15712776617835306,814.5655501249769,1089.0323139877685,0
480.7946605986308,0.15398541409254637,814.5655501249769,1089.8116173050487,0
480.7946605986308,0.15136362465846054,814.5655501249769,1090.4618210847018,0
481.22642161123156,0.16710205430708963,814.6989642778706,1086.5586905318419,0
481.22642161123156,0.16238826974357576,814.6989642778706,1087.7277091035933,0
481.65138810145953,0.178639056130204,814.830278923351,1083.6975140797094,0
481.65138810145953,0.1754967040443973,814.830278923351,1084.4768173969896,0
481.65138810145953,0.17234563317526128,814.830278923351,1085.2582829725352,0
482.0765604863048,0.17968941308658268,814.9616571902682,1083.4370255545275,0
482.0765604863048,0.178639056130204,814.9616571902682,1083.6975140797094,0
482.50152697653283,0.17601777956572578,815.0929718357486,1084.3475906677002,0
482.50152697653283,0.17391706565296844,815.0929718357486,1084.868567718064,0
482.50152697653283,0.17234563317526128,815.0929718357486,1085.2582829725352,0
482.9332879891336,0.17234563317526128,815.2263859886423,1085.2582829725352,0
482.9332879891336,0.1718245576539328,815.2263859886423,1085.3875097018247,0
483.3584603739789,0.17234563317526128,815.3577642555595,1085.2582829725352,0
483.3584603739789,0.1712952762188826,815.3577642555595,1085.5187714977171,0
483.3584603739789,0.17025312517622565,815.3577642555595,1085.777224956296,0
483.7902213865797,0.16920276821984698,815.491178408453,1086.037713481478,0
483.7902213865797,0.1686816926985185,815.491178408453,1086.1669402107675,0
484.20859924905216,0.16763133574213981,815.620457167957,1086.4274287359494,0
484.20859924905216,0.16658097878576114,815.620457167957,1086.6879172611314,0
484.20859924905216,0.16606041613404027,815.620457167957,1086.817016798758,0
484.6403602616529,0.17025312517622565,815.7538713208507,1085.777224956296,0
484.6403602616529,0.16763133574213981,815.7538713208507,1086.4274287359494,0
485.05853222950805,0.17339599013163995,815.883086458918,1084.9977944473533,0
485.05853222950805,0.1728749146103115,815.883086458918,1085.1270211766428,0
485.05853222950805,0.1712952762188826,815.883086458918,1085.5187714977171,0
485.49029324210886,0.1681524112634683,816.0165006118116,1086.29820200666,0
485.49029324210886,0.16342990791662512,816.0165006118116,1087.4693828366771,0
485.91546562695413,0.15871612335311125,816.1478788787288,1088.6384014084285,0
485.91546562695413,0.15503577104892505,816.1478788787288,1089.5511287798668,0
485.91546562695413,0.15293505713616767,816.1478788787288,1090.0721058302306,0
486.34722663955495,0.15398541409254637,816.2812930316225,1089.8116173050487,0
486.34722663955495,0.1524139816148392,816.2812930316225,1090.2013325595199,0
486.76560450202743,0.15817812313473176,816.4105717911265,1088.7718254625865,0
486.76560450202743,0.15660720352663218,816.4105717911265,1089.1614135253953,0
487.19736551462825,0.15712776617835306,816.54398594402,1089.0323139877685,0
487.19736551462825,0.15607740922197438,816.54398594402,1089.2928025129504,0
487.6155374824833,0.15817812313473176,816.6732010820873,1088.7718254625865,0
487.6155374824833,0.1555568465702535,816.6732010820873,1089.4219020505773,0
487.6155374824833,0.15503577104892505,816.6732010820873,1089.5511287798668,0
488.04750438970143,0.16763133574213981,816.8066788564178,1086.4274287359494,0
488.04750438970143,0.16290934526490425,816.8066788564178,1087.5984823743038,0
488.47926540230225,0.1823112025206685,816.9400930093113,1082.7868217748744,0
488.47926540230225,0.1791601316515325,816.9400930093113,1083.56828735042,0
488.47926540230225,0.17391706565296844,816.9400930093113,1084.868567718064,0
488.9042318925302,0.18545406747608284,817.0714076547918,1082.0073912659316,0
488.9042318925302,0.18493299195475435,817.0714076547918,1082.136617995221,0
489.3291983827582,0.18545406747608284,817.2027223002723,1082.0073912659316,0
489.3291983827582,0.1833615594770472,817.2027223002723,1082.5263332496925,0
489.3291983827582,0.18073977004296138,817.2027223002723,1083.1765370293456,0
489.75437076760346,0.17968941308658268,817.3341005671895,1083.4370255545275,0
490.17933725783143,0.17968941308658268,817.4654152126699,1083.4370255545275,0
490.17933725783143,0.1791601316515325,817.4654152126699,1083.56828735042,0
490.17933725783143,0.17758869917382533,817.4654152126699,1083.9580026048914,0
490.60450964267676,0.1754967040443973,817.5967934795871,1084.4768173969896,0
490.60450964267676,0.17339599013163995,817.5967934795871,1084.9977944473533,0
491.0362706552776,0.17077420069755414,817.7302076324808,1085.6479982270066,0
491.0362706552776,0.16763133574213981,817.7302076324808,1086.4274287359494,0
491.0362706552776,0.16342990791662512,817.7302076324808,1087.4693828366771,0
491.45444262313265,0.1602875558308184,817.859422770548,1088.2486861539571,0
491.45444262313265,0.15976648030948992,817.859422770548,1088.3779128832466,0
491.88640953035076,0.1686816926985185,817.9929005448784,1086.1669402107675,0
491.88640953035076,0.16606041613404027,817.9929005448784,1086.817016798758,0
491.88640953035076,0.16186719422224727,817.9929005448784,1087.8569358328828,0
492.30458149820595,0.1712952762188826,818.1221156829456,1085.5187714977171,0
492.30458149820595,0.17077420069755414,818.1221156829456,1085.6479982270066,0
492.7363425108067,0.16972384374117547,818.2555298358393,1085.9084867521885,0
492.7363425108067,0.16763133574213981,818.2555298358393,1086.4274287359494,0
492.7363425108067,0.1644802648730038,818.2555298358393,1087.2088943114952,0
493.1681035234075,0.16238826974357576,818.3889439887329,1087.7277091035933,0
493.1681035234075,0.16186719422224727,818.3889439887329,1087.8569358328828,0
493.5932759082528,0.17077420069755414,818.5203222556501,1085.6479982270066,0
493.5932759082528,0.16710205430708963,818.5203222556501,1086.5586905318419,0
493.5932759082528,0.16290934526490425,818.5203222556501,1087.5984823743038,0
494.01824239848077,0.1754967040443973,818.6516369011305,1084.4768173969896,0
494.01824239848077,0.17391706565296844,818.6516369011305,1084.868567718064,0
494.4434147833261,0.1754967040443973,818.7830151680478,1084.4768173969896,0
494.4434147833261,0.1718245576539328,818.7830151680478,1085.3875097018247,0
494.4434147833261,0.16763133574213981,818.7830151680478,1086.4274287359494,0
494.86838127355406,0.1650100591776616,818.9143298135282,1087.07750532394,0
494.86838127355406,0.16342990791662512,818.9143298135282,1087.4693828366771,0
495.293347763782,0.16342990791662512,819.0456444590086,1087.4693828366771,0
495.293347763782,0.16238826974357576,819.0456444590086,1087.7277091035933,0
495.7253146710001,0.16290934526490425,819.1791222333391,1087.5984823743038,0
495.7253146710001,0.16186719422224727,819.1791222333391,1087.8569358328828,0
496.15028116122807,0.15817812313473176,819.3104368788195,1088.7718254625865,0
496.15028116122807,0.15660720352663218,819.3104368788195,1089.1614135253953,0
496.15028116122807,0.1555568465702535,819.3104368788195,1089.4219020505773,0
496.57524765145604,0.15923719887443974,819.4417515242999,1088.509174679139,0
496.57524765145604,0.15660720352663218,819.4417515242999,1089.1614135253953,0
497.00700866405685,0.16763133574213981,819.5751656771935,1086.4274287359494,0
497.00700866405685,0.1644802648730038,819.5751656771935,1087.2088943114952,0
497.00700866405685,0.16186719422224727,819.5751656771935,1087.8569358328828,0
497.4253865265293,0.1728749146103115,819.7044444366975,1085.1270211766428,0
497.4253865265293,0.17077420069755414,819.7044444366975,1085.6479982270066,0
497.8571475391301,0.1712952762188826,819.8378585895912,1085.5187714977171,0
497.8571475391301,0.16658097878576114,819.8378585895912,1086.6879172611314,0
497.8571475391301,0.16238826974357576,819.8378585895912,1087.7277091035933,0
498.28231992397536,0.16133791278719709,819.9692368565084,1087.9881976287752,0
498.28231992397536,0.1602875558308184,819.9692368565084,1088.2486861539571,0
498.7140809365762,0.1712952762188826,820.102651009402,1085.5187714977171,0
498.7140809365762,0.16710205430708963,820.102651009402,1086.5586905318419,0
498.7140809365762,0.16395970222128292,820.102651009402,1087.3379938491219,0
499.1322529044313,0.17601777956572578,820.2318661474692,1084.3475906677002,0
499.1322529044313,0.17444634708801862,820.2318661474692,1084.7373059221716,0
499.5642198116494,0.17706813652210446,820.3653439217996,1084.0871021425182,0
499.5642198116494,0.176547061000776,820.3653439217996,1084.2163288718077,0
499.5642198116494,0.1728749146103115,820.3653439217996,1085.1270211766428,0
499.98239177950455,0.16710205430708963,820.4945590598669,1086.5586905318419,0
499.98239177950455,0.16133791278719709,820.4945590598669,1087.9881976287752,0
500.42094731447816,0.16710205430708963,820.6300727201738,1086.5586905318419,0
500.42094731447816,0.16290934526490425,820.6300727201738,1087.5984823743038,0
500.42094731447816,0.15976648030948992,820.6300727201738,1088.3779128832466,0
500.84591380470613,0.1718245576539328,820.7613873656542,1085.3875097018247,0
500.84591380470613,0.17025312517622565,820.7613873656542,1085.777224956296,0
501.2710861895514,0.1718245576539328,820.8927656325714,1085.3875097018247,0
501.2710861895514,0.17025312517622565,820.8927656325714,1085.777224956296,0
501.2710861895514,0.1681524112634683,820.8927656325714,1086.29820200666,0
501.69605267977937,0.16710205430708963,821.0240802780518,1086.5586905318419,0
501.69605267977937,0.16606041613404027,821.0240802780518,1086.817016798758,0
502.12122506462475,0.17601777956572578,821.155458544969,1084.3475906677002,0
502.12122506462475,0.16972384374117547,821.155458544969,1085.9084867521885,0
502.12122506462475,0.16658097878576114,821.155458544969,1086.6879172611314,0
502.54619155485267,0.18493299195475435,821.2867731904495,1082.136617995221,0
502.54619155485267,0.18126084556428984,821.2867731904495,1083.047310300056,0
502.9779525674535,0.18702549995379,821.4201873433431,1081.6176760114602,0
502.9779525674535,0.18597514299741133,821.4201873433431,1081.878164536642,0
502.9779525674535,0.18388263499837568,821.4201873433431,1082.397106520403,0
503.40312495229875,0.18021048860791117,821.5515656102602,1083.307798825238,0
503.40312495229875,0.17758869917382533,821.5515656102602,1083.9580026048914,0
503.8212969201539,0.1749674226093471,821.6807807483275,1084.608079192882,0
503.8212969201539,0.1728749146103115,821.6807807483275,1085.1270211766428,0
503.8212969201539,0.17025312517622565,821.6807807483275,1085.777224956296,0
504.25305793275464,0.1686816926985185,821.8141949012212,1086.1669402107675,0
504.25305793275464,0.16710205430708963,821.8141949012212,1086.5586905318419,0
504.6714357952271,0.1650100591776616,821.9434736607252,1087.07750532394,0
504.6714357952271,0.16186719422224727,821.9434736607252,1087.8569358328828,0
504.6714357952271,0.15923719887443974,821.9434736607252,1088.509174679139,0
505.1031968078279,0.15765756048301086,822.0768878136188,1088.9009250002134,0
505.1031968078279,0.15712776617835306,822.0768878136188,1089.0323139877685,0
505.5349578204287,0.1718245576539328,822.2103019665125,1085.3875097018247,0
505.5349578204287,0.16658097878576114,822.2103019665125,1086.6879172611314,0
505.5349578204287,0.16133791278719709,822.2103019665125,1087.9881976287752,0
505.9601302052741,0.1791601316515325,822.3416802334297,1083.56828735042,0
505.9601302052741,0.176547061000776,822.3416802334297,1084.2163288718077,0
506.385096695502,0.18440371051970417,822.4729948789101,1082.2678797911135,0
506.385096695502,0.182832278041997,822.4729948789101,1082.657595045585,0
506.385096695502,0.18178192108561833,822.4729948789101,1082.9180835707668,0
506.81006318573,0.1754967040443973,822.6043095243905,1084.4768173969896,0
506.81006318573,0.16658097878576114,822.6043095243905,1086.6879172611314,0
507.23523557057524,0.15976648030948992,822.7356877913077,1088.3779128832466,0
507.23523557057524,0.15871612335311125,822.7356877913077,1088.6384014084285,0
507.23523557057524,0.15712776617835306,822.7356877913077,1089.0323139877685,0
507.6602020608032,0.16553062182938247,822.8670024367882,1086.9484057863133,0
507.6602020608032,0.16238826974357576,822.8670024367882,1087.7277091035933,0
508.091963073404,0.16920276821984698,823.0004165896818,1086.037713481478,0
508.091963073404,0.1681524112634683,823.0004165896818,1086.29820200666,0
508.091963073404,0.16710205430708963,823.0004165896818,1086.5586905318419,0
508.5171354582493,0.1681524112634683,823.131794856599,1086.29820200666,0
508.5171354582493,0.1644802648730038,823.131794856599,1087.2088943114952,0
508.9421019484772,0.1602875558308184,823.2631095020795,1088.2486861539571,0
508.9421019484772,0.15817812313473176,823.2631095020795,1088.7718254625865,0
509.37386296107803,0.16972384374117547,823.3965236549731,1085.9084867521885,0
509.37386296107803,0.1644802648730038,823.3965236549731,1087.2088943114952,0
509.79224082355057,0.18388263499837568,823.5258024144771,1082.397106520403,0
509.79224082355057,0.18178192108561833,823.5258024144771,1082.9180835707668,0
509.79224082355057,0.176547061000776,823.5258024144771,1084.2163288718077,0
510.22400183615133,0.182832278041997,823.6592165673708,1082.657595045585,0
510.22400183615133,0.18021048860791117,823.6592165673708,1083.307798825238,0
510.6489683263793,0.17758869917382533,823.7905312128512,1083.9580026048914,0
510.6489683263793,0.176547061000776,823.7905312128512,1084.2163288718077,0
511.08072933898006,0.1754967040443973,823.9239453657448,1084.4768173969896,0
511.08072933898006,0.17339599013163995,823.9239453657448,1084.9977944473533,0
511.49910720145255,0.16920276821984698,824.0532241252488,1086.037713481478,0
511.49910720145255,0.1650100591776616,824.0532241252488,1087.07750532394,0
511.49910720145255,0.1608168372658686,824.0532241252488,1088.1174243580647,0
511.9308682140533,0.15765756048301086,824.1866382781425,1088.9009250002134,0
511.9308682140533,0.15398541409254637,824.1866382781425,1089.8116173050487,0
512.3492460765258,0.15871612335311125,824.3159170376464,1088.6384014084285,0
512.3492460765258,0.15345613265749616,824.3159170376464,1089.9428791009411,0
512.3492460765258,0.1524139816148392,824.3159170376464,1090.2013325595199,0
512.7810070891265,0.17234563317526128,824.4493311905401,1085.2582829725352,0
512.7810070891265,0.16606041613404027,824.4493311905401,1086.817016798758,0
513.2127681017273,0.17811849347848313,824.5827453434338,1083.8266136173363,0
513.2127681017273,0.17706813652210446,824.5827453434338,1084.0871021425182,0
513.2127681017273,0.17444634708801862,824.5827453434338,1084.7373059221716,0
513.6379404865726,0.1686816926985185,824.714123610351,1086.1669402107675,0
513.6379404865726,0.16342990791662512,824.714123610351,1087.4693828366771,0
514.0629069768007,0.1602875558308184,824.8454382558314,1088.2486861539571,0
514.0629069768007,0.15923719887443974,824.8454382558314,1088.509174679139,0
514.4878734670286,0.1650100591776616,824.9767529013118,1087.07750532394,0
514.4878734670286,0.16133791278719709,824.9767529013118,1087.9881976287752,0
514.9130458518739,0.17077420069755414,825.108131168229,1085.6479982270066,0
514.9130458518739,0.1686816926985185,825.108131168229,1086.1669402107675,0
515.3448068644747,0.1686816926985185,825.2415453211227,1086.1669402107675,0
515.3448068644747,0.16606041613404027,825.2415453211227,1086.817016798758,0
515.7697733547027,0.17025312517622565,825.3728599666031,1085.777224956296,0
515.7697733547027,0.16763133574213981,825.3728599666031,1086.4274287359494,0
515.7697733547027,0.16553062182938247,825.3728599666031,1086.9484057863133,0
516.1881512171751,0.17339599013163995,825.5021387261071,1084.9977944473533,0
516.1881512171751,0.1718245576539328,825.5021387261071,1085.3875097018247,0
516.6199122297759,0.18021048860791117,825.6355528790007,1083.307798825238,0
516.6199122297759,0.178639056130204,825.6355528790007,1083.6975140797094,0
516.6199122297759,0.1754967040443973,825.6355528790007,1084.4768173969896,0
517.0382900922483,0.18126084556428984,825.7648316385047,1083.047310300056,0
517.4700511048491,0.1833615594770472,825.8982457913984,1082.5263332496925,0
517.4700511048491,0.182832278041997,825.8982457913984,1082.657595045585,0
517.4700511048491,0.18126084556428984,825.8982457913984,1083.047310300056,0
517.9018121174499,0.1823112025206685,826.031659944292,1082.7868217748744,0
517.9018121174499,0.17811849347848313,826.031659944292,1083.8266136173363,0
518.326778607678,0.17391706565296844,826.1629745897725,1084.868567718064,0
518.326778607678,0.16972384374117547,826.1629745897725,1085.9084867521885,0
518.326778607678,0.16710205430708963,826.1629745897725,1086.5586905318419,0
518.7519509925232,0.1644802648730038,826.2943528566897,1087.2088943114952,0
518.7519509925232,0.16133791278719709,826.2943528566897,1087.9881976287752,0
519.1769174827512,0.16133791278719709,826.4256675021701,1087.9881976287752,0
519.1769174827512,0.1602875558308184,826.4256675021701,1088.2486861539571,0
519.6018839729792,0.16290934526490425,826.5569821476505,1087.5984823743038,0
520.0270563578244,0.16238826974357576,826.6883604145677,1087.7277091035933,0
520.0270563578244,0.16186719422224727,826.6883604145677,1087.8569358328828,0
520.0270563578244,0.16133791278719709,826.6883604145677,1087.9881976287752,0
520.4588173704252,0.1608168372658686,826.8217745674614,1088.1174243580647,0
520.4588173704252,0.15871612335311125,826.8217745674614,1088.6384014084285,0
520.8837838606531,0.15817812313473176,826.9530892129418,1088.7718254625865,0
520.8837838606531,0.15765756048301086,826.9530892129418,1088.9009250002134,0
521.3089562454984,0.15765756048301086,827.084467479859,1088.9009250002134,0
521.3089562454984,0.15712776617835306,827.084467479859,1089.0323139877685,0
521.7407172580993,0.1608168372658686,827.2178816327527,1088.1174243580647,0
521.7407172580993,0.15976648030948992,827.2178816327527,1088.3779128832466,0
521.7407172580993,0.15765756048301086,827.2178816327527,1088.9009250002134,0
522.1590951205718,0.16606041613404027,827.3471603922567,1086.817016798758,0
522.1590951205718,0.16290934526490425,827.3471603922567,1087.5984823743038,0
522.5908561331726,0.1833615594770472,827.4805745451503,1082.5263332496925,0
522.5908561331726,0.17706813652210446,827.4805745451503,1084.0871021425182,0
522.5908561331726,0.1712952762188826,827.4805745451503,1085.5187714977171,0
523.0360002959015,0.19226856595235406,827.6181240914335,1080.3173956438163,0
523.0360002959015,0.18912621386654735,827.6181240914335,1081.0966989610963,0
523.461172680747,0.19279784738740424,827.7495023583508,1080.1861338479239,0
523.461172680747,0.1912269277793047,827.7495023583508,1080.5757219107325,0
523.886139170975,0.18755478138884019,827.8808170038312,1081.4864142155677,0
523.886139170975,0.1833615594770472,827.8808170038312,1082.5263332496925,0
524.3113115558202,0.18021048860791117,828.0121952707484,1083.307798825238,0
524.3113115558202,0.178639056130204,828.0121952707484,1083.6975140797094,0
524.3113115558202,0.176547061000776,828.0121952707484,1084.2163288718077,0
524.7362780460481,0.17444634708801862,828.1435099162288,1084.7373059221716,0
524.7362780460481,0.17234563317526128,828.1435099162288,1085.2582829725352,0
525.1680390586489,0.17077420069755414,828.2769240691225,1085.6479982270066,0
525.1680390586489,0.1686816926985185,828.2769240691225,1086.1669402107675,0
525.1680390586489,0.16710205430708963,828.2769240691225,1086.5586905318419,0
525.5930055488769,0.16658097878576114,828.4082387146029,1086.6879172611314,0
526.0181779337222,0.17025312517622565,828.5396169815201,1085.777224956296,0
526.0181779337222,0.16920276821984698,828.5396169815201,1086.037713481478,0
526.0181779337222,0.1681524112634683,828.5396169815201,1086.29820200666,0
526.4431444239501,0.17339599013163995,828.6709316270005,1084.9977944473533,0
526.4431444239501,0.1712952762188826,828.6709316270005,1085.5187714977171,0
526.8749054365509,0.182832278041997,828.8043457798942,1082.657595045585,0
526.8749054365509,0.18073977004296138,828.8043457798942,1083.1765370293456,0
526.8749054365509,0.17706813652210446,828.8043457798942,1084.0871021425182,0
527.3000778213963,0.18126084556428984,828.9357240468114,1083.047310300056,0
527.3000778213963,0.178639056130204,828.9357240468114,1083.6975140797094,0
527.7250443116243,0.176547061000776,829.0670386922918,1084.2163288718077,0
527.7250443116243,0.1749674226093471,829.0670386922918,1084.608079192882,0
527.7250443116243,0.1712952762188826,829.0670386922918,1085.5187714977171,0
528.1502166964696,0.16658097878576114,829.198416959209,1086.6879172611314,0
528.1502166964696,0.16290934526490425,829.198416959209,1087.5984823743038,0
528.5751831866975,0.16658097878576114,829.3297316046895,1086.6879172611314,0
528.5751831866975,0.16395970222128292,829.3297316046895,1087.3379938491219,0
528.5751831866975,0.16238826974357576,829.3297316046895,1087.7277091035933,0
529.0001496769254,0.16972384374117547,829.4610462501699,1085.9084867521885,0
529.0001496769254,0.16920276821984698,829.4610462501699,1086.037713481478,0
529.4253220617708,0.178639056130204,829.5924245170871,1083.6975140797094,0
529.4253220617708,0.17391706565296844,829.5924245170871,1084.868567718064,0
529.4253220617708,0.1712952762188826,829.5924245170871,1085.5187714977171,0
529.8570830743715,0.18702549995379,829.7258386699808,1081.6176760114602,0
529.8570830743715,0.1833615594770472,829.7258386699808,1082.5263332496925,0
530.2820495645994,0.19541143090776836,829.8571533154612,1079.5379651348735,0
530.2820495645994,0.1943692798651114,829.8571533154612,1079.7964185934525,0
530.2820495645994,0.1912269277793047,829.8571533154612,1080.5757219107325,0
530.7138105772002,0.19279784738740424,829.9905674683548,1080.1861338479239,0
530.7138105772002,0.18755478138884019,829.9905674683548,1081.4864142155677,0
531.1321884396727,0.17968941308658268,830.1198462278588,1083.4370255545275,0
531.1321884396727,0.17339599013163995,830.1198462278588,1084.9977944473533,0
531.1321884396727,0.1686816926985185,830.1198462278588,1086.1669402107675,0
531.5639494522735,0.16606041613404027,830.2532603807525,1086.817016798758,0
531.5639494522735,0.16553062182938247,830.2532603807525,1086.9484057863133,0
531.9891218371189,0.17234563317526128,830.3846386476697,1085.2582829725352,0
531.9891218371189,0.16920276821984698,830.3846386476697,1086.037713481478,0
531.9891218371189,0.16553062182938247,830.3846386476697,1086.9484057863133,0
532.4208828497196,0.17706813652210446,830.5180528005633,1084.0871021425182,0
532.4208828497196,0.17601777956572578,830.5180528005633,1084.3475906677002,0
532.8390548175747,0.17706813652210446,830.6472679386305,1084.0871021425182,0
532.8390548175747,0.176547061000776,830.6472679386305,1084.2163288718077,0
533.2708158301756,0.17601777956572578,830.7806820915242,1084.3475906677002,0
533.2708158301756,0.1749674226093471,830.7806820915242,1084.608079192882,0
533.2708158301756,0.1728749146103115,830.7806820915242,1085.1270211766428,0
533.689193692648,0.16920276821984698,830.9099608510282,1086.037713481478,0
533.689193692648,0.16606041613404027,830.9099608510282,1086.817016798758,0
533.689193692648,0.16186719422224727,830.9099608510282,1087.8569358328828,0
534.1209547052488,0.15871612335311125,831.0433750039218,1088.6384014084285,0
534.1209547052488,0.15503577104892505,831.0433750039218,1089.5511287798668,0
534.546127090094,0.16186719422224727,831.174753270839,1087.8569358328828,0
534.546127090094,0.15765756048301086,831.174753270839,1088.9009250002134,0
534.546127090094,0.15450648961387484,831.174753270839,1089.6823905757592,0
534.9778881026949,0.16763133574213981,831.3081674237327,1086.4274287359494,0
534.9778881026949,0.16658097878576114,831.3081674237327,1086.6879172611314,0
535.4028545929228,0.16658097878576114,831.4394820692131,1086.6879172611314,0
535.4028545929228,0.16553062182938247,831.4394820692131,1086.9484057863133,0
535.8280269777682,0.16710205430708963,831.5708603361303,1086.5586905318419,0
535.8280269777682,0.16606041613404027,831.5708603361303,1086.817016798758,0
536.2529934679961,0.17339599013163995,831.7021749816108,1084.9977944473533,0
536.2529934679961,0.16920276821984698,831.7021749816108,1086.037713481478,0
536.6847544805969,0.18964677651826822,831.8355891345044,1080.9675994234697,0
536.6847544805969,0.18493299195475435,831.8355891345044,1082.136617995221,0
536.6847544805969,0.17968941308658268,831.8355891345044,1083.4370255545275,0
537.1097209708249,0.19174749043102557,831.9669037799848,1080.4466223731058,0
537.1097209708249,0.1906971334746469,831.9669037799848,1080.7071108982877,0
537.5348933556702,0.18702549995379,832.098282046902,1081.6176760114602,0
537.5348933556702,0.18073977004296138,832.098282046902,1083.1765370293456,0
537.5348933556702,0.17601777956572578,832.098282046902,1084.3475906677002,0
537.9598598458981,0.17706813652210446,832.2295966923825,1084.0871021425182,0
537.9598598458981,0.1749674226093471,832.2295966923825,1084.608079192882,0
538.3850322307434,0.18597514299741133,832.3609749592997,1081.878164536642,0
538.3850322307434,0.18545406747608284,832.3609749592997,1082.0073912659316,0
538.3850322307434,0.182832278041997,832.3609749592997,1082.657595045585,0
538.8099987209714,0.182832278041997,832.4922896047801,1082.657595045585,0
538.8099987209714,0.18021048860791117,832.4922896047801,1083.307798825238,0
539.2417597335722,0.178639056130204,832.6257037576738,1083.6975140797094,0
539.2417597335722,0.176547061000776,832.6257037576738,1084.2163288718077,0
539.2417597335722,0.1718245576539328,832.6257037576738,1085.3875097018247,0
539.6667262238001,0.16710205430708963,832.7570184031542,1086.5586905318419,0
539.6667262238001,0.16395970222128292,832.7570184031542,1087.3379938491219,0
540.0918986086455,0.176547061000776,832.8883966700714,1084.2163288718077,0
540.0918986086455,0.17077420069755414,832.8883966700714,1085.6479982270066,0
540.0918986086455,0.16606041613404027,832.8883966700714,1086.817016798758,0
540.5168650988734,0.1823112025206685,833.0197113155518,1082.7868217748744,0
540.5168650988734,0.18126084556428984,833.0197113155518,1083.047310300056,0
540.9420374837188,0.18021048860791117,833.151089582469,1083.307798825238,0
540.9420374837188,0.1754967040443973,833.151089582469,1084.4768173969896,0
540.9420374837188,0.16920276821984698,833.151089582469,1086.037713481478,0
541.3670039739467,0.16342990791662512,833.2824042279495,1087.4693828366771,0
541.3670039739467,0.15923719887443974,833.2824042279495,1088.509174679139,0
541.7919704641746,0.16133791278719709,833.41371887343,1087.9881976287752,0
541.7919704641746,0.15712776617835306,833.41371887343,1089.0323139877685,0
541.7919704641746,0.15660720352663218,833.41371887343,1089.1614135253953,0
542.2239373713927,0.17444634708801862,833.5471966477603,1084.7373059221716,0
542.2239373713927,0.1681524112634683,833.5471966477603,1086.29820200666,0
542.6489038616206,0.18388263499837568,833.6785112932407,1082.397106520403,0
542.6489038616206,0.1833615594770472,833.6785112932407,1082.5263332496925,0
542.6489038616206,0.18021048860791117,833.6785112932407,1083.307798825238,0
543.0806648742215,0.18126084556428984,833.8119254461344,1083.047310300056,0
543.0806648742215,0.17706813652210446,833.8119254461344,1084.0871021425182,0
543.499042736694,0.1728749146103115,833.9412042056384,1085.1270211766428,0
543.499042736694,0.16606041613404027,833.9412042056384,1086.817016798758,0
543.499042736694,0.16238826974357576,833.9412042056384,1087.7277091035933,0
543.9308037492948,0.1650100591776616,834.074618358532,1087.07750532394,0
543.9308037492948,0.16186719422224727,834.074618358532,1087.8569358328828,0
544.3557702395227,0.17234563317526128,834.2059330040125,1085.2582829725352,0
544.3557702395227,0.17025312517622565,834.2059330040125,1085.777224956296,0
544.3557702395227,0.1681524112634683,834.2059330040125,1086.29820200666,0
544.7875312521236,0.1791601316515325,834.3393471569061,1083.56828735042,0
544.7875312521236,0.1754967040443973,834.3393471569061,1084.4768173969896,0
545.205909114596,0.18126084556428984,834.4686259164101,1083.047310300056,0
545.205909114596,0.17758869917382533,834.4686259164101,1083.9580026048914,0
545.6376701271968,0.17444634708801862,834.6020400693037,1084.7373059221716,0
545.6376701271968,0.16972384374117547,834.6020400693037,1085.9084867521885,0
546.0560479896692,0.1644802648730038,834.7313188288077,1087.2088943114952,0
546.0560479896692,0.15923719887443974,834.7313188288077,1088.509174679139,0
546.0560479896692,0.15450648961387484,834.7313188288077,1089.6823905757592,0
546.48780900227,0.15398541409254637,834.8647329817014,1089.8116173050487,0
546.48780900227,0.1524139816148392,834.8647329817014,1090.2013325595199,0
546.912775492498,0.16710205430708963,834.9960476271818,1086.5586905318419,0
546.912775492498,0.16133791278719709,834.9960476271818,1087.9881976287752,0
546.912775492498,0.15765756048301086,834.9960476271818,1088.9009250002134,0
547.3445365050987,0.17706813652210446,835.1294617800755,1084.0871021425182,0
547.3445365050987,0.17234563317526128,835.1294617800755,1085.2582829725352,0
547.769708889944,0.1791601316515325,835.2608400469927,1083.56828735042,0
547.769708889944,0.17811849347848313,835.2608400469927,1083.8266136173363,0
547.769708889944,0.176547061000776,835.2608400469927,1084.2163288718077,0
548.194675380172,0.17601777956572578,835.3921546924731,1084.3475906677002,0
548.194675380172,0.1749674226093471,835.3921546924731,1084.608079192882,0
548.6198477650174,0.17811849347848313,835.5235329593903,1083.8266136173363,0
548.6198477650174,0.17758869917382533,835.5235329593903,1083.9580026048914,0
548.6198477650174,0.176547061000776,835.5235329593903,1084.2163288718077,0
549.0448142552453,0.17601777956572578,835.6548476048707,1084.3475906677002,0
549.0448142552453,0.1749674226093471,835.6548476048707,1084.608079192882,0
549.4765752678461,0.17444634708801862,835.7882617577644,1084.7373059221716,0
549.4765752678461,0.1728749146103115,835.7882617577644,1085.1270211766428,0
549.4765752678461,0.16972384374117547,835.7882617577644,1085.9084867521885,0
549.9017476526914,0.16553062182938247,835.9196400246816,1086.9484057863133,0
549.9017476526914,0.1644802648730038,835.9196400246816,1087.2088943114952,0
550.3267141429193,0.1686816926985185,836.050954670162,1086.1669402107675,0
550.3267141429193,0.16710205430708963,836.050954670162,1086.5586905318419,0
550.3267141429193,0.16553062182938247,836.050954670162,1086.9484057863133,0
550.7516806331473,0.16920276821984698,836.1822693156424,1086.037713481478,0
550.7516806331473,0.1686816926985185,836.1822693156424,1086.1669402107675,0
551.1768530179926,0.16658097878576114,836.3136475825597,1086.6879172611314,0
551.1768530179926,0.16606041613404027,836.3136475825597,1086.817016798758,0
551.6086140305933,0.16763133574213981,836.4470617354533,1086.4274287359494,0
551.6086140305933,0.16658097878576114,836.4470617354533,1086.6879172611314,0
552.0335805208214,0.1754967040443973,836.5783763809337,1084.4768173969896,0
552.0335805208214,0.1728749146103115,836.5783763809337,1085.1270211766428,0
552.0335805208214,0.17025312517622565,836.5783763809337,1085.777224956296,0
552.4587529056668,0.17811849347848313,836.709754647851,1083.8266136173363,0
552.4587529056668,0.17706813652210446,836.709754647851,1084.0871021425182,0
552.8837193958947,0.18073977004296138,836.8410692933314,1083.1765370293456,0
552.8837193958947,0.1791601316515325,836.8410692933314,1083.56828735042,0
552.8837193958947,0.178639056130204,836.8410692933314,1083.6975140797094,0
553.3086858861226,0.18440371051970417,836.9723839388118,1082.2678797911135,0
553.3086858861226,0.182832278041997,836.9723839388118,1082.657595045585,0
553.7338582709679,0.18597514299741133,837.103762205729,1081.878164536642,0
553.7338582709679,0.18388263499837568,837.103762205729,1082.397106520403,0
554.1588247611958,0.18178192108561833,837.2350768512094,1082.9180835707668,0
554.1588247611958,0.17968941308658268,837.2350768512094,1083.4370255545275,0
554.5905857737966,0.17758869917382533,837.3684910041031,1083.9580026048914,0
554.5905857737966,0.17234563317526128,837.3684910041031,1085.2582829725352,0
554.5905857737966,0.16606041613404027,837.3684910041031,1086.817016798758,0
555.0157581586419,0.16186719422224727,837.4998692710203,1087.8569358328828,0
555.4475191712427,0.1749674226093471,837.633283423914,1084.608079192882,0
555.4475191712427,0.16972384374117547,837.633283423914,1085.9084867521885,0
555.4475191712427,0.1650100591776616,837.633283423914,1087.07750532394,0
555.8656911390979,0.18073977004296138,837.7624985619811,1083.1765370293456,0
555.8656911390979,0.178639056130204,837.7624985619811,1083.6975140797094,0
556.2976580463161,0.1823112025206685,837.8959763363116,1082.7868217748744,0
556.2976580463161,0.18126084556428984,837.8959763363116,1083.047310300056,0
556.2976580463161,0.1791601316515325,837.8959763363116,1083.56828735042,0
556.722624536544,0.17444634708801862,838.027290981792,1084.7373059221716,0
556.722624536544,0.16920276821984698,838.027290981792,1086.037713481478,0
557.1543855491448,0.16553062182938247,838.1607051346857,1086.9484057863133,0
557.1543855491448,0.16342990791662512,838.1607051346857,1087.4693828366771,0
557.5727634116172,0.17339599013163995,838.2899838941897,1084.9977944473533,0
557.5727634116172,0.1681524112634683,838.2899838941897,1086.29820200666,0
558.004524424218,0.18493299195475435,838.4233980470833,1082.136617995221,0
558.004524424218,0.182832278041997,838.4233980470833,1082.657595045585,0
558.004524424218,0.1791601316515325,838.4233980470833,1083.56828735042,0
558.4229022866905,0.18807585691016868,838.5526768065873,1081.3571874862782,0
558.4229022866905,0.18702549995379,838.5526768065873,1081.6176760114602,0
558.8546632992912,0.18807585691016868,838.686090959481,1081.3571874862782,0
558.8546632992912,0.1865044244324615,838.686090959481,1081.7469027407496,0
558.8546632992912,0.18440371051970417,838.686090959481,1082.2678797911135,0
559.2796297895192,0.17968941308658268,838.8174056049614,1083.4370255545275,0
559.2796297895192,0.17444634708801862,838.8174056049614,1084.7373059221716,0
559.7113908021199,0.16763133574213981,838.950819757855,1086.4274287359494,0
559.7113908021199,0.15976648030948992,838.950819757855,1088.3779128832466,0
559.7113908021199,0.151884700179789,838.950819757855,1090.3325943554123,0
560.1365631869654,0.14717040274666754,839.0821980247722,1091.5017401188265,0
560.1365631869654,0.14664112131161736,839.0821980247722,1091.633001914719,0
560.5615296771933,0.1608168372658686,839.2135126702527,1088.1174243580647,0
560.5615296771933,0.15503577104892505,839.2135126702527,1089.5511287798668,0
560.5615296771933,0.14979219218075338,839.2135126702527,1090.8515363391732,0
560.9864961674213,0.17706813652210446,839.3448273157331,1084.0871021425182,0
560.9864961674213,0.16920276821984698,839.3448273157331,1086.037713481478,0
561.4116685522665,0.18597514299741133,839.4762055826503,1081.878164536642,0
561.4116685522665,0.1833615594770472,839.4762055826503,1082.5263332496925,0
561.8434295648673,0.18545406747608284,839.609619735544,1082.0073912659316,0
561.8434295648673,0.18126084556428984,839.609619735544,1083.047310300056,0
562.2683960550953,0.17811849347848313,839.7409343810244,1083.8266136173363,0
562.2683960550953,0.17391706565296844,839.7409343810244,1084.868567718064,0
562.2683960550953,0.17025312517622565,839.7409343810244,1085.777224956296,0
562.6935684399406,0.17025312517622565,839.8723126479416,1085.777224956296,0
562.6935684399406,0.1686816926985185,839.8723126479416,1086.1669402107675,0
563.1185349301685,0.17391706565296844,840.003627293422,1084.868567718064,0
563.1185349301685,0.17234563317526128,840.003627293422,1085.2582829725352,0
563.5435014203964,0.17601777956572578,840.1349419389024,1084.3475906677002,0
563.5435014203964,0.17444634708801862,840.1349419389024,1084.7373059221716,0
563.9754683276146,0.176547061000776,840.2684197132329,1084.2163288718077,0
563.9754683276146,0.1749674226093471,840.2684197132329,1084.608079192882,0
564.4004348178427,0.17391706565296844,840.3997343587133,1084.868567718064,0
564.4004348178427,0.1728749146103115,840.3997343587133,1085.1270211766428,0
564.8254013080706,0.1749674226093471,840.5310490041937,1084.608079192882,0
564.8254013080706,0.17339599013163995,840.5310490041937,1084.9977944473533,0
564.8254013080706,0.1728749146103115,840.5310490041937,1085.1270211766428,0
565.2505736929159,0.18021048860791117,840.6624272711109,1083.307798825238,0
565.2505736929159,0.17758869917382533,840.6624272711109,1083.9580026048914,0
565.6755401831438,0.18126084556428984,840.7937419165914,1083.047310300056,0
565.6755401831438,0.17968941308658268,840.7937419165914,1083.4370255545275,0
566.1007125679891,0.17758869917382533,840.9251201835086,1083.9580026048914,0
566.1007125679891,0.17444634708801862,840.9251201835086,1084.7373059221716,0
566.5256790582171,0.16920276821984698,841.056434828989,1086.037713481478,0
566.5256790582171,0.16342990791662512,841.056434828989,1087.4693828366771,0
566.5256790582171,0.1602875558308184,841.056434828989,1088.2486861539571,0
566.9574400708178,0.16342990791662512,841.1898489818827,1087.4693828366771,0
566.9574400708178,0.1602875558308184,841.1898489818827,1088.2486861539571,0
567.3824065610457,0.17811849347848313,841.3211636273631,1083.8266136173363,0
567.3824065610457,0.17391706565296844,841.3211636273631,1084.868567718064,0
567.3824065610457,0.1681524112634683,841.3211636273631,1086.29820200666,0
567.814373468264,0.18073977004296138,841.4546414016935,1083.1765370293456,0
568.2325454361192,0.17811849347848313,841.5838565397607,1083.8266136173363,0
568.2325454361192,0.17391706565296844,841.5838565397607,1084.868567718064,0
568.2325454361192,0.17025312517622565,841.5838565397607,1085.777224956296,0
568.6643064487199,0.1681524112634683,841.7172706926544,1086.29820200666,0
569.0894788335652,0.18126084556428984,841.8486489595716,1083.047310300056,0
569.0894788335652,0.1749674226093471,841.8486489595716,1084.608079192882,0
569.0894788335652,0.17077420069755414,841.8486489595716,1085.6479982270066,0
569.5212398461659,0.18545406747608284,841.9820631124652,1082.0073912659316,0
569.5212398461659,0.18493299195475435,841.9820631124652,1082.136617995221,0
569.9394118140211,0.1823112025206685,842.1112782505325,1082.7868217748744,0
569.9394118140211,0.178639056130204,842.1112782505325,1083.6975140797094,0
569.9394118140211,0.17444634708801862,842.1112782505325,1084.7373059221716,0
570.3713787212392,0.17025312517622565,842.2447560248629,1085.777224956296,0
570.3713787212392,0.16606041613404027,842.2447560248629,1086.817016798758,0
570.7895506890943,0.16238826974357576,842.3739711629302,1087.7277091035933,0
570.7895506890943,0.1608168372658686,842.3739711629302,1088.1174243580647,0
570.7895506890943,0.1602875558308184,842.3739711629302,1088.2486861539571,0
571.2213117016951,0.16342990791662512,842.5073853158237,1087.4693828366771,0
571.2213117016951,0.16133791278719709,842.5073853158237,1087.9881976287752,0
571.6464840865403,0.1686816926985185,842.6387635827409,1086.1669402107675,0
571.6464840865403,0.16606041613404027,842.6387635827409,1086.817016798758,0
572.0782450991412,0.17811849347848313,842.7721777356346,1083.8266136173363,0
572.0782450991412,0.1754967040443973,842.7721777356346,1084.4768173969896,0
572.0782450991412,0.1718245576539328,842.7721777356346,1085.3875097018247,0
572.5032115893692,0.17811849347848313,842.903492381115,1083.8266136173363,0
572.5032115893692,0.17758869917382533,842.903492381115,1083.9580026048914,0
572.9283839742145,0.17706813652210446,843.0348706480322,1084.0871021425182,0
572.9283839742145,0.1754967040443973,843.0348706480322,1084.4768173969896,0
573.3533504644424,0.1728749146103115,843.1661852935127,1085.1270211766428,0
573.3533504644424,0.1712952762188826,843.1661852935127,1085.5187714977171,0
573.3533504644424,0.16972384374117547,843.1661852935127,1085.9084867521885,0
573.7785228492878,0.1749674226093471,843.2975635604299,1084.608079192882,0
573.7785228492878,0.1712952762188826,843.2975635604299,1085.5187714977171,0
574.2102838618886,0.17758869917382533,843.4309777133235,1083.9580026048914,0
574.2102838618886,0.17444634708801862,843.4309777133235,1084.7373059221716,0
574.6352503521165,0.1712952762188826,843.5622923588039,1085.5187714977171,0
574.6352503521165,0.16972384374117547,843.5622923588039,1085.9084867521885,0
575.0602168423444,0.16920276821984698,843.6936070042844,1086.037713481478,0
575.0602168423444,0.1681524112634683,843.6936070042844,1086.29820200666,0
575.0602168423444,0.16658097878576114,843.6936070042844,1086.6879172611314,0
575.4853892271897,0.16290934526490425,843.8249852712016,1087.5984823743038,0
575.4853892271897,0.15976648030948992,843.8249852712016,1088.3779128832466,0
575.9103557174177,0.15976648030948992,843.956299916682,1088.3779128832466,0
575.9103557174177,0.15871612335311125,843.956299916682,1088.6384014084285,0
576.3421167300185,0.16238826974357576,844.0897140695757,1087.7277091035933,0
576.3421167300185,0.16186719422224727,844.0897140695757,1087.8569358328828,0
576.7672891148638,0.16658097878576114,844.2210923364929,1086.6879172611314,0
576.7672891148638,0.16342990791662512,844.2210923364929,1087.4693828366771,0
577.1922556050918,0.18545406747608284,844.3524069819733,1082.0073912659316,0
577.1922556050918,0.17811849347848313,844.3524069819733,1083.8266136173363,0
577.1922556050918,0.1712952762188826,844.3524069819733,1085.5187714977171,0
577.616810306085,0.19332097438716314,844.4835943845802,1080.0563983519837,0
577.616810306085,0.191749541909456,844.4835943845802,1080.446113606455,0
577.6172220953198,0.19174749043102557,844.4837216274537,1080.4466223731058,0
578.041776796313,0.19279989886583468,844.6149090300606,1080.185625081273,0
578.041776796313,0.19227061743078447,844.6149090300606,1080.3168868771656,0
578.041776796313,0.18964882799669866,844.6149090300606,1080.9670906568188,0
578.4669491811583,0.1864977571275626,844.7462872969779,1081.7485562323645,0
578.4669491811583,0.18283432952042744,844.7462872969779,1082.657086278934,0
578.8919156713862,0.1802125400863416,844.8776019424583,1083.3072900585873,0
578.8919156713862,0.17916218312996293,844.8776019424583,1083.5677785837693,0
578.8919156713862,0.17863290169491275,844.8776019424583,1083.6990403796617,0
579.323676683987,0.18544740017118394,845.0110160953519,1082.0090447575465,0
579.323676683987,0.18178397256404877,845.0110160953519,1082.917574804116,0
579.7488490688323,0.1880773955189915,845.1423943622691,1081.3568059112902,0
579.7488490688323,0.18544740017118394,845.1423943622691,1082.0090447575465,0
580.1806100814331,0.1807336156076701,845.2758085151628,1083.1780633292979,0
580.1806100814331,0.1760193181745486,845.2758085151628,1084.347209092712,0
580.5987820492883,0.17339752874046277,845.40502365323,1084.9974128723652,0
580.5987820492883,0.1723471717840841,845.40502365323,1085.2579013975471,0
581.0307489565064,0.17706146921720559,845.5385014275604,1084.0887556341331,0
581.0307489565064,0.17496896121816993,845.5385014275604,1084.607697617894,0
581.4557154467343,0.18335489217214831,845.6698160730409,1082.5279867413074,0
581.4557154467343,0.18230453521576964,845.6698160730409,1082.7884752664893,0
581.4557154467343,0.17968325865129142,845.6698160730409,1083.4385518544798,0
581.8874764593352,0.18230453521576964,845.8032302259345,1082.7884752664893,0
581.8874764593352,0.17968325865129142,845.8032302259345,1083.4385518544798,0
582.3058543218076,0.1765403936958771,845.9325089854385,1084.2179823634226,0
582.3058543218076,0.17443967978311975,845.9325089854385,1084.7389594137865,0
582.3058543218076,0.1728682473054126,845.9325089854385,1085.1286746682579,0
582.7376153344084,0.17391860426179126,846.0659231383322,1084.868186143076,0
582.7376153344084,0.1728682473054126,846.0659231383322,1085.1286746682579,0
583.1559931968808,0.17863290169491275,846.1952018978361,1083.6990403796617,0
583.1559931968808,0.1765403936958771,846.1952018978361,1084.2179823634226,0
583.1559931968808,0.17549003673949842,846.1952018978361,1084.4784708886045,0
583.5877542094817,0.18283432952042744,846.3286160507298,1082.657086278934,0
583.5877542094817,0.1802125400863416,846.3286160507298,1083.3072900585873,0
584.0127206997096,0.184405249128527,846.4599306962102,1082.2674982161254,0
584.0127206997096,0.18283432952042744,846.4599306962102,1082.657086278934,0
584.0127206997096,0.1807336156076701,846.4599306962102,1083.1780633292979,0
584.4444817123103,0.17759075065225577,846.5933448491039,1083.9574938382407,0
584.4444817123103,0.17443967978311975,846.5933448491039,1084.7389594137865,0
584.8696540971557,0.1718178903490339,846.7247231160211,1085.3891631934396,0
584.8696540971557,0.17129681482770542,846.7247231160211,1085.518389922729,0
584.8696540971557,0.17076753339265524,846.7247231160211,1085.6496517186215,0
585.2946205873836,0.17339752874046277,846.8560377615015,1084.9974128723652,0
585.2946205873836,0.1718178903490339,846.8560377615015,1085.3891631934396,0
585.7195870776117,0.18335489217214831,846.9873524069819,1082.5279867413074,0
585.7195870776117,0.18125417825939097,846.9873524069819,1083.0489637916712,0
585.7195870776117,0.1765403936958771,846.9873524069819,1084.2179823634226,0
586.1447594624569,0.18335489217214831,847.1187306738991,1082.5279867413074,0
586.1447594624569,0.18230453521576964,847.1187306738991,1082.7884752664893,0
586.5765204750577,0.17916218312996293,847.2521448267928,1083.5677785837693,0
586.5765204750577,0.17443967978311975,847.2521448267928,1084.7389594137865,0
586.5765204750577,0.1686755382632272,847.2521448267928,1086.1684665107198,0
587.0014869652856,0.16395303491638402,847.3834594722732,1087.3396473407367,0
587.0014869652856,0.15975981300459105,847.3834594722732,1088.3795663748615,0
587.426659350131,0.1655326733078129,847.5148377391904,1086.9478970196624,0
587.426659350131,0.16028909443964123,847.5148377391904,1088.248304578969,0
587.426659350131,0.15871766196193407,847.5148377391904,1088.6380198334405,0
587.8516258403589,0.1807336156076701,847.6461523846709,1083.1780633292979,0
587.8516258403589,0.1728682473054126,847.6461523846709,1085.1286746682579,0
588.2765923305868,0.18859847104031996,847.7774670301513,1081.2275791820007,0
588.2765923305868,0.1864977571275626,847.7774670301513,1081.7485562323645,0
588.7085592378049,0.18702703856261282,847.9109448044817,1081.617294436472,0
588.7085592378049,0.18544740017118394,847.9109448044817,1082.0090447575465,0
589.133525728033,0.1807336156076701,848.0422594499621,1083.1780633292979,0
589.133525728033,0.17391860426179126,848.0422594499621,1084.868186143076,0
589.133525728033,0.16762518130684853,848.0422594499621,1086.4289550359017,0
589.5652867406338,0.1650033918727627,848.1756736028558,1087.079158815555,0
589.5652867406338,0.1644823163514342,848.1756736028558,1087.2083855448443,0
589.9836646031063,0.1686755382632272,848.3049523623598,1086.1684665107198,0
589.9836646031063,0.16710410578552004,848.3049523623598,1086.5581817651912,0
590.4086310933342,0.17496896121816993,848.4362670078402,1084.607697617894,0
590.4086310933342,0.17076753339265524,848.4362670078402,1085.6496517186215,0
590.8338034781794,0.18492632464985548,848.5676452747574,1082.138271486836,0
590.8338034781794,0.18335489217214831,848.5676452747574,1082.5279867413074,0
590.8338034781794,0.1802125400863416,848.5676452747574,1083.3072900585873,0
591.2587699684075,0.18388468647680611,848.6989599202378,1082.396597753752,0
591.2587699684075,0.18335489217214831,848.6989599202378,1082.5279867413074,0
591.6905309810082,0.18125417825939097,848.8323740731315,1083.0489637916712,0
591.6905309810082,0.17811182617358426,848.8323740731315,1083.8282671089512,0
591.6905309810082,0.17496896121816993,848.8323740731315,1084.607697617894,0
592.1154974712362,0.1718178903490339,848.9636887186119,1085.3891631934396,0
592.1154974712362,0.17076753339265524,848.9636887186119,1085.6496517186215,0
592.5474643784543,0.17706146921720559,849.0971664929424,1084.0887556341331,0
592.5474643784543,0.17391860426179126,849.0971664929424,1084.868186143076,0
592.5474643784543,0.1718178903490339,849.0971664929424,1085.3891631934396,0
592.979225391055,0.17968325865129142,849.230580645836,1083.4385518544798,0
593.4109864036559,0.17863290169491275,849.3639947987297,1083.6990403796617,0
593.4109864036559,0.1765403936958771,849.3639947987297,1084.2179823634226,0
593.4109864036559,0.17443967978311975,849.3639947987297,1084.7389594137865,0
593.8293642661284,0.1718178903490339,849.4932735582337,1085.3891631934396,0
593.8293642661284,0.16972589521960588,849.4932735582337,1085.9079779855379,0
594.2611252787292,0.17339752874046277,849.6266877111273,1084.9974128723652,0
594.2611252787292,0.16972589521960588,849.6266877111273,1085.9079779855379,0
594.2611252787292,0.1681544627418987,849.6266877111273,1086.2976932400093,0
594.6860917689571,0.17863290169491275,849.7580023566077,1083.6990403796617,0
594.6860917689571,0.1765403936958771,849.7580023566077,1084.2179823634226,0
595.117852781558,0.18230453521576964,849.8914165095014,1082.7884752664893,0
595.117852781558,0.1802125400863416,849.8914165095014,1083.3072900585873,0
595.117852781558,0.17916218312996293,849.8914165095014,1083.5677785837693,0
595.5430251664033,0.18283432952042744,850.0227947764186,1082.657086278934,0
595.5430251664033,0.18230453521576964,850.0227947764186,1082.7884752664893,0
595.9679916566312,0.18125417825939097,850.154109421899,1083.0489637916712,0
595.9679916566312,0.17916218312996293,850.154109421899,1083.5677785837693,0
596.3929581468591,0.17916218312996293,850.2854240673794,1083.5677785837693,0
596.3929581468591,0.17811182617358426,850.2854240673794,1083.8282671089512,0
596.8181305317044,0.17496896121816993,850.4168023342967,1084.607697617894,0
596.8181305317044,0.17339752874046277,850.4168023342967,1084.9974128723652,0
596.8181305317044,0.1728682473054126,850.4168023342967,1085.1286746682579,0
597.2430970219324,0.1760193181745486,850.5481169797771,1084.347209092712,0
597.2430970219324,0.17391860426179126,850.5481169797771,1084.868186143076,0
597.6748580345331,0.1807336156076701,850.6815311326707,1083.1780633292979,0
597.6748580345331,0.1802125400863416,850.6815311326707,1083.3072900585873,0
597.6748580345331,0.17811182617358426,850.6815311326707,1083.8282671089512,0
598.1000304193785,0.1807336156076701,850.812909399588,1083.1780633292979,0
598.1000304193785,0.1802125400863416,850.812909399588,1083.3072900585873,0
598.5317914319793,0.18178397256404877,850.9463235524815,1082.917574804116,0
598.5317914319793,0.1807336156076701,850.9463235524815,1083.1780633292979,0
598.5317914319793,0.1802125400863416,850.9463235524815,1083.3072900585873,0
598.9499633998345,0.17863290169491275,851.0755386905488,1083.6990403796617,0
598.9499633998345,0.17759075065225577,851.0755386905488,1083.9574938382407,0
599.3819303070526,0.1807336156076701,851.2090164648793,1083.1780633292979,0
599.3819303070526,0.1802125400863416,851.2090164648793,1083.3072900585873,0
599.3819303070526,0.17811182617358426,851.2090164648793,1083.8282671089512,0
599.8001022749077,0.1802125400863416,851.3382316029464,1083.3072900585873,0
599.8001022749077,0.1765403936958771,851.3382316029464,1084.2179823634226,0
600.2318632875084,0.1723471717840841,851.4716457558401,1085.2579013975471,0
600.2318632875084,0.16762518130684853,851.4716457558401,1086.4289550359017,0
600.2318632875084,0.16395303491638402,851.4716457558401,1087.3396473407367,0
600.6570356723537,0.16238160243867686,851.6030240227573,1087.7293625952082,0
600.6570356723537,0.1613394513960199,851.6030240227573,1087.9878160537871,0
601.0887966849546,0.17496896121816993,851.736438175651,1084.607697617894,0
601.0887966849546,0.17024645787132675,851.736438175651,1085.778878447911,0
601.0887966849546,0.1655326733078129,851.736438175651,1086.9478970196624,0
601.5069686528096,0.17916218312996293,851.8656533137181,1083.5677785837693,0
601.5069686528096,0.17811182617358426,851.8656533137181,1083.8282671089512,0
601.932141037655,0.17706146921720559,851.9970315806354,1084.0887556341331,0
601.932141037655,0.17391860426179126,851.9970315806354,1084.868186143076,0
601.932141037655,0.16972589521960588,851.9970315806354,1085.9079779855379,0
602.3639020502558,0.1644823163514342,852.130445733529,1087.2083855448443,0
602.3639020502558,0.15923873748326256,852.130445733529,1088.508793104151,0
602.7888685404837,0.1618605269173484,852.2617603790094,1087.8585893244976,0
602.7888685404837,0.15871766196193407,852.2617603790094,1088.6380198334405,0
602.7888685404837,0.1571298176567835,852.2617603790094,1089.0318052211178,0
603.2208354477019,0.1686755382632272,852.3952381533398,1086.1684665107198,0
603.2208354477019,0.1655326733078129,852.3952381533398,1086.9478970196624,0
603.639007415557,0.1728682473054126,852.5244532914071,1085.1286746682579,0
603.639007415557,0.1723471717840841,852.5244532914071,1085.2579013975471,0
603.639007415557,0.1718178903490339,852.5244532914071,1085.3891631934396,0
604.0707684281577,0.17863290169491275,852.6578674443007,1083.6990403796617,0
604.0707684281577,0.17549003673949842,852.6578674443007,1084.4784708886045,0
604.4891462906302,0.18283432952042744,852.7871462038047,1082.657086278934,0
604.4891462906302,0.18230453521576964,852.7871462038047,1082.7884752664893,0
604.4891462906302,0.18125417825939097,852.7871462038047,1083.0489637916712,0
604.920907303231,0.1864977571275626,852.9205603566984,1081.7485562323645,0
604.920907303231,0.184405249128527,852.9205603566984,1082.2674982161254,0
605.345873793459,0.19279989886583468,853.0518750021788,1080.185625081273,0
605.345873793459,0.18964882799669866,853.0518750021788,1080.9670906568188,0
605.7778407006771,0.19279989886583468,853.1853527765091,1080.185625081273,0
605.7778407006771,0.1880773955189915,853.1853527765091,1081.3568059112902,0
605.7778407006771,0.18335489217214831,853.1853527765091,1082.5279867413074,0
606.1960126685323,0.17968325865129142,853.3145679145764,1083.4385518544798,0
606.1960126685323,0.17863290169491275,853.3145679145764,1083.6990403796617,0
606.627773681133,0.17759075065225577,853.4479820674701,1083.9574938382407,0
606.627773681133,0.1760193181745486,853.4479820674701,1084.347209092712,0
606.627773681133,0.17391860426179126,853.4479820674701,1084.868186143076,0
607.0529460659784,0.17391860426179126,853.5793603343873,1084.868186143076,0
607.0529460659784,0.17339752874046277,853.5793603343873,1084.9974128723652,0
607.4847070785792,0.17968325865129142,853.712774487281,1083.4385518544798,0
607.4847070785792,0.17811182617358426,853.712774487281,1083.8282671089512,0
607.4847070785792,0.1760193181745486,853.712774487281,1084.347209092712,0
607.9096735688071,0.17916218312996293,853.8440891327614,1083.5677785837693,0
607.9096735688071,0.17759075065225577,853.8440891327614,1083.9574938382407,0
608.3348459536523,0.1760193181745486,853.9754673996786,1084.347209092712,0
608.3348459536523,0.17391860426179126,853.9754673996786,1084.868186143076,0
608.3348459536523,0.17076753339265524,853.9754673996786,1085.6496517186215,0
608.7598124438804,0.16710410578552004,854.106782045159,1086.5581817651912,0
608.7598124438804,0.16395303491638402,854.106782045159,1087.3396473407367,0
609.1847789341083,0.16291088387372707,854.2380966906394,1087.5981007993157,0
609.1847789341083,0.16081016996096972,854.2380966906394,1088.1190778496796,0
609.1847789341083,0.15975981300459105,854.2380966906394,1088.3795663748615,0
609.6099513189536,0.16972589521960588,854.3694749575567,1085.9079779855379,0
609.6099513189536,0.16658303026419158,854.3694749575567,1086.6874084944807,0
610.0417123315543,0.17863290169491275,854.5028891104503,1083.6990403796617,0
610.0417123315543,0.1760193181745486,854.5028891104503,1084.347209092712,0
610.0417123315543,0.1723471717840841,854.5028891104503,1085.2579013975471,0
610.4666788217824,0.17968325865129142,854.6342037559307,1083.4385518544798,0
610.4666788217824,0.17863290169491275,854.6342037559307,1083.6990403796617,0
610.8986457290006,0.1807336156076701,854.7676815302611,1083.1780633292979,0
610.8986457290006,0.17811182617358426,854.7676815302611,1083.8282671089512,0
610.8986457290006,0.17759075065225577,854.7676815302611,1083.9574938382407,0
611.3168176968557,0.18702703856261282,854.8968966683284,1081.617294436472,0
611.3168176968557,0.184405249128527,854.8968966683284,1082.2674982161254,0
611.7485787094564,0.1864977571275626,855.030310821222,1081.7485562323645,0
611.7485787094564,0.184405249128527,855.030310821222,1082.2674982161254,0
612.1737510943017,0.18597668160623415,855.1616890881392,1081.877782961654,0
612.6055121069026,0.18388468647680611,855.2951032410328,1082.396597753752,0
612.6055121069026,0.18178397256404877,855.2951032410328,1082.917574804116,0
612.6055121069026,0.17916218312996293,855.2951032410328,1083.5677785837693,0
613.0236840747576,0.17706146921720559,855.4243183791001,1084.0887556341331,0
613.0236840747576,0.1760193181745486,855.4243183791001,1084.347209092712,0
613.4556509819757,0.17706146921720559,855.5577961534304,1084.0887556341331,0
613.4556509819757,0.1760193181745486,855.5577961534304,1084.347209092712,0
613.4556509819757,0.17549003673949842,855.5577961534304,1084.4784708886045,0
613.8738229498309,0.17968325865129142,855.6870112914977,1083.4385518544798,0
613.8738229498309,0.17863290169491275,855.6870112914977,1083.6990403796617,0
614.2989953346762,0.1802125400863416,855.8183895584149,1083.3072900585873,0
614.2989953346762,0.17968325865129142,855.8183895584149,1083.4385518544798,0
614.7307563472771,0.17759075065225577,855.9518037113086,1083.9574938382407,0
614.7307563472771,0.17339752874046277,855.9518037113086,1084.9974128723652,0
615.155722837505,0.1686755382632272,856.083118356789,1086.1684665107198,0
615.155722837505,0.1655326733078129,856.083118356789,1086.9478970196624,0
615.155722837505,0.1644823163514342,856.083118356789,1087.2083855448443,0
615.5874838501057,0.1692048196982774,856.2165325096827,1086.0372047148273,0
615.5874838501057,0.16658303026419158,856.2165325096827,1086.6874084944807,0
616.0058617125782,0.17129681482770542,856.3458112691866,1085.518389922729,0
616.0058617125782,0.17024645787132675,856.3458112691866,1085.778878447911,0
616.437622725179,0.1692048196982774,856.4792254220803,1086.0372047148273,0
616.437622725179,0.16658303026419158,856.4792254220803,1086.6874084944807,0
616.8560005876515,0.16605374882914137,856.6085041815843,1086.8186702903731,0
616.8560005876515,0.1655326733078129,856.6085041815843,1086.9478970196624,0
616.8560005876515,0.1650033918727627,856.6085041815843,1087.079158815555,0
617.2877616002522,0.17076753339265524,856.7419183344779,1085.6496517186215,0
617.2877616002522,0.16710410578552004,856.7419183344779,1086.5581817651912,0
617.7127280904801,0.18283432952042744,856.8732329799584,1082.657086278934,0
617.7127280904801,0.1802125400863416,856.8732329799584,1083.3072900585873,0
617.7127280904801,0.1760193181745486,856.8732329799584,1084.347209092712,0
618.1444891030809,0.18283432952042744,857.006647132852,1082.657086278934,0
618.1444891030809,0.1807336156076701,857.006647132852,1083.1780633292979,0
618.5628669655536,0.17863290169491275,857.135925892356,1083.6990403796617,0
618.5628669655536,0.17549003673949842,857.135925892356,1084.4784708886045,0
618.5628669655536,0.1718178903490339,857.135925892356,1085.3891631934396,0
618.9946279781543,0.1692048196982774,857.2693400452497,1086.0372047148273,0
618.9946279781543,0.16605374882914137,857.2693400452497,1086.8186702903731,0
619.4198003629996,0.1655326733078129,857.4007183121669,1086.9478970196624,0
619.4198003629996,0.1650033918727627,857.4007183121669,1087.079158815555,0
619.4198003629996,0.1644823163514342,857.4007183121669,1087.2083855448443,0
619.8515613756003,0.1681544627418987,857.5341324650605,1086.2976932400093,0
619.8515613756003,0.16658303026419158,857.5341324650605,1086.6874084944807,0
620.2765278658284,0.1807336156076701,857.6654471105409,1083.1780633292979,0
620.2765278658284,0.17549003673949842,857.6654471105409,1084.4784708886045,0
620.2765278658284,0.17076753339265524,857.6654471105409,1085.6496517186215,0
620.7014943560563,0.18597668160623415,857.7967617560214,1081.877782961654,0
620.7014943560563,0.18335489217214831,857.7967617560214,1082.5279867413074,0
621.1266667409016,0.1875481140839413,857.9281400229386,1081.4880677071826,0
621.1266667409016,0.18702703856261282,857.9281400229386,1081.617294436472,0
621.1266667409016,0.18597668160623415,857.9281400229386,1081.877782961654,0
621.5516332311295,0.18283432952042744,858.059454668419,1082.657086278934,0
621.5516332311295,0.17916218312996293,858.059454668419,1083.5677785837693,0
621.9768056159749,0.17496896121816993,858.1908329353362,1084.607697617894,0
621.9768056159749,0.1718178903490339,858.1908329353362,1085.3891631934396,0
621.9768056159749,0.1686755382632272,858.1908329353362,1086.1684665107198,0
622.4085666285757,0.16605374882914137,858.3242470882299,1086.8186702903731,0
622.4085666285757,0.16343195939505553,858.3242470882299,1087.4688740700262,0
622.8335331188036,0.16028909443964123,858.4555617337103,1088.248304578969,0
622.8335331188036,0.15818017461316217,858.4555617337103,1088.7713166959359,0
622.8335331188036,0.15607946070040482,858.4555617337103,1089.2922937462997,0
623.2652941314044,0.1571298176567835,858.5889758866039,1089.0318052211178,0
623.2652941314044,0.1566005362217333,858.5889758866039,1089.1630670170102,0
623.6836719938768,0.16238160243867686,858.7182546461079,1087.7293625952082,0
623.6836719938768,0.16028909443964123,858.7182546461079,1088.248304578969,0
623.6836719938768,0.15923873748326256,858.7182546461079,1088.508793104151,0
624.1154330064777,0.1692048196982774,858.8516687990016,1086.0372047148273,0
624.1154330064777,0.1650033918727627,858.8516687990016,1087.079158815555,0
624.5403994967056,0.17759075065225577,858.982983444482,1083.9574938382407,0
624.5403994967056,0.17443967978311975,858.982983444482,1084.7389594137865,0
624.9723664039237,0.17496896121816993,859.1164612188124,1084.607697617894,0
624.9723664039237,0.1728682473054126,859.1164612188124,1085.1286746682579,0
625.3905383717788,0.17129681482770542,859.2456763568796,1085.518389922729,0
625.3905383717788,0.16972589521960588,859.2456763568796,1085.9079779855379,0
625.3905383717788,0.16762518130684853,859.2456763568796,1086.4289550359017,0
625.8222993843796,0.16605374882914137,859.3790905097733,1086.8186702903731,0
625.8222993843796,0.1655326733078129,859.3790905097733,1086.9478970196624,0
626.2406772468522,0.1655326733078129,859.5083692692773,1086.9478970196624,0
626.2406772468522,0.1644823163514342,859.5083692692773,1087.2083855448443,0
626.672438259453,0.16343195939505553,859.6417834221709,1087.4688740700262,0
626.672438259453,0.1613394513960199,859.6417834221709,1087.9878160537871,0
627.0976106442982,0.15818017461316217,859.7731616890882,1088.7713166959359,0
627.0976106442982,0.1566005362217333,859.7731616890882,1089.1630670170102,0
627.0976106442982,0.15607946070040482,859.7731616890882,1089.2922937462997,0
627.5225771345262,0.16658303026419158,859.9044763345686,1086.6874084944807,0
627.5225771345262,0.15975981300459105,859.9044763345686,1088.3795663748615,0
627.954338147127,0.18178397256404877,860.0378904874622,1082.917574804116,0
627.954338147127,0.17968325865129142,860.0378904874622,1083.4385518544798,0
627.954338147127,0.17391860426179126,860.0378904874622,1084.868186143076,0
628.3727160095995,0.18125417825939097,860.1671692469662,1083.0489637916712,0
628.3727160095995,0.1802125400863416,860.1671692469662,1083.3072900585873,0
628.8044770222002,0.17759075065225577,860.3005833998599,1083.9574938382407,0
628.8044770222002,0.17391860426179126,860.3005833998599,1084.868186143076,0
628.8044770222002,0.17076753339265524,860.3005833998599,1085.6496517186215,0
629.2226489900553,0.16762518130684853,860.429798537927,1086.4289550359017,0
629.6546158972734,0.17916218312996293,860.5632763122575,1083.5677785837693,0
629.6546158972734,0.17339752874046277,860.5632763122575,1084.9974128723652,0
629.6546158972734,0.16972589521960588,860.5632763122575,1085.9079779855379,0
630.0795823875015,0.18964882799669866,860.6945909577379,1080.9670906568188,0
630.0795823875015,0.184405249128527,860.6945909577379,1082.2674982161254,0
630.5113434001023,0.191749541909456,860.8280051106316,1080.446113606455,0
630.5113434001023,0.19017810943174884,860.8280051106316,1080.8358288609263,0
630.5113434001023,0.1880773955189915,860.8280051106316,1081.3568059112902,0
630.9297212625747,0.18702703856261282,860.9572838701356,1081.617294436472,0
630.9297212625747,0.18492632464985548,860.9572838701356,1082.138271486836,0
631.3614822751755,0.18388468647680611,861.0906980230292,1082.396597753752,0
631.3614822751755,0.18125417825939097,861.0906980230292,1083.0489637916712,0
631.3614822751755,0.1802125400863416,861.0906980230292,1083.3072900585873,0
631.7864487654035,0.18388468647680611,861.2220126685096,1082.396597753752,0
631.7864487654035,0.18230453521576964,861.2220126685096,1082.7884752664893,0
632.2182097780043,0.184405249128527,861.3554268214033,1082.2674982161254,0
632.2182097780043,0.18178397256404877,861.3554268214033,1082.917574804116,0
632.2182097780043,0.1760193181745486,861.3554268214033,1084.347209092712,0
632.6433821628495,0.16972589521960588,861.4868050883205,1085.9079779855379,0
632.6433821628495,0.16395303491638402,861.4868050883205,1087.3396473407367,0
633.0683486530775,0.15871766196193407,861.6181197338009,1088.6380198334405,0
633.0683486530775,0.15765089317811198,861.6181197338009,1088.9025784918283,0
633.0683486530775,0.1566005362217333,861.6181197338009,1089.1630670170102,0
633.4935210379227,0.16658303026419158,861.7494980007181,1086.6874084944807,0
633.4935210379227,0.16081016996096972,861.7494980007181,1088.1190778496796,0
633.9184875281508,0.18125417825939097,861.8808126461986,1083.0489637916712,0
633.9184875281508,0.17759075065225577,861.8808126461986,1083.9574938382407,0
633.9184875281508,0.1723471717840841,861.8808126461986,1085.2579013975471,0
634.3434540183788,0.18230453521576964,862.012127291679,1082.7884752664893,0
634.3434540183788,0.1807336156076701,862.012127291679,1083.1780633292979,0
634.7752150309796,0.17759075065225577,862.1455414445726,1083.9574938382407,0
634.7752150309796,0.1765403936958771,862.1455414445726,1084.2179823634226,0
635.2003874158248,0.17863290169491275,862.2769197114899,1083.6990403796617,0
635.2003874158248,0.17811182617358426,862.2769197114899,1083.8282671089512,0
635.6321484284256,0.17811182617358426,862.4103338643835,1083.8282671089512,0
635.6321484284256,0.17706146921720559,862.4103338643835,1084.0887556341331,0
636.0505262908981,0.17391860426179126,862.5396126238875,1084.868186143076,0
636.0505262908981,0.1681544627418987,862.5396126238875,1086.2976932400093,0
636.4822873034989,0.1618605269173484,862.6730267767812,1087.8585893244976,0
636.4822873034989,0.16028909443964123,862.6730267767812,1088.248304578969,0
636.4822873034989,0.15871766196193407,862.6730267767812,1088.6380198334405,0
636.9072537937268,0.1692048196982774,862.8043414222616,1086.0372047148273,0
636.9072537937268,0.16395303491638402,862.8043414222616,1087.3396473407367,0
637.3390148063276,0.1807336156076701,862.9377555751552,1083.1780633292979,0
637.3390148063276,0.17811182617358426,862.9377555751552,1083.8282671089512,0
637.3390148063276,0.17339752874046277,862.9377555751552,1084.9974128723652,0
637.7573926688001,0.18178397256404877,863.0670343346592,1082.917574804116,0
637.7573926688001,0.17811182617358426,863.0670343346592,1083.8282671089512,0
638.1891536814009,0.17129681482770542,863.2004484875529,1085.518389922729,0
638.1891536814009,0.1650033918727627,863.2004484875529,1087.079158815555,0
638.1891536814009,0.16081016996096972,863.2004484875529,1088.1190778496796,0
638.6075315438734,0.15818017461316217,863.3297272470568,1088.7713166959359,0
638.6075315438734,0.15765089317811198,863.3297272470568,1088.9025784918283,0
639.0392925564742,0.15975981300459105,863.4631413999505,1088.3795663748615,0
639.0392925564742,0.15818017461316217,863.4631413999505,1088.7713166959359,0
639.0392925564742,0.1571298176567835,863.4631413999505,1089.0318052211178,0
639.4642590467021,0.16028909443964123,863.5944560454309,1088.248304578969,0
639.4642590467021,0.15975981300459105,863.5944560454309,1088.3795663748615,0
639.8894314315475,0.16605374882914137,863.7258343123481,1086.8186702903731,0
639.8894314315475,0.16343195939505553,863.7258343123481,1087.4688740700262,0
639.8894314315475,0.1618605269173484,863.7258343123481,1087.8585893244976,0
640.3211924441482,0.1686755382632272,863.8592484652418,1086.1684665107198,0
640.3211924441482,0.1681544627418987,863.8592484652418,1086.2976932400093,0
640.7393644120033,0.17076753339265524,863.988463603309,1085.6496517186215,0
640.7393644120033,0.17024645787132675,863.988463603309,1085.778878447911,0
641.1713313192214,0.17076753339265524,864.1219413776394,1085.6496517186215,0
641.5895032870766,0.1760193181745486,864.2511565157066,1084.347209092712,0
641.5895032870766,0.17339752874046277,864.2511565157066,1084.9974128723652,0
641.5895032870766,0.1718178903490339,864.2511565157066,1085.3891631934396,0
642.0212642996773,0.1760193181745486,864.3845706686003,1084.347209092712,0
642.0212642996773,0.17391860426179126,864.3845706686003,1084.868186143076,0
642.4464366845227,0.17024645787132675,864.5159489355175,1085.778878447911,0
642.4464366845227,0.1681544627418987,864.5159489355175,1086.2976932400093,0
642.4464366845227,0.16710410578552004,864.5159489355175,1086.5581817651912,0
642.8781976971235,0.1686755382632272,864.6493630884111,1086.1684665107198,0
642.8781976971235,0.16762518130684853,864.6493630884111,1086.4289550359017,0
643.2963696649786,0.17968325865129142,864.7785782264783,1083.4385518544798,0
643.2963696649786,0.17549003673949842,864.7785782264783,1084.4784708886045,0
643.2963696649786,0.1718178903490339,864.7785782264783,1085.3891631934396,0
643.7283365721968,0.18544740017118394,864.9120560008088,1082.0090447575465,0
643.7283365721968,0.18388468647680611,864.9120560008088,1082.396597753752,0
644.1533030624247,0.18335489217214831,865.0433706462892,1082.5279867413074,0
644.1533030624247,0.17863290169491275,865.0433706462892,1083.6990403796617,0
644.1533030624247,0.17391860426179126,865.0433706462892,1084.868186143076,0
644.5850640750255,0.16972589521960588,865.1767847991829,1085.9079779855379,0
644.5850640750255,0.1681544627418987,865.1767847991829,1086.2976932400093,0
645.0102364598707,0.16605374882914137,865.3081630661001,1086.8186702903731,0
645.0102364598707,0.1655326733078129,865.3081630661001,1086.9478970196624,0
645.0102364598707,0.1650033918727627,865.3081630661001,1087.079158815555,0
645.4352029500988,0.16710410578552004,865.4394777115805,1086.5581817651912,0
645.4352029500988,0.16658303026419158,865.4394777115805,1086.6874084944807,0
645.8601694403267,0.1686755382632272,865.5707923570609,1086.1684665107198,0
645.8601694403267,0.16762518130684853,865.5707923570609,1086.4289550359017,0
645.8601694403267,0.16658303026419158,865.5707923570609,1086.6874084944807,0
646.2853418251719,0.1655326733078129,865.7021706239781,1086.9478970196624,0
646.2853418251719,0.1650033918727627,865.7021706239781,1087.079158815555,0
646.7103083154,0.16972589521960588,865.8334852694586,1085.9079779855379,0
646.7103083154,0.16710410578552004,865.8334852694586,1086.5581817651912,0
646.7103083154,0.1655326733078129,865.8334852694586,1086.9478970196624,0
647.1420693280007,0.17759075065225577,865.9668994223522,1083.9574938382407,0
647.1420693280007,0.17391860426179126,865.9668994223522,1084.868186143076,0
647.5672417128461,0.18388468647680611,866.0982776892694,1082.396597753752,0
647.5672417128461,0.18335489217214831,866.0982776892694,1082.5279867413074,0
647.5672417128461,0.18125417825939097,866.0982776892694,1083.0489637916712,0
647.9990027254469,0.18283432952042744,866.2316918421631,1082.657086278934,0
647.9990027254469,0.1807336156076701,866.2316918421631,1083.1780633292979,0
648.417174693302,0.17811182617358426,866.3609069802303,1083.8282671089512,0
648.417174693302,0.17549003673949842,866.3609069802303,1084.4784708886045,0
648.417174693302,0.1728682473054126,866.3609069802303,1085.1286746682579,0
648.84914160052,0.1692048196982774,866.4943847545607,1086.0372047148273,0
648.84914160052,0.16605374882914137,866.4943847545607,1086.8186702903731,0
649.2741080907481,0.16291088387372707,866.6256994000411,1087.5981007993157,0
649.2741080907481,0.16081016996096972,866.6256994000411,1088.1190778496796,0
649.2741080907481,0.15765089317811198,866.6256994000411,1088.9025784918283,0
649.7058691033488,0.15607946070040482,866.7591135529348,1089.2922937462997,0
650.1242469658213,0.16343195939505553,866.8883923124388,1087.4688740700262,0
650.1242469658213,0.15975981300459105,866.8883923124388,1088.3795663748615,0
650.1242469658213,0.1571298176567835,866.8883923124388,1089.0318052211178,0
650.556007978422,0.16605374882914137,867.0218064653324,1086.8186702903731,0
650.556007978422,0.1650033918727627,867.0218064653324,1087.079158815555,0
650.9741799462772,0.17391860426179126,867.1510216033996,1084.868186143076,0
650.9741799462772,0.17024645787132675,867.1510216033996,1085.778878447911,0
650.9741799462772,0.16710410578552004,867.1510216033996,1086.5581817651912,0
651.4061468534954,0.1765403936958771,867.2844993777301,1084.2179823634226,0
651.8311133437234,0.17496896121816993,867.4158140232105,1084.607697617894,0
651.8311133437234,0.17339752874046277,867.4158140232105,1084.9974128723652,0
651.8311133437234,0.17129681482770542,867.4158140232105,1085.518389922729,0
652.2560798339513,0.1686755382632272,867.5471286686909,1086.1684665107198,0
652.2560798339513,0.16395303491638402,867.5471286686909,1087.3396473407367,0
652.6880467411694,0.15871766196193407,867.6806064430214,1088.6380198334405,0
652.6880467411694,0.15607946070040482,867.6806064430214,1089.2922937462997,0
652.6880467411694,0.15555838517907633,867.6806064430214,1089.4215204755892,0
653.1062187090246,0.1681544627418987,867.8098215810885,1086.2976932400093,0
653.1062187090246,0.1613394513960199,867.8098215810885,1087.9878160537871,0
653.5379797216253,0.17706146921720559,867.9432357339822,1084.0887556341331,0
653.5379797216253,0.1765403936958771,867.9432357339822,1084.2179823634226,0
653.5379797216253,0.17391860426179126,867.9432357339822,1084.868186143076,0
653.9563575840978,0.1760193181745486,868.0725144934862,1084.347209092712,0
653.9563575840978,0.1728682473054126,868.0725144934862,1085.1286746682579,0
654.3949131190714,0.1681544627418987,868.2080281537931,1086.2976932400093,0
654.3949131190714,0.16343195939505553,868.2080281537931,1087.4688740700262,0
654.3949131190714,0.15818017461316217,868.2080281537931,1088.7713166959359,0
654.8130850869265,0.15502910374402615,868.3372432918603,1089.5527822714816,0
654.8130850869265,0.15450802822269766,868.3372432918603,1089.6820090007711,0
655.2450519941448,0.16291088387372707,868.4707210661907,1087.5981007993157,0
655.2450519941448,0.16028909443964123,868.4707210661907,1088.248304578969,0
655.2450519941448,0.1571298176567835,868.4707210661907,1089.0318052211178,0
655.6632239619998,0.16343195939505553,868.5999362042579,1087.4688740700262,0
655.6632239619998,0.16081016996096972,868.5999362042579,1088.1190778496796,0
656.0949849746006,0.15765089317811198,868.7333503571515,1088.9025784918283,0
656.0949849746006,0.15502910374402615,868.7333503571515,1089.5527822714816,0
656.0949849746006,0.15397874678764747,868.7333503571515,1089.8132707966636,0
656.5201573594459,0.15397874678764747,868.8647286240688,1089.8132707966636,0
656.5201573594459,0.15345767126631898,868.8647286240688,1089.942497525953,0
656.9519183720467,0.1644823163514342,868.9981427769624,1087.2083855448443,0
656.9519183720467,0.15923873748326256,868.9981427769624,1088.508793104151,0
656.9519183720467,0.15555838517907633,868.9981427769624,1089.4215204755892,0
657.3768848622747,0.17129681482770542,869.1294574224428,1085.518389922729,0
657.3768848622747,0.1686755382632272,869.1294574224428,1086.1684665107198,0
657.8020572471199,0.1718178903490339,869.2608356893601,1085.3891631934396,0
657.8020572471199,0.17076753339265524,869.2608356893601,1085.6496517186215,0
657.8020572471199,0.17024645787132675,869.2608356893601,1085.778878447911,0
658.2270237373478,0.16972589521960588,869.3921503348405,1085.9079779855379,0
658.6519902275759,0.1686755382632272,869.5234649803209,1086.1684665107198,0
658.6519902275759,0.16762518130684853,869.5234649803209,1086.4289550359017,0
658.6519902275759,0.16658303026419158,869.5234649803209,1086.6874084944807,0
659.0771626124213,0.1644823163514342,869.6548432472381,1087.2083855448443,0
659.0771626124213,0.16238160243867686,869.6548432472381,1087.7293625952082,0
659.508923625022,0.1655326733078129,869.7882574001318,1086.9478970196624,0
659.508923625022,0.1613394513960199,869.7882574001318,1087.9878160537871,0
659.508923625022,0.16081016996096972,869.7882574001318,1088.1190778496796,0
659.9338901152499,0.1765403936958771,869.9195720456122,1084.2179823634226,0
659.9338901152499,0.1718178903490339,869.9195720456122,1085.3891631934396,0
660.365857022468,0.17968325865129142,870.0530498199425,1083.4385518544798,0
660.365857022468,0.17916218312996293,870.0530498199425,1083.5677785837693,0
660.7840289903232,0.17968325865129142,870.1822649580098,1083.4385518544798,0
660.7840289903232,0.17916218312996293,870.1822649580098,1083.5677785837693,0
661.215790002924,0.17759075065225577,870.3156791109035,1083.9574938382407,0
661.215790002924,0.17339752874046277,870.3156791109035,1084.9974128723652,0
661.215790002924,0.1681544627418987,870.3156791109035,1086.2976932400093,0
661.6409623877693,0.1644823163514342,870.4470573778207,1087.2083855448443,0
661.6409623877693,0.16291088387372707,870.4470573778207,1087.5981007993157,0
662.07272340037,0.16238160243867686,870.5804715307144,1087.7293625952082,0
662.07272340037,0.1613394513960199,870.5804715307144,1087.9878160537871,0
662.07272340037,0.16081016996096972,870.5804715307144,1088.1190778496796,0
662.4908953682251,0.16605374882914137,870.7096866687815,1086.8186702903731,0
662.4908953682251,0.16238160243867686,870.7096866687815,1087.7293625952082,0
662.9228622754433,0.17129681482770542,870.843164443112,1085.518389922729,0
662.9228622754433,0.17076753339265524,870.843164443112,1085.6496517186215,0
662.9228622754433,0.16972589521960588,870.843164443112,1085.9079779855379,0
663.3612119157996,0.1686755382632272,870.978614481982,1086.1684665107198,0
663.3612119157996,0.16762518130684853,870.978614481982,1086.4289550359017,0
663.7863843006448,0.1655326733078129,871.1099927488992,1086.9478970196624,0
663.7863843006448,0.1650033918727627,871.1099927488992,1087.079158815555,0
663.7863843006448,0.16343195939505553,871.1099927488992,1087.4688740700262,0
664.2181453132456,0.16605374882914137,871.2434069017929,1086.8186702903731,0
664.2181453132456,0.16343195939505553,871.2434069017929,1087.4688740700262,0
664.6365231757183,0.1718178903490339,871.3726856612968,1085.3891631934396,0
664.6365231757183,0.16972589521960588,871.3726856612968,1085.9079779855379,0
665.068284188319,0.1650033918727627,871.5060998141905,1087.079158815555,0
665.068284188319,0.15871766196193407,871.5060998141905,1088.6380198334405,0
665.4932506785469,0.1529283898312688,871.6374144596709,1090.0737593218455,0
665.4932506785469,0.1487351679194758,871.6374144596709,1091.11367835597,0
665.4932506785469,0.14611337848538997,871.6374144596709,1091.7638821356234,0
665.9184230633922,0.15188623878861182,871.7687927265881,1090.3322127804242,0
665.9184230633922,0.14716373544176864,871.7687927265881,1091.5033936104414,0
666.3433895536201,0.17024645787132675,871.9001073720686,1085.778878447911,0
666.3433895536201,0.1655326733078129,871.9001073720686,1086.9478970196624,0
666.3433895536201,0.15871766196193407,871.9001073720686,1088.6380198334405,0
666.775150566221,0.1718178903490339,872.0335215249622,1085.3891631934396,0
666.775150566221,0.1692048196982774,872.0335215249622,1086.0372047148273,0
667.2003229510663,0.1650033918727627,872.1648997918794,1087.079158815555,0
667.2003229510663,0.15818017461316217,872.1648997918794,1088.7713166959359,0
667.2003229510663,0.15188623878861182,872.1648997918794,1090.3322127804242,0
667.6252894412942,0.14769352974642644,872.2962144373599,1091.3720046228864,0
667.6252894412942,0.14716373544176864,872.2962144373599,1091.5033936104414,0
668.0502559315222,0.1613394513960199,872.4275290828404,1087.9878160537871,0
668.0502559315222,0.15502910374402615,872.4275290828404,1089.5527822714816,0
668.0502559315222,0.14978552487585448,872.4275290828404,1090.853189830788,0
668.482016944123,0.1686755382632272,872.5609432357339,1086.1684665107198,0
668.482016944123,0.16658303026419158,872.5609432357339,1086.6874084944807,0
668.9071893289683,0.16710410578552004,872.6923215026511,1086.5581817651912,0
668.9071893289683,0.16291088387372707,872.6923215026511,1087.5981007993157,0
668.9071893289683,0.1566005362217333,872.6923215026511,1089.1630670170102,0
669.3321558191963,0.15188623878861182,872.8236361481316,1090.3322127804242,0
669.3321558191963,0.149264449354526,872.8236361481316,1090.9824165600776,0
669.7573282040415,0.15083588183223315,872.9550144150488,1090.5927013056062,0
669.7573282040415,0.149264449354526,872.9550144150488,1090.9824165600776,0
670.1890892166423,0.15607946070040482,873.0884285679424,1089.2922937462997,0
670.1890892166423,0.1529283898312688,873.0884285679424,1090.0737593218455,0
670.6072611844975,0.1613394513960199,873.2176437060097,1087.9878160537871,0
670.6072611844975,0.16081016996096972,873.2176437060097,1088.1190778496796,0
670.6072611844975,0.15975981300459105,873.2176437060097,1088.3795663748615,0
671.0390221970982,0.15818017461316217,873.3510578589033,1088.7713166959359,0
671.0390221970982,0.15555838517907633,873.3510578589033,1089.4215204755892,0
671.4641945819435,0.15502910374402615,873.4824361258205,1089.5527822714816,0
671.4641945819435,0.15450802822269766,873.4824361258205,1089.6820090007711,0
671.8959555945443,0.15871766196193407,873.6158502787141,1088.6380198334405,0
671.8959555945443,0.15607946070040482,873.6158502787141,1089.2922937462997,0
672.3143334570168,0.1692048196982774,873.7451290382181,1086.0372047148273,0
672.3143334570168,0.16710410578552004,873.7451290382181,1086.5581817651912,0
672.3143334570168,0.16291088387372707,873.7451290382181,1087.5981007993157,0
672.7460944696177,0.1692048196982774,873.8785431911118,1086.0372047148273,0
672.7460944696177,0.16710410578552004,873.8785431911118,1086.5581817651912,0
673.1642664374727,0.1650033918727627,874.0077583291791,1087.079158815555,0
673.1642664374727,0.16238160243867686,874.0077583291791,1087.7293625952082,0
673.1642664374727,0.15923873748326256,874.0077583291791,1088.508793104151,0
673.6028219724463,0.15450802822269766,874.1432719894859,1089.6820090007711,0
673.6028219724463,0.15397874678764747,874.1432719894859,1089.8132707966636,0
674.0211998349188,0.1692048196982774,874.2725507489898,1086.0372047148273,0
674.0211998349188,0.16395303491638402,874.2725507489898,1087.3396473407367,0
674.0211998349188,0.15765089317811198,874.2725507489898,1088.9025784918283,0
674.4529608475196,0.1728682473054126,874.4059649018835,1085.1286746682579,0
674.4529608475196,0.1718178903490339,874.4059649018835,1085.3891631934396,0
674.8781332323649,0.17129681482770542,874.5373431688007,1085.518389922729,0
674.8781332323649,0.1686755382632272,874.5373431688007,1086.1684665107198,0
674.8781332323649,0.1644823163514342,874.5373431688007,1087.2083855448443,0
675.3030997225928,0.15871766196193407,874.6686578142811,1088.6380198334405,0
675.3030997225928,0.15135695735356164,874.6686578142811,1090.463474576317,0
675.7280662128207,0.1503148063109047,874.7999724597616,1090.7219280348957,0
675.7280662128207,0.14716373544176864,874.7999724597616,1091.5033936104414,0
675.7280662128207,0.14611337848538997,874.7999724597616,1091.7638821356234,0
676.1532385976661,0.15923873748326256,874.9313507266788,1088.508793104151,0
676.1532385976661,0.15502910374402615,874.9313507266788,1089.5527822714816,0
676.584999610267,0.1650033918727627,875.0647648795724,1087.079158815555,0
676.584999610267,0.16395303491638402,875.0647648795724,1087.3396473407367,0
676.584999610267,0.16343195939505553,875.0647648795724,1087.4688740700262,0
677.0031715781221,0.16028909443964123,875.1939800176397,1088.248304578969,0
677.0031715781221,0.15607946070040482,875.1939800176397,1089.2922937462997,0
677.4351384853402,0.15188623878861182,875.3274577919701,1090.3322127804242,0
677.4351384853402,0.149264449354526,875.3274577919701,1090.9824165600776,0
677.8601049755681,0.15871766196193407,875.4587724374505,1088.6380198334405,0
677.8601049755681,0.15555838517907633,875.4587724374505,1089.4215204755892,0
677.8601049755681,0.15188623878861182,875.4587724374505,1090.3322127804242,0
678.2850714657961,0.1644823163514342,875.590087082931,1087.2083855448443,0
678.2850714657961,0.1618605269173484,875.590087082931,1087.8585893244976,0
678.7102438506414,0.1655326733078129,875.7214653498481,1086.9478970196624,0
678.7102438506414,0.1644823163514342,875.7214653498481,1087.2083855448443,0
678.7102438506414,0.16028909443964123,875.7214653498481,1088.248304578969,0
679.1420048632422,0.15555838517907633,875.8548795027418,1089.4215204755892,0
679.1420048632422,0.1524073143099403,875.8548795027418,1090.202986051135,0
679.5669713534701,0.15188623878861182,875.9861941482222,1090.3322127804242,0
679.5669713534701,0.15135695735356164,875.9861941482222,1090.463474576317,0
679.5669713534701,0.15083588183223315,875.9861941482222,1090.5927013056062,0
679.9921437383153,0.14978552487585448,876.1175724151394,1090.853189830788,0
679.9921437383153,0.1487351679194758,876.1175724151394,1091.11367835597,0
680.4171102285435,0.15450802822269766,876.2488870606198,1089.6820090007711,0
680.4171102285435,0.1524073143099403,876.2488870606198,1090.202986051135,0
680.4171102285435,0.14978552487585448,876.2488870606198,1090.853189830788,0
680.8488712411443,0.15502910374402615,876.3823012135135,1089.5527822714816,0
680.8488712411443,0.15397874678764747,876.3823012135135,1089.8132707966636,0
681.2740436259895,0.1529283898312688,876.5136794804307,1090.0737593218455,0
681.6990101162174,0.1524073143099403,876.6449941259111,1090.202986051135,0
681.6990101162174,0.15135695735356164,876.6449941259111,1090.463474576317,0
681.6990101162174,0.14978552487585448,876.6449941259111,1090.853189830788,0
682.1239766064455,0.14716373544176864,876.7763087713915,1091.5033936104414,0
682.1239766064455,0.14454245887729042,876.7763087713915,1092.1534701984322,0
682.5557376190462,0.15397874678764747,876.9097229242852,1089.8132707966636,0
682.5557376190462,0.149264449354526,876.9097229242852,1090.9824165600776,0
682.5557376190462,0.1455928158336691,876.9097229242852,1091.8929816732502,0
682.9741154815187,0.1571298176567835,877.0390016837893,1089.0318052211178,0
683.4058764941194,0.15502910374402615,877.1724158366828,1089.5527822714816,0
683.4058764941194,0.15450802822269766,877.1724158366828,1089.6820090007711,0
683.8310488789647,0.1566005362217333,877.3037941036001,1089.1630670170102,0
683.8310488789647,0.15607946070040482,877.3037941036001,1089.2922937462997,0
683.8310488789647,0.1524073143099403,877.3037941036001,1090.202986051135,0
684.2628098915656,0.1487351679194758,877.4372082564937,1091.11367835597,0
684.2628098915656,0.14716373544176864,877.4372082564937,1091.5033936104414,0
684.6809818594207,0.15345767126631898,877.566423394561,1089.942497525953,0
684.6809818594207,0.15188623878861182,877.566423394561,1090.3322127804242,0
684.6809818594207,0.149264449354526,877.566423394561,1090.9824165600776,0
685.1129487666389,0.15188623878861182,877.6999011688914,1090.3322127804242,0
685.1129487666389,0.15135695735356164,877.6999011688914,1090.463474576317,0
685.5311207344939,0.15188623878861182,877.8291163069586,1090.3322127804242,0
685.5311207344939,0.15135695735356164,877.8291163069586,1090.463474576317,0
685.9696762694676,0.15450802822269766,877.9646299672654,1089.6820090007711,0
685.9696762694676,0.15397874678764747,877.9646299672654,1089.8132707966636,0
685.9696762694676,0.1529283898312688,877.9646299672654,1090.0737593218455,0
686.3880541319401,0.15502910374402615,878.0939087267694,1089.5527822714816,0
686.3880541319401,0.15397874678764747,878.0939087267694,1089.8132707966636,0
686.8198151445408,0.15607946070040482,878.2273228796631,1089.2922937462997,0
686.8198151445408,0.15502910374402615,878.2273228796631,1089.5527822714816,0
686.8198151445408,0.15450802822269766,878.2273228796631,1089.6820090007711,0
687.2447816347687,0.15818017461316217,878.3586375251435,1088.7713166959359,0
687.2447816347687,0.1566005362217333,878.3586375251435,1089.1630670170102,0
687.669954019614,0.15607946070040482,878.4900157920607,1089.2922937462997,0
687.669954019614,0.15397874678764747,878.4900157920607,1089.8132707966636,0
688.094920509842,0.1524073143099403,878.6213304375411,1090.202986051135,0
688.094920509842,0.1503148063109047,878.6213304375411,1090.7219280348957,0
688.5198870000701,0.14716373544176864,878.7526450830215,1091.5033936104414,0
688.5198870000701,0.14454245887729042,878.7526450830215,1092.1534701984322,0
688.5198870000701,0.1424499508782548,878.7526450830215,1092.6724121821928,0
688.9518539072882,0.14611337848538997,878.886122857352,1091.7638821356234,0
688.9518539072882,0.14349210192091175,878.886122857352,1092.4139587236139,0
688.9518539072882,0.1424499508782548,878.886122857352,1092.6724121821928,0
689.3700258751433,0.14978552487585448,879.0153379954193,1090.853189830788,0
689.3700258751433,0.1487351679194758,879.0153379954193,1091.11367835597,0
689.8017868877441,0.1503148063109047,879.1487521483128,1090.7219280348957,0
690.2201647502166,0.15188623878861182,879.2780309078169,1090.3322127804242,0
690.2201647502166,0.15083588183223315,879.2780309078169,1090.5927013056062,0
690.6519257628173,0.15135695735356164,879.4114450607105,1090.463474576317,0
690.6519257628173,0.15083588183223315,879.4114450607105,1090.5927013056062,0
690.6519257628173,0.14821409239814734,879.4114450607105,1091.2429050852595,0
691.0768922530452,0.14507174031234063,879.542759706191,1092.0222084025397,0
691.0768922530452,0.14087851840054763,879.542759706191,1093.0621274366642,0
691.5088591602633,0.13562673361865427,879.6762374805213,1094.3645700625739,0
691.5088591602633,0.13510565809732578,879.6762374805213,1094.4937967918634,0
691.5088591602633,0.13353473848922623,879.6762374805213,1094.883384854672,0
691.9338256504914,0.14507174031234063,879.8075521260018,1092.0222084025397,0
691.9338256504914,0.13877780448779028,879.8075521260018,1093.583104487028,0
692.3587921407193,0.15607946070040482,879.9388667714823,1089.2922937462997,0
692.3587921407193,0.15502910374402615,879.9388667714823,1089.5527822714816,0
692.3587921407193,0.15188623878861182,879.9388667714823,1090.3322127804242,0
692.7839645255647,0.15397874678764747,880.0702450383994,1089.8132707966636,0
692.7839645255647,0.149264449354526,880.0702450383994,1090.9824165600776,0
693.2157255381654,0.14507174031234063,880.2036591912931,1092.0222084025397,0
693.2157255381654,0.14139959392187612,880.2036591912931,1092.9329007073748,0
693.6406920283933,0.14507174031234063,880.3349738367735,1092.0222084025397,0
693.6406920283933,0.14192066944320458,880.3349738367735,1092.8036739780853,0
693.6406920283933,0.13982816144416896,880.3349738367735,1093.3226159618462,0
694.0658644132387,0.1529283898312688,880.4663521036907,1090.0737593218455,0
694.0658644132387,0.149264449354526,880.4663521036907,1090.9824165600776,0
694.4908309034666,0.15502910374402615,880.5976667491711,1089.5527822714816,0
694.4908309034666,0.1529283898312688,880.5976667491711,1090.0737593218455,0
694.9225919160674,0.1503148063109047,880.7310809020648,1090.7219280348957,0
694.9225919160674,0.14769352974642644,880.7310809020648,1091.3720046228864,0
694.9225919160674,0.14716373544176864,880.7310809020648,1091.5033936104414,0
695.3409697785398,0.15188623878861182,880.8603596615689,1090.3322127804242,0
695.3409697785398,0.149264449354526,880.8603596615689,1090.9824165600776,0
695.7727307911407,0.1524073143099403,880.9937738144624,1090.202986051135,0
695.7727307911407,0.15083588183223315,880.9937738144624,1090.5927013056062,0
695.7727307911407,0.14769352974642644,880.9937738144624,1091.3720046228864,0
696.1976972813686,0.14507174031234063,881.1250884599428,1092.0222084025397,0
696.1976972813686,0.14349210192091175,881.1250884599428,1092.4139587236139,0
696.6296641885867,0.14297102639958328,881.2585662342733,1092.5431854529033,0
696.6296641885867,0.1424499508782548,881.2585662342733,1092.6724121821928,0
697.0478361564419,0.14769352974642644,881.3877813723406,1091.3720046228864,0
697.0478361564419,0.14454245887729042,881.3877813723406,1092.1534701984322,0
697.4795971690427,0.14978552487585448,881.5211955252341,1090.853189830788,0
697.4795971690427,0.14664317279004777,881.5211955252341,1091.6324931480683,0
697.9047695538881,0.14402138335596196,881.6525737921513,1092.2826969277214,0
697.9047695538881,0.14297102639958328,881.6525737921513,1092.5431854529033,0
698.3365305664888,0.14716373544176864,881.785987945045,1091.5033936104414,0
698.3365305664888,0.1455928158336691,881.785987945045,1091.8929816732502,0
698.3365305664888,0.14454245887729042,881.785987945045,1092.1534701984322,0
698.7547025343439,0.1524073143099403,881.9152030831123,1090.202986051135,0
698.7547025343439,0.14978552487585448,881.9152030831123,1090.853189830788,0
699.186669441562,0.15502910374402615,882.0486808574426,1089.5527822714816,0
699.186669441562,0.15450802822269766,882.0486808574426,1089.6820090007711,0
699.186669441562,0.15083588183223315,882.0486808574426,1090.5927013056062,0
699.61163593179,0.14402138335596196,882.1799955029231,1092.2826969277214,0
699.61163593179,0.1382485230527401,882.1799955029231,1093.7143662829205,0
700.036602422018,0.13929888000911878,882.3113101484035,1093.4538777577386,0
700.036602422018,0.13667709057503294,882.3113101484035,1094.104081537392,0
700.036602422018,0.13562673361865427,882.3113101484035,1094.3645700625739,0
700.4617748068632,0.14716373544176864,882.4426884153207,1091.5033936104414,0
700.4617748068632,0.14349210192091175,882.4426884153207,1092.4139587236139,0
700.8867412970912,0.1503148063109047,882.5740030608011,1090.7219280348957,0
700.8867412970912,0.1487351679194758,882.5740030608011,1091.11367835597,0
701.318502309692,0.1503148063109047,882.7074172136948,1090.7219280348957,0
701.318502309692,0.14821409239814734,882.7074172136948,1091.2429050852595,0
701.7368801721645,0.14454245887729042,882.8366959731987,1092.1534701984322,0
701.7368801721645,0.14087851840054763,882.8366959731987,1093.0621274366642,0
701.7368801721645,0.1382485230527401,882.8366959731987,1093.7143662829205,0
702.1686411847653,0.14035180131353547,882.9701101260924,1093.1927532742434,0
702.1686411847653,0.14034923696549745,882.9701101260924,1093.1933892325567,0
702.1686411847653,0.1382485230527401,882.9701101260924,1093.7143662829205,0
702.5870190472377,0.14559538018170715,883.0993888855965,1091.8923457149367,0
702.5870190472377,0.14454502322532847,883.0993888855965,1092.1528342401186,0
702.5870190472377,0.1429735907476213,883.0993888855965,1092.54254949459,0
703.0255745822113,0.14402394770399998,883.2349025459033,1092.2820609694081,0
703.0255745822113,0.1434946662689498,883.2349025459033,1092.4133227653006,0
703.4505410724394,0.14873773226751386,883.3662171913837,1091.1130423976567,0
703.4505410724394,0.14559538018170715,883.3662171913837,1091.8923457149367,0
703.4505410724394,0.14402394770399998,883.3662171913837,1092.2820609694081,0
703.8755075626673,0.14873773226751386,883.4975318368641,1091.1130423976567,0
703.8755075626673,0.14611594283342802,883.4975318368641,1091.7632461773098,0
704.3006799475125,0.14245251522629282,883.6289101037813,1092.6717762238795,0
704.3006799475125,0.14192323379124264,883.6289101037813,1092.803038019772,0
704.7256464377406,0.14454502322532847,883.7602247492617,1092.1528342401186,0
704.7256464377406,0.1434946662689498,883.7602247492617,1092.4133227653006,0
705.1506129279685,0.14507430466037866,883.8915393947423,1092.0215724442262,0
705.1506129279685,0.14402394770399998,883.8915393947423,1092.2820609694081,0
705.1506129279685,0.1434946662689498,883.8915393947423,1092.4133227653006,0
705.5825798351867,0.1471662997898067,884.0250171690726,1091.5027576521281,0
706.0075463254146,0.14507430466037866,884.156331814553,1092.0215724442262,0
706.0075463254146,0.14087287683486396,884.156331814553,1093.063526544954,0
706.0075463254146,0.13773001187944964,884.156331814553,1093.8429570538965,0
706.4325128156426,0.1356292979666923,884.2876464600336,1094.3639341042604,0
706.4325128156426,0.1351000165316421,884.2876464600336,1094.4951959001528,0
706.8576852004878,0.13615037348802078,884.4190247269507,1094.2347073749709,0
706.8576852004878,0.1351000165316421,884.4190247269507,1094.4951959001528,0
707.2894462130887,0.1351000165316421,884.5524388798443,1094.4951959001528,0
707.2894462130887,0.13405786548898513,884.5524388798443,1094.7536493587318,0
707.7078240755611,0.13300750853260646,884.6817176393483,1095.0141378839137,0
707.7078240755611,0.13195715157622778,884.6817176393483,1095.2746264090956,0
708.1395850881619,0.1387803688358283,884.815131792242,1093.5824685287146,0
708.1395850881619,0.13405786548898513,884.815131792242,1094.7536493587318,0
708.5645515783898,0.14821665674618537,884.9464464377224,1091.2422691269462,0
708.5645515783898,0.1471662997898067,884.9464464377224,1091.5027576521281,0
708.5645515783898,0.14454502322532847,884.9464464377224,1092.1528342401186,0
708.9963125909906,0.1434946662689498,885.079860590616,1092.4133227653006,0
708.9963125909906,0.13983072579220698,885.079860590616,1093.3219800035326,0
709.4146904534632,0.13773001187944964,885.20913935012,1093.8429570538965,0
709.4146904534632,0.13720073044439945,885.20913935012,1093.974218849789,0
709.4146904534632,0.1351000165316421,885.20913935012,1094.4951959001528,0
709.846451466064,0.1351000165316421,885.3425535030137,1094.4951959001528,0
709.846451466064,0.13405786548898513,885.3425535030137,1094.7536493587318,0
710.2714179562919,0.1476960940944645,885.4738681484941,1091.3713686645729,0
710.2714179562919,0.14454502322532847,885.4738681484941,1092.1528342401186,0
710.2714179562919,0.1387803688358283,885.4738681484941,1093.5824685287146,0
710.70338486351,0.14611594283342802,885.6073459228246,1091.7632461773098,0
710.70338486351,0.14192323379124264,885.6073459228246,1092.803038019772,0
711.1215568313652,0.13825108740077813,885.7365610608917,1093.713730324607,0
711.1215568313652,0.13720073044439945,885.7365610608917,1093.974218849789,0
711.1215568313652,0.13615037348802078,885.7365610608917,1094.2347073749709,0
711.5533178439659,0.1429735907476213,885.8699752137854,1092.54254949459,0
711.5533178439659,0.14140215826991415,885.8699752137854,1092.9322647490615,0
711.9784902288112,0.1429735907476213,886.0013534807026,1092.54254949459,0
711.9784902288112,0.14192323379124264,886.0013534807026,1092.803038019772,0
711.9784902288112,0.14087287683486396,886.0013534807026,1093.063526544954,0
712.4034567190391,0.14035180131353547,886.132668126183,1093.1927532742434,0
712.4034567190391,0.13983072579220698,886.132668126183,1093.3219800035326,0
712.828423209267,0.1387803688358283,886.2639827716636,1093.5824685287146,0
712.828423209267,0.13615037348802078,886.2639827716636,1094.2347073749709,0
713.2603901164854,0.14245251522629282,886.3974605459939,1092.6717762238795,0
713.2603901164854,0.13773001187944964,886.3974605459939,1093.8429570538965,0
713.6853566067133,0.15240987865797834,886.5287751914743,1090.2023500928215,0
713.6853566067133,0.14978808922389253,886.5287751914743,1090.8525538724748,0
713.6853566067133,0.14664573713808582,886.5287751914743,1091.6318571897548,0
714.1103230969412,0.15293095417930683,886.6600898369547,1090.073123363532,0
714.1103230969412,0.15240987865797834,886.6600898369547,1090.2023500928215,0
714.5354954817865,0.1503173706589427,886.791468103872,1090.7212920765824,0
714.5354954817865,0.14873773226751386,886.791468103872,1091.1130423976567,0
714.5354954817865,0.1471662997898067,886.791468103872,1091.5027576521281,0
714.9604619720145,0.14559538018170715,886.9227827493525,1091.8923457149367,0
714.9604619720145,0.14454502322532847,886.9227827493525,1092.1528342401186,0
715.3922229846153,0.1471662997898067,887.056196902246,1091.5027576521281,0
715.3922229846153,0.14559538018170715,887.056196902246,1091.8923457149367,0
715.3922229846153,0.14402394770399998,887.056196902246,1092.2820609694081,0
715.8173953694605,0.15188880313664987,887.1875751691633,1090.331576822111,0
715.8173953694605,0.1503173706589427,887.1875751691633,1090.7212920765824,0
716.2423618596885,0.15135952170159966,887.3188898146437,1090.4628386180034,0
716.2423618596885,0.14978808922389253,887.3188898146437,1090.8525538724748,0
716.2423618596885,0.14821665674618537,887.3188898146437,1091.2422691269462,0
716.6673283499164,0.14507430466037866,887.4502044601242,1092.0215724442262,0
716.6673283499164,0.14035180131353547,887.4502044601242,1093.1927532742434,0
717.0925007347619,0.13405786548898513,887.5815827270413,1094.7536493587318,0
717.0925007347619,0.13038623196812824,887.5815827270413,1095.6642144719042,0
717.0925007347619,0.12881479949042107,887.5815827270413,1096.0539297263756,0
717.5174672249898,0.1272433670127139,887.7128973725218,1096.443644980847,0
717.9492282375905,0.1309067946198491,887.8463115254154,1095.5351149342775,0
717.9492282375905,0.1282855180553709,887.8463115254154,1096.185191522268,0
717.9492282375905,0.1272433670127139,887.8463115254154,1096.443644980847,0
718.3744006224358,0.13667965492307096,887.9776897923326,1094.1034455790784,0
718.3744006224358,0.13457894101031362,887.9776897923326,1094.6244226294423,0
718.7993671126638,0.13773001187944964,888.109004437813,1093.8429570538965,0
718.7993671126638,0.13667965492307096,888.109004437813,1094.1034455790784,0
719.2245394975091,0.14140215826991415,888.2403827047302,1092.9322647490615,0
719.2245394975091,0.1393014443571568,888.2403827047302,1093.4532417994253,0
719.6563005101099,0.14402394770399998,888.3737968576239,1092.2820609694081,0
719.6563005101099,0.1434946662689498,888.3737968576239,1092.4133227653006,0
719.6563005101099,0.14245251522629282,888.3737968576239,1092.6717762238795,0
720.074472477965,0.1471662997898067,888.5030119956912,1091.5027576521281,0
720.074472477965,0.14664573713808582,888.5030119956912,1091.6318571897548,0
720.5062334905657,0.1471662997898067,888.6364261485847,1091.5027576521281,0
720.5062334905657,0.14454502322532847,888.6364261485847,1092.1528342401186,0
720.5062334905657,0.14245251522629282,888.6364261485847,1092.6717762238795,0
720.9314058754111,0.13983072579220698,888.767804415502,1093.3219800035326,0
720.9314058754111,0.13720073044439945,888.767804415502,1093.974218849789,0
721.3631668880118,0.13615037348802078,888.9012185683956,1094.2347073749709,0
721.3631668880118,0.1356292979666923,888.9012185683956,1094.3639341042604,0
721.3631668880118,0.13457894101031362,888.9012185683956,1094.6244226294423,0
721.7815447504844,0.13667965492307096,889.0304973278996,1094.1034455790784,0
721.7815447504844,0.1351000165316421,889.0304973278996,1094.4951959001528,0
722.2133057630851,0.1471662997898067,889.1639114807933,1091.5027576521281,0
722.2133057630851,0.14454502322532847,889.1639114807933,1092.1528342401186,0
722.2133057630851,0.14035180131353547,889.1639114807933,1093.1927532742434,0
722.6382722533131,0.14873773226751386,889.2952261262737,1091.1130423976567,0
722.6382722533131,0.1476960940944645,889.2952261262737,1091.3713686645729,0
723.0700332659139,0.14507430466037866,889.4286402791673,1092.0215724442262,0
723.0700332659139,0.14245251522629282,889.4286402791673,1092.6717762238795,0
723.0700332659139,0.13983072579220698,889.4286402791673,1093.3219800035326,0
723.4884111283864,0.13773001187944964,889.5579190386713,1093.8429570538965,0
723.4884111283864,0.13457894101031362,889.5579190386713,1094.6244226294423,0
723.9201721409871,0.13773001187944964,889.691333191565,1093.8429570538965,0
723.9201721409871,0.13300750853260646,889.691333191565,1095.0141378839137,0
723.9201721409871,0.13195715157622778,889.691333191565,1095.2746264090956,0
724.345138631215,0.14926701370256404,889.8226478370455,1090.9817806017643,0
724.345138631215,0.14402394770399998,889.8226478370455,1092.2820609694081,0
724.7703110160604,0.15135952170159966,889.9540261039626,1090.4628386180034,0
724.7703110160604,0.1503173706589427,889.9540261039626,1090.7212920765824,0
725.1952775062884,0.14821665674618537,890.085340749443,1091.2422691269462,0
725.1952775062884,0.14664573713808582,890.085340749443,1091.6318571897548,0
725.6270385188892,0.1429735907476213,890.2187549023367,1092.54254949459,0
725.6270385188892,0.13773001187944964,890.2187549023367,1093.8429570538965,0
725.6270385188892,0.13248694588088558,890.2187549023367,1095.1432374215406,0
726.0522109037345,0.12986515644679975,890.3501331692539,1095.7934412011937,0
726.4771773939624,0.13353730283726425,890.4814478147343,1094.8827488963586,0
726.4771773939624,0.13248694588088558,890.4814478147343,1095.1432374215406,0
726.4771773939624,0.1309067946198491,890.4814478147343,1095.5351149342775,0
726.9021438841904,0.13825108740077813,890.6127624602148,1093.713730324607,0
726.9021438841904,0.1351000165316421,890.6127624602148,1094.4951959001528,0
727.3273162690357,0.14978808922389253,890.744140727132,1090.8525538724748,0
727.3273162690357,0.1476960940944645,890.744140727132,1091.3713686645729,0
727.3273162690357,0.1429735907476213,890.744140727132,1092.54254949459,0
727.7590772816365,0.14926701370256404,890.8775548800256,1090.9817806017643,0
727.7590772816365,0.1471662997898067,890.8775548800256,1091.5027576521281,0
728.1840437718644,0.14507430466037866,891.008869525506,1092.0215724442262,0
728.1840437718644,0.1429735907476213,891.008869525506,1092.54254949459,0
728.1840437718644,0.14140215826991415,891.008869525506,1092.9322647490615,0
728.6092161567097,0.14087287683486396,891.1402477924232,1093.063526544954,0
728.6092161567097,0.1393014443571568,891.1402477924232,1093.4532417994253,0
729.0341826469377,0.13773001187944964,891.2715624379038,1093.8429570538965,0
729.0341826469377,0.1351000165316421,891.2715624379038,1094.4951959001528,0
729.0341826469377,0.13195715157622778,891.2715624379038,1095.2746264090956,0
729.459355031783,0.12881479949042107,891.4029407048209,1096.0539297263756,0
729.459355031783,0.12567193453500677,891.4029407048209,1096.8333602353184,0
729.884321522011,0.1282855180553709,891.5342553503014,1096.185191522268,0
729.884321522011,0.12304193918719922,891.5342553503014,1097.4855990815747,0
730.3160825346117,0.14821665674618537,891.667669503195,1091.2422691269462,0
730.3160825346117,0.13720073044439945,891.667669503195,1093.974218849789,0
730.7410490248398,0.16867758974165764,891.7989841486755,1086.167957744069,0
730.7410490248398,0.16500595622080075,891.7989841486755,1087.0785228572415,0
730.7410490248398,0.1581827389612002,891.7989841486755,1088.7706807376223,0
731.166221409685,0.16920738404631544,891.9303624155926,1086.0365687565138,0
731.166221409685,0.1671066701335581,891.9303624155926,1086.5575458068777,0
731.166221409685,0.1623841667867149,891.9303624155926,1087.7287266368949,0
731.5911878999129,0.1545105925707357,892.061677061073,1089.6813730424576,0
731.5911878999129,0.1471662997898067,892.061677061073,1091.5027576521281,0
732.0229489125137,0.13983072579220698,892.1950912139667,1093.3219800035326,0
732.0229489125137,0.1356292979666923,892.1950912139667,1094.3639341042604,0
732.4413267749862,0.13353730283726425,892.3243699734708,1094.8827488963586,0
732.4413267749862,0.1314365889245069,892.3243699734708,1095.4037259467225,0
732.4413267749862,0.12881479949042107,892.3243699734708,1096.0539297263756,0
732.873087787587,0.1272433670127139,892.4577841263643,1096.443644980847,0
733.3048488001878,0.1314365889245069,892.591198279258,1095.4037259467225,0
733.3048488001878,0.12881479949042107,892.591198279258,1096.0539297263756,0
733.7366098127885,0.13720073044439945,892.7246124321516,1093.974218849789,0
733.7366098127885,0.13457894101031362,892.7246124321516,1094.6244226294423,0
734.1617821976339,0.1393014443571568,892.8559906990688,1093.4532417994253,0
734.1617821976339,0.13825108740077813,892.8559906990688,1093.713730324607,0
734.5935432102348,0.1476960940944645,892.9894048519625,1091.3713686645729,0
734.5935432102348,0.14507430466037866,892.9894048519625,1092.0215724442262,0
734.5935432102348,0.14192323379124264,892.9894048519625,1092.803038019772,0
735.0185097004627,0.14664573713808582,893.1207194974429,1091.6318571897548,0
735.0185097004627,0.14559538018170715,893.1207194974429,1091.8923457149367,0
735.443682085308,0.14821665674618537,893.2520977643601,1091.2422691269462,0
735.443682085308,0.14559538018170715,893.2520977643601,1091.8923457149367,0
735.443682085308,0.14402394770399998,893.2520977643601,1092.2820609694081,0
735.8686485755359,0.14873773226751386,893.3834124098405,1091.1130423976567,0
735.8686485755359,0.14821665674618537,893.3834124098405,1091.2422691269462,0
736.2938209603813,0.14664573713808582,893.5147906767578,1091.6318571897548,0
736.2938209603813,0.14611594283342802,893.5147906767578,1091.7632461773098,0
736.725581972982,0.1471662997898067,893.6482048296514,1091.5027576521281,0
737.1505484632099,0.1476960940944645,893.7795194751318,1091.3713686645729,0
737.1505484632099,0.1471662997898067,893.7795194751318,1091.5027576521281,0
737.5755149534378,0.14559538018170715,893.9108341206123,1091.8923457149367,0
737.5755149534378,0.14507430466037866,893.9108341206123,1092.0215724442262,0
738.007481860656,0.14507430466037866,894.0443118949427,1092.0215724442262,0
738.4256538285113,0.14926701370256404,894.1735270330099,1090.9817806017643,0
738.4256538285113,0.14664573713808582,894.1735270330099,1091.6318571897548,0
738.8508262133565,0.14926701370256404,894.3049052999271,1090.9817806017643,0
738.8508262133565,0.1471662997898067,894.3049052999271,1091.5027576521281,0
738.8508262133565,0.1434946662689498,894.3049052999271,1092.4133227653006,0
739.2825872259573,0.1387803688358283,894.4383194528208,1093.5824685287146,0
739.2825872259573,0.13457894101031362,894.4383194528208,1094.6244226294423,0
739.7075537161852,0.14507430466037866,894.5696340983012,1092.0215724442262,0
739.7075537161852,0.13825108740077813,894.5696340983012,1093.713730324607,0
739.7075537161852,0.13457894101031362,894.5696340983012,1094.6244226294423,0
740.1327261010306,0.16134201574405793,894.7010123652184,1087.9871800954736,0
740.1327261010306,0.15346023561435704,894.7010123652184,1089.9418615676395,0
740.5576925912585,0.17234973613212215,894.8323270106988,1085.2572654392338,0
740.5576925912585,0.1702490222193648,894.8323270106988,1085.7782424895977,0
740.5576925912585,0.16867758974165764,894.8323270106988,1086.167957744069,0
740.9826590814864,0.16448488069947226,894.9636416561792,1087.207749586531,0
740.9826590814864,0.1545105925707357,894.9636416561792,1089.6813730424576,0
741.4078314663317,0.14559538018170715,895.0950199230965,1091.8923457149367,0
741.4078314663317,0.14035180131353547,895.0950199230965,1093.1927532742434,0
741.4078314663317,0.13720073044439945,895.0950199230965,1093.974218849789,0
741.8395924789324,0.13720073044439945,895.2284340759901,1093.974218849789,0
742.2645589691606,0.13773001187944964,895.3597487214705,1093.8429570538965,0
742.2645589691606,0.13615037348802078,895.3597487214705,1094.2347073749709,0
742.6963199817613,0.14402394770399998,895.4931628743642,1092.2820609694081,0
742.6963199817613,0.14035180131353547,895.4931628743642,1093.1927532742434,0
743.1146978442338,0.15765345752615,895.6224416338682,1088.9019425335148,0
743.1146978442338,0.1503173706589427,895.6224416338682,1090.7212920765824,0
743.1146978442338,0.14611594283342802,895.6224416338682,1091.7632461773098,0
743.5464588568345,0.1702490222193648,895.7558557867618,1085.7782424895977,0
743.5464588568345,0.16605631317717942,895.7558557867618,1086.8180343320596,0
743.9716312416799,0.16867758974165764,895.8872340536791,1086.167957744069,0
743.9716312416799,0.16343452374309358,895.8872340536791,1087.468238111713,0
743.9716312416799,0.1587202263099721,895.8872340536791,1088.637383875127,0
744.4033922542807,0.15713238200482152,896.0206482065727,1089.0311692628043,0
744.8215642221357,0.15660310056977134,896.1498633446399,1089.1624310586967,0
744.8215642221357,0.15293095417930683,896.1498633446399,1090.073123363532,0
744.8215642221357,0.14821665674618537,896.1498633446399,1091.2422691269462,0
745.2533252347365,0.1476960940944645,896.2832774975335,1091.3713686645729,0
745.2533252347365,0.14559538018170715,896.2832774975335,1091.8923457149367,0
745.6717030972089,0.14873773226751386,896.4125562570375,1091.1130423976567,0
745.6717030972089,0.14507430466037866,896.4125562570375,1092.0215724442262,0
745.6717030972089,0.13825108740077813,896.4125562570375,1093.713730324607,0
746.1034641098098,0.13248694588088558,896.5459704099312,1095.1432374215406,0
746.1034641098098,0.1314365889245069,896.5459704099312,1095.4037259467225,0
746.5352251224106,0.14402394770399998,896.6793845628248,1092.2820609694081,0
746.5352251224106,0.14035180131353547,896.6793845628248,1093.1927532742434,0
746.5352251224106,0.1351000165316421,896.6793845628248,1094.4951959001528,0
746.960397507256,0.1471662997898067,896.8107628297421,1091.5027576521281,0
746.960397507256,0.14507430466037866,896.8107628297421,1092.0215724442262,0
747.3853639974839,0.16186309126538642,896.9420774752225,1087.8579533661843,0
747.3853639974839,0.1587202263099721,896.9420774752225,1088.637383875127,0
747.3853639974839,0.15240987865797834,896.9420774752225,1090.2023500928215,0
747.8105363823292,0.16081273430900775,897.0734557421397,1088.1184418913663,0
747.8105363823292,0.15713238200482152,897.0734557421397,1089.0311692628043,0
748.2355028725572,0.15293095417930683,897.2047703876201,1090.073123363532,0
748.2355028725572,0.14926701370256404,897.2047703876201,1090.9817806017643,0
748.2355028725572,0.1471662997898067,897.2047703876201,1091.5027576521281,0
748.6604693627851,0.1503173706589427,897.3360850331005,1090.7212920765824,0
748.6604693627851,0.1471662997898067,897.3360850331005,1091.5027576521281,0
749.0922303753858,0.16448488069947226,897.4694991859942,1087.207749586531,0
749.0922303753858,0.16081273430900775,897.4694991859942,1088.1184418913663,0
749.0922303753858,0.15503166809206417,897.4694991859942,1089.5521463131681,0
749.5174027602311,0.17129937917574348,897.6008774529114,1085.5177539644158,0
749.5174027602311,0.16867758974165764,897.6008774529114,1086.167957744069,0
749.9423692504591,0.17129937917574348,897.7321920983918,1085.5177539644158,0
749.9423692504591,0.1665855946122296,897.7321920983918,1086.6867725361672,0
749.9423692504591,0.15765345752615,897.7321920983918,1088.9019425335148,0
750.3741302630599,0.1471662997898067,897.8656062512855,1091.5027576521281,0
750.3741302630599,0.1393014443571568,897.8656062512855,1093.4532417994253,0
750.7925081255324,0.14140215826991415,897.9948850107895,1092.9322647490615,0
750.7925081255324,0.13773001187944964,897.9948850107895,1093.8429570538965,0
750.7925081255324,0.13667965492307096,897.9948850107895,1094.1034455790784,0
751.2242691381332,0.1471662997898067,898.1282991636831,1091.5027576521281,0
751.2242691381332,0.14454502322532847,898.1282991636831,1092.1528342401186,0
751.6494415229786,0.1508384461802712,898.2596774306003,1090.5920653472929,0
751.6494415229786,0.1503173706589427,898.2596774306003,1090.7212920765824,0
751.6494415229786,0.14978808922389253,898.2596774306003,1090.8525538724748,0
752.0744080132065,0.14821665674618537,898.3909920760808,1091.2422691269462,0
752.0744080132065,0.14664573713808582,898.3909920760808,1091.6318571897548,0
752.0744080132065,0.14454502322532847,898.3909920760808,1092.1528342401186,0
752.4993745034344,0.14559538018170715,898.5223067215612,1091.8923457149367,0
752.4993745034344,0.14507430466037866,898.5223067215612,1092.0215724442262,0
752.9245468882797,0.15660310056977134,898.6536849884784,1089.1624310586967,0
752.9245468882797,0.15240987865797834,898.6536849884784,1090.2023500928215,0
752.9245468882797,0.14873773226751386,898.6536849884784,1091.1130423976567,0
753.3495133785076,0.16553523765585093,898.7849996339588,1086.947261061349,0
753.3495133785076,0.16134201574405793,898.7849996339588,1087.9871800954736,0
753.7744798687356,0.16920738404631544,898.9163142794392,1086.0365687565138,0
753.7744798687356,0.16867758974165764,898.9163142794392,1086.167957744069,0
754.2064467759537,0.16500595622080075,899.0497920537697,1087.0785228572415,0
754.2064467759537,0.15976237735262908,899.0497920537697,1088.378930416548,0
754.6314132661818,0.15240987865797834,899.1811066992501,1090.2023500928215,0
754.6314132661818,0.1434946662689498,899.1811066992501,1092.4133227653006,0
754.6314132661818,0.13825108740077813,899.1811066992501,1093.713730324607,0
755.0631742787825,0.1351000165316421,899.3145208521438,1094.4951959001528,0
755.0631742787825,0.13405786548898513,899.3145208521438,1094.7536493587318,0
755.481552141255,0.14245251522629282,899.4437996116477,1092.6717762238795,0
755.481552141255,0.13720073044439945,899.4437996116477,1093.974218849789,0
755.481552141255,0.13353730283726425,899.4437996116477,1094.8827488963586,0
755.9133131538558,0.1545105925707357,899.5772137645414,1089.6813730424576,0
755.9133131538558,0.14926701370256404,899.5772137645414,1090.9817806017643,0
756.3382796440837,0.15765345752615,899.7085284100218,1088.9019425335148,0
756.3382796440837,0.1545105925707357,899.7085284100218,1089.6813730424576,0
756.7700406566845,0.15188880313664987,899.8419425629155,1090.331576822111,0
756.7700406566845,0.14978808922389253,899.8419425629155,1090.8525538724748,0
757.1884185191569,0.14611594283342802,899.9712213224195,1091.7632461773098,0
757.1884185191569,0.14035180131353547,899.9712213224195,1093.1927532742434,0
757.1884185191569,0.13353730283726425,899.9712213224195,1094.8827488963586,0
757.6201795317578,0.12986515644679975,900.1046354753131,1095.7934412011937,0
757.6201795317578,0.1282855180553709,900.1046354753131,1096.185191522268,0
758.0385573942302,0.13983072579220698,900.2339142348171,1093.3219800035326,0
758.0385573942302,0.1356292979666923,900.2339142348171,1094.3639341042604,0
758.0385573942302,0.1309067946198491,900.2339142348171,1095.5351149342775,0
758.470318406831,0.14559538018170715,900.3673283877107,1091.8923457149367,0
758.470318406831,0.14245251522629282,900.3673283877107,1092.6717762238795,0
758.895284897059,0.16186309126538642,900.4986430331912,1087.8579533661843,0
758.895284897059,0.15713238200482152,900.4986430331912,1089.0311692628043,0
758.895284897059,0.14978808922389253,900.4986430331912,1090.8525538724748,0
759.3270459096598,0.16395559926442205,900.6320571860848,1087.3390113824235,0
759.3270459096598,0.16343452374309358,900.6320571860848,1087.468238111713,0
759.7522182945052,0.1623841667867149,900.763435453002,1087.7287266368949,0
759.7522182945052,0.16186309126538642,900.763435453002,1087.8579533661843,0
760.1771847847331,0.16029165878767926,900.8947500984825,1088.2476686206555,0
760.1771847847331,0.1581827389612002,900.8947500984825,1088.7706807376223,0
760.6023571695783,0.16500595622080075,901.0261283653997,1087.0785228572415,0
760.6023571695783,0.15976237735262908,901.0261283653997,1088.378930416548,0
760.6023571695783,0.1581827389612002,901.0261283653997,1088.7706807376223,0
761.0273236598063,0.17129937917574348,901.1574430108801,1085.5177539644158,0
761.0273236598063,0.16867758974165764,901.1574430108801,1086.167957744069,0
761.4590846724071,0.17077009774069327,901.2908571637738,1085.6490157603082,0
761.4590846724071,0.1702490222193648,901.2908571637738,1085.7782424895977,0
761.8842570572524,0.1665855946122296,901.422235430691,1086.6867725361672,0
761.8842570572524,0.16081273430900775,901.422235430691,1088.1184418913663,0
761.8842570572524,0.15240987865797834,901.422235430691,1090.2023500928215,0
762.3092235474803,0.14454502322532847,901.5535500761714,1092.1528342401186,0
762.3092235474803,0.1393014443571568,901.5535500761714,1093.4532417994253,0
762.7409845600811,0.14245251522629282,901.686964229065,1092.6717762238795,0
762.7409845600811,0.13983072579220698,901.686964229065,1093.3219800035326,0
763.1593624225536,0.15503166809206417,901.816242988569,1089.5521463131681,0
763.1593624225536,0.1503173706589427,901.816242988569,1090.7212920765824,0
763.1593624225536,0.14664573713808582,901.816242988569,1091.6318571897548,0
763.5911234351545,0.17444224413115778,901.9496571414627,1084.738323455473,0
763.5911234351545,0.1702490222193648,901.9496571414627,1085.7782424895977,0
763.5911234351545,0.1629134482217651,901.9496571414627,1087.5974648410024,0
764.0160899253824,0.17182045469707194,902.0809717869431,1085.3885272351263,0
764.0160899253824,0.16500595622080075,902.0809717869431,1087.0785228572415,0
764.4412623102277,0.16186309126538642,902.2123500538603,1087.8579533661843,0
764.4412623102277,0.15924130183130059,902.2123500538603,1088.5081571458375,0
764.4412623102277,0.1587202263099721,902.2123500538603,1088.637383875127,0
764.8662288004556,0.1697279466980363,902.3436646993407,1085.9074692188872,0
764.8662288004556,0.16605631317717942,902.3436646993407,1086.8180343320596,0
765.2911952906836,0.17549260108753645,902.4749793448212,1084.477834930291,0
765.2911952906836,0.1728708116534506,902.4749793448212,1085.1280387099443,0
765.7163676755289,0.17234973613212215,902.6063576117384,1085.2572654392338,0
765.7163676755289,0.16553523765585093,902.6063576117384,1086.947261061349,0
766.1413341657568,0.1587202263099721,902.7376722572188,1088.637383875127,0
766.1413341657568,0.15346023561435704,902.7376722572188,1089.9418615676395,0
766.1413341657568,0.14978808922389253,902.7376722572188,1090.8525538724748,0
766.5730951783576,0.14926701370256404,902.8710864101125,1090.9817806017643,0
766.998267563203,0.1539813111356855,903.0024646770297,1089.81263483835,0
766.998267563203,0.15188880313664987,903.0024646770297,1090.331576822111,0
767.4300285758038,0.15293095417930683,903.1358788299233,1090.073123363532,0
767.4300285758038,0.14978808922389253,903.1358788299233,1090.8525538724748,0
767.8482005436589,0.14978808922389253,903.2650939679905,1090.8525538724748,0
767.8482005436589,0.14664573713808582,903.2650939679905,1091.6318571897548,0
767.8482005436589,0.14559538018170715,903.2650939679905,1091.8923457149367,0
768.280167450877,0.1581827389612002,903.398571742321,1088.7706807376223,0
768.280167450877,0.1545105925707357,903.398571742321,1089.6813730424576,0
768.7051339411049,0.16081273430900775,903.5298863878014,1088.1184418913663,0
768.7051339411049,0.16029165878767926,903.5298863878014,1088.2476686206555,0
769.1368949537058,0.15976237735262908,903.663300540695,1088.378930416548,0
769.1368949537058,0.1587202263099721,903.663300540695,1088.637383875127,0
769.5552728161782,0.15765345752615,903.792579300199,1088.9019425335148,0
769.5552728161782,0.15503166809206417,903.792579300199,1089.5521463131681,0
769.5552728161782,0.15293095417930683,903.792579300199,1090.073123363532,0
769.987033828779,0.15240987865797834,903.9259934530927,1090.2023500928215,0
770.4054116912515,0.15188880313664987,904.0552722125967,1090.331576822111,0
770.4054116912515,0.1503173706589427,904.0552722125967,1090.7212920765824,0
770.4054116912515,0.14873773226751386,904.0552722125967,1091.1130423976567,0
770.8371727038523,0.14873773226751386,904.1886863654903,1091.1130423976567,0
770.8371727038523,0.14821665674618537,904.1886863654903,1091.2422691269462,0
771.2621391940803,0.15924130183130059,904.3200010109707,1088.5081571458375,0
771.2621391940803,0.15503166809206417,904.3200010109707,1089.5521463131681,0
771.2621391940803,0.1508384461802712,904.3200010109707,1090.5920653472929,0
771.6939002066811,0.1671066701335581,904.4534151638644,1086.5575458068777,0
771.6939002066811,0.16500595622080075,904.4534151638644,1087.0785228572415,0
772.1190725915263,0.1665855946122296,904.5847934307816,1086.6867725361672,0
772.1190725915263,0.16395559926442205,904.5847934307816,1087.3390113824235,0
772.1190725915263,0.1623841667867149,904.5847934307816,1087.7287266368949,0
772.5440390817542,0.16343452374309358,904.716108076262,1087.468238111713,0
772.5440390817542,0.1629134482217651,904.716108076262,1087.5974648410024,0
772.9690055719823,0.16134201574405793,904.8474227217424,1087.9871800954736,0
772.9690055719823,0.15924130183130059,904.8474227217424,1088.5081571458375,0
772.9690055719823,0.15608202504844285,904.8474227217424,1089.2916577879862,0
773.3941779568275,0.15346023561435704,904.9788009886597,1089.9418615676395,0
773.8259389694283,0.16134201574405793,905.1122151415533,1087.9871800954736,0
773.8259389694283,0.1587202263099721,905.1122151415533,1088.637383875127,0
773.8259389694283,0.15556094952711438,905.1122151415533,1089.4208845172757,0
774.2509054596562,0.1697279466980363,905.2435297870337,1085.9074692188872,0
774.2509054596562,0.16395559926442205,905.2435297870337,1087.3390113824235,0
774.6760778445015,0.185449964519222,905.374908053951,1082.008408799233,0
774.6760778445015,0.18283689386846547,905.374908053951,1082.6564503206207,0
774.6760778445015,0.17602188252258666,905.374908053951,1084.3465731343986,0
775.1078388571024,0.18335745652018634,905.5083222068446,1082.5273507829938,0
775.1078388571024,0.17811439052162228,905.5083222068446,1083.8276311506377,0
775.1078388571024,0.16920738404631544,905.5083222068446,1086.0365687565138,0
775.5260108249576,0.1623841667867149,905.6375373449118,1087.7287266368949,0
775.5260108249576,0.15556094952711438,905.6375373449118,1089.4208845172757,0
775.9579777321757,0.1508384461802712,905.7710151192423,1090.5920653472929,0
775.9579777321757,0.1471662997898067,905.7710151192423,1091.5027576521281,0
775.9579777321757,0.14454502322532847,905.7710151192423,1092.1528342401186,0
776.3829442224036,0.14454502322532847,905.9023297647227,1092.1528342401186,0
776.3829442224036,0.1434946662689498,905.9023297647227,1092.4133227653006,0
776.8079107126316,0.1545105925707357,906.0336444102031,1089.6813730424576,0
776.8079107126316,0.1508384461802712,906.0336444102031,1090.5920653472929,0
776.8079107126316,0.1471662997898067,906.0336444102031,1091.5027576521281,0
777.2330830974769,0.15556094952711438,906.1650226771203,1089.4208845172757,0
777.2330830974769,0.15503166809206417,906.1650226771203,1089.5521463131681,0
777.6580495877048,0.15556094952711438,906.2963373226007,1089.4208845172757,0
777.6580495877048,0.15346023561435704,906.2963373226007,1089.9418615676395,0
777.6580495877048,0.15293095417930683,906.2963373226007,1090.073123363532,0
778.0832219725501,0.16343452374309358,906.4277155895179,1087.468238111713,0
778.0832219725501,0.15976237735262908,906.4277155895179,1088.378930416548,0
778.5149829851508,0.17549260108753645,906.5611297424116,1084.477834930291,0
778.5149829851508,0.17234973613212215,906.5611297424116,1085.2572654392338,0
778.5149829851508,0.16762723278527897,906.5611297424116,1086.4284462692508,0
778.939949475379,0.17811439052162228,906.692444387892,1083.8276311506377,0
778.939949475379,0.1775933150002938,906.692444387892,1083.9568578799272,0
779.3649159656069,0.1770640335652436,906.8237590333724,1084.0881196758196,0
779.3649159656069,0.17340009308850082,906.8237590333724,1084.996776914052,0
779.3649159656069,0.16867758974165764,906.8237590333724,1086.167957744069,0
779.796882872825,0.1629134482217651,906.9572368077029,1087.5974648410024,0
779.796882872825,0.15765345752615,906.9572368077029,1088.9019425335148,0
780.2150548406801,0.15293095417930683,907.0864519457701,1090.073123363532,0
780.2150548406801,0.15188880313664987,907.0864519457701,1090.331576822111,0
780.2150548406801,0.1508384461802712,907.0864519457701,1090.5920653472929,0
780.6468158532809,0.15556094952711438,907.2198660986637,1089.4208845172757,0
780.6468158532809,0.1539813111356855,907.2198660986637,1089.81263483835,0
781.0719882381262,0.1623841667867149,907.351244365581,1087.7287266368949,0
781.0719882381262,0.16029165878767926,907.351244365581,1088.2476686206555,0
781.0719882381262,0.1581827389612002,907.351244365581,1088.7706807376223,0
781.503749250727,0.16500595622080075,907.4846585184746,1087.0785228572415,0
781.503749250727,0.16448488069947226,907.4846585184746,1087.207749586531,0
781.9221271131994,0.16500595622080075,907.6139372779786,1087.0785228572415,0
781.9221271131994,0.16186309126538642,907.6139372779786,1087.8579533661843,0
781.9221271131994,0.15713238200482152,907.6139372779786,1089.0311692628043,0
782.3538881258002,0.1539813111356855,907.7473514308722,1089.81263483835,0
782.3538881258002,0.15346023561435704,907.7473514308722,1089.9418615676395,0
782.7720600936555,0.1623841667867149,907.8765665689394,1087.7287266368949,0
782.7720600936555,0.15713238200482152,907.8765665689394,1089.0311692628043,0
782.7720600936555,0.1539813111356855,907.8765665689394,1089.81263483835,0
783.2038211062562,0.17340009308850082,908.0099807218331,1084.996776914052,0
783.2038211062562,0.16815702708993677,908.0099807218331,1086.2970572816957,0
783.6289934911015,0.1775933150002938,908.1413589887503,1083.9568578799272,0
783.6289934911015,0.1770640335652436,908.1413589887503,1084.0881196758196,0
783.6289934911015,0.17654295804391512,908.1413589887503,1084.217346405109,0
784.0607545037022,0.17444224413115778,908.274773141644,1084.738323455473,0
784.0607545037022,0.1702490222193648,908.274773141644,1085.7782424895977,0
784.4857209939302,0.1671066701335581,908.4060877871244,1086.5575458068777,0
784.4857209939302,0.16500595622080075,908.4060877871244,1087.0785228572415,0
784.9108933787755,0.17129937917574348,908.5374660540416,1085.5177539644158,0
784.9108933787755,0.16815702708993677,908.5374660540416,1086.2970572816957,0
785.3358598690035,0.17497152556620796,908.668780699522,1084.6070616595805,0
785.3358598690035,0.17444224413115778,908.668780699522,1084.738323455473,0
785.3358598690035,0.17392116860982929,908.668780699522,1084.8675501847624,0
785.7676208816042,0.1728708116534506,908.8021948524157,1085.1280387099443,0
785.7676208816042,0.1702490222193648,908.8021948524157,1085.7782424895977,0
786.1927932664495,0.16920738404631544,908.9335731193329,1086.0365687565138,0
786.1927932664495,0.16815702708993677,908.9335731193329,1086.2970572816957,0
786.1927932664495,0.16762723278527897,908.9335731193329,1086.4284462692508,0
786.6177597566775,0.17444224413115778,909.0648877648133,1084.738323455473,0
786.6177597566775,0.17234973613212215,909.0648877648133,1085.2572654392338,0
787.0427262469054,0.17444224413115778,909.1962024102937,1084.738323455473,0
787.0427262469054,0.1728708116534506,909.1962024102937,1085.1280387099443,0
787.0427262469054,0.17182045469707194,909.1962024102937,1085.3885272351263,0
787.4678986317508,0.17077009774069327,909.3275806772109,1085.6490157603082,0
787.4678986317508,0.16867758974165764,909.3275806772109,1086.167957744069,0
787.8928651219787,0.16448488069947226,909.4588953226914,1087.207749586531,0
787.8928651219787,0.16029165878767926,909.4588953226914,1088.2476686206555,0
787.8928651219787,0.15660310056977134,909.4588953226914,1089.1624310586967,0
788.3246261345795,0.15503166809206417,909.592309475585,1089.5521463131681,0
788.3246261345795,0.1545105925707357,909.592309475585,1089.6813730424576,0
788.7497985194249,0.16081273430900775,909.7236877425022,1088.1184418913663,0
788.7497985194249,0.1581827389612002,909.7236877425022,1088.7706807376223,0
788.7497985194249,0.15608202504844285,909.7236877425022,1089.2916577879862,0
789.1747650096528,0.17392116860982929,909.8550023879827,1084.8675501847624,0
789.1747650096528,0.16815702708993677,909.8550023879827,1086.2970572816957,0
789.1747650096528,0.16448488069947226,909.8550023879827,1087.207749586531,0
789.5997314998807,0.17916474747800096,909.9863170334631,1083.5671426254557,0
789.5997314998807,0.17863546604295077,909.9863170334631,1083.6984044213482,0
790.024903884726,0.17602188252258666,910.1176953003803,1084.3465731343986,0
790.024903884726,0.17077009774069327,910.1176953003803,1085.6490157603082,0
790.024903884726,0.16605631317717942,910.1176953003803,1086.8180343320596,0
790.449870374954,0.1623841667867149,910.2490099458607,1087.7287266368949,0
790.449870374954,0.16081273430900775,910.2490099458607,1088.1184418913663,0
790.8816313875548,0.16186309126538642,910.3824240987544,1087.8579533661843,0
790.8816313875548,0.16134201574405793,910.3824240987544,1087.9871800954736,0
791.3068037724001,0.16867758974165764,910.5138023656716,1086.167957744069,0
791.3068037724001,0.16448488069947226,910.5138023656716,1087.207749586531,0
791.7317702626281,0.1697279466980363,910.645117011152,1085.9074692188872,0
791.7317702626281,0.1671066701335581,910.645117011152,1086.5575458068777,0
791.7317702626281,0.16134201574405793,910.645117011152,1087.9871800954736,0
792.1635312752288,0.15608202504844285,910.7785311640457,1089.2916577879862,0
792.1635312752288,0.1545105925707357,910.7785311640457,1089.6813730424576,0
792.5819091377014,0.16343452374309358,910.9078099235496,1087.468238111713,0
792.5819091377014,0.15976237735262908,910.9078099235496,1088.378930416548,0
792.5819091377014,0.15608202504844285,910.9078099235496,1089.2916577879862,0
793.0136701503021,0.1702490222193648,911.0412240764433,1085.7782424895977,0
793.0136701503021,0.1665855946122296,911.0412240764433,1086.6867725361672,0
793.4388425351474,0.17549260108753645,911.1726023433605,1084.477834930291,0
793.4388425351474,0.17392116860982929,911.1726023433605,1084.8675501847624,0
793.8706035477481,0.16920738404631544,911.3060164962542,1086.0365687565138,0
793.8706035477481,0.16448488069947226,911.3060164962542,1087.207749586531,0
794.2887755156033,0.16186309126538642,911.4352316343214,1087.8579533661843,0
794.2887755156033,0.16029165878767926,911.4352316343214,1088.2476686206555,0
794.7205365282041,0.1587202263099721,911.568645787215,1088.637383875127,0
794.7205365282041,0.15765345752615,911.568645787215,1088.9019425335148,0
795.1389143906766,0.15660310056977134,911.697924546719,1089.1624310586967,0
795.1389143906766,0.1539813111356855,911.697924546719,1089.81263483835,0
795.1389143906766,0.15188880313664987,911.697924546719,1090.331576822111,0
795.5706754032774,0.14978808922389253,911.8313386996126,1090.8525538724748,0
795.5706754032774,0.14926701370256404,911.8313386996126,1090.9817806017643,0
795.9958477881227,0.1629134482217651,911.9627169665299,1087.5974648410024,0
795.9958477881227,0.1581827389612002,911.9627169665299,1088.7706807376223,0
795.9958477881227,0.15293095417930683,911.9627169665299,1090.073123363532,0
796.4276088007235,0.17392116860982929,912.0961311194235,1084.8675501847624,0
796.4276088007235,0.16867758974165764,912.0961311194235,1086.167957744069,0
796.8525752909514,0.18021510443437963,912.2274457649039,1083.306654100274,0
796.8525752909514,0.17811439052162228,912.2274457649039,1083.8276311506377,0
797.2775417811794,0.17234973613212215,912.3587604103844,1085.2572654392338,0
797.2775417811794,0.16395559926442205,912.3587604103844,1087.3390113824235,0
797.7027141660246,0.15608202504844285,912.4901386773016,1089.2916577879862,0
797.7027141660246,0.1503173706589427,912.4901386773016,1090.7212920765824,0
797.7027141660246,0.1471662997898067,912.4901386773016,1091.5027576521281,0
798.1344751786255,0.14559538018170715,912.6235528301952,1091.8923457149367,0
798.5594416688534,0.16134201574405793,912.7548674756757,1087.9871800954736,0
798.5594416688534,0.1539813111356855,912.7548674756757,1089.81263483835,0
798.5594416688534,0.1476960940944645,912.7548674756757,1091.3713686645729,0
798.9846140536987,0.16815702708993677,912.8862457425929,1086.2970572816957,0
798.9846140536987,0.1665855946122296,912.8862457425929,1086.6867725361672,0
799.4095805439267,0.16553523765585093,913.0175603880733,1086.947261061349,0
799.4095805439267,0.16081273430900775,913.0175603880733,1088.1184418913663,0
799.4095805439267,0.1581827389612002,913.0175603880733,1088.7706807376223,0
799.834752928772,0.15713238200482152,913.1489386549905,1089.0311692628043,0
800.259719419,0.15608202504844285,913.2802533004709,1089.2916577879862,0
800.259719419,0.1539813111356855,913.2802533004709,1089.81263483835,0
800.259719419,0.15188880313664987,913.2802533004709,1090.331576822111,0
800.6914804316008,0.14978808922389253,913.4136674533646,1090.8525538724748,0
800.6914804316008,0.14821665674618537,913.4136674533646,1091.2422691269462,0
800.6914804316008,0.14559538018170715,913.4136674533646,1091.8923457149367,0
801.116652816446,0.14192323379124264,913.5450457202818,1092.803038019772,0
801.116652816446,0.1393014443571568,913.5450457202818,1093.4532417994253,0
801.541619306674,0.14821665674618537,913.6763603657622,1091.2422691269462,0
801.541619306674,0.1429735907476213,913.6763603657622,1092.54254949459,0
801.541619306674,0.1393014443571568,913.6763603657622,1093.4532417994253,0
801.966585796902,0.16029165878767926,913.8076750112426,1088.2476686206555,0
801.966585796902,0.15503166809206417,913.8076750112426,1089.5521463131681,0
802.3917581817473,0.16343452374309358,913.9390532781599,1087.468238111713,0
802.3917581817473,0.16186309126538642,913.9390532781599,1087.8579533661843,0
802.8167246719752,0.15924130183130059,914.0703679236403,1088.5081571458375,0
802.8167246719752,0.15765345752615,914.0703679236403,1088.9019425335148,0
803.2552802069488,0.15556094952711438,914.2058815839472,1089.4208845172757,0
803.2552802069488,0.15293095417930683,914.2058815839472,1090.073123363532,0
803.2552802069488,0.1508384461802712,914.2058815839472,1090.5920653472929,0
803.6870412195495,0.14821665674618537,914.3392957368408,1091.2422691269462,0
804.1054190820222,0.15240987865797834,914.4685744963448,1090.2023500928215,0
804.1054190820222,0.15135952170159966,914.4685744963448,1090.4628386180034,0
804.1054190820222,0.14873773226751386,914.4685744963448,1091.1130423976567,0
804.537180094623,0.15346023561435704,914.6019886492385,1089.9418615676395,0
804.537180094623,0.15188880313664987,914.6019886492385,1090.331576822111,0
804.9621465848509,0.15556094952711438,914.7333032947189,1089.4208845172757,0
804.9621465848509,0.15346023561435704,914.7333032947189,1089.9418615676395,0
804.9621465848509,0.15240987865797834,914.7333032947189,1090.2023500928215,0
805.3939075974516,0.15713238200482152,914.8667174476125,1089.0311692628043,0
805.3939075974516,0.15608202504844285,914.8667174476125,1089.2916577879862,0
805.8122854599242,0.15293095417930683,914.9959962071165,1090.073123363532,0
805.8122854599242,0.14821665674618537,914.9959962071165,1091.2422691269462,0
805.8122854599242,0.14559538018170715,914.9959962071165,1091.8923457149367,0
806.2440464725249,0.14454502322532847,915.1294103600102,1092.1528342401186,0
806.6692188573702,0.14245251522629282,915.2607886269274,1092.6717762238795,0
806.6692188573702,0.1393014443571568,915.2607886269274,1093.4532417994253,0
806.6692188573702,0.13773001187944964,915.2607886269274,1093.8429570538965,0
807.100979869971,0.14454502322532847,915.394202779821,1092.1528342401186,0
807.100979869971,0.13983072579220698,915.394202779821,1093.3219800035326,0
807.5259463601989,0.15188880313664987,915.5255174253015,1090.331576822111,0
807.5259463601989,0.14978808922389253,915.5255174253015,1090.8525538724748,0
807.5259463601989,0.14926701370256404,915.5255174253015,1090.9817806017643,0
807.9509128504269,0.14559538018170715,915.6568320707819,1091.8923457149367,0
807.9509128504269,0.14454502322532847,915.6568320707819,1092.1528342401186,0
808.3760852352723,0.14559538018170715,915.7882103376991,1091.8923457149367,0
808.3760852352723,0.1429735907476213,915.7882103376991,1092.54254949459,0
808.8010517255002,0.14140215826991415,915.9195249831795,1092.9322647490615,0
808.8010517255002,0.14035180131353547,915.9195249831795,1093.1927532742434,0
809.2262241103455,0.1539813111356855,916.0509032500967,1089.81263483835,0
809.2262241103455,0.1503173706589427,916.0509032500967,1090.7212920765824,0
809.2262241103455,0.14507430466037866,916.0509032500967,1092.0215724442262,0
809.6579851229463,0.15503166809206417,916.1843174029904,1089.5521463131681,0
809.6579851229463,0.1539813111356855,916.1843174029904,1089.81263483835,0
810.0829516131743,0.15188880313664987,916.3156320484708,1090.331576822111,0
810.0829516131743,0.14978808922389253,916.3156320484708,1090.8525538724748,0
810.0829516131743,0.14821665674618537,916.3156320484708,1091.2422691269462,0
810.514712625775,0.14507430466037866,916.4490462013645,1092.0215724442262,0
810.514712625775,0.14140215826991415,916.4490462013645,1092.9322647490615,0
810.9330904882474,0.14140215826991415,916.5783249608685,1092.9322647490615,0
810.9330904882474,0.14035180131353547,916.5783249608685,1093.1927532742434,0
810.9330904882474,0.13983072579220698,916.5783249608685,1093.3219800035326,0
811.3648515008482,0.14192323379124264,916.7117391137621,1092.803038019772,0
811.7898179910762,0.14245251522629282,916.8430537592425,1092.6717762238795,0
811.7898179910762,0.14087287683486396,916.8430537592425,1093.063526544954,0
811.7898179910762,0.13983072579220698,916.8430537592425,1093.3219800035326,0
812.2217848982943,0.1429735907476213,916.9765315335729,1092.54254949459,0
812.2217848982943,0.13983072579220698,916.9765315335729,1093.3219800035326,0
812.6399568661495,0.15608202504844285,917.1057466716402,1089.2916577879862,0
812.6399568661495,0.15240987865797834,917.1057466716402,1090.2023500928215,0
812.6399568661495,0.1476960940944645,917.1057466716402,1091.3713686645729,0
813.0651292509948,0.1581827389612002,917.2371249385574,1088.7706807376223,0
813.0651292509948,0.15765345752615,917.2371249385574,1088.9019425335148,0
813.4900957412228,0.15503166809206417,917.3684395840378,1089.5521463131681,0
813.4900957412228,0.1508384461802712,917.3684395840378,1090.5920653472929,0
813.4900957412228,0.14664573713808582,917.3684395840378,1091.6318571897548,0
813.9150622314507,0.14611594283342802,917.4997542295182,1091.7632461773098,0
813.9150622314507,0.14507430466037866,917.4997542295182,1092.0215724442262,0
814.3470291386689,0.14926701370256404,917.6332320038487,1090.9817806017643,0
814.3470291386689,0.14821665674618537,917.6332320038487,1091.2422691269462,0
814.7719956288968,0.1503173706589427,917.7645466493291,1090.7212920765824,0
814.7719956288968,0.14978808922389253,917.7645466493291,1090.8525538724748,0
814.7719956288968,0.14926701370256404,917.7645466493291,1090.9817806017643,0
815.2037566414975,0.14821665674618537,917.8979608022228,1091.2422691269462,0
815.2037566414975,0.14664573713808582,917.8979608022228,1091.6318571897548,0
815.6221345039701,0.14926701370256404,918.0272395617267,1090.9817806017643,0
815.6221345039701,0.1476960940944645,918.0272395617267,1091.3713686645729,0
815.6221345039701,0.14664573713808582,918.0272395617267,1091.6318571897548,0
816.0538955165708,0.1503173706589427,918.1606537146204,1090.7212920765824,0
816.0538955165708,0.14978808922389253,918.1606537146204,1090.8525538724748,0
816.472067484426,0.14926701370256404,918.2898688526876,1090.9817806017643,0
816.472067484426,0.14664573713808582,918.2898688526876,1091.6318571897548,0
816.472067484426,0.14454502322532847,918.2898688526876,1092.1528342401186,0
816.9106230193996,0.14192323379124264,918.4253825129945,1092.803038019772,0
816.9106230193996,0.14035180131353547,918.4253825129945,1093.1927532742434,0
817.329000881872,0.1471662997898067,918.5546612724984,1091.5027576521281,0
817.329000881872,0.1434946662689498,918.5546612724984,1092.4133227653006,0
817.329000881872,0.14087287683486396,918.5546612724984,1093.063526544954,0
817.7607618944729,0.14873773226751386,918.6880754253921,1091.1130423976567,0
817.7607618944729,0.1471662997898067,918.6880754253921,1091.5027576521281,0
818.1791397569453,0.14507430466037866,918.8173541848961,1092.0215724442262,0
818.1791397569453,0.14140215826991415,918.8173541848961,1092.9322647490615,0
818.1791397569453,0.13983072579220698,918.8173541848961,1093.3219800035326,0
818.6109007695461,0.14192323379124264,918.9507683377897,1092.803038019772,0
818.6109007695461,0.13983072579220698,918.9507683377897,1093.3219800035326,0
819.035867259774,0.14402394770399998,919.0820829832702,1092.2820609694081,0
819.035867259774,0.1434946662689498,919.0820829832702,1092.4133227653006,0
819.4676282723749,0.14454502322532847,919.2154971361638,1092.1528342401186,0
819.4676282723749,0.14402394770399998,919.2154971361638,1092.2820609694081,0
819.8928006572202,0.14140215826991415,919.346875403081,1092.9322647490615,0
819.8928006572202,0.13825108740077813,919.346875403081,1093.713730324607,0
819.8928006572202,0.13353730283726425,919.346875403081,1094.8827488963586,0
820.3177671474481,0.13248694588088558,919.4781900485615,1095.1432374215406,0
820.3177671474481,0.13195715157622778,919.4781900485615,1095.2746264090956,0
820.7429395322935,0.13773001187944964,919.6095683154787,1093.8429570538965,0
820.7429395322935,0.13720073044439945,919.6095683154787,1093.974218849789,0
820.7429395322935,0.1356292979666923,919.6095683154787,1094.3639341042604,0
821.1679060225214,0.1351000165316421,919.7408829609591,1094.4951959001528,0
821.1679060225214,0.13457894101031362,919.7408829609591,1094.6244226294423,0
821.5928725127494,0.1387803688358283,919.8721976064395,1093.5824685287146,0
821.5928725127494,0.13615037348802078,919.8721976064395,1094.2347073749709,0
821.5928725127494,0.13457894101031362,919.8721976064395,1094.6244226294423,0
822.0248394199675,0.1393014443571568,920.00567538077,1093.4532417994253,0
822.4498059101954,0.1387803688358283,920.1369900262504,1093.5824685287146,0
822.4498059101954,0.13773001187944964,920.1369900262504,1093.8429570538965,0
822.4498059101954,0.13720073044439945,920.1369900262504,1093.974218849789,0
822.8815669227962,0.13773001187944964,920.270404179144,1093.8429570538965,0
822.8815669227962,0.13720073044439945,920.270404179144,1093.974218849789,0
823.2999447852687,0.14402394770399998,920.399682938648,1092.2820609694081,0
823.2999447852687,0.14087287683486396,920.399682938648,1093.063526544954,0
823.2999447852687,0.1387803688358283,920.399682938648,1093.5824685287146,0
823.7317057978695,0.14873773226751386,920.5330970915417,1091.1130423976567,0
823.7317057978695,0.1476960940944645,920.5330970915417,1091.3713686645729,0
824.1566722880974,0.1476960940944645,920.6644117370221,1091.3713686645729,0
824.1566722880974,0.1434946662689498,920.6644117370221,1092.4133227653006,0
824.1566722880974,0.13667965492307096,920.6644117370221,1094.1034455790784,0
824.5884333006982,0.13038623196812824,920.7978258899158,1095.6642144719042,0
824.5884333006982,0.1277644425340424,920.7978258899158,1096.3144182515575,0
825.0068111631707,0.13248694588088558,920.9271046494197,1095.1432374215406,0
825.0068111631707,0.13038623196812824,920.9271046494197,1095.6642144719042,0
825.0068111631707,0.1282855180553709,920.9271046494197,1096.185191522268,0
825.4385721757716,0.13405786548898513,921.0605188023134,1094.7536493587318,0
825.4385721757716,0.13300750853260646,921.0605188023134,1095.0141378839137,0
825.856950038244,0.12986515644679975,921.1897975618174,1095.7934412011937,0
825.856950038244,0.12671408557766373,921.1897975618174,1096.5749067767395,0
825.856950038244,0.12462157757862809,921.1897975618174,1097.0938487605004,0
826.2819165284719,0.1309067946198491,921.3211122072978,1095.5351149342775,0
826.2819165284719,0.12671408557766373,921.3211122072978,1096.5749067767395,0
826.2819165284719,0.12462157757862809,921.3211122072978,1097.0938487605004,0
826.7136775410727,0.13983072579220698,921.4545263601914,1093.3219800035326,0
826.7136775410727,0.1356292979666923,921.4545263601914,1094.3639341042604,0
827.1388499259181,0.14559538018170715,921.5859046271087,1091.8923457149367,0
827.1388499259181,0.14507430466037866,921.5859046271087,1092.0215724442262,0
827.1388499259181,0.1429735907476213,921.5859046271087,1092.54254949459,0
827.5697873600494,0.13773001187944964,921.7190642942552,1093.8429570538965,0
827.5706109385188,0.14192323379124264,921.7193187800023,1092.803038019772,0
827.5706109385188,0.13773001187944964,921.7193187800023,1093.8429570538965,0
827.9881652225218,0.13300750853260646,921.8483430537592,1095.0141378839137,0
827.9881652225218,0.12933536214214195,921.8483430537592,1095.924830188749,0
827.9881652225218,0.1272433670127139,921.8483430537592,1096.443644980847,0
828.4199262351226,0.12671408557766373,921.9817572066529,1096.5749067767395,0
828.8448927253505,0.12567193453500677,922.1130718521333,1096.8333602353184,0
828.8448927253505,0.12462157757862809,922.1130718521333,1097.0938487605004,0
828.8448927253505,0.12304193918719922,922.1130718521333,1097.4855990815747,0
829.2766537379514,0.1240922961435779,922.2464860050269,1097.2251105563928,0
829.2766537379514,0.12304193918719922,922.2464860050269,1097.4855990815747,0
829.6950316004239,0.13195715157622778,922.3757647645309,1095.2746264090956,0
829.6950316004239,0.13038571909852062,922.3757647645309,1095.664341663567,0
829.6950316004239,0.1272433670127139,922.3757647645309,1096.443644980847,0
830.1267926130247,0.1314360760548993,922.5091789174246,1095.403853138385,0
830.1267926130247,0.13038571909852062,922.5091789174246,1095.664341663567,0
830.5451704754971,0.12881479949042107,922.6384576769286,1096.0539297263756,0
830.5451704754971,0.12671408557766373,922.6384576769286,1096.5749067767395,0
830.5451704754971,0.12357122062224941,922.6384576769286,1097.3543372856823,0
830.9769314880979,0.11832764175407776,922.7718718298222,1098.6547448449887,0
830.9769314880979,0.11465600823322085,922.7718718298222,1099.5653099581614,0
831.4018979783259,0.11151314327780654,922.9031864753026,1100.344740467104,0
831.4018979783259,0.11046278632142786,922.9031864753026,1100.605228992286,0
831.8336589909267,0.11151314327780654,923.0366006281963,1100.344740467104,0
831.8336589909267,0.11046278632142786,923.0366006281963,1100.605228992286,0
832.2588313757719,0.12357122062224941,923.1679788951135,1097.3543372856823,0
832.2588313757719,0.11885743605873555,923.1679788951135,1098.5233558574337,0
832.2588313757719,0.11465600823322085,923.1679788951135,1099.5653099581614,0
832.6837978659998,0.13195715157622778,923.2992935405939,1095.2746264090956,0
832.6837978659998,0.12881479949042107,923.2992935405939,1096.0539297263756,0
833.1089702508453,0.12828500518576327,923.4306718075111,1096.1853187139309,0
833.1089702508453,0.1240922961435779,923.4306718075111,1097.2251105563928,0
833.5339367410733,0.11937799871045643,923.5619864529916,1098.3942563198068,0
833.5339367410733,0.1167567221459782,923.5619864529916,1099.0443329077975,0
833.5339367410733,0.11465600823322085,923.5619864529916,1099.5653099581614,0
833.9589032313012,0.11360565127684218,923.693301098472,1099.8257984833433,0
833.9589032313012,0.11204242471285673,923.693301098472,1100.2134786712115,0
834.3906642439019,0.11832764175407776,923.8267152513656,1098.6547448449887,0
834.3906642439019,0.11465600823322085,923.8267152513656,1099.5653099581614,0
834.3906642439019,0.11256350023418521,923.8267152513656,1100.084251941922,0
834.8158366287472,0.11885743605873555,923.9580935182829,1098.5233558574337,0
834.8158366287472,0.11832764175407776,923.9580935182829,1098.6547448449887,0
835.2475976413481,0.1240922961435779,924.0915076711765,1097.2251105563928,0
835.2475976413481,0.1198990742317849,924.0915076711765,1098.2650295905175,0
835.2475976413481,0.11780707910235687,924.0915076711765,1098.7838443826156,0
835.6659755038205,0.13405786548898513,924.2207864306805,1094.7536493587318,0
835.6659755038205,0.12986515644679975,924.2207864306805,1095.7934412011937,0
836.0977365164213,0.13667965492307096,924.3542005835742,1094.1034455790784,0
836.0977365164213,0.13615857940174247,924.3542005835742,1094.232672308368,0
836.0977365164213,0.13353678996765664,924.3542005835742,1094.8828760880212,0
836.5227030066492,0.12828500518576327,924.4855152290546,1096.1853187139309,0
836.5227030066492,0.12199978814454225,924.4855152290546,1097.7440525401537,0
836.95446401925,0.11832764175407776,924.6189293819482,1098.6547448449887,0
836.95446401925,0.11780707910235687,924.6189293819482,1098.7838443826156,0
836.95446401925,0.1167567221459782,924.6189293819482,1099.0443329077975,0
837.3728418817226,0.12147050670949207,924.7482081414522,1097.8753143360461,0
837.3728418817226,0.11937799871045643,924.7482081414522,1098.3942563198068,0
837.8046028943234,0.12619301005633524,924.8816222943459,1096.704133506029,0
837.8046028943234,0.12357122062224941,924.8816222943459,1097.3543372856823,0
837.8046028943234,0.12199978814454225,924.8816222943459,1097.7440525401537,0
838.2229807567958,0.1272433670127139,925.0109010538498,1096.443644980847,0
838.2229807567958,0.12514265309995656,925.0109010538498,1096.9646220312109,0
838.6547417693965,0.12094943118816358,925.1443152067435,1098.0045410653356,0
838.6547417693965,0.1167567221459782,925.1443152067435,1099.0443329077975,0
838.6547417693965,0.11518528966827105,925.1443152067435,1099.434048162269,0
839.0797082596246,0.11570636518959952,925.2756298522239,1099.3048214329795,0
839.0797082596246,0.11465600823322085,925.2756298522239,1099.5653099581614,0
839.5114692722253,0.11256350023418521,925.4090440051176,1100.084251941922,0
839.5114692722253,0.10941242936504919,925.4090440051176,1100.8657175174678,0
839.5114692722253,0.10731992136601355,925.4090440051176,1101.3846595012287,0
839.9366416570706,0.11518528966827105,925.5404222720348,1099.434048162269,0
839.9366416570706,0.11046278632142786,925.5404222720348,1100.605228992286,0
840.3616081472985,0.1272433670127139,925.6717369175152,1096.443644980847,0
840.3616081472985,0.12462157757862809,925.6717369175152,1097.0938487605004,0
840.3616081472985,0.12094943118816358,925.6717369175152,1098.0045410653356,0
840.7867805321439,0.13300750853260646,925.8031151844324,1095.0141378839137,0
840.7867805321439,0.12986515644679975,925.8031151844324,1095.7934412011937,0
841.2117470223719,0.13825108740077813,925.9344298299129,1093.713730324607,0
841.2117470223719,0.13667965492307096,925.9344298299129,1094.1034455790784,0
841.2117470223719,0.13457894101031362,925.9344298299129,1094.6244226294423,0
841.6435080349727,0.14402394770399998,926.0678439828065,1092.2820609694081,0
841.6435080349727,0.14035180131353547,926.0678439828065,1093.1927532742434,0
842.0618858974451,0.14978808922389253,926.1971227423105,1090.8525538724748,0
842.0618858974451,0.14926701370256404,926.1971227423105,1090.9817806017643,0
842.0618858974451,0.1466452242684782,926.1971227423105,1091.6319843814174,0
842.4936469100459,0.14821665674618537,926.3305368952041,1091.2422691269462,0
842.4936469100459,0.14611594283342802,926.3305368952041,1091.7632461773098,0
842.911818877901,0.14349415339934218,926.4597520332713,1092.4134499569632,0
842.911818877901,0.1393014443571568,926.4597520332713,1093.4532417994253,0
842.911818877901,0.1351082224453638,926.4597520332713,1094.4931608335498,0
843.3437857851192,0.12986515644679975,926.5932298076018,1095.7934412011937,0
843.3437857851192,0.12514265309995656,926.5932298076018,1096.9646220312109,0
843.7687522753471,0.12147050670949207,926.7245444530822,1097.8753143360461,0
843.7687522753471,0.11727728479769908,926.7245444530822,1098.9152333701707,0
843.7687522753471,0.11256350023418521,926.7245444530822,1100.084251941922,0
844.2005132879478,0.1088913538437207,926.8579586059759,1100.9949442467573,0
844.2005132879478,0.1052192074532562,926.8579586059759,1101.9056365515926,0
844.6256856727932,0.10941242936504919,926.9893368728931,1100.8657175174678,0
844.6256856727932,0.10679063993096335,926.9893368728931,1101.5159212971212,0
844.6256856727932,0.1052192074532562,926.9893368728931,1101.9056365515926,0
845.0506521630211,0.11413493271189237,927.1206515183735,1099.6945366874509,0
845.0506521630211,0.11204242471285673,927.1206515183735,1100.2134786712115,0
845.4756186532492,0.11465600823322085,927.2519661638539,1099.5653099581614,0
845.4756186532492,0.11256350023418521,927.2519661638539,1100.084251941922,0
845.4756186532492,0.11046278632142786,927.2519661638539,1100.605228992286,0
845.9007910380944,0.10837027832239222,927.3833444307711,1101.1241709760468,0
845.9007910380944,0.10784099688734203,927.3833444307711,1101.2554327719392,0
846.3257575283224,0.10574028297458468,927.5146590762516,1101.776409822303,0
846.3257575283224,0.1052192074532562,927.5146590762516,1101.9056365515926,0
846.7575185409232,0.11046278632142786,927.6480732291452,1100.605228992286,0
846.7575185409232,0.10731992136601355,927.6480732291452,1101.3846595012287,0
846.7575185409232,0.10626956440963488,927.6480732291452,1101.6451480264107,0
847.1826909257685,0.11413493271189237,927.7794514960624,1099.6945366874509,0
847.1826909257685,0.1130845757555137,927.7794514960624,1099.9550252126328,0
847.6144519383693,0.11465600823322085,927.9128656489561,1099.5653099581614,0
847.6144519383693,0.11256350023418521,927.9128656489561,1100.084251941922,0
848.0326239062243,0.12252086366587074,928.0420807870233,1097.6148258108642,0
848.0326239062243,0.11937799871045643,928.0420807870233,1098.3942563198068,0
848.4643849188251,0.12462157757862809,928.1754949399169,1097.0938487605004,0
848.4643849188251,0.1240922961435779,928.1754949399169,1097.2251105563928,0
848.4643849188251,0.12357122062224941,928.1754949399169,1097.3543372856823,0
848.8895573036705,0.12357122062224941,928.3068732068341,1097.3543372856823,0
848.8895573036705,0.12199978814454225,928.3068732068341,1097.7440525401537,0
849.3213183162712,0.1204201497531134,928.4402873597278,1098.135802861228,0
849.3213183162712,0.1167567221459782,928.4402873597278,1099.0443329077975,0
849.3213183162712,0.11151314327780654,928.4402873597278,1100.344740467104,0
849.7396961787438,0.10469813193192772,928.5695661192318,1102.034863280882,0
849.7396961787438,0.09945506593336366,928.5695661192318,1103.335143648526,0
850.1714571913445,0.09471563788946946,928.7029802721254,1104.5105218034116,0
850.1714571913445,0.09052292884728408,928.7029802721254,1105.5503136458738,0
850.1714571913445,0.08842221493452672,928.7029802721254,1106.0712906962374,0
850.5896291591997,0.08842221493452672,928.8321954101926,1106.0712906962374,0
850.5896291591997,0.08685078245681957,928.8321954101926,1106.4610059507088,0
851.0215960664178,0.10102649841107082,928.9656731845231,1102.9454283940545,0
851.0215960664178,0.09313599949804059,928.9656731845231,1104.902272124486,0
851.4465625566457,0.11360565127684218,929.0969878300035,1099.8257984833433,0
851.4465625566457,0.11256350023418521,929.0969878300035,1100.084251941922,0
851.4465625566457,0.10837027832239222,929.0969878300035,1101.1241709760468,0
851.8783235692465,0.11360565127684218,929.2304019828971,1099.8257984833433,0
851.8783235692465,0.11256350023418521,929.2304019828971,1100.084251941922,0
852.3032900594744,0.10837027832239222,929.3617166283776,1101.1241709760468,0
852.3032900594744,0.10312721232382817,929.3617166283776,1102.4244513436906,0
852.3032900594744,0.09735435202060631,929.3617166283776,1103.8561206988898,0
852.7284624443198,0.09418635645441926,929.4930948952948,1104.641783599304,0
852.7284624443198,0.0926149239767121,929.4930948952948,1105.0314988537755,0
853.1534289345477,0.09313599949804059,929.6244095407752,1104.902272124486,0
853.1534289345477,0.0926149239767121,929.6244095407752,1105.0314988537755,0
853.5718067970203,0.09683327649927782,929.7536883002792,1103.9853474281792,0
853.5718067970203,0.09366528093309077,929.7536883002792,1104.7710103285935,0
854.0103623319939,0.10469813193192772,929.8892019605861,1102.034863280882,0
854.0103623319939,0.10312721232382817,929.8892019605861,1102.4244513436906,0
854.0103623319939,0.09997614145469214,929.8892019605861,1103.2059169192364,0
854.428534299849,0.10469813193192772,930.0184170986533,1102.034863280882,0
854.428534299849,0.10417756928020684,930.0184170986533,1102.1639628185087,0
854.8605012070672,0.10364777497554904,930.1518948729837,1102.295351806064,0
854.8605012070672,0.10259741801917037,930.1518948729837,1102.555840331246,0
854.8605012070672,0.09997614145469214,930.1518948729837,1103.2059169192364,0
855.2786731749222,0.09840470897698499,930.2811100110509,1103.5956321737078,0
855.2786731749222,0.09683327649927782,930.2811100110509,1103.9853474281792,0
855.710434187523,0.09578291954289915,930.4145241639445,1104.2458359533612,0
855.710434187523,0.09366528093309077,930.4145241639445,1104.7710103285935,0
855.710434187523,0.09104349149900495,930.4145241639445,1105.4212141082469,0
856.1356065723683,0.0889427775862476,930.5459024308618,1105.9421911586107,0
856.1356065723683,0.08737185797814805,930.5459024308618,1106.3317792214193,0
856.5673675849691,0.0852793499791124,930.6793165837554,1106.8507212051802,0
856.5673675849691,0.08422899302273373,930.6793165837554,1107.1112097303621,0
856.992334075197,0.08842221493452672,930.8106312292358,1106.0712906962374,0
856.992334075197,0.0852793499791124,930.8106312292358,1106.8507212051802,0
857.4175064600423,0.1020768553674495,930.9420094961531,1102.6849398688726,0
857.4175064600423,0.09735435202060631,930.9420094961531,1103.8561206988898,0
857.4175064600423,0.0926149239767121,930.9420094961531,1105.0314988537755,0
857.8424729502703,0.1052192074532562,931.0733241416335,1101.9056365515926,0
857.8424729502703,0.10417756928020684,931.0733241416335,1102.1639628185087,0
858.2674394404984,0.1052192074532562,931.2046387871139,1101.9056365515926,0
858.2674394404984,0.10417756928020684,931.2046387871139,1102.1639628185087,0
858.2674394404984,0.10259741801917037,931.2046387871139,1102.555840331246,0
858.6994063477165,0.09840470897698499,931.3381165614444,1103.5956321737078,0
858.6994063477165,0.09418635645441926,931.3381165614444,1104.641783599304,0
859.1243728379444,0.08947257189090539,931.4694312069248,1105.8108021710555,0
859.1243728379444,0.0858004255004409,931.4694312069248,1106.7214944758907,0
859.5493393281723,0.0852793499791124,931.6007458524052,1106.8507212051802,0
859.5493393281723,0.08422899302273373,931.6007458524052,1107.1112097303621,0
859.5493393281723,0.08369971158768354,931.6007458524052,1107.2424715262546,0
859.9811003407731,0.09313599949804059,931.7341600052988,1104.902272124486,0
859.9811003407731,0.08842221493452672,931.7341600052988,1106.0712906962374,0
860.3994782032456,0.10102649841107082,931.8634387648028,1102.9454283940545,0
860.3994782032456,0.09735435202060631,931.8634387648028,1103.8561206988898,0
860.8312392158464,0.09945506593336366,931.9968529176965,1103.335143648526,0
860.8312392158464,0.09735435202060631,931.9968529176965,1103.8561206988898,0
861.2564116006916,0.09631220097794935,932.1282311846137,1104.1145741574687,0
861.2564116006916,0.09366528093309077,932.1282311846137,1104.7710103285935,0
861.2564116006916,0.0889427775862476,932.1282311846137,1105.9421911586107,0
861.6881726132924,0.08632150102176937,932.2616453375074,1106.5922677466012,0
861.6881726132924,0.0858004255004409,932.2616453375074,1106.7214944758907,0
862.1063445811477,0.09209384845538363,932.3908604755745,1105.160725583065,0
862.1063445811477,0.09156456702033343,932.3908604755745,1105.2919873789574,0
862.1063445811477,0.08947257189090539,932.3908604755745,1105.8108021710555,0
862.5383114883658,0.09052292884728408,932.524338249905,1105.5503136458738,0
862.5383114883658,0.08947257189090539,932.524338249905,1105.8108021710555,0
862.9564834562209,0.0926149239767121,932.6535533879722,1105.0314988537755,0
862.9564834562209,0.09209384845538363,932.6535533879722,1105.160725583065,0
862.9564834562209,0.09052292884728408,932.6535533879722,1105.5503136458738,0
863.3882444688217,0.09156456702033343,932.7869675408658,1105.2919873789574,0
863.3882444688217,0.08947257189090539,932.7869675408658,1105.8108021710555,0
863.8134168536669,0.08947257189090539,932.9183458077831,1105.8108021710555,0
863.8134168536669,0.08685078245681957,932.9183458077831,1106.4610059507088,0
864.2451778662678,0.0816072035886479,933.0517599606767,1107.7614135100155,0
864.2451778662678,0.07583434328542604,933.0517599606767,1109.1930828652144,0
864.6701443564957,0.07112055872191218,933.1830746061571,1110.362101436966,0
864.6701443564957,0.06954912624420502,933.1830746061571,1110.7518166914372,0
864.6701443564957,0.06796948785277616,933.1830746061571,1111.1435670125115,0
865.095316741341,0.0669273368101192,933.3144528730743,1111.4020204710905,0
865.5202832315689,0.07531378063370517,933.4457675185548,1109.3221824028412,0
865.5202832315689,0.07112055872191218,933.4457675185548,1110.362101436966,0
865.5202832315689,0.06796948785277616,933.4457675185548,1111.1435670125115,0
865.9386610940415,0.08003577111094075,933.5750462780587,1108.1511287644869,0
865.9386610940415,0.0779350571981834,933.5750462780587,1108.6721058148505,0
866.3772166290152,0.08422899302273373,933.7105599383656,1107.1112097303621,0
866.3772166290152,0.08212827910997639,933.7105599383656,1107.632186780726,0
866.7953885968702,0.08999313454262628,933.8397750764328,1105.6817026334288,0
866.7953885968702,0.08947257189090539,933.8397750764328,1105.8108021710555,0
866.7953885968702,0.08790113941319824,933.8397750764328,1106.2005174255269,0
867.227149609471,0.08737185797814805,933.9731892293265,1106.3317792214193,0
867.227149609471,0.08369971158768354,933.9731892293265,1107.2424715262546,0
867.6455274719434,0.08003577111094075,934.1024679888305,1108.1511287644869,0
867.6455274719434,0.07583434328542604,934.1024679888305,1109.1930828652144,0
867.6455274719434,0.07112055872191218,934.1024679888305,1110.362101436966,0
868.0772884845443,0.06535641720201964,934.2358821417241,1111.7916085338993,0
868.0772884845443,0.06273462776793381,934.2358821417241,1112.4418123135524,0
868.5022549747722,0.06587697985374052,934.3671967872045,1111.6625089962724,0
868.5022549747722,0.06325570328926229,934.3671967872045,1112.3125855842632,0
868.5022549747722,0.061684270811555135,934.3671967872045,1112.7023008387343,0
868.9342218819903,0.07059948320058371,934.500674561535,1110.4913281662552,0
868.9342218819903,0.06796948785277616,934.500674561535,1111.1435670125115,0
869.3591883722182,0.07688470024180473,934.6319892070154,1108.9325943400324,0
869.3591883722182,0.07374234815599802,934.6319892070154,1109.7118976573126,0
869.3591883722182,0.07164163424324066,934.6319892070154,1110.2328747076765,0
869.7841548624463,0.0858004255004409,934.7633038524958,1106.7214944758907,0
869.7841548624463,0.08108612806731942,934.7633038524958,1107.890640239305,0
870.2093272472916,0.09156456702033343,934.894682119413,1105.2919873789574,0
870.2093272472916,0.08999313454262628,934.894682119413,1105.6817026334288,0
870.2093272472916,0.08947257189090539,934.894682119413,1105.8108021710555,0
870.6342937375196,0.0858004255004409,935.0259967648935,1106.7214944758907,0
870.6342937375196,0.08003577111094075,935.0259967648935,1108.1511287644869,0
871.0660547501203,0.07479270511237669,935.1594109177871,1109.4514091321307,0
871.0660547501203,0.06901984480915484,935.1594109177871,1110.8830784873296,0
871.0660547501203,0.06482662289736185,935.1594109177871,1111.9229975214544,0
871.4912271349656,0.06220534633288362,935.2907891847043,1112.5730741094449,0
871.9161936251936,0.08212827910997639,935.4221038301848,1107.632186780726,0
871.9161936251936,0.0742634236773265,935.4221038301848,1109.5826709280232,0
871.9161936251936,0.06640677415839832,935.4221038301848,1111.5311200087174,0
872.3479546377944,0.08842221493452672,935.5555179830784,1106.0712906962374,0
872.3479546377944,0.08737185797814805,935.5555179830784,1106.3317792214193,0
872.7663325002668,0.08737185797814805,935.6847967425824,1106.3317792214193,0
872.7663325002668,0.0858004255004409,935.6847967425824,1106.7214944758907,0
872.7663325002668,0.08265756054502658,935.6847967425824,1107.5009249848335,0
873.2182711853687,0.08055684663226922,935.824445796279,1108.0219020351974,0
873.2182711853687,0.07898541415456208,935.824445796279,1108.4116172896688,0
873.6434435702141,0.0779350571981834,935.9558240631961,1108.6721058148505,0
873.6434435702141,0.07688470024180473,935.9558240631961,1108.9325943400324,0
873.6434435702141,0.0742634236773265,935.9558240631961,1109.5826709280232,0
874.068410060442,0.07007020176553351,936.0871387086765,1110.6225899621477,0
874.068410060442,0.06378498472431249,936.0871387086765,1112.1813237883705,0
874.49337655067,0.05854140585614082,936.218453354157,1113.4817313476772,0
874.49337655067,0.05749104889976215,936.218453354157,1113.742219872859,0
874.49337655067,0.05644069194338348,936.218453354157,1114.002708398041,0
874.9185489355152,0.06063391385517646,936.3498316210741,1112.9627893639163,0
874.9185489355152,0.05854140585614082,936.3498316210741,1113.4817313476772,0
875.3435154257432,0.07479270511237669,936.4811462665547,1109.4514091321307,0
875.3435154257432,0.06901984480915484,936.4811462665547,1110.8830784873296,0
875.3435154257432,0.06378498472431249,936.4811462665547,1112.1813237883705,0
875.7752764383441,0.07688470024180473,936.6145604194483,1108.9325943400324,0
875.7752764383441,0.07322127263466953,936.6145604194483,1109.8411243866021,0
876.2004488231894,0.06640677415839832,936.7459386863654,1111.5311200087174,0
876.2004488231894,0.059591762812519496,936.7459386863654,1113.2212428224952,0
876.6254153134173,0.059062481377469306,936.8772533318458,1113.3525046183877,0
876.6254153134173,0.05854140585614082,936.8772533318458,1113.4817313476772,0
877.0505876982626,0.05801212442109063,937.0086315987631,1113.6129931435696,0
877.0505876982626,0.055919616422054993,937.0086315987631,1114.1319351273305,0
877.4755541884905,0.05644069194338348,937.1399462442436,1114.002708398041,0
877.4755541884905,0.054339978030626124,937.1399462442436,1114.5236854484049,0
877.4755541884905,0.05381890250929764,937.1399462442436,1114.6529121776944,0
877.9073152010914,0.06011283833384798,937.2733603971371,1113.0920160932058,0
877.9073152010914,0.05854140585614082,937.2733603971371,1113.4817313476772,0
878.3322816913193,0.07059948320058371,937.4046750426177,1110.4913281662552,0
878.3322816913193,0.0669273368101192,937.4046750426177,1111.4020204710905,0
878.3322816913193,0.06220534633288362,937.4046750426177,1112.5730741094449,0
878.7574540761645,0.07059948320058371,937.5360533095349,1110.4913281662552,0
878.7574540761645,0.0669273368101192,937.5360533095349,1111.4020204710905,0
879.1824205663926,0.059591762812519496,937.6673679550153,1113.2212428224952,0
879.1824205663926,0.05329833985757677,937.6673679550153,1114.782011715321,0
879.1824205663926,0.04909691203206207,937.6673679550153,1115.8239658160487,0
879.607592951238,0.04753368546807662,937.7987462219324,1116.2116460039172,0
879.607592951238,0.04543297155531927,937.7987462219324,1116.732623054281,0
880.0325594414659,0.04176082516485476,937.9300608674129,1117.643315359116,0
880.0325594414659,0.04071046820847609,937.9300608674129,1117.903803884298,0
880.0325594414659,0.039139548600376536,937.9300608674129,1118.2933919471068,0
880.4643204540666,0.052247982901198094,938.0634750203066,1115.042500240503,0
880.4643204540666,0.045954047076647755,938.0634750203066,1116.6033963249915,0
880.8892869442946,0.06378498472431249,938.194789665787,1112.1813237883705,0
880.8892869442946,0.061684270811555135,938.194789665787,1112.7023008387343,0
880.8892869442946,0.05801212442109063,938.194789665787,1113.6129931435696,0
881.3144593291398,0.0669273368101192,938.3261679327042,1111.4020204710905,0
881.3144593291398,0.06535641720201964,938.3261679327042,1111.7916085338993,0
881.7394258193679,0.06744841233144767,938.4574825781846,1111.272793741801,0
881.7394258193679,0.06587697985374052,938.4574825781846,1111.6625089962724,0
881.7394258193679,0.06325570328926229,938.4574825781846,1112.3125855842632,0
882.1711868319686,0.061684270811555135,938.5908967310783,1112.7023008387343,0
882.1711868319686,0.061154989376504945,938.5908967310783,1112.8335626346268,0
882.589564694441,0.06796948785277616,938.7201754905823,1111.1435670125115,0
882.589564694441,0.06744841233144767,938.7201754905823,1111.272793741801,0
882.589564694441,0.06430606024564096,938.7201754905823,1112.0520970590812,0
883.0213257070418,0.06587697985374052,938.8535896434759,1111.6625089962724,0
883.0213257070418,0.06063391385517646,938.8535896434759,1112.9627893639163,0
883.4464980918873,0.05329833985757677,938.9849679103932,1114.782011715321,0
883.4464980918873,0.045954047076647755,938.9849679103932,1116.6033963249915,0
883.4464980918873,0.04176082516485476,938.9849679103932,1117.643315359116,0
883.878259104488,0.042811182121233436,939.1183820632867,1117.3828268339341,0
883.878259104488,0.04071046820847609,939.1183820632867,1117.903803884298,0
884.2964310723431,0.05381890250929764,939.247597201354,1114.6529121776944,0
884.2964310723431,0.05014726898844074,939.247597201354,1115.5634772908668,0
884.2964310723431,0.045954047076647755,939.247597201354,1116.6033963249915,0
884.7283979795612,0.059062481377469306,939.3810749756844,1113.3525046183877,0
884.7283979795612,0.05696176746471196,939.3810749756844,1113.8734816687515,0
885.1533644697892,0.06063391385517646,939.5123896211649,1112.9627893639163,0
885.1533644697892,0.059591762812519496,939.5123896211649,1113.2212428224952,0
885.58512548239,0.05749104889976215,939.6458037740584,1113.742219872859,0
885.58512548239,0.055919616422054993,939.6458037740584,1114.1319351273305,0
886.0100919726179,0.05381890250929764,939.7771184195389,1114.6529121776944,0
886.0100919726179,0.052247982901198094,939.7771184195389,1115.042500240503,0
886.0100919726179,0.05172690737986961,939.7771184195389,1115.1717269697924,0
886.4352643574632,0.05172690737986961,939.9084966864561,1115.1717269697924,0
886.4352643574632,0.05067655042349093,939.9084966864561,1115.4322154949743,0
886.8602308476911,0.04909691203206207,940.0398113319366,1115.8239658160487,0
886.8602308476911,0.048046555075683395,940.0398113319366,1116.0844543412306,0
887.2854032325366,0.05014726898844074,940.1711895988537,1115.5634772908668,0
887.2854032325366,0.04909691203206207,940.1711895988537,1115.8239658160487,0
887.7103697227645,0.051197625944819414,940.3025042443342,1115.3029887656849,0
887.7103697227645,0.05067655042349093,940.3025042443342,1115.4322154949743,0
887.7103697227645,0.04962619346711226,940.3025042443342,1115.6927040201563,0
888.1421307353653,0.048575836510733585,940.4359183972279,1115.9531925453382,0
888.5670972255932,0.04700440403302643,940.5672330427083,1116.3429077998096,0
888.5670972255932,0.04490369012026908,940.5672330427083,1116.8638848501735,0
888.5670972255932,0.040189905556755216,940.5672330427083,1118.0329034219249,0
888.9922696104385,0.03703883468761919,940.6986113096254,1118.8143689974706,0
888.9922696104385,0.03389596973220488,940.6986113096254,1119.5937995064132,0
889.4172361006665,0.038609754295718744,940.8299259551059,1118.4247809346618,0
889.4172361006665,0.03651775916629071,940.8299259551059,1118.94359572676,0
889.4172361006665,0.03441704525353336,940.8299259551059,1119.4645727771237,0
889.8424084855118,0.04229061946951256,940.9613042220232,1117.511926371561,0
889.8424084855118,0.03966011125209742,940.9613042220232,1118.16429240948,0
890.2741694981125,0.05172690737986961,941.0947183749167,1115.1717269697924,0
890.2741694981125,0.05014726898844074,941.0947183749167,1115.5634772908668,0
890.2741694981125,0.04700440403302643,941.0947183749167,1116.3429077998096,0
890.6991359883405,0.05014726898844074,941.2260330203972,1115.5634772908668,0
890.6991359883405,0.048575836510733585,941.2260330203972,1115.9531925453382,0
891.1243083731858,0.04962619346711226,941.3574112873143,1115.6927040201563,0
891.1243083731858,0.048575836510733585,941.3574112873143,1115.9531925453382,0
891.1243083731858,0.04753368546807662,941.3574112873143,1116.2116460039172,0
891.5492748634139,0.051197625944819414,941.4887259327949,1115.3029887656849,0
891.5492748634139,0.05067655042349093,941.4887259327949,1115.4322154949743,0
891.9742413536418,0.048575836510733585,941.6200405782753,1115.9531925453382,0
891.9742413536418,0.04700440403302643,941.6200405782753,1116.3429077998096,0
891.9742413536418,0.045954047076647755,941.6200405782753,1116.6033963249915,0
892.399413738487,0.0438533331638904,941.7514188451925,1117.1243733753554,0
892.399413738487,0.040189905556755216,941.7514188451925,1118.0329034219249,0
892.8311747510878,0.035996683644962224,941.8848329980862,1119.0728224560494,0
892.8311747510878,0.03441704525353336,941.8848329980862,1119.4645727771237,0
892.8311747510878,0.03389596973220488,941.8848329980862,1119.5937995064132,0
893.2561412413158,0.04543297155531927,942.0161476435666,1116.732623054281,0
893.2561412413158,0.039139548600376536,942.0161476435666,1118.2933919471068,0
893.6813136261611,0.05644069194338348,942.1475259104838,1114.002708398041,0
893.6813136261611,0.054869259465676314,942.1475259104838,1114.3924236525124,0
893.6813136261611,0.051197625944819414,942.1475259104838,1115.3029887656849,0
894.106280116389,0.05644069194338348,942.2788405559642,1114.002708398041,0
894.5380411289898,0.05381890250929764,942.4122547088579,1114.6529121776944,0
894.5380411289898,0.04753368546807662,942.4122547088579,1116.2116460039172,0
894.5380411289898,0.040189905556755216,942.4122547088579,1118.0329034219249,0
894.9564189914623,0.03651775916629071,942.5415334683619,1118.94359572676,0
894.9564189914623,0.035467402209912034,942.5415334683619,1119.2040842519418,0
895.3881800040631,0.03808919164399786,942.6749476212555,1118.5538804722887,0
895.3881800040631,0.03651775916629071,942.6749476212555,1118.94359572676,0
895.3881800040631,0.035996683644962224,942.6749476212555,1119.0728224560494,0
895.8131464942911,0.04176082516485476,942.8062622667359,1117.643315359116,0
895.8131464942911,0.03966011125209742,942.8062622667359,1118.16429240948,0
896.2449075068919,0.042811182121233436,942.9396764196296,1117.3828268339341,0
896.2449075068919,0.04229061946951256,942.9396764196296,1117.511926371561,0
896.6632853693643,0.039139548600376536,943.0689551791336,1118.2933919471068,0
896.6632853693643,0.035996683644962224,943.0689551791336,1119.0728224560494,0
896.6632853693643,0.03441704525353336,943.0689551791336,1119.4645727771237,0
897.0950463819652,0.033374894210876395,943.2023693320272,1119.7230262357027,0
897.5202187668104,0.03389596973220488,943.3337475989443,1119.5937995064132,0
897.5202187668104,0.03232453725449772,943.3337475989443,1119.9835147608846,0
897.5202187668104,0.03180346173316924,943.3337475989443,1120.1127414901741,0
897.9519797794112,0.03966011125209742,943.467161751838,1118.16429240948,0
897.9519797794112,0.03703883468761919,943.467161751838,1118.8143689974706,0
898.3769462696391,0.04176082516485476,943.5984763973184,1117.643315359116,0
898.3769462696391,0.04071046820847609,943.5984763973184,1117.903803884298,0
898.8021186544845,0.0443826145989406,943.7298546642356,1116.9931115794627,0
898.8021186544845,0.042811182121233436,943.7298546642356,1117.3828268339341,0
899.2270851447124,0.04490369012026908,943.861169309716,1116.8638848501735,0
899.2270851447124,0.043340976425891235,943.861169309716,1117.251437846379,0
899.2270851447124,0.042811182121233436,943.861169309716,1117.3828268339341,0
899.6520516349404,0.04753368546807662,943.9924839551966,1116.2116460039172,0
899.6520516349404,0.0443826145989406,943.9924839551966,1116.9931115794627,0
900.0772240197857,0.052247982901198094,944.1238622221138,1115.042500240503,0
900.0772240197857,0.05172690737986961,944.1238622221138,1115.1717269697924,0
900.0772240197857,0.05067655042349093,944.1238622221138,1115.4322154949743,0
900.5089850323865,0.051197625944819414,944.2572763750073,1115.3029887656849,0
900.5089850323865,0.05067655042349093,944.2572763750073,1115.4322154949743,0
900.9339515226145,0.04909691203206207,944.3885910204879,1115.8239658160487,0
900.9339515226145,0.048046555075683395,944.3885910204879,1116.0844543412306,0
900.9339515226145,0.04700440403302643,944.3885910204879,1116.3429077998096,0
901.3591239074598,0.045954047076647755,944.519969287405,1116.6033963249915,0
901.3591239074598,0.0443826145989406,944.519969287405,1116.9931115794627,0
901.7840903976877,0.04071046820847609,944.6512839328855,1117.903803884298,0
901.7840903976877,0.03651775916629071,944.6512839328855,1118.94359572676,0
901.7840903976877,0.03389596973220488,944.6512839328855,1119.5937995064132,0
902.2090568879156,0.03180346173316924,944.7825985783659,1120.1127414901741,0
902.2090568879156,0.02969454190669018,944.7825985783659,1120.635753607141,0
902.6410237951338,0.02759382799393283,944.9160763526963,1121.1567306575048,0
902.6410237951338,0.026014189602503963,944.9160763526963,1121.5484809785792,0
903.0659902853617,0.030736692949347146,945.0473909981768,1120.377300148562,0
903.0659902853617,0.028114903515261313,945.0473909981768,1121.0275039282153,0
903.4909567755897,0.037559397339340064,945.1787056436572,1118.6852694598438,0
903.4909567755897,0.03651775916629071,945.1787056436572,1118.94359572676,0
903.4909567755897,0.03441704525353336,945.1787056436572,1119.4645727771237,0
903.916129160435,0.04229061946951256,945.3100839105743,1117.511926371561,0
903.916129160435,0.040189905556755216,945.3100839105743,1118.0329034219249,0
904.341095650663,0.042811182121233436,945.4413985560548,1117.3828268339341,0
904.341095650663,0.04176082516485476,945.4413985560548,1117.643315359116,0
904.766062140891,0.043340976425891235,945.5727132015353,1117.251437846379,0
905.1980290481091,0.04071046820847609,945.7061909758656,1117.903803884298,0
905.1980290481091,0.037559397339340064,945.7061909758656,1118.6852694598438,0
905.1980290481091,0.035467402209912034,945.7061909758656,1119.2040842519418,0
905.622995538337,0.035467402209912034,945.837505621346,1119.2040842519418,0
906.0479620285649,0.035996683644962224,945.9688202668266,1119.0728224560494,0
906.0479620285649,0.035467402209912034,945.9688202668266,1119.2040842519418,0
906.0479620285649,0.03494632668858355,945.9688202668266,1119.3333109812313,0
906.4731344134102,0.03808919164399786,946.1001985337438,1118.5538804722887,0
906.4731344134102,0.03703883468761919,946.1001985337438,1118.8143689974706,0
906.9048954260111,0.037559397339340064,946.2336126866373,1118.6852694598438,0
906.9048954260111,0.035467402209912034,946.2336126866373,1119.2040842519418,0
906.9048954260111,0.03441704525353336,946.2336126866373,1119.4645727771237,0
907.329861916239,0.038609754295718744,946.3649273321179,1118.4247809346618,0
907.329861916239,0.03651775916629071,946.3649273321179,1118.94359572676,0
907.7616229288398,0.05067655042349093,946.4983414850115,1115.4322154949743,0
907.7616229288398,0.04700440403302643,946.4983414850115,1116.3429077998096,0
907.7616229288398,0.043340976425891235,946.4983414850115,1117.251437846379,0
908.1800007913123,0.054339978030626124,946.6276202445155,1114.5236854484049,0
908.1800007913123,0.05276854555291897,946.6276202445155,1114.9134007028763,0
908.6117618039132,0.05381890250929764,946.761034397409,1114.6529121776944,0
908.6117618039132,0.05276854555291897,946.761034397409,1114.9134007028763,0
908.6117618039132,0.04909691203206207,946.761034397409,1115.8239658160487,0
909.0301396663856,0.04490369012026908,946.8903131569131,1116.8638848501735,0
909.0301396663856,0.04229061946951256,946.8903131569131,1117.511926371561,0
909.4619006789864,0.040189905556755216,947.0237273098068,1118.0329034219249,0
909.4619006789864,0.038609754295718744,947.0237273098068,1118.4247809346618,0
909.4619006789864,0.037559397339340064,947.0237273098068,1118.6852694598438,0
909.8868671692143,0.038609754295718744,947.1550419552872,1118.4247809346618,0
909.8868671692143,0.037559397339340064,947.1550419552872,1118.6852694598438,0
910.3188340764324,0.048575836510733585,947.2885197296176,1115.9531925453382,0
910.3188340764324,0.04490369012026908,947.2885197296176,1116.8638848501735,0
910.3188340764324,0.04124026251313389,947.2885197296176,1117.772414896743,0
910.7370060442876,0.05172690737986961,947.4177348676848,1115.1717269697924,0
910.7370060442876,0.05014726898844074,947.4177348676848,1115.5634772908668,0
911.1687670568883,0.05329833985757677,947.5511490205785,1114.782011715321,0
911.1687670568883,0.05276854555291897,947.5511490205785,1114.9134007028763,0
911.1687670568883,0.052247982901198094,947.5511490205785,1115.042500240503,0
911.5939394417336,0.051197625944819414,947.6825272874956,1115.3029887656849,0
911.5939394417336,0.05014726898844074,947.6825272874956,1115.5634772908668,0
912.0189059319616,0.05067655042349093,947.8138419329761,1115.4322154949743,0
912.0189059319616,0.05014726898844074,947.8138419329761,1115.5634772908668,0
912.4438724221897,0.051197625944819414,947.9451565784566,1115.3029887656849,0
912.4438724221897,0.048575836510733585,947.9451565784566,1115.9531925453382,0
912.8758393294078,0.0443826145989406,948.0786343527869,1116.9931115794627,0
912.8758393294078,0.038609754295718744,948.0786343527869,1118.4247809346618,0
912.8758393294078,0.033374894210876395,948.0786343527869,1119.7230262357027,0
913.3008058196357,0.03180346173316924,948.2099489982674,1120.1127414901741,0
913.3008058196357,0.030206898644689346,948.2099489982674,1120.5086891361173,0
913.7257723098636,0.052247982901198094,948.3412636437478,1115.042500240503,0
913.7257723098636,0.04543297155531927,948.3412636437478,1116.732623054281,0
913.7257723098636,0.037559397339340064,948.3412636437478,1118.6852694598438,0
914.1509446947089,0.061154989376504945,948.4726419106651,1112.8335626346268,0
914.1509446947089,0.05644069194338348,948.4726419106651,1114.002708398041,0
914.5759111849369,0.07322127263466953,948.6039565561455,1109.8411243866021,0
914.5759111849369,0.07164163424324066,948.6039565561455,1110.2328747076765,0
914.5759111849369,0.06640677415839832,948.6039565561455,1111.5311200087174,0
915.0076721975377,0.07164163424324066,948.737370709039,1110.2328747076765,0
915.0076721975377,0.0669273368101192,948.737370709039,1111.4020204710905,0
915.4328445823829,0.06378498472431249,948.8687489759564,1112.1813237883705,0
915.4328445823829,0.061684270811555135,948.8687489759564,1112.7023008387343,0
915.4328445823829,0.06011283833384798,948.8687489759564,1113.0920160932058,0
915.857811072611,0.055919616422054993,949.0000636214368,1114.1319351273305,0
915.857811072611,0.05067655042349093,949.0000636214368,1115.4322154949743,0
916.282777562839,0.0438533331638904,949.1313782669172,1117.1243733753554,0
916.282777562839,0.03703883468761919,949.1313782669172,1118.8143689974706,0
916.282777562839,0.03389596973220488,949.1313782669172,1119.5937995064132,0
916.7079499476843,0.03808919164399786,949.2627565338344,1118.5538804722887,0
916.7079499476843,0.03494632668858355,949.2627565338344,1119.3333109812313,0
917.1329164379122,0.048046555075683395,949.3940711793148,1116.0844543412306,0
917.1329164379122,0.04490369012026908,949.3940711793148,1116.8638848501735,0
917.1329164379122,0.04124026251313389,949.3940711793148,1117.772414896743,0
917.5646774505129,0.05801212442109063,949.5274853322085,1113.6129931435696,0
917.5646774505129,0.05276854555291897,949.5274853322085,1114.9134007028763,0
917.9898498353582,0.06535641720201964,949.6588635991257,1111.7916085338993,0
917.9898498353582,0.06430606024564096,949.6588635991257,1112.0520970590812,0
917.9898498353582,0.06220534633288362,949.6588635991257,1112.5730741094449,0
918.4148163255862,0.059591762812519496,949.7901782446061,1113.2212428224952,0
918.4148163255862,0.054339978030626124,949.7901782446061,1114.5236854484049,0
918.8397828158141,0.048575836510733585,949.9214928900865,1115.9531925453382,0
918.8397828158141,0.04490369012026908,949.9214928900865,1116.8638848501735,0
918.8397828158141,0.0438533331638904,949.9214928900865,1117.1243733753554,0
919.2717497230323,0.04909691203206207,950.0549706644169,1115.8239658160487,0
919.2717497230323,0.04490369012026908,950.0549706644169,1116.8638848501735,0
919.6899216908874,0.06640677415839832,950.1841858024842,1111.5311200087174,0
919.6899216908874,0.061154989376504945,950.1841858024842,1112.8335626346268,0
919.6899216908874,0.054869259465676314,950.1841858024842,1114.3924236525124,0
920.128477225861,0.07374234815599802,950.319699462791,1109.7118976573126,0
920.128477225861,0.07059948320058371,950.319699462791,1110.4913281662552,0
920.5468550883336,0.0742634236773265,950.4489782222951,1109.5826709280232,0
920.5468550883336,0.07217091567829086,950.4489782222951,1110.101612911784,0
920.5468550883336,0.06744841233144767,950.4489782222951,1111.272793741801,0
920.9786161009343,0.06430606024564096,950.5823923751886,1112.0520970590812,0
920.9786161009343,0.06325570328926229,950.5823923751886,1112.3125855842632,0
921.3969939634068,0.06378498472431249,950.7116711346927,1112.1813237883705,0
921.3969939634068,0.06273462776793381,950.7116711346927,1112.4418123135524,0
921.8287549760075,0.06063391385517646,950.8450852875862,1112.9627893639163,0
921.8287549760075,0.059062481377469306,950.8450852875862,1113.3525046183877,0
922.2537214662356,0.06220534633288362,950.9763999330668,1112.5730741094449,0
922.2537214662356,0.059062481377469306,950.9763999330668,1113.3525046183877,0
922.6854824788363,0.06640677415839832,951.1098140859604,1111.5311200087174,0
922.6854824788363,0.06482662289736185,951.1098140859604,1111.9229975214544,0
923.1038603413087,0.06482662289736185,951.2390928454644,1111.9229975214544,0
923.1038603413087,0.06378498472431249,951.2390928454644,1112.1813237883705,0
923.5356213539095,0.06273462776793381,951.3725069983581,1112.4418123135524,0
923.5356213539095,0.06220534633288362,951.3725069983581,1112.5730741094449,0
923.5356213539095,0.061154989376504945,951.3725069983581,1112.8335626346268,0
923.9605878441375,0.06220534633288362,951.5038216438385,1112.5730741094449,0
923.9605878441375,0.061154989376504945,951.5038216438385,1112.8335626346268,0
923.9605878441375,0.06063391385517646,951.5038216438385,1112.9627893639163,0
924.3857602289829,0.06325570328926229,951.6351999107557,1112.3125855842632,0
924.8107267192108,0.061684270811555135,951.7665145562361,1112.7023008387343,0
924.8107267192108,0.061154989376504945,951.7665145562361,1112.8335626346268,0
924.8107267192108,0.06063391385517646,951.7665145562361,1112.9627893639163,0
925.2424877318116,0.06901984480915484,951.8999287091298,1110.8830784873296,0
925.2424877318116,0.06378498472431249,951.8999287091298,1112.1813237883705,0
925.6676601166569,0.07898541415456208,952.031306976047,1108.4116172896688,0
925.6676601166569,0.0742634236773265,952.031306976047,1109.5826709280232,0
926.0926266068849,0.08108612806731942,952.1626216215274,1107.890640239305,0
926.0926266068849,0.08055684663226922,952.1626216215274,1108.0219020351974,0
926.0926266068849,0.08003577111094075,952.1626216215274,1108.1511287644869,0
926.5175930971128,0.07688470024180473,952.2939362670078,1108.9325943400324,0
926.5175930971128,0.07112055872191218,952.2939362670078,1110.362101436966,0
926.9427654819581,0.06430606024564096,952.425314533925,1112.0520970590812,0
926.9427654819581,0.05801212442109063,952.425314533925,1113.6129931435696,0
926.9427654819581,0.054339978030626124,952.425314533925,1114.5236854484049,0
927.367731972186,0.05696176746471196,952.5566291794055,1113.8734816687515,0
927.367731972186,0.05381890250929764,952.5566291794055,1114.6529121776944,0
927.7994929847869,0.07898541415456208,952.6900433322991,1108.4116172896688,0
927.7994929847869,0.07112055872191218,952.6900433322991,1110.362101436966,0
927.7994929847869,0.06273462776793381,952.6900433322991,1112.4418123135524,0
928.2246653696322,0.09104349149900495,952.8214215992163,1105.4212141082469,0
928.2246653696322,0.08685078245681957,952.8214215992163,1106.4610059507088,0
928.6496318598602,0.09366528093309077,952.9527362446968,1104.7710103285935,0
928.6496318598602,0.09313599949804059,952.9527362446968,1104.902272124486,0
928.6496318598602,0.08999313454262628,952.9527362446968,1105.6817026334288,0
929.0748042447054,0.08317863606635506,953.084114511614,1107.371698255544,0
929.0748042447054,0.07636413759008384,953.084114511614,1109.0616938776593,0
929.0748042447054,0.07269199119961935,953.084114511614,1109.9723861824946,0
929.4997707349333,0.0742634236773265,953.2154291570944,1109.5826709280232,0
929.4997707349333,0.07164163424324066,953.2154291570944,1110.2328747076765,0
929.9315317475342,0.07898541415456208,953.3488433099881,1108.4116172896688,0
929.9315317475342,0.07688470024180473,953.3488433099881,1108.9325943400324,0
930.3564982377621,0.08369971158768354,953.4801579554685,1107.2424715262546,0
930.3564982377621,0.08108612806731942,953.4801579554685,1107.890640239305,0
930.3564982377621,0.07950648967589055,953.4801579554685,1108.2823905603793,0
930.7816706226074,0.08422899302273373,953.6115362223857,1107.1112097303621,0
930.7816706226074,0.08317863606635506,953.6115362223857,1107.371698255544,0
931.2066371128353,0.08055684663226922,953.7428508678661,1108.0219020351974,0
931.2066371128353,0.08003577111094075,953.7428508678661,1108.1511287644869,0
931.6383981254362,0.0816072035886479,953.8762650207598,1107.7614135100155,0
931.6383981254362,0.08108612806731942,953.8762650207598,1107.890640239305,0
932.0567759879087,0.08685078245681957,954.0055437802637,1106.4610059507088,0
932.0567759879087,0.08475006854406222,954.0055437802637,1106.9819830010726,0
932.0567759879087,0.08265756054502658,954.0055437802637,1107.5009249848335,0
932.4953315228822,0.08842221493452672,954.1410574405705,1106.0712906962374,0
932.4953315228822,0.08790113941319824,954.1410574405705,1106.2005174255269,0
932.9137093853548,0.08790113941319824,954.2703362000746,1106.2005174255269,0
932.9137093853548,0.08685078245681957,954.2703362000746,1106.4610059507088,0
932.9137093853548,0.08632150102176937,954.2703362000746,1106.5922677466012,0
933.3454703979555,0.08475006854406222,954.4037503529682,1106.9819830010726,0
933.3454703979555,0.08055684663226922,954.4037503529682,1108.0219020351974,0
933.7636423658107,0.0858004255004409,954.5329654910355,1106.7214944758907,0
933.7636423658107,0.07950648967589055,954.5329654910355,1108.2823905603793,0
933.7636423658107,0.0779350571981834,954.5329654910355,1108.6721058148505,0
934.1954033784115,0.09578291954289915,954.6663796439291,1104.2458359533612,0
934.1954033784115,0.09104349149900495,954.6663796439291,1105.4212141082469,0
934.6205757632567,0.10364777497554904,954.7977579108463,1102.295351806064,0
934.6205757632567,0.10259741801917037,954.7977579108463,1102.555840331246,0
934.6205757632567,0.09997614145469214,954.7977579108463,1103.2059169192364,0
935.0523367758575,0.10574028297458468,954.93117206374,1101.776409822303,0
935.0523367758575,0.1052192074532562,954.93117206374,1101.9056365515926,0
935.47071463833,0.1052192074532562,955.060450823244,1101.9056365515926,0
935.47071463833,0.10417756928020684,955.060450823244,1102.1639628185087,0
935.47071463833,0.10364777497554904,955.060450823244,1102.295351806064,0
935.9024756509308,0.1015470610627917,955.1938649761375,1102.8163288564278,0
935.9024756509308,0.09840470897698499,955.1938649761375,1103.5956321737078,0
936.3274421411588,0.09418635645441926,955.325179621618,1104.641783599304,0
936.3274421411588,0.0889427775862476,955.325179621618,1105.9421911586107,0
936.3274421411588,0.08317863606635506,955.325179621618,1107.371698255544,0
936.7526145260041,0.07741449454646251,955.4565578885353,1108.8012053524774,0
936.7526145260041,0.07322127263466953,955.4565578885353,1109.8411243866021,0
937.177581016232,0.08108612806731942,955.5878725340157,1107.890640239305,0
937.177581016232,0.07636413759008384,955.5878725340157,1109.0616938776593,0
937.177581016232,0.07322127263466953,955.5878725340157,1109.8411243866021,0
937.6093420288329,0.10259741801917037,955.7212866869093,1102.555840331246,0
937.6093420288329,0.09526184402157067,955.7212866869093,1104.3750626826507,0
937.6093420288329,0.08842221493452672,955.7212866869093,1106.0712906962374,0
938.0343085190608,0.11204242471285673,955.8526013323898,1100.2134786712115,0
938.0343085190608,0.1088913538437207,955.8526013323898,1100.9949442467573,0
938.4594809039061,0.11256350023418521,955.983979599307,1100.084251941922,0
938.4594809039061,0.11046278632142786,955.983979599307,1100.605228992286,0
938.4594809039061,0.10679063993096335,955.983979599307,1101.5159212971212,0
938.884447394134,0.1020768553674495,956.1152942447874,1102.6849398688726,0
938.884447394134,0.09526184402157067,956.1152942447874,1104.3750626826507,0
939.3096197789793,0.08790113941319824,956.2466725117046,1106.2005174255269,0
939.3096197789793,0.08108612806731942,956.2466725117046,1107.890640239305,0
939.7413807915801,0.08265756054502658,956.3800866645983,1107.5009249848335,0
939.7413807915801,0.0779350571981834,956.3800866645983,1108.6721058148505,0
939.7413807915801,0.07741449454646251,956.3800866645983,1108.8012053524774,0
940.166347281808,0.0978836334556565,956.5114013100787,1103.7248589029973,0
940.166347281808,0.08999313454262628,956.5114013100787,1105.6817026334288,0
940.5915196666534,0.11937799871045643,956.6427795769958,1098.3942563198068,0
940.5915196666534,0.11360565127684218,956.6427795769958,1099.8257984833433,0
940.5915196666534,0.1052192074532562,956.6427795769958,1101.9056365515926,0
941.0164861568813,0.1204201497531134,956.7740942224763,1098.135802861228,0
941.0164861568813,0.11780707910235687,956.7740942224763,1098.7838443826156,0
941.4414526471094,0.11413493271189237,956.9054088679567,1099.6945366874509,0
941.4414526471094,0.10941242936504919,956.9054088679567,1100.8657175174678,0
941.4414526471094,0.10626956440963488,956.9054088679567,1101.6451480264107,0
941.8666250319546,0.10312721232382817,957.036787134874,1102.4244513436906,0
941.8666250319546,0.10102649841107082,957.036787134874,1102.9454283940545,0
942.2983860445554,0.0978836334556565,957.1702012877676,1103.7248589029973,0
942.2983860445554,0.09578291954289915,957.1702012877676,1104.2458359533612,0
942.2983860445554,0.09471563788946946,957.1702012877676,1104.5105218034116,0
942.7233525347833,0.09683327649927782,957.301515933248,1103.9853474281792,0
942.7233525347833,0.09631220097794935,957.301515933248,1104.1145741574687,0
943.1485249196286,0.10312721232382817,957.4328942001653,1102.4244513436906,0
943.1485249196286,0.09997614145469214,957.4328942001653,1103.2059169192364,0
943.1485249196286,0.09735435202060631,957.4328942001653,1103.8561206988898,0
943.5870804546023,0.10994171080009937,957.5684078604721,1100.7344557215754,0
943.5870804546023,0.10731992136601355,957.5684078604721,1101.3846595012287,0
944.0254300949586,0.10994171080009937,957.7038578993421,1100.7344557215754,0
944.0254300949586,0.10941242936504919,957.7038578993421,1100.8657175174678,0
944.0254300949586,0.10837027832239222,957.7038578993421,1101.1241709760468,0
944.4506024798038,0.11360565127684218,957.8352361662594,1099.8257984833433,0
944.4506024798038,0.11256350023418521,957.8352361662594,1100.084251941922,0
944.8755689700317,0.11204242471285673,957.9665508117398,1100.2134786712115,0
944.8755689700317,0.10994171080009937,957.9665508117398,1100.7344557215754,0
944.8755689700317,0.10837027832239222,957.9665508117398,1101.1241709760468,0
945.3007413548771,0.10679063993096335,958.097929078657,1101.5159212971212,0
945.3007413548771,0.10312721232382817,958.097929078657,1102.4244513436906,0
945.7257078451051,0.09945506593336366,958.2292437241374,1103.335143648526,0
945.7257078451051,0.09526184402157067,958.2292437241374,1104.3750626826507,0
945.7257078451051,0.09313599949804059,958.2292437241374,1104.902272124486,0
946.1506743353331,0.09840470897698499,958.3605583696178,1103.5956321737078,0
946.1506743353331,0.09471563788946946,958.3605583696178,1104.5105218034116,0
946.5824353479338,0.10417756928020684,958.4939725225115,1102.1639628185087,0
946.5824353479338,0.10364777497554904,958.4939725225115,1102.295351806064,0
946.5824353479338,0.1020768553674495,958.4939725225115,1102.6849398688726,0
947.0076077327791,0.10784099688734203,958.6253507894287,1101.2554327719392,0
947.0076077327791,0.10626956440963488,958.6253507894287,1101.6451480264107,0
947.4325742230071,0.1088913538437207,958.7566654349091,1100.9949442467573,0
947.4325742230071,0.10784099688734203,958.7566654349091,1101.2554327719392,0
947.8577466078524,0.11099206775647806,958.8880437018263,1100.4739671963935,0
947.8577466078524,0.10994171080009937,958.8880437018263,1100.7344557215754,0
948.2827130980803,0.10941242936504919,959.0193583473068,1100.8657175174678,0
948.2827130980803,0.10731992136601355,959.0193583473068,1101.3846595012287,0
948.2827130980803,0.10364777497554904,959.0193583473068,1102.295351806064,0
948.7076795883082,0.10102649841107082,959.1506729927872,1102.9454283940545,0
948.7076795883082,0.09997614145469214,959.1506729927872,1103.2059169192364,0
949.1396464955264,0.1088913538437207,959.2841507671176,1100.9949442467573,0
949.1396464955264,0.10417756928020684,959.2841507671176,1102.1639628185087,0
949.1396464955264,0.10102649841107082,959.2841507671176,1102.9454283940545,0
949.5646129857544,0.11465600823322085,959.4154654125981,1099.5653099581614,0
949.5646129857544,0.11256350023418521,959.4154654125981,1100.084251941922,0
949.9963739983551,0.1167567221459782,959.5488795654917,1099.0443329077975,0
949.9963739983551,0.1162269278413204,959.5488795654917,1099.1757218953526,0
950.4147518608277,0.11256350023418521,959.6781583249957,1100.084251941922,0
950.4147518608277,0.10994171080009937,959.6781583249957,1100.7344557215754,0
950.4147518608277,0.10941242936504919,959.6781583249957,1100.8657175174678,0
950.8397183510556,0.11518528966827105,959.8094729704761,1099.434048162269,0
950.8397183510556,0.11151314327780654,959.8094729704761,1100.344740467104,0
951.2714793636565,0.11780707910235687,959.9428871233698,1098.7838443826156,0
951.2714793636565,0.11727728479769908,959.9428871233698,1098.9152333701707,0
951.2714793636565,0.1130845757555137,959.9428871233698,1099.9550252126328,0
951.6966517485017,0.10731992136601355,960.074265390287,1101.3846595012287,0
951.6993283785273,0.10731889562679833,960.075092468965,1101.3849138845542,0
951.6993283785273,0.10312567371500535,960.075092468965,1102.4248329186787,0
952.117706241,0.09840368323776977,960.2043712284689,1103.5958865570333,0
952.117706241,0.09578189380368395,960.2043712284689,1104.2460903366864,0
952.5494672536007,0.10783997114812682,960.3377853813626,1101.2556871552647,0
952.5494672536007,0.09997460284586933,960.3377853813626,1103.2062984942245,0
952.9676392214558,0.13196433175073427,960.4670005194298,1095.272845725818,0
952.9676392214558,0.12567090879579154,960.4670005194298,1096.8336146186439,0
952.9676392214558,0.11675518353715537,960.4670005194298,1099.0447144827856,0
953.3996061286739,0.13353576422844143,960.6004782937601,1094.8831304713467,0
953.3996061286739,0.12986361783797692,960.6004782937601,1095.7938227761817,0
953.8245726189018,0.1235701948830342,960.7317929392407,1097.3545916690075,0
953.8245726189018,0.11571354536410602,960.7317929392407,1099.3030407497017,0
953.8245726189018,0.108369252583177,960.7317929392407,1101.1244253593723,0
954.2563336315027,0.10364674923633382,960.8652070921343,1102.2956061893892,0
954.2563336315027,0.10154603532357648,960.8652070921343,1102.816583239753,0
954.6813001217306,0.11518375105944823,960.9965217376147,1099.434429737257,0
954.6813001217306,0.10679782010546986,960.9965217376147,1101.5141406138437,0
954.6813001217306,0.10259639227995515,960.9965217376147,1102.5560947145711,0
955.1064725065759,0.12829218536026976,961.127900004532,1096.1835380306532,0
955.1064725065759,0.1235701948830342,961.127900004532,1097.3545916690075,0
955.5314389968038,0.12829218536026976,961.2592146500124,1096.1835380306532,0
955.5314389968038,0.12514983327446308,961.2592146500124,1096.9628413479334,0
955.5314389968038,0.12094840544894837,961.2592146500124,1098.0047954486608,0
955.9566113816492,0.11885589744991273,961.3905929169296,1098.5237374324217,0
955.9566113816492,0.11833482192858424,961.3905929169296,1098.6529641617112,0
956.38837239425,0.12304911936170572,961.5240070698231,1097.483818398297,0
956.38837239425,0.12094840544894837,961.5240070698231,1098.0047954486608,0
956.38837239425,0.11990625440629141,961.5240070698231,1098.2632489072398,0
956.8201334068508,0.12829218536026976,961.6574212227168,1096.1835380306532,0
956.8201334068508,0.12620019023084175,961.6574212227168,1096.7023528227514,0
957.2385112693232,0.1272418284038911,961.7866999822209,1096.444026555835,0
957.2385112693232,0.12409947631808439,961.7866999822209,1097.223329873115,0
957.2385112693232,0.11885589744991273,961.7866999822209,1098.5237374324217,0
957.670272281924,0.11308303714669088,961.9201141351144,1099.9554067876209,0
957.670272281924,0.10783997114812682,961.9201141351144,1101.2556871552647,0
958.0884442497792,0.10521818171404099,962.0493292731817,1101.905890934918,0
958.0884442497792,0.10417603067138402,962.0493292731817,1102.1643443934968,0
958.0884442497792,0.10312567371500535,962.0493292731817,1102.4248329186787,0
958.5202052623799,0.11361283145134868,962.1827434260754,1099.8240178000656,0
958.5202052623799,0.1088903281045055,962.1827434260754,1100.9951986300828,0
958.9453776472252,0.12304911936170572,962.3141216929926,1097.483818398297,0
958.9453776472252,0.12094840544894837,962.3141216929926,1098.0047954486608,0
958.9453776472252,0.11833482192858424,962.3141216929926,1098.6529641617112,0
959.377138659826,0.12672126575217021,962.4475358458863,1096.573126093462,0
959.377138659826,0.12567090879579154,962.4475358458863,1096.8336146186439,0
959.7955165222984,0.12567090879579154,962.5768146053902,1096.8336146186439,0
959.7955165222984,0.12199876240532705,962.5768146053902,1097.744306923479,0
959.7955165222984,0.11833482192858424,962.5768146053902,1098.6529641617112,0
960.2272775348993,0.11413339410306955,962.7102287582838,1099.694918262439,0
960.2272775348993,0.11099104201726284,962.7102287582838,1100.474221579719,0
960.6454495027544,0.10783997114812682,962.8394438963511,1101.2556871552647,0
960.6454495027544,0.10626853867041966,962.8394438963511,1101.645402409736,0
960.6454495027544,0.1046971061927125,962.8394438963511,1102.0351176642073,0
961.0774164099726,0.108369252583177,962.9729216706814,1101.1244253593723,0
961.0774164099726,0.10626853867041966,962.9729216706814,1101.645402409736,0
961.5091774225733,0.11780554049353406,963.1063358235751,1098.7842259576037,0
961.5091774225733,0.11466318840772735,963.1063358235751,1099.5635292748836,0
961.5091774225733,0.11152032345231302,963.1063358235751,1100.3429597838265,0
961.9341439128013,0.1272418284038911,963.2376504690556,1096.444026555835,0
961.9341439128013,0.12199876240532705,963.2376504690556,1097.744306923479,0
962.3591104030293,0.13196433175073427,963.368965114536,1095.272845725818,0
962.3591104030293,0.1309139747943556,963.368965114536,1095.5333342509998,0
962.7842827878745,0.13038469335930541,963.5003433814531,1095.6645960468923,0
962.7842827878745,0.12829218536026976,963.5003433814531,1096.1835380306532,0
963.2092492781024,0.12409947631808439,963.6316580269337,1097.223329873115,0
963.2092492781024,0.12147768688399856,963.6316580269337,1097.8735336527684,0
963.2092492781024,0.11780554049353406,963.6316580269337,1098.7842259576037,0
963.6344216629477,0.11780554049353406,963.7630362938509,1098.7842259576037,0
963.6344216629477,0.11675518353715537,963.7630362938509,1099.0447144827856,0
964.0661826755486,0.12304911936170572,963.8964504467444,1097.483818398297,0
964.0661826755486,0.12094840544894837,963.8964504467444,1098.0047954486608,0
964.0661826755486,0.11833482192858424,963.8964504467444,1098.6529641617112,0
964.4911491657766,0.12462055183941287,964.027765092225,1097.0941031438258,0
964.4911491657766,0.12409947631808439,964.027765092225,1097.223329873115,0
964.9163215506219,0.12514983327446308,964.1591433591421,1096.9628413479334,0
964.9163215506219,0.1235701948830342,964.1591433591421,1097.3545916690075,0
965.334493518477,0.12042732992761988,964.2883584972094,1098.1340221779503,0
965.334493518477,0.11833482192858424,964.2883584972094,1098.6529641617112,0
965.7662545310778,0.11937697297124121,964.421772650103,1098.3945107031323,0
965.7662545310778,0.11780554049353406,964.421772650103,1098.7842259576037,0
965.7662545310778,0.11728446497220557,964.421772650103,1098.9134526868932,0
966.1914269159231,0.12409947631808439,964.5531509170202,1097.223329873115,0
966.1914269159231,0.12199876240532705,964.5531509170202,1097.744306923479,0
966.6231879285239,0.13038469335930541,964.6865650699139,1095.6645960468923,0
966.6231879285239,0.1272418284038911,964.6865650699139,1096.444026555835,0
966.6231879285239,0.12567090879579154,964.6865650699139,1096.8336146186439,0
967.0481544187518,0.13353576422844143,964.8178797153943,1094.8831304713467,0
967.0481544187518,0.13248540727206276,964.8178797153943,1095.1436189965286,0
967.473326803597,0.13301468870711294,964.9492579823115,1095.0123572006362,0
967.473326803597,0.13248540727206276,964.9492579823115,1095.1436189965286,0
967.473326803597,0.1314350503156841,964.9492579823115,1095.4041075217103,0
967.8982932938251,0.12934254231664846,965.0805726277919,1095.9230495054712,0
967.8982932938251,0.12776290392521958,965.0805726277919,1096.3147998265456,0
968.3232597840531,0.12462055183941287,965.2118872732724,1097.0941031438258,0
968.3232597840531,0.12147768688399856,965.2118872732724,1097.8735336527684,0
968.3232597840531,0.11675518353715537,965.2118872732724,1099.0447144827856,0
968.7552266912712,0.11099104201726284,965.3453650476027,1100.474221579719,0
968.7552266912712,0.10574746314909118,965.3453650476027,1101.7746291390256,0
969.186987703872,0.10259639227995515,965.4787792004964,1102.5560947145711,0
969.186987703872,0.10050439715052711,965.4787792004964,1103.0749095066694,0
969.186987703872,0.09997460284586933,965.4787792004964,1103.2062984942245,0
969.6051596717272,0.10783997114812682,965.6079943385637,1101.2556871552647,0
969.6051596717272,0.10207531675862667,965.6079943385637,1102.6853214438606,0
970.0369206843279,0.12620019023084175,965.7414084914573,1096.7023528227514,0
970.0369206843279,0.12199876240532705,965.7414084914573,1097.744306923479,0
970.0369206843279,0.11518375105944823,965.7414084914573,1099.434429737257,0
970.4552985468003,0.1345861211848201,965.8706872509613,1094.6226419461648,0
970.4552985468003,0.13038469335930541,965.8706872509613,1095.6645960468923,0
970.8870595594011,0.14454348461650565,966.0041014038549,1092.1532158151067,0
970.8870595594011,0.14402240909517716,966.0041014038549,1092.2824425443962,0
970.8870595594011,0.13982970005299178,966.0041014038549,1093.322234386858,0
971.3122319442464,0.14245148948707761,966.1354796707722,1092.6720306072048,0
971.3122319442464,0.13982970005299178,966.1354796707722,1093.322234386858,0
971.7439929568473,0.13720791061890594,966.2688938236657,1093.9724381665114,0
971.7439929568473,0.1356282722274771,966.2688938236657,1094.3641884875858,0
971.7439929568473,0.13196433175073427,966.2688938236657,1095.272845725818,0
972.1621649247023,0.12672126575217021,966.398108961733,1096.573126093462,0
972.1621649247023,0.12094840544894837,966.398108961733,1098.0047954486608,0
972.5939259373031,0.11885589744991273,966.5315231146267,1098.5237374324217,0
972.5939259373031,0.11833482192858424,966.5315231146267,1098.6529641617112,0
973.0123037997756,0.11833482192858424,966.6608018741306,1098.6529641617112,0
973.0123037997756,0.1162341080158269,966.6608018741306,1099.173941212075,0
973.4440648123765,0.11728446497220557,966.7942160270243,1098.9134526868932,0
973.4440648123765,0.11571354536410602,966.7942160270243,1099.3030407497017,0
973.4440648123765,0.11518375105944823,966.7942160270243,1099.434429737257,0
973.8692371972218,0.11728446497220557,966.9255942939415,1098.9134526868932,0
973.8692371972218,0.11675518353715537,966.9255942939415,1099.0447144827856,0
974.3009982098225,0.11728446497220557,967.0590084468352,1098.9134526868932,0
974.3009982098225,0.1162341080158269,967.0590084468352,1099.173941212075,0
974.7259647000504,0.11833482192858424,967.1903230923156,1098.6529641617112,0
974.7259647000504,0.11728446497220557,967.1903230923156,1098.9134526868932,0
975.1511370848957,0.12672126575217021,967.3217013592327,1096.573126093462,0
975.1511370848957,0.12252804384037723,967.3217013592327,1097.6130451275865,0
975.1511370848957,0.11990625440629141,967.3217013592327,1098.2632489072398,0
975.5761035751237,0.13772898614023443,967.4530160047132,1093.843211437222,0
975.5761035751237,0.13301468870711294,967.4530160047132,1095.0123572006362,0
976.0010700653517,0.14035077557432027,967.5843306501936,1093.1930076575686,0
976.0010700653517,0.1393004186179416,967.5843306501936,1093.4534961827505,0
976.0010700653517,0.13825006166156292,967.5843306501936,1093.7139847079325,0
976.4328310779524,0.13667862918385576,967.7177448030873,1094.1036999624039,0
976.4328310779524,0.13301468870711294,967.7177448030873,1095.0123572006362,0
976.8580034627978,0.12881326088159825,967.8491230700045,1096.0543113013637,0
976.8580034627978,0.12514983327446308,967.8491230700045,1096.9628413479334,0
976.8580034627978,0.12252804384037723,967.8491230700045,1097.6130451275865,0
977.2829699530258,0.12147768688399856,967.9804377154849,1097.8735336527684,0
977.2829699530258,0.12094840544894837,967.9804377154849,1098.0047954486608,0
977.7013478154983,0.12620019023084175,968.1097164749889,1096.7023528227514,0
977.7013478154983,0.12462055183941287,968.1097164749889,1097.0941031438258,0
977.7013478154983,0.1235701948830342,968.1097164749889,1097.3545916690075,0
978.133108828099,0.1272418284038911,968.2431306278826,1096.444026555835,0
978.133108828099,0.12672126575217021,968.2431306278826,1096.573126093462,0
978.5580753183269,0.13405683974976992,968.374445273363,1094.7539037420572,0
978.5580753183269,0.13038469335930541,968.374445273363,1095.6645960468923,0
978.5580753183269,0.12829218536026976,968.374445273363,1096.1835380306532,0
978.990042225545,0.13825006166156292,968.5079230476933,1093.7139847079325,0
978.990042225545,0.13772898614023443,968.5079230476933,1093.843211437222,0
979.4150087157731,0.13667862918385576,968.6392376931739,1094.1036999624039,0
979.4150087157731,0.1356282722274771,968.6392376931739,1094.3641884875858,0
979.839975206001,0.14035077557432027,968.7705523386543,1093.1930076575686,0
979.839975206001,0.1393004186179416,968.7705523386543,1093.4534961827505,0
980.2651475908463,0.13825006166156292,968.9019306055715,1093.7139847079325,0
980.2651475908463,0.1356282722274771,968.9019306055715,1094.3641884875858,0
980.2651475908463,0.13405683974976992,968.9019306055715,1094.7539037420572,0
980.6901140810743,0.1393004186179416,969.0332452510519,1093.4534961827505,0
980.6901140810743,0.13615755366252727,969.0332452510519,1094.2329266916934,0
981.121875093675,0.13982970005299178,969.1666594039456,1093.322234386858,0
981.121875093675,0.13825006166156292,969.1666594039456,1093.7139847079325,0
981.121875093675,0.13615755366252727,969.1666594039456,1094.2329266916934,0
981.5536361062759,0.1356282722274771,969.3000735568392,1094.3641884875858,0
981.9720139687483,0.14035077557432027,969.4293523163432,1093.1930076575686,0
981.9720139687483,0.13720791061890594,969.4293523163432,1093.9724381665114,0
981.9720139687483,0.13667862918385576,969.4293523163432,1094.1036999624039,0
982.4037749813491,0.14507276605155583,969.5627664692369,1092.0219540192143,0
982.4037749813491,0.14349312766012698,969.5627664692369,1092.4137043402886,0
982.8221528438215,0.1429720521387985,969.6920452287409,1092.5429310695781,0
982.8221528438215,0.13772898614023443,969.6920452287409,1093.843211437222,0
982.8221528438215,0.13301468870711294,969.6920452287409,1095.0123572006362,0
983.2539138564224,0.12829218536026976,969.8254593816345,1096.1835380306532,0
983.2539138564224,0.12409947631808439,969.8254593816345,1097.223329873115,0
983.2539138564224,0.12042732992761988,969.8254593816345,1098.1340221779503,0
983.6788803466503,0.12199876240532705,969.9567740271149,1097.744306923479,0
983.6788803466503,0.11990625440629141,969.9567740271149,1098.2632489072398,0
984.1106413592511,0.13982970005299178,970.0901881800086,1093.322234386858,0
984.1106413592511,0.1345861211848201,970.0901881800086,1094.6226419461648,0
984.1106413592511,0.12776290392521958,970.0901881800086,1096.3147998265456,0
984.5290192217236,0.14507276605155583,970.2194669395126,1092.0219540192143,0
984.5290192217236,0.1429720521387985,970.2194669395126,1092.5429310695781,0
984.9607802343244,0.14821563100697016,970.3528810924062,1091.2425235102714,0
984.9607802343244,0.14716527405059146,970.3528810924062,1091.5030120354534,0
984.9607802343244,0.1461149170942128,970.3528810924062,1091.7635005606353,0
985.3791580967969,0.14245148948707761,970.4821598519102,1092.6720306072048,0
985.3791580967969,0.1393004186179416,970.4821598519102,1093.4534961827505,0
985.8109191093977,0.13825006166156292,970.6155740048039,1093.7139847079325,0
985.8109191093977,0.13772898614023443,970.6155740048039,1093.843211437222,0
985.8109191093977,0.13667862918385576,970.6155740048039,1094.1036999624039,0
986.2426801219984,0.13405683974976992,970.7489881576975,1094.7539037420572,0
986.2426801219984,0.1309139747943556,970.7489881576975,1095.5333342509998,0
986.6678525068437,0.13720791061890594,970.8803664246146,1093.9724381665114,0
986.6678525068437,0.13196433175073427,970.8803664246146,1095.272845725818,0
986.6678525068437,0.12986361783797692,970.8803664246146,1095.7938227761817,0
987.0928189970717,0.1429720521387985,971.0116810700952,1092.5429310695781,0
987.0928189970717,0.14192169518241982,971.0116810700952,1092.80341959476,0
987.5177854872996,0.14192169518241982,971.1429957155756,1092.80341959476,0
987.5177854872996,0.14140113253069894,971.1429957155756,1092.9325191323867,0
987.9429578721449,0.14402240909517716,971.2743739824928,1092.2824425443962,0
987.9429578721449,0.14245148948707761,971.2743739824928,1092.6720306072048,0
988.3747188847457,0.14349312766012698,971.4077881353863,1092.4137043402886,0
988.3747188847457,0.14245148948707761,971.4077881353863,1092.6720306072048,0
988.7996853749736,0.14821563100697016,971.5391027808669,1091.2425235102714,0
988.7996853749736,0.14507276605155583,971.5391027808669,1092.0219540192143,0
989.2248577598191,0.15083742044105597,971.670481047784,1090.592319730618,0
989.2248577598191,0.1503163449197275,971.670481047784,1090.7215464599076,0
989.2248577598191,0.1497870634846773,971.670481047784,1090.8528082558,0
989.649824250047,0.1576519189173272,971.8017956932645,1088.9023241085029,0
989.649824250047,0.1534592098751418,971.8017956932645,1089.942115950965,0
990.0682021125194,0.16029063304846405,971.9310744527685,1088.247923003981,0
990.0682021125194,0.15924027609208538,971.9310744527685,1088.508411529163,0
990.4999631251202,0.1587192005707569,972.0644886056621,1088.6376382584524,0
990.4999631251202,0.15608048643962003,972.0644886056621,1089.2920393629743,0
990.9249296153482,0.152929415570484,972.1958032511426,1090.07350493852,0
990.9249296153482,0.14821563100697016,972.1958032511426,1091.2425235102714,0
990.9249296153482,0.14088005700937045,972.1958032511426,1093.0617458616762,0
991.356690627949,0.1356282722274771,972.3292174040362,1094.3641884875858,0
991.356690627949,0.1314350503156841,972.3292174040362,1095.4041075217103,0
991.7818630127942,0.13720791061890594,972.4605956709534,1093.9724381665114,0
991.7818630127942,0.13405683974976992,972.4605956709534,1094.7539037420572,0
991.7818630127942,0.13248540727206276,972.4605956709534,1095.1436189965286,0
992.2068295030222,0.14454348461650565,972.5919103164339,1092.1532158151067,0
992.2068295030222,0.14088005700937045,972.5919103164339,1093.0617458616762,0
992.6317959932502,0.14769455548564167,972.7232249619143,1091.371750239561,0
992.6317959932502,0.14716527405059146,972.7232249619143,1091.5030120354534,0
992.6317959932502,0.146644198529263,972.7232249619143,1091.6322387647429,0
993.0569683780956,0.14716527405059146,972.8546032288315,1091.5030120354534,0
993.0569683780956,0.1461149170942128,972.8546032288315,1091.7635005606353,0
993.4819348683235,0.1429720521387985,972.9859178743119,1092.5429310695781,0
993.4819348683235,0.14192169518241982,972.9859178743119,1092.80341959476,0
993.4819348683235,0.14140113253069894,972.9859178743119,1092.9325191323867,0
993.9204904032971,0.15450956683152048,973.1214315346188,1089.681627425783,0
993.9204904032971,0.14769455548564167,973.1214315346188,1091.371750239561,0
994.3388682657695,0.16500441761197793,973.2507102941228,1087.0789044322296,0
994.3388682657695,0.16343298513427076,973.2507102941228,1087.468619686701,0
994.3388682657695,0.16029063304846405,973.2507102941228,1088.247923003981,0
994.7706292783704,0.16343298513427076,973.3841244470163,1087.468619686701,0
994.7706292783704,0.16029063304846405,973.3841244470163,1088.247923003981,0
995.1890071408428,0.15450956683152048,973.5134032065204,1089.681627425783,0
995.1890071408428,0.14821563100697016,973.5134032065204,1091.2425235102714,0
995.1890071408428,0.14349312766012698,973.5134032065204,1092.4137043402886,0
995.6207681534436,0.14402240909517716,973.6468173594141,1092.2824425443962,0
995.6207681534436,0.14192169518241982,973.6468173594141,1092.80341959476,0
996.0457346436715,0.15083742044105597,973.7781320048945,1090.592319730618,0
996.0457346436715,0.14873670652829862,973.7781320048945,1091.113296780982,0
996.0457346436715,0.14716527405059146,973.7781320048945,1091.5030120354534,0
996.4774956562723,0.15450956683152048,973.9115461577882,1089.681627425783,0
996.4774956562723,0.152929415570484,973.9115461577882,1090.07350493852,0
996.8958735187449,0.15397977252686268,974.0408249172921,1089.8130164133381,0
996.8958735187449,0.15135849596238446,974.0408249172921,1090.4630930013288,0
996.8958735187449,0.14873670652829862,974.0408249172921,1091.113296780982,0
997.3276345313457,0.146644198529263,974.1742390701858,1091.6322387647429,0
997.3276345313457,0.1461149170942128,974.1742390701858,1091.7635005606353,0
997.7460123938181,0.14716527405059146,974.3035178296898,1091.5030120354534,0
998.1777734064189,0.14926598796334883,974.4369319825834,1090.9820349850895,0
998.1777734064189,0.14821563100697016,974.4369319825834,1091.2425235102714,0
998.6095344190197,0.15555992378789915,974.570346135477,1089.4211389006011,0
998.6095344190197,0.152929415570484,974.570346135477,1090.07350493852,0
998.6095344190197,0.15135849596238446,974.570346135477,1090.4630930013288,0
