x,y,pixel_x,pixel_y,gap_before
10.06286723261764,0.3672948236786956,273.1364984852869,846.7788123143984,0
10.089493480462707,0.38202449308107833,273.3637224466887,840.6542157768877,0
10.115877434298264,0.35965690009615897,273.58887871139575,849.9546609400171,0
10.115877434298264,0.3531114849871307,273.58887871139575,852.6762445423511,0
10.142261388133823,0.36347586188742725,273.81403497610273,848.3667366272077,0
10.168891363579036,0.35693044677839897,274.04129074822293,851.0883202295418,0
10.195275317414595,0.360198183518775,274.26644701293,849.7295952928934,0
10.195275317414595,0.35911056938534114,274.26644701293,850.1818252495752,0
10.221655543650005,0.36620231520518726,274.4915714669186,847.2330773376832,0
10.24828551909522,0.35529160759407286,274.71882723903883,851.7697495623845,0
10.274669472930777,0.36183702270310114,274.9439835037458,849.0481659600506,0
10.274669472930777,0.36129573928048514,274.9439835037458,849.2732316071744,0
10.301295720775846,0.36129573928048514,275.17120746514763,849.2732316071744,0
10.327679674611403,0.34273196622222857,275.39636372985467,856.9920484447974,0
10.35406362844696,0.3716601161807817,275.62151999456165,844.963723692031,0
10.35406362844696,0.36183702270310114,275.62151999456165,849.0481659600506,0
10.380689876292028,0.34163945774872023,275.8487439559635,857.4463134680822,0
10.407073830127585,0.3607494085696673,276.0739002206705,849.5003959167324,0
10.433457783963144,0.376020361394666,276.29905648537755,843.1507337320979,0
10.433457783963144,0.3531114849871307,276.29905648537755,852.6762445423511,0
10.459841737798701,0.37547907797205005,276.52421275008453,843.3757993792216,0
10.486467985643769,0.3645683703609356,276.75143671148635,847.912471603923,0
10.512851939479326,0.3651096537835516,276.9765929761934,847.6874059567992,0
10.512851939479326,0.35529160759407286,276.9765929761934,851.7697495623845,0
10.53948191492454,0.3694749462856377,277.2038487483136,845.8723173344318,0
10.565865868760099,0.35256515427631285,277.42900501302057,852.9034088519091,0
10.592249822595656,0.3531114849871307,277.6541612777276,852.6762445423511,0
10.592249822595656,0.34709221143611285,277.6541612777276,855.1790584848643,0
10.618630048831067,0.36129573928048514,277.87928573171627,849.2732316071744,0
10.645260024276281,0.3645683703609356,278.10654150383647,847.912471603923,0
10.671643978111838,0.3765717393936857,278.33169776854345,842.9214707601055,0
10.671643978111838,0.3629295311766094,278.33169776854345,848.5939009367659,0
10.698270225956907,0.37056760770727337,278.55892172994527,845.4179887153158,0
10.724654179792465,0.37711302281630166,278.7840779946523,842.6964051129818,0
10.751038133628022,0.36183702270310114,279.0092342593593,849.0481659600506,0
10.751038133628022,0.3563841160675812,279.0092342593593,851.3154845390998,0
10.77766438147309,0.37056760770727337,279.23645822076116,845.4179887153158,0
10.804048335308647,0.35747662454108947,279.46161448546815,850.861219515815,0
10.830432289144206,0.37983932318593433,279.6867707501752,841.5628094192886,0
10.830432289144206,0.37765920057899216,279.6867707501752,842.4693043992551,0
10.856816242979763,0.3738402387877239,279.91192701488217,844.0572287120644,0
10.88344249082483,0.36893366286302176,280.139150976284,846.0973829815556,0
10.909826444660387,0.37983932318593433,280.364307240991,841.5628094192886,0
10.909826444660387,0.3580179079637055,280.364307240991,850.6361538686913,0
10.936456420105602,0.37929803976331833,280.5915630131112,841.7878750664123,0
10.962840373941159,0.37329390807690604,280.81671927781827,844.2843930216225,0
10.989224327776718,0.3629295311766094,281.04187554252525,848.5939009367659,0
10.989224327776718,0.35693044677839897,281.04187554252525,851.0883202295418,0
11.015850575621785,0.36893366286302176,281.26909950392707,846.0973829815556,0
11.042234529457343,0.35475032417145685,281.4942557686341,851.9948152095083,0
11.06886077730241,0.36620231520518726,281.7214797300359,847.2330773376832,0
11.06886077730241,0.3645683703609356,281.7214797300359,847.912471603923,0
11.095244731137969,0.3629295311766094,281.94663599474296,848.5939009367659,0
11.121628684973526,0.3585642386745233,282.17179225944994,850.4089895591333,0
11.148012638809083,0.37056760770727337,282.396948524157,845.4179887153158,0
11.148012638809083,0.3629295311766094,282.396948524157,848.5939009367659,0
11.17463888665415,0.35693044677839897,282.6241724855588,851.0883202295418,0
11.20102284048971,0.3711137854699639,282.8493287502658,845.1908880015891,0
11.227652815934922,0.35911056938534114,283.07658452238604,850.1818252495752,0
11.253790748160824,0.35911056938534114,283.2996412796798,850.1818252495752,0
11.253790748160824,0.3514724928546772,283.2996412796798,853.3577374710253,0
11.280416996005892,0.35911056938534114,283.5268652410817,850.1818252495752,0
11.307046971451106,0.3481848728577485,283.7541210132019,854.7247298657481,0
11.333430925286663,0.3694749462856377,283.97927727790886,845.8723173344318,0
11.333430925286663,0.36620231520518726,283.97927727790886,847.2330773376832,0
11.36005717313173,0.3716601161807817,284.20650123931074,844.963723692031,0
11.38644112696729,0.35529160759407286,284.4316575040177,851.7697495623845,0
11.412825080802847,0.3607494085696673,284.65681376872476,849.5003959167324,0
11.412825080802847,0.35965690009615897,284.65681376872476,849.9546609400171,0
11.439209034638404,0.35911056938534114,284.88197003343174,850.1818252495752,0
11.465835282483472,0.36674849296787776,285.10919399483356,847.0059766239565,0
11.49221923631903,0.36893366286302176,285.3343502595406,846.0973829815556,0
11.49221923631903,0.360198183518775,285.3343502595406,849.7295952928934,0
11.518603190154588,0.36402203965011776,285.5595065242476,848.139635913481,0
11.544987143990145,0.35693044677839897,285.7846627889546,851.0883202295418,0
11.571613391835212,0.36129573928048514,286.01188675035644,849.2732316071744,0
11.571613391835212,0.360198183518775,286.01188675035644,849.7295952928934,0
11.598243367280427,0.35747662454108947,286.23914252247664,850.861219515815,0
11.624627321115984,0.36620231520518726,286.4642987871837,847.2330773376832,0
11.651011274951543,0.36129573928048514,286.68945505189066,849.2732316071744,0
11.651011274951543,0.3498387009585529,286.68945505189066,854.0370681414338,0
11.677391501186953,0.3722013996033977,286.9145795058793,844.7386580449073,0
11.704021476632168,0.376020361394666,287.1418352779995,843.1507337320979,0
11.730405430467725,0.38093198460757,287.36699154270656,841.1084808001724,0
11.730405430467725,0.35911056938534114,287.36699154270656,850.1818252495752,0
11.757031678312792,0.3607494085696673,287.5942155041084,849.5003959167324,0
11.783415632148351,0.3678411543895134,287.81937176881536,846.5516480048403,0
11.809799585983908,0.36620231520518726,288.0445280335224,847.2330773376832,0
11.809799585983908,0.3509263150919867,288.0445280335224,853.584838184752,0
11.836183539819466,0.35911056938534114,288.2696842982294,850.1818252495752,0
11.862809787664533,0.3683824378121294,288.49690825963125,846.3265823577166,0
11.889439763109747,0.3787518620006278,288.72416403175146,842.014975780139,0
11.889439763109747,0.36347586188742725,288.72416403175146,848.3667366272077,0
11.91557769533565,0.3645683703609356,288.9472207890453,847.912471603923,0
11.942203943180717,0.35529160759407286,289.1744447504471,851.7697495623845,0
11.968587897016274,0.3694749462856377,289.3996010151541,845.8723173344318,0
11.968587897016274,0.35911056938534114,289.3996010151541,850.1818252495752,0
11.995217872461488,0.36347586188742725,289.62685678727433,848.3667366272077,0
12.021601826297045,0.35911056938534114,289.8520130519813,850.1818252495752,0
12.047985780132603,0.36674849296787776,290.07716931668836,847.0059766239565,0
12.047985780132603,0.3607494085696673,290.07716931668836,849.5003959167324,0
12.074612027977672,0.37002127699645554,290.3043932780902,845.6451530248738,0
12.100995981813229,0.36347586188742725,290.52954954279716,848.3667366272077,0
12.127379935648786,0.36238320046579164,290.7547058075042,848.8210652463239,0
12.127379935648786,0.36129573928048514,290.7547058075042,849.2732316071744,0
12.154006183493856,0.37820553128981,290.981929768906,842.242140089697,0
12.180390137329411,0.35911056938534114,291.20708603361305,850.1818252495752,0
12.20677409116497,0.36238320046579164,291.43224229832003,848.8210652463239,0
12.20677409116497,0.35911056938534114,291.43224229832003,850.1818252495752,0
12.233400339010037,0.3580179079637055,291.65946625972185,850.6361538686913,0
12.259784292845595,0.3629295311766094,291.8846225244289,848.5939009367659,0
12.286414268290809,0.36129573928048514,292.1118782965491,849.2732316071744,0
12.286414268290809,0.3438244746957369,292.1118782965491,856.5377834215126,0
12.312798222126366,0.3651096537835516,292.33703456125613,847.6874059567992,0
12.339178448361778,0.36402203965011776,292.56215901524473,848.139635913481,0
12.365808423806993,0.35037998438116885,292.78941478736493,853.81200249431,0
12.39219237764255,0.36674849296787776,293.014571052072,847.0059766239565,0
12.39219237764255,0.3607494085696673,293.014571052072,849.5003959167324,0
12.418576331478107,0.3607494085696673,293.23972731677895,849.5003959167324,0
12.445202579323176,0.38038565389675216,293.46695127818083,841.3356451097305,0
12.471586533158732,0.37983932318593433,293.6921075428878,841.5628094192886,0
12.471586533158732,0.3607494085696673,293.6921075428878,849.5003959167324,0
12.49797048699429,0.3580179079637055,293.91726380759485,850.6361538686913,0
12.524596734839358,0.3607494085696673,294.14448776899667,849.5003959167324,0
12.550980688674915,0.3645683703609356,294.36964403370365,847.912471603923,0
12.550980688674915,0.352018823565495,294.36964403370365,853.1305731614672,0
12.577364642510474,0.37056760770727337,294.5948002984107,845.4179887153158,0
12.603748596346032,0.36402203965011776,294.81995656311767,848.139635913481,0
12.630374844191099,0.38693106900578045,295.04718052451955,838.6140615073965,0
12.630374844191099,0.3694749462856377,295.04718052451955,845.8723173344318,0
12.657004819636313,0.3678411543895134,295.27443629663975,846.5516480048403,0
12.68338877347187,0.36674849296787776,295.49959256134673,847.0059766239565,0
12.709772727307428,0.3694749462856377,295.72474882605377,845.8723173344318,0
12.709772727307428,0.3580179079637055,295.72474882605377,850.6361538686913,0
12.736398975152497,0.3645683703609356,295.9519727874556,847.912471603923,0
12.762782928988054,0.3672948236786956,296.17712905216257,846.7788123143984,0
12.790385808071454,0.3678411543895134,296.4126874217805,846.5516480048403,0
12.790385808071454,0.348731050620439,296.4126874217805,854.4976291520214,0
12.816769761907011,0.37002127699645554,296.6378436864875,845.6451530248738,0
12.84315371574257,0.3607494085696673,296.8629999511945,849.5003959167324,0
12.869783691187784,0.37329390807690604,297.0902557233147,844.2843930216225,0
12.869783691187784,0.35911056938534114,297.0902557233147,850.1818252495752,0
12.896163917423195,0.36183702270310114,297.3153801773033,849.0481659600506,0
12.922547871258752,0.3694749462856377,297.54053644201036,845.8723173344318,0
12.94893182509431,0.36402203965011776,297.76569270671735,848.139635913481,0
12.94893182509431,0.3629295311766094,297.76569270671735,848.5939009367659,0
12.975561800539523,0.3683824378121294,297.9929484788376,846.3265823577166,0
13.001945754375082,0.3743865694985417,298.2181047435446,843.8300644025064,0
13.02857200222015,0.37547907797205005,298.4453287049464,843.3757993792216,0
13.02857200222015,0.3716601161807817,298.4453287049464,844.963723692031,0
13.054955956055707,0.36129573928048514,298.67048496965344,849.2732316071744,0
13.081339909891264,0.36620231520518726,298.8956412343604,847.2330773376832,0
13.107966157736332,0.3716601161807817,299.1228651957623,844.963723692031,0
13.107966157736332,0.36347586188742725,299.1228651957623,848.3667366272077,0
13.13435011157189,0.36347586188742725,299.3480214604693,848.3667366272077,0
13.160734065407448,0.3683824378121294,299.5731777251763,846.3265823577166,0
13.187360313252515,0.37056760770727337,299.80040168657814,845.4179887153158,0
13.187360313252515,0.3694749462856377,299.80040168657814,845.8723173344318,0
13.213744267088073,0.36893366286302176,300.0255579512851,846.0973829815556,0
13.24012822092363,0.3678411543895134,300.25071421599216,846.5516480048403,0
13.266758196368844,0.36893366286302176,300.47796998811236,846.0973829815556,0
13.266758196368844,0.36238320046579164,300.47796998811236,848.8210652463239,0
13.293138422604256,0.3651096537835516,300.703094442101,847.6874059567992,0
13.31976839804947,0.36183702270310114,300.9303502142212,849.0481659600506,0
13.34590633027537,0.3656559844943694,301.15340697151504,847.4602416472412,0
13.34590633027537,0.36129573928048514,301.15340697151504,849.2732316071744,0
13.372536305720585,0.3722013996033977,301.38066274363524,844.7386580449073,0
13.398920259556142,0.36347586188742725,301.6058190083422,848.3667366272077,0
13.425546507401211,0.36129573928048514,301.8330429697441,849.2732316071744,0
13.425546507401211,0.35256515427631285,301.8330429697441,852.9034088519091,0
13.451930461236769,0.36347586188742725,302.0581992344511,848.3667366272077,0
13.478314415072326,0.36893366286302176,302.2833554991581,846.0973829815556,0
13.504940662917393,0.3743865694985417,302.51057946055994,843.8300644025064,0
13.504940662917393,0.35529160759407286,302.51057946055994,851.7697495623845,0
13.531324616752952,0.37056760770727337,302.7357357252669,845.4179887153158,0
13.557954592198165,0.3738402387877239,302.9629914973872,844.0572287120644,0
13.584334818433577,0.36402203965011776,303.1881159513758,848.139635913481,0
13.610718772269134,0.3694749462856377,303.4132722160828,845.8723173344318,0
13.610718772269134,0.36183702270310114,303.4132722160828,849.0481659600506,0
13.637102726104692,0.37002127699645554,303.6384284807898,845.6451530248738,0
13.663732701549906,0.35583778535676336,303.86568425291,851.5426488486578,0
13.690112927785318,0.383117154502714,304.09080870689866,840.1998871577715,0
13.690112927785318,0.3678411543895134,304.09080870689866,846.5516480048403,0
13.716742903230532,0.3787518620006278,304.31806447901886,842.014975780139,0
13.74312685706609,0.36183702270310114,304.5432207437259,849.0481659600506,0
13.769510810901647,0.38202449308107833,304.7683770084329,840.6542157768877,0
13.769510810901647,0.3672948236786956,304.7683770084329,846.7788123143984,0
13.796137058746714,0.38093198460757,304.9956009698347,841.1084808001724,0
13.822521012582271,0.37274773031421554,305.22075723454174,844.5114937353492,0
13.84914726042734,0.37765920057899216,305.44798119594356,842.4693043992551,0
13.84914726042734,0.3536576627498212,305.44798119594356,852.4491438286244,0
13.875531214262898,0.3678411543895134,305.6731374606506,846.5516480048403,0
13.901915168098455,0.37056760770727337,305.8982937253576,845.4179887153158,0
13.928299121934014,0.3711137854699639,306.1234499900646,845.1908880015891,0
13.928299121934014,0.3585642386745233,306.1234499900646,850.4089895591333,0
13.954929097379226,0.3651096537835516,306.3507057621848,847.6874059567992,0
13.981313051214784,0.3672948236786956,306.5758620268918,846.7788123143984,0
14.007693277450196,0.37547907797205005,306.80098648088045,843.3757993792216,0
14.007693277450196,0.36674849296787776,306.80098648088045,847.0059766239565,0
14.03432325289541,0.38638978558316445,307.02824225300066,838.8391271545203,0
14.060707206730967,0.3716601161807817,307.2533985177077,844.963723692031,0
14.087333454576036,0.3743865694985417,307.4806224791095,843.8300644025064,0
14.087333454576036,0.35256515427631285,307.4806224791095,852.9034088519091,0
14.113717408411594,0.3711137854699639,307.7057787438165,845.1908880015891,0
14.140101362247151,0.3580179079637055,307.93093500852353,850.6361538686913,0
14.166727610092218,0.3738402387877239,308.15815896992535,844.0572287120644,0
14.166727610092218,0.37056760770727337,308.15815896992535,845.4179887153158,0
14.193111563927776,0.36674849296787776,308.3833152346324,847.0059766239565,0
14.219495517763335,0.3716601161807817,308.6084714993394,844.963723692031,0
14.246121765608402,0.3645683703609356,308.8356954607412,847.912471603923,0
14.246121765608402,0.3585642386745233,308.8356954607412,850.4089895591333,0
14.27250571944396,0.3541989461724372,309.06085172544823,852.2240781815007,0
14.298889673279517,0.3541989461724372,309.2860079901552,852.2240781815007,0
14.325273627115076,0.37002127699645554,309.51116425486225,845.6451530248738,0
14.325273627115076,0.35583778535676336,309.51116425486225,851.5426488486578,0
14.351903602560288,0.35747662454108947,309.73842002698245,850.861219515815,0
14.378529850405357,0.35911056938534114,309.9656439883843,850.1818252495752,0
14.404667782631257,0.3694749462856377,310.1887007456781,845.8723173344318,0
14.404667782631257,0.3651096537835516,310.1887007456781,847.6874059567992,0
14.431297758076472,0.36674849296787776,310.4159565177983,847.0059766239565,0
14.457924005921539,0.37329390807690604,310.6431804792001,844.2843930216225,0
14.484307959757096,0.37329390807690604,310.86833674390715,844.2843930216225,0
14.484307959757096,0.3645683703609356,310.86833674390715,847.912471603923,0
14.510691913592655,0.37056760770727337,311.09349300861413,845.4179887153158,0
14.537075867428213,0.3847509463988383,311.31864927332117,839.520556487363,0
14.56370211527328,0.3563841160675812,311.545873234723,851.3154845390998,0
14.56370211527328,0.3531114849871307,311.545873234723,852.6762445423511,0
14.590086069108839,0.35747662454108947,311.77102949943,850.861219515815,0
14.616470022944396,0.35747662454108947,311.996185764137,850.861219515815,0
14.643096270789464,0.37002127699645554,312.22340972553883,845.6451530248738,0
14.643096270789464,0.36620231520518726,312.22340972553883,847.2330773376832,0
14.66948022462502,0.3722013996033977,312.44856599024587,844.7386580449073,0
14.695864178460578,0.36129573928048514,312.67372225495285,849.2732316071744,0
14.722494153905792,0.3629295311766094,312.9009780270731,848.5939009367659,0
14.74887810774135,0.37002127699645554,313.1261342917801,845.6451530248738,0
14.74887810774135,0.35529160759407286,313.1261342917801,851.7697495623845,0
14.775504355586417,0.35965690009615897,313.3533582531819,849.9546609400171,0
14.801888309421976,0.37274773031421554,313.57851451788895,844.5114937353492,0
14.828272263257533,0.37056760770727337,313.80367078259593,845.4179887153158,0
14.828272263257533,0.3454584195399885,313.80367078259593,855.8583891552728,0
14.8548985111026,0.35693044677839897,314.0308947439978,851.0883202295418,0
14.88128246493816,0.36183702270310114,314.2560510087048,849.0481659600506,0
14.907666418773717,0.3656559844943694,314.4812072734118,847.4602416472412,0
14.907666418773717,0.3585642386745233,314.4812072734118,850.4089895591333,0
14.934292666618784,0.35475032417145685,314.70843123481365,851.9948152095083,0
14.960676620454342,0.34273196622222857,314.9335874995206,856.9920484447974,0
14.987060574289899,0.360198183518775,315.15874376422767,849.7295952928934,0
14.987060574289899,0.3443657581183529,315.15874376422767,856.312717774389,0
15.013690549735113,0.35583778535676336,315.38599953634787,851.5426488486578,0
15.040070775970523,0.36347586188742725,315.6111239903365,848.3667366272077,0
15.066454729806082,0.3678411543895134,315.8362802550435,846.5516480048403,0
15.066454729806082,0.36674849296787776,315.8362802550435,847.0059766239565,0
15.093084705251297,0.346545880725295,316.0635360271637,855.4062227944223,0
15.119468659086854,0.35529160759407286,316.28869229187075,851.7697495623845,0
15.146094906931921,0.36238320046579164,316.51591625327256,848.8210652463239,0
15.146094906931921,0.35747662454108947,316.51591625327256,850.861219515815,0
15.17247886076748,0.35529160759407286,316.7410725179796,851.7697495623845,0
15.198862814603038,0.3672948236786956,316.9662287826866,846.7788123143984,0
15.225489062448105,0.3672948236786956,317.1934527440884,846.7788123143984,0
15.251873016283662,0.3694749462856377,317.41860900879544,845.8723173344318,0
15.27825697011922,0.3607494085696673,317.6437652735024,849.5003959167324,0
15.304886945564434,0.35529160759407286,317.8710210456227,851.7697495623845,0
15.304886945564434,0.3443657581183529,317.8710210456227,856.312717774389,0
15.331267171799844,0.36402203965011776,318.0961454996113,848.139635913481,0
15.357651125635403,0.35583778535676336,318.3213017643183,851.5426488486578,0
15.384035079470962,0.3563841160675812,318.5464580290253,851.3154845390998,0
15.384035079470962,0.34163945774872023,318.5464580290253,857.4463134680822,0
15.410665054916175,0.3443657581183529,318.7737138011455,856.312717774389,0
15.437291302761242,0.36238320046579164,319.0009377625474,848.8210652463239,0
15.463429234987144,0.36183702270310114,319.22399451984114,849.0481659600506,0
15.463429234987144,0.3536576627498212,319.22399451984114,852.4491438286244,0
15.490059210432358,0.352018823565495,319.4512502919614,853.1305731614672,0
15.516685458277426,0.3498387009585529,319.6784742533632,854.0370681414338,0
15.543069412112983,0.35583778535676336,319.9036305180702,851.5426488486578,0
15.543069412112983,0.3454584195399885,319.9036305180702,855.8583891552728,0
15.569453365948542,0.35911056938534114,320.12878678277724,850.1818252495752,0
15.5958373197841,0.34163945774872023,320.3539430474842,857.4463134680822,0
15.622463567629167,0.35256515427631285,320.5811670088861,852.9034088519091,0
15.622463567629167,0.3509263150919867,320.5811670088861,853.584838184752,0
15.648847521464724,0.3694749462856377,320.8063232735931,845.8723173344318,0
15.675231475300283,0.36183702270310114,321.0314795383001,849.0481659600506,0
15.701861450745495,0.35747662454108947,321.2587353104203,850.861219515815,0
15.701861450745495,0.34218563551141074,321.2587353104203,857.2192127543555,0
15.728241676980907,0.3656559844943694,321.4838597644089,847.4602416472412,0
15.754625630816465,0.35583778535676336,321.70901602911596,851.5426488486578,0
15.781255606261679,0.35475032417145685,321.93627180123616,851.9948152095083,0
15.781255606261679,0.352018823565495,321.93627180123616,853.1305731614672,0
15.807881854106746,0.3563841160675812,322.163495762638,851.3154845390998,0
15.834265807942305,0.35911056938534114,322.388652027345,850.1818252495752,0
15.860649761777863,0.35747662454108947,322.613808292052,850.861219515815,0
15.88703371561342,0.36183702270310114,322.83896455675904,849.0481659600506,0
15.88703371561342,0.34218563551141074,322.83896455675904,857.2192127543555,0
15.913659963458487,0.36402203965011776,323.06618851816086,848.139635913481,0
15.940043917294044,0.3536576627498212,323.2913447828679,852.4491438286244,0
15.966427871129603,0.36674849296787776,323.5165010475749,847.0059766239565,0
15.966427871129603,0.36129573928048514,323.5165010475749,849.2732316071744,0
15.993054118974669,0.3509263150919867,323.7437250089767,853.584838184752,0
16.019438072810228,0.35693044677839897,323.96888127368373,851.0883202295418,0
16.045822026645787,0.35693044677839897,324.1940375383907,851.0883202295418,0
16.045822026645787,0.35583778535676336,324.1940375383907,851.5426488486578,0
16.072452002090998,0.35583778535676336,324.421293310511,851.5426488486578,0
16.098835955926557,0.35256515427631285,324.64644957521796,852.9034088519091,0
16.12521618216197,0.3607494085696673,324.8715740292066,849.5003959167324,0
16.12521618216197,0.35583778535676336,324.8715740292066,851.5426488486578,0
16.15184615760718,0.36129573928048514,325.0988298013268,849.2732316071744,0
16.17823011144274,0.37274773031421554,325.3239860660338,844.5114937353492,0
16.20485635928781,0.37056760770727337,325.5512100274357,845.4179887153158,0
16.20485635928781,0.35529160759407286,325.5512100274357,851.7697495623845,0
16.231240313123365,0.35529160759407286,325.77636629214265,851.7697495623845,0
16.257624266958924,0.3454584195399885,326.0015225568497,855.8583891552728,0
16.28425051480399,0.352018823565495,326.2287465182515,853.1305731614672,0
16.28425051480399,0.348731050620439,326.2287465182515,854.4976291520214,0
16.31063446863955,0.3498387009585529,326.4539027829585,854.0370681414338,0
16.337018422475108,0.35693044677839897,326.67905904766553,851.0883202295418,0
16.363644670320173,0.360198183518775,326.90628300906735,849.7295952928934,0
16.363644670320173,0.3585642386745233,326.90628300906735,850.4089895591333,0
16.390028624155732,0.3651096537835516,327.1314392737744,847.6874059567992,0
16.416412577991288,0.37274773031421554,327.3565955384814,844.5114937353492,0
16.443042553436506,0.36893366286302176,327.5838513106016,846.0973829815556,0
16.443042553436506,0.36238320046579164,327.5838513106016,848.8210652463239,0
16.46942650727206,0.38038565389675216,327.8090075753086,841.3356451097305,0
16.495810461107617,0.3716601161807817,328.0341638400156,844.963723692031,0
16.52219068734303,0.37056760770727337,328.25928829400425,845.4179887153158,0
16.52219068734303,0.35747662454108947,328.25928829400425,850.861219515815,0
16.548820662788245,0.37492785292115766,328.48654406612445,843.6049987553827,0
16.57544691063331,0.34600475025080635,328.71376802752627,855.6312248457148,0
16.60183086446887,0.3629295311766094,328.9389242922333,848.5939009367659,0
16.60183086446887,0.35911056938534114,328.9389242922333,850.1818252495752,0
16.62821481830443,0.346545880725295,329.1640805569403,855.4062227944223,0
16.654598772139984,0.36620231520518726,329.38923682164733,847.2330773376832,0
16.681225019985053,0.36674849296787776,329.61646078304915,847.0059766239565,0
16.681225019985053,0.3563841160675812,329.61646078304915,851.3154845390998,0
16.707608973820612,0.35747662454108947,329.8416170477562,850.861219515815,0
16.734238949265823,0.360198183518775,330.0688728198764,849.7295952928934,0
16.760619175501237,0.36402203965011776,330.293997273865,848.139635913481,0
16.760619175501237,0.3580179079637055,330.293997273865,850.6361538686913,0
16.787003129336792,0.3492923702477351,330.519153538572,854.2642324509918,0
16.81338708317235,0.3531114849871307,330.744309803279,852.6762445423511,0
16.840017058617565,0.35693044677839897,330.9715655753992,851.0883202295418,0
16.840017058617565,0.3492923702477351,330.9715655753992,854.2642324509918,0
16.866643306462635,0.37765920057899216,331.1987895368011,842.4693043992551,0
16.89278496628868,0.3536576627498212,331.42187810481323,852.4491438286244,0
16.91941121413375,0.3541989461724372,331.6491020662151,852.2240781815007,0
16.91941121413375,0.3432782969330464,331.6491020662151,856.7648841352393,0
16.946525777597984,0.348731050620439,331.8804932317249,854.4976291520214,0
16.973155753043194,0.3498387009585529,332.1077490038452,854.0370681414338,0
16.999539706878753,0.3541989461724372,332.33290526855217,852.2240781815007,0
17.025923660714312,0.36183702270310114,332.5580615332592,849.0481659600506,0
17.025923660714312,0.3438244746957369,332.5580615332592,856.5377834215126,0
17.052303886949723,0.35475032417145685,332.7831859872478,851.9948152095083,0
17.078933862394937,0.35529160759407286,333.010441759368,851.7697495623845,0
17.105317816230496,0.3536576627498212,333.23559802407505,852.4491438286244,0
17.105317816230496,0.3476435894351325,333.23559802407505,854.9497955128719,0
17.13170177006605,0.36129573928048514,333.460754288782,849.2732316071744,0
17.15832801791112,0.34491208882917074,333.6879782501839,856.0855534648308,0
17.18471197174668,0.3645683703609356,333.9131345148909,847.912471603923,0
17.18471197174668,0.35529160759407286,333.9131345148909,851.7697495623845,0
17.211095925582235,0.34709221143611285,334.1382907795979,855.1790584848643,0
17.2377221734273,0.3678411543895134,334.36551474099974,846.5516480048403,0
17.26435214887252,0.3580179079637055,334.59277051311994,850.6361538686913,0
17.26435214887252,0.3410931270379024,334.59277051311994,857.6734777776402,0
17.29049008109842,0.3629295311766094,334.81582727041376,848.5939009367659,0
17.317120056543633,0.35475032417145685,335.04308304253396,851.9948152095083,0
17.343500282779043,0.3536576627498212,335.2682074965226,852.4491438286244,0
17.343500282779043,0.35037998438116885,335.2682074965226,853.81200249431,0
17.370130258224258,0.346545880725295,335.4954632686428,855.4062227944223,0
17.396514212059817,0.3536576627498212,335.7206195333498,852.4491438286244,0
17.422898165895372,0.360198183518775,335.94577579805684,849.7295952928934,0
17.422898165895372,0.35583778535676336,335.94577579805684,851.5426488486578,0
17.44952441374044,0.3443657581183529,336.17299975945866,856.312717774389,0
17.475908367575997,0.3531114849871307,336.3981560241657,852.6762445423511,0
17.502292321411556,0.35693044677839897,336.6233122888727,851.0883202295418,0
17.502292321411556,0.346545880725295,336.6233122888727,855.4062227944223,0
17.528918569256625,0.34709221143611285,336.8505362502745,855.1790584848643,0
17.55530252309218,0.3531114849871307,337.07569251498154,852.6762445423511,0
17.58168647692774,0.36620231520518726,337.3008487796885,847.2330773376832,0
17.58168647692774,0.346545880725295,337.3008487796885,855.4062227944223,0
17.60831272477281,0.36402203965011776,337.5280727410904,848.139635913481,0
17.634696678608364,0.36893366286302176,337.7532290057974,846.0973829815556,0
17.66132665405358,0.3711137854699639,337.9804847779176,845.1908880015891,0
17.66132665405358,0.35256515427631285,337.9804847779176,852.9034088519091,0
17.687710607889137,0.35037998438116885,338.2056410426246,853.81200249431,0
17.714094561724693,0.3509263150919867,338.4307973073316,853.584838184752,0
17.740720809569762,0.36238320046579164,338.6580212687335,848.8210652463239,0
17.740720809569762,0.3541989461724372,338.6580212687335,852.2240781815007,0
17.76710476340532,0.3432782969330464,338.88317753344046,856.7648841352393,0
17.793488717240876,0.35529160759407286,339.1083337981475,851.7697495623845,0
17.820114965085942,0.3531114849871307,339.3355577595493,852.6762445423511,0
17.820114965085942,0.34273196622222857,339.3355577595493,856.9920484447974,0
17.8464989189215,0.348731050620439,339.5607140242563,854.4976291520214,0
17.87288287275706,0.348731050620439,339.78587028896334,854.4976291520214,0
17.899509120602126,0.3678411543895134,340.01309425036516,846.5516480048403,0
17.899509120602126,0.36402203965011776,340.01309425036516,848.139635913481,0
17.925893074437685,0.3585642386745233,340.2382505150722,850.4089895591333,0
17.952277028273244,0.35475032417145685,340.4634067797792,851.9948152095083,0
17.9786609821088,0.3476435894351325,340.6885630444862,854.9497955128719,0
17.9786609821088,0.3438244746957369,340.6885630444862,856.5377834215126,0
18.00528722995387,0.346545880725295,340.91578700588803,855.4062227944223,0
18.031917205399083,0.35747662454108947,341.14304277800824,850.861219515815,0
18.058301159234638,0.3536576627498212,341.3681990427153,852.4491438286244,0
18.058301159234638,0.34218563551141074,341.3681990427153,857.2192127543555,0
18.084685113070197,0.35037998438116885,341.59335530742226,853.81200249431,0
18.111311360915266,0.35583778535676336,341.8205792688241,851.5426488486578,0
18.13769531475082,0.35693044677839897,342.0457355335311,851.0883202295418,0
18.16407926858638,0.36129573928048514,342.2708917982381,849.2732316071744,0
18.16407926858638,0.3531114849871307,342.2708917982381,852.6762445423511,0
18.19046322242194,0.360198183518775,342.49604806294514,849.7295952928934,0
18.217089470267005,0.35965690009615897,342.72327202434695,849.9546609400171,0
18.243473424102564,0.35475032417145685,342.948428289054,851.9948152095083,0
18.243473424102564,0.3372741652466341,342.948428289054,859.2614020904496,0
18.269857377938123,0.3536576627498212,343.173584553761,852.4491438286244,0
18.29648362578319,0.35583778535676336,343.4008085151628,851.5426488486578,0
18.323113601228403,0.3694749462856377,343.62806428728305,845.8723173344318,0
18.323113601228403,0.36129573928048514,343.62806428728305,849.2732316071744,0
18.349251533454307,0.35583778535676336,343.8511210445768,851.5426488486578,0
18.375877781299373,0.34491208882917074,344.0783450059787,856.0855534648308,0
18.402507756744583,0.35475032417145685,344.3056007780989,851.9948152095083,0
18.402507756744583,0.3531114849871307,344.3056007780989,852.6762445423511,0
18.428891710580142,0.3432782969330464,344.5307570428059,856.7648841352393,0
18.4552756644157,0.3509263150919867,344.7559133075129,853.584838184752,0
18.48165961825126,0.3607494085696673,344.9810695722199,849.5003959167324,0
18.48165961825126,0.35256515427631285,344.9810695722199,852.9034088519091,0
18.508285866096326,0.3563841160675812,345.20829353362177,851.3154845390998,0
18.534669819931885,0.35911056938534114,345.43344979832875,850.1818252495752,0
18.56105377376744,0.37274773031421554,345.65860606303573,844.5114937353492,0
18.56105377376744,0.346545880725295,345.65860606303573,855.4062227944223,0
18.58768002161251,0.35037998438116885,345.8858300244376,853.81200249431,0
18.61406397544807,0.360198183518775,346.1109862891446,849.7295952928934,0
18.640447929283624,0.37765920057899216,346.33614255385163,842.4693043992551,0
18.640447929283624,0.35747662454108947,346.33614255385163,850.861219515815,0
18.66707790472884,0.3694749462856377,346.56339832597183,845.8723173344318,0
18.693458130964252,0.3672948236786956,346.78852277996043,846.7788123143984,0
18.720088106409463,0.3743865694985417,347.0157785520807,843.8300644025064,0
18.720088106409463,0.37056760770727337,347.0157785520807,845.4179887153158,0
18.746472060245022,0.39730049319427885,347.24093481678767,834.3024549298189,0
18.772852286480436,0.3858434548723466,347.4660592707763,839.0662914640783,0
18.799482261925647,0.4011194549855472,347.69331504289653,832.7145306170095,0
18.799482261925647,0.3852972771096561,347.69331504289653,839.293392177805,0
18.825866215761206,0.38420461568802045,347.9184713076035,839.7477207969212,0
18.852250169596765,0.3683824378121294,348.14362757231055,846.3265823577166,0
18.87887641744183,0.3672948236786956,348.37085153371237,846.7788123143984,0
18.90526037127739,0.3678411543895134,348.5960077984194,846.5516480048403,0
18.93164432511295,0.36347586188742725,348.8211640631264,848.3667366272077,0
18.958270572958014,0.3716601161807817,349.0483880245282,844.963723692031,0
18.958270572958014,0.3656559844943694,349.0483880245282,847.4602416472412,0
18.984654526793573,0.360198183518775,349.27354428923525,849.7295952928934,0
19.011038480629132,0.3536576627498212,349.49870055394223,852.4491438286244,0
19.037668456074343,0.35529160759407286,349.7259563260625,851.7697495623845,0
19.037668456074343,0.3492923702477351,349.7259563260625,854.2642324509918,0
19.064052409909902,0.37002127699645554,349.95111259076947,845.6451530248738,0
19.090678657754967,0.352018823565495,350.1783365521713,853.1305731614672,0
19.117062611590526,0.3711137854699639,350.4034928168783,845.1908880015891,0
19.117062611590526,0.36238320046579164,350.4034928168783,848.8210652463239,0
19.143446565426082,0.36347586188742725,350.6286490815853,848.3667366272077,0
19.17007281327115,0.34491208882917074,350.8558730429872,856.0855534648308,0
19.19645676710671,0.37002127699645554,351.08102930769417,845.6451530248738,0
19.19645676710671,0.3580179079637055,351.08102930769417,850.6361538686913,0
19.222840720942266,0.37274773031421554,351.3061855724012,844.5114937353492,0
19.249224674777825,0.36347586188742725,351.5313418371082,848.3667366272077,0
19.275608628613384,0.35965690009615897,351.7564981018152,849.9546609400171,0
19.30223487645845,0.36183702270310114,351.98372206321704,849.0481659600506,0
19.30223487645845,0.35965690009615897,351.98372206321704,849.9546609400171,0
19.32861883029401,0.3585642386745233,352.208878327924,850.4089895591333,0
19.355245078139077,0.3629295311766094,352.4361022893259,848.5939009367659,0
19.381629031974633,0.3651096537835516,352.6612585540329,847.6874059567992,0
19.381629031974633,0.3580179079637055,352.6612585540329,850.6361538686913,0
19.40801298581019,0.36183702270310114,352.8864148187399,849.0481659600506,0
19.434642961255406,0.36620231520518726,353.1136705908601,847.2330773376832,0
19.46126920910047,0.36620231520518726,353.34089455226194,847.2330773376832,0
19.46126920910047,0.35911056938534114,353.34089455226194,850.1818252495752,0
19.48765316293603,0.3541989461724372,353.566050816969,852.2240781815007,0
19.51403711677159,0.34709221143611285,353.79120708167596,855.1790584848643,0
19.540421070607145,0.3563841160675812,354.016363346383,851.3154845390998,0
19.540421070607145,0.35529160759407286,354.016363346383,851.7697495623845,0
19.566801296842556,0.35037998438116885,354.2414878003716,853.81200249431,0
19.593431272287773,0.3645683703609356,354.4687435724918,847.912471603923,0
19.61981522612333,0.35529160759407286,354.69389983719884,851.7697495623845,0
19.61981522612333,0.3476435894351325,354.69389983719884,854.9497955128719,0
19.646199179958884,0.36238320046579164,354.9190561019058,848.8210652463239,0
19.672825427803954,0.3678411543895134,355.1462800633077,846.5516480048403,0
19.699209381639513,0.36674849296787776,355.3714363280147,847.0059766239565,0
19.699209381639513,0.34491208882917074,355.3714363280147,856.0855534648308,0
19.72583562948458,0.35256515427631285,355.5986602894165,852.9034088519091,0
19.752219583320137,0.3509263150919867,355.82381655412354,853.584838184752,0
19.778603537155696,0.35529160759407286,356.0489728188305,851.7697495623845,0
19.778603537155696,0.35037998438116885,356.0489728188305,853.81200249431,0
19.805233512600907,0.3694749462856377,356.2762285909508,845.8723173344318,0
19.831617466436466,0.35911056938534114,356.50138485565776,850.1818252495752,0
19.858001420272025,0.3536576627498212,356.7265411203648,852.4491438286244,0
19.858001420272025,0.352018823565495,356.7265411203648,853.1305731614672,0
19.88462766811709,0.3656559844943694,356.9537650817666,847.4602416472412,0
19.91101162195265,0.35965690009615897,357.1789213464736,849.9546609400171,0
19.93739557578821,0.35911056938534114,357.40407761118064,850.1818252495752,0
19.93739557578821,0.35529160759407286,357.40407761118064,851.7697495623845,0
19.964021823633274,0.3607494085696673,357.63130157258246,849.5003959167324,0
19.990405777468833,0.36238320046579164,357.8564578372895,848.8210652463239,0
20.017035752914047,0.35965690009615897,358.0837136094097,849.9546609400171,0
20.017035752914047,0.3563841160675812,358.0837136094097,851.3154845390998,0
20.043173685139948,0.35529160759407286,358.3067703667035,851.7697495623845,0
20.069799932985013,0.3514724928546772,358.53399432810534,853.3577374710253,0
20.096426180830086,0.36347586188742725,358.76121828950716,848.3667366272077,0
20.096426180830086,0.3481848728577485,358.76121828950716,854.7247298657481,0
20.12281013466564,0.3432782969330464,358.9863745542142,856.7648841352393,0
20.149194088501197,0.3607494085696673,359.2115308189212,849.5003959167324,0
20.175578042336756,0.3629295311766094,359.4366870836282,848.5939009367659,0
20.175578042336756,0.35911056938534114,359.4366870836282,850.1818252495752,0
20.20220801778197,0.35693044677839897,359.6639428557484,851.0883202295418,0
20.228591971617526,0.32800229681984583,359.8890991204554,863.1166449823081,0
20.2552182194626,0.3498387009585529,360.1163230818573,854.0370681414338,0
20.2552182194626,0.3492923702477351,360.1163230818573,854.2642324509918,0
20.281602173298154,0.352018823565495,360.34147934656426,853.1305731614672,0
20.30798612713371,0.33836667372014245,360.5666356112713,858.8071370671648,0
20.33437008096927,0.36620231520518726,360.7917918759783,847.2330773376832,0
20.33437008096927,0.3531114849871307,360.7917918759783,852.6762445423511,0
20.360996328814338,0.35911056938534114,361.0190158373801,850.1818252495752,0
20.38762630425955,0.352018823565495,361.24627160950035,853.1305731614672,0
20.41401025809511,0.3629295311766094,361.47142787420734,848.5939009367659,0
20.41401025809511,0.3580179079637055,361.47142787420734,850.6361538686913,0
20.44039048433052,0.36129573928048514,361.696552328196,849.2732316071744,0
20.466774438166077,0.36674849296787776,361.921708592903,847.0059766239565,0
20.493400686011146,0.3498387009585529,362.1489325543048,854.0370681414338,0
20.519784639846705,0.36620231520518726,362.37408881901183,847.2330773376832,0
20.519784639846705,0.346545880725295,362.37408881901183,855.4062227944223,0
20.54616859368226,0.3536576627498212,362.5992450837188,852.4491438286244,0
20.572798569127475,0.35037998438116885,362.8265008558391,853.81200249431,0
20.599182522963034,0.3531114849871307,363.05165712054605,852.6762445423511,0
20.599182522963034,0.35037998438116885,363.05165712054605,853.81200249431,0
20.62556647679859,0.3629295311766094,363.2768133852531,848.5939009367659,0
20.652192724643655,0.3498387009585529,363.5040373466549,854.0370681414338,0
20.678576678479217,0.37274773031421554,363.7291936113619,844.5114937353492,0
20.678576678479217,0.36183702270310114,363.7291936113619,849.0481659600506,0
20.704960632314773,0.36620231520518726,363.95434987606893,847.2330773376832,0
20.73158688015984,0.3814781623702605,364.18157383747075,840.8813800864457,0
20.757970833995397,0.3765717393936857,364.4067301021778,842.9214707601055,0
20.757970833995397,0.37492785292115766,364.4067301021778,843.6049987553827,0
20.78460080944061,0.3607494085696673,364.633985874298,849.5003959167324,0
20.810984763276167,0.36620231520518726,364.859142139005,847.2330773376832,0
20.83736498951158,0.3814781623702605,365.08426659299363,840.8813800864457,0
20.83736498951158,0.36893366286302176,365.08426659299363,846.0973829815556,0
20.863994964956795,0.3814781623702605,365.31152236511383,840.8813800864457,0
20.890375191192206,0.38638978558316445,365.53664681910243,838.8391271545203,0
20.91675914502776,0.3962079847207705,365.76180308380947,834.7567199531037,0
20.91675914502776,0.3787518620006278,365.76180308380947,842.014975780139,0
20.94338912047298,0.38911623890092445,365.98905885592967,837.7054678649956,0
20.969773074308534,0.38366333226540444,366.2142151206367,839.9727864440448,0
20.996157028144093,0.3787518620006278,366.4393713853437,842.014975780139,0
20.996157028144093,0.3738402387877239,366.4393713853437,844.0572287120644,0
21.022783275989163,0.3678411543895134,366.6665953467455,846.5516480048403,0
21.049167229824718,0.35965690009615897,366.89175161145255,849.9546609400171,0
21.075793477669787,0.3656559844943694,367.11897557285437,847.4602416472412,0
21.075793477669787,0.360198183518775,367.11897557285437,849.7295952928934,0
21.103154062743677,0.35693044677839897,367.35246624577746,851.0883202295418,0
21.129538016579232,0.36893366286302176,367.57762251048445,846.0973829815556,0
21.15616799202445,0.36674849296787776,367.80487828260465,847.0059766239565,0
21.15616799202445,0.35583778535676336,367.80487828260465,851.5426488486578,0
21.182794239869516,0.3514724928546772,368.0321022440065,853.3577374710253,0
21.20893589969556,0.3563841160675812,368.25519081201867,851.3154845390998,0
21.235562147540634,0.3651096537835516,368.48241477342054,847.6874059567992,0
21.235562147540634,0.35693044677839897,368.48241477342054,851.0883202295418,0
21.26194610137619,0.3531114849871307,368.7075710381275,852.6762445423511,0
21.288572349221255,0.3645683703609356,368.93479499952934,847.912471603923,0
21.314956303056814,0.34709221143611285,369.1599512642364,855.1790584848643,0
21.314956303056814,0.3443657581183529,369.1599512642364,856.312717774389,0
21.341340256892373,0.37329390807690604,369.38510752894337,844.2843930216225,0
21.367970232337584,0.3672948236786956,369.6123633010636,846.7788123143984,0
21.394350458572998,0.37765920057899216,369.8374877550522,842.4693043992551,0
21.394350458572998,0.34273196622222857,369.8374877550522,856.9920484447974,0
21.420734412408557,0.3743865694985417,370.06264401975926,843.8300644025064,0
21.447364387853767,0.3580179079637055,370.28989979187946,850.6361538686913,0
21.47350232007967,0.3683824378121294,370.5129565491733,846.3265823577166,0
21.47350232007967,0.3509263150919867,370.5129565491733,853.584838184752,0
21.500128567924737,0.35693044677839897,370.7401805105751,851.0883202295418,0
21.52675854336995,0.35529160759407286,370.9674362826953,851.7697495623845,0
21.55314249720551,0.3678411543895134,371.19259254740234,846.5516480048403,0
21.55314249720551,0.35747662454108947,371.19259254740234,850.861219515815,0
21.57976874505058,0.3694749462856377,371.41981650880416,845.8723173344318,0
21.606152698886135,0.3563841160675812,371.64497277351114,851.3154845390998,0
21.63253665272169,0.35529160759407286,371.8701290382182,851.7697495623845,0
21.659162900566763,0.360198183518775,372.09735299962,849.7295952928934,0
21.659162900566763,0.35037998438116885,372.09735299962,853.81200249431,0
21.685546854402318,0.3678411543895134,372.32250926432704,846.5516480048403,0
21.711930808237874,0.376020361394666,372.547665529034,843.1507337320979,0
21.738314762073433,0.37765920057899216,372.77282179374106,842.4693043992551,0
21.738314762073433,0.3694749462856377,372.77282179374106,845.8723173344318,0
21.76469871590899,0.3476435894351325,372.99797805844804,854.9497955128719,0
21.791324963754057,0.3476435894351325,373.22520201984986,854.9497955128719,0
21.817954939199275,0.383117154502714,373.4524577919701,840.1998871577715,0
21.817954939199275,0.3645683703609356,373.4524577919701,847.912471603923,0
21.84433889303483,0.3536576627498212,373.6776140566771,852.4491438286244,0
21.87071911927024,0.35693044677839897,373.90273851066576,851.0883202295418,0
21.8971030731058,0.3651096537835516,374.12789477537274,847.6874059567992,0
21.8971030731058,0.36347586188742725,374.12789477537274,848.3667366272077,0
21.923733048551014,0.376020361394666,374.35515054749294,843.1507337320979,0
21.95011700238657,0.34000046561626673,374.5803068122,858.1278063967563,0
21.97674325023164,0.3716601161807817,374.8075307736018,844.963723692031,0
21.97674325023164,0.35965690009615897,374.8075307736018,849.9546609400171,0
22.003127204067198,0.36674849296787776,375.03268703830884,847.0059766239565,0
22.029511157902753,0.34709221143611285,375.2578433030158,855.1790584848643,0
22.055895111738312,0.35256515427631285,375.48299956772286,852.9034088519091,0
22.055895111738312,0.348731050620439,375.48299956772286,854.4976291520214,0
22.08252135958338,0.36129573928048514,375.7102235291247,849.2732316071744,0
22.109151335028592,0.36620231520518726,375.9374793012449,847.2330773376832,0
22.135289267254496,0.3645683703609356,376.1605360585387,847.912471603923,0
22.135289267254496,0.352018823565495,376.1605360585387,853.1305731614672,0
22.16191924269971,0.35583778535676336,376.3877918306589,851.5426488486578,0
22.18829946893512,0.3651096537835516,376.61291628464755,847.6874059567992,0
22.214929444380335,0.3607494085696673,376.84017205676776,849.5003959167324,0
22.214929444380335,0.3541989461724372,376.84017205676776,852.2240781815007,0
22.241313398215894,0.35965690009615897,377.06532832147474,849.9546609400171,0
22.267693624451304,0.36238320046579164,377.2904527754634,848.8210652463239,0
22.294323599896515,0.37329390807690604,377.5177085475836,844.2843930216225,0
22.294323599896515,0.3672948236786956,377.5177085475836,846.7788123143984,0
22.320707553732074,0.3607494085696673,377.74286481229063,849.5003959167324,0
22.347091507567633,0.3683824378121294,377.9680210769976,846.3265823577166,0
22.3737177554127,0.36238320046579164,378.19524503839943,848.8210652463239,0
22.3737177554127,0.36183702270310114,378.19524503839943,849.0481659600506,0
22.400101709248258,0.3585642386745233,378.4204013031065,850.4089895591333,0
22.426485663083817,0.3585642386745233,378.64555756781346,850.4089895591333,0
22.453111910928882,0.3672948236786956,378.87278152921533,846.7788123143984,0
22.453111910928882,0.3651096537835516,378.87278152921533,847.6874059567992,0
22.47949586476444,0.3738402387877239,379.0979377939223,844.0572287120644,0
22.506125840209656,0.3722013996033977,379.3251935660425,844.7386580449073,0
22.53250979404521,0.3672948236786956,379.55034983074955,846.7788123143984,0
22.53250979404521,0.3563841160675812,379.55034983074955,851.3154845390998,0
22.558893747880774,0.36620231520518726,379.77550609545654,847.2330773376832,0
22.58551999572584,0.3738402387877239,380.00273005685835,844.0572287120644,0
22.611903949561395,0.3716601161807817,380.2278863215654,844.963723692031,0
22.611903949561395,0.3694749462856377,380.2278863215654,845.8723173344318,0
22.638287903396954,0.37820553128981,380.4530425862724,842.242140089697,0
22.664914151242023,0.38420461568802045,380.68026654767425,839.7477207969212,0
22.69129810507758,0.3962079847207705,380.90542281238123,834.7567199531037,0
22.69129810507758,0.3722013996033977,380.90542281238123,844.7386580449073,0
22.717682058913137,0.36893366286302176,381.13057907708827,846.0973829815556,0
22.744308306758207,0.41366410744091325,381.3578030384901,827.4984641260683,0
22.770692260593762,0.4027533998297988,381.5829593031971,832.0351363507697,0
22.79707621442932,0.4273261989145422,381.8081155679041,821.8177664913334,0
22.79707621442932,0.40766487009457547,381.8081155679041,829.9929470146756,0
22.82346016826488,0.4082112008053933,382.0332718326111,829.7657827051175,0
22.850086416109946,0.41148383188584375,382.26049579401297,828.4050227018662,0
22.876716391555156,0.3989342850904032,382.48775156613317,833.6231242594104,0
22.876716391555156,0.3983930016677872,382.48775156613317,833.8481899065341,0
22.903100345390715,0.40002694651203885,382.71290783084015,833.1687956402943,0
22.929484299226274,0.3765717393936857,382.9380640955472,842.9214707601055,0
22.95611054707134,0.37929803976331833,383.165288056949,841.7878750664123,0
22.95611054707134,0.3738402387877239,383.165288056949,844.0572287120644,0
22.9824945009069,0.3825657765036943,383.39044432165605,840.4291501297639,0
23.008878454742458,0.37547907797205005,383.61560058636303,843.3757993792216,0
23.035262408578014,0.3765717393936857,383.84075685107007,842.9214707601055,0
23.035262408578014,0.3645683703609356,383.84075685107007,847.912471603923,0
23.061888656423083,0.3716601161807817,384.0679808124719,844.963723692031,0
23.08827261025864,0.3645683703609356,384.29313707717887,847.912471603923,0
23.114656564094197,0.3683824378121294,384.5182933418859,846.3265823577166,0
23.114656564094197,0.3672948236786956,384.5182933418859,846.7788123143984,0
23.141282811939266,0.3825657765036943,384.7455173032877,840.4291501297639,0
23.16791278738448,0.3711137854699639,384.97277307540793,845.1908880015891,0
23.19405071961038,0.37056760770727337,385.19582983270175,845.4179887153158,0
23.19405071961038,0.36129573928048514,385.19582983270175,849.2732316071744,0
23.22067696745545,0.3738402387877239,385.42305379410357,844.0572287120644,0
23.24706092129101,0.383117154502714,385.6482100588106,840.1998871577715,0
23.27369089673622,0.37547907797205005,385.8754658309308,843.3757993792216,0
23.27369089673622,0.3694749462856377,385.8754658309308,845.8723173344318,0
23.30007485057178,0.3580179079637055,386.10062209563785,850.6361538686913,0
23.326458804407338,0.3678411543895134,386.3257783603448,846.5516480048403,0
23.353085052252403,0.37056760770727337,386.55300232174665,845.4179887153158,0
23.353085052252403,0.3438244746957369,386.55300232174665,856.5377834215126,0
23.379469006087962,0.37547907797205005,386.7781585864537,843.3757993792216,0
23.40585295992352,0.37711302281630166,387.00331485116067,842.6964051129818,0
23.432479207768587,0.37820553128981,387.23053881256254,842.242140089697,0
23.432479207768587,0.35911056938534114,387.23053881256254,850.1818252495752,0
23.458863161604143,0.3585642386745233,387.4556950772695,850.4089895591333,0
23.485247115439705,0.3716601161807817,387.68085134197656,844.963723692031,0
23.511877090884916,0.3738402387877239,387.90810711409677,844.0572287120644,0
23.511877090884916,0.3716601161807817,387.90810711409677,844.963723692031,0
23.538257317120326,0.3694749462856377,388.13323156808536,845.8723173344318,0
23.56488729256554,0.3694749462856377,388.3604873402056,845.8723173344318,0
23.591267518800954,0.37002127699645554,388.5856117941942,845.6451530248738,0
23.591267518800954,0.3656559844943694,388.5856117941942,847.4602416472412,0
23.61765147263651,0.3607494085696673,388.81076805890126,849.5003959167324,0
23.644281448081724,0.37492785292115766,389.03802383102146,843.6049987553827,0
23.670665401917283,0.3672948236786956,389.26318009572844,846.7788123143984,0
23.670665401917283,0.36183702270310114,389.26318009572844,849.0481659600506,0
23.69704935575284,0.383117154502714,389.4883363604355,840.1998871577715,0
23.723433309588398,0.3874822940566728,389.71349262514246,838.3848621312355,0
23.750059557433467,0.38038565389675216,389.94071658654434,841.3356451097305,0
23.750059557433467,0.3694749462856377,389.94071658654434,845.8723173344318,0
23.776443511269022,0.3607494085696673,390.1658728512513,849.5003959167324,0
23.80306975911409,0.3607494085696673,390.39309681265314,849.5003959167324,0
23.82945371294965,0.3678411543895134,390.6182530773602,846.5516480048403,0
23.82945371294965,0.3672948236786956,390.6182530773602,846.7788123143984,0
23.855837666785206,0.37820553128981,390.84340934206716,842.242140089697,0
23.88246764223042,0.3787518620006278,391.0706651141874,842.014975780139,0
23.90885159606598,0.3541989461724372,391.2958213788944,852.2240781815007,0
23.935477843911045,0.37274773031421554,391.5230453402962,844.5114937353492,0
23.935477843911045,0.37002127699645554,391.5230453402962,845.6451530248738,0
23.961861797746604,0.38093198460757,391.74820160500326,841.1084808001724,0
23.988242023982014,0.38638978558316445,391.97332605899186,838.8391271545203,0
24.014625977817573,0.38038565389675216,392.1984823236989,841.3356451097305,0
24.014625977817573,0.37711302281630166,392.1984823236989,842.6964051129818,0
24.041255953262787,0.38693106900578045,392.4257380958191,838.6140615073965,0
24.067639907098346,0.3896625696117422,392.65089436052614,837.4783035554376,0
24.067688365900246,0.3896621107673603,392.65130789986506,837.4784943429316,0
24.094314613745315,0.3776588946827375,392.87853186126694,842.4694315909178,0
24.094314613745315,0.37002081815207355,392.87853186126694,845.6453438123679,0
24.120698567580874,0.3825654706074396,393.1036881259739,840.4292773214266,0
24.14708252141643,0.3847555348426581,393.32884439068096,839.5186486124228,0
24.173466475251985,0.3803851950523702,393.55400065538794,841.3358358972246,0
24.173466475251985,0.37602005549841133,393.55400065538794,843.1508609237605,0
24.200096450697202,0.383116695658332,393.78125642750814,840.2000779452655,0
24.226476676932613,0.37602005549841133,394.0063808814968,843.1508609237605,0
24.25286063076817,0.37711256397191967,394.2315371462038,842.6965959004758,0
24.25286063076817,0.3738397799433419,394.2315371462038,844.0574194995585,0
24.279490606213386,0.39238856408512024,394.45879291832404,836.344835053407,0
24.306116854058452,0.3913009499516864,394.68601687972586,836.7970650100888,0
24.332254786284352,0.39566119516557074,394.9090736370197,834.9840750501558,0
24.332254786284352,0.39238856408512024,394.9090736370197,836.344835053407,0
24.358884761729566,0.380931525763188,395.1363294091399,841.1086715876664,0
24.385268715565125,0.38366302636914984,395.36148567384686,839.9729136357075,0
24.41189496341019,0.39730003434989686,395.58870963524873,834.3026457173129,0
24.41189496341019,0.38856960229385196,395.58870963524873,837.9327593662164,0
24.43827891724575,0.383116695658332,395.8138658999557,840.2000779452655,0
24.46466287108131,0.3640217337538631,396.03902216466275,848.1397631051437,0
24.491046824916864,0.37929773386706367,396.26417842936974,841.7880022580749,0
24.491046824916864,0.37220598804721755,396.26417842936974,844.736750169967,0
24.517673072761934,0.37711256397191967,396.49140239077155,842.6965959004758,0
24.544057026597493,0.36620185636080527,396.7165586554786,847.2332681251772,0
24.570687002042703,0.3738397799433419,396.9438144275988,844.0574194995585,0
24.570687002042703,0.3689333569667671,396.9438144275988,846.0975101732183,0
24.597070955878262,0.378205072445428,397.1689706923058,842.2423308771911,0
24.623451182113673,0.36565552564998743,397.39409514629443,847.4604324347353,0
24.650081157558887,0.378205072445428,397.62135091841463,842.2423308771911,0
24.650081157558887,0.3743861106541597,397.62135091841463,843.8302551900005,0
24.676465111394442,0.3694744874412557,397.8465071831217,845.8725081219259,0
24.703091359239515,0.3667481870716231,398.0737311445235,847.0061038156191,0
24.72947531307507,0.37711256397191967,398.2988874092305,842.6965959004758,0
24.72947531307507,0.37493244136497755,398.2988874092305,843.6030908804423,0
24.755859266910626,0.3629290723322275,398.5240436739375,848.5940917242599,0
24.782243220746185,0.3934810725586286,398.7491999386445,835.8905700301223,0
24.808627174581744,0.3689333569667671,398.97435620335153,846.0975101732183,0
24.808627174581744,0.36620185636080527,398.97435620335153,847.2332681251772,0
24.83525342242681,0.36183656385871915,399.20158016475335,849.0483567475446,0
24.86163737626237,0.3640217337538631,399.4267364294604,848.1397631051437,0
24.888263624107438,0.3711134795737092,399.6539603908622,845.1910151932517,0
24.888263624107438,0.3640217337538631,399.6539603908622,848.1397631051437,0
24.914647577942993,0.380931525763188,399.8791166555692,841.1086715876664,0
24.94127755338821,0.37602005549841133,400.10637242768945,843.1508609237605,0
24.967661507223767,0.38202418718482367,400.33152869239643,840.6543429685504,0
24.967661507223767,0.36565552564998743,400.33152869239643,847.4604324347353,0
24.994045461059322,0.35529114874969087,400.55668495710347,851.7699403498785,0
25.020425687294733,0.3672943648343136,400.78180941109207,846.7790031018924,0
25.04705566273995,0.362382894569537,401.0090651832123,848.8211924379866,0
25.073439616575506,0.37602005549841133,401.2342214479193,843.1508609237605,0
25.073439616575506,0.36838197896774744,401.2342214479193,846.3267731452106,0
25.10006586442057,0.36838197896774744,401.46144540932113,846.3267731452106,0
25.126449818256134,0.36784069554513144,401.68660167402817,846.5518387923344,0
25.15283377209169,0.378205072445428,401.91175793873515,842.2423308771911,0
25.15283377209169,0.36838197896774744,401.91175793873515,846.3267731452106,0
25.179460019936755,0.3607489497252853,402.13898190013697,849.5005867042264,0
25.205843973772318,0.380931525763188,402.364138164844,841.1086715876664,0
25.23247394921753,0.3743861106541597,402.5913939369642,843.8302551900005,0
25.23247394921753,0.37002081815207355,402.5913939369642,845.6453438123679,0
25.258611881443432,0.3558374794605087,402.814450694258,851.5427760403205,0
25.285972466517322,0.37274727146983355,403.04794136718107,844.5116845228432,0
25.312356420352877,0.37929773386706367,403.2730976318881,841.7880022580749,0
25.312356420352877,0.36183656385871915,403.2730976318881,849.0483567475446,0
25.338982668197946,0.3629290723322275,403.5003215932899,848.5940917242599,0
25.365366622033505,0.38202418718482367,403.72547785799696,840.6543429685504,0
25.39175057586906,0.37493244136497755,403.95063412270395,843.6030908804423,0
25.39175057586906,0.3672943648343136,403.95063412270395,846.7790031018924,0
25.41813452970462,0.3852968182652741,404.175790387411,839.293582965299,0
25.444760777549686,0.3765712805493037,404.4030143488128,842.9216615475996,0
25.471390752994903,0.3705671488628914,404.630270120933,845.4181795028098,0
25.471390752994903,0.359656441251777,404.630270120933,849.9548517275111,0
25.49777470683046,0.3716596573363997,404.85542638564004,844.963914479525,0
25.524158660666018,0.3689333569667671,405.080582650347,846.0975101732183,0
25.550542614501573,0.37493244136497755,405.30573891505406,843.6030908804423,0
25.550542614501573,0.3738397799433419,405.30573891505406,844.0574194995585,0
25.577168862346642,0.3847555348426581,405.5329628764559,839.5186486124228,0
25.603552816182198,0.36620185636080527,405.75811914116287,847.2332681251772,0
25.629936770017757,0.3803851950523702,405.9832754058699,841.3358358972246,0
25.629936770017757,0.37493244136497755,405.9832754058699,843.6030908804423,0
25.656563017862826,0.37929773386706367,406.2104993672717,841.7880022580749,0
25.68294697169838,0.3711134795737092,406.43565563197876,845.1910151932517,0
25.70933092553394,0.39238856408512024,406.66081189668574,836.344835053407,0
25.70933092553394,0.3765712805493037,406.66081189668574,842.9216615475996,0
25.735957173379006,0.3825654706074396,406.88803585808756,840.4292773214266,0
25.762341127214565,0.3847555348426581,407.1131921227946,839.5186486124228,0
25.788725081050124,0.41257114012302293,407.3383483875016,827.9529199368471,0
25.788725081050124,0.4076645641983208,407.3383483875016,829.9930742063383,0
25.81535505649534,0.4082107419610113,407.56560415962184,829.7659734926116,0
25.84173528273075,0.44478691007850474,407.79072861361044,814.5576027893578,0
25.868365258175963,0.4464208549227564,408.01798438573064,813.8782085231179,0
25.868365258175963,0.4393291091029103,408.01798438573064,816.82695643501,0
25.89474921201152,0.43878277839209245,408.2431406504377,817.054120744568,0
25.921133165847078,0.4398754398137281,408.46829691514466,816.5997921254519,0
25.947759413692147,0.4158688546963553,408.69552087654654,826.5817302172555,0
25.947759413692147,0.4082107419610113,408.69552087654654,829.7659734926116,0
25.974143367527702,0.42787207078097805,408.9206771412535,821.5907929692694,0
26.00052732136326,0.3962075258763886,409.14583340596056,834.7569107405977,0
26.02715356920833,0.4120298567004069,409.3730573673624,828.1779855839708,0
26.02715356920833,0.38911578005654246,409.3730573673624,837.7056586524897,0
26.053537523043886,0.41039086456795343,409.59821363206936,828.859478512645,0
26.079921476879445,0.39893902648235036,409.8233698967764,833.6211527886387,0
26.10654772472451,0.39730003434989686,410.0505938581782,834.3026457173129,0
26.10654772472451,0.39675385658720635,410.0505938581782,834.5297464310396,0
26.13293167856007,0.3934810725586286,410.27575012288526,835.8905700301223,0
26.159561654005284,0.39238856408512024,410.50300589500546,836.344835053407,0
26.18594560784084,0.3743861106541597,410.72816215971244,843.8302551900005,0
26.2123295616764,0.39675385658720635,410.9533184244195,834.5297464310396,0
26.2123295616764,0.378205072445428,410.9533184244195,842.2423308771911,0
26.238955809521467,0.40548444159137864,411.1805423858213,830.8995691863048,0
26.265339763357023,0.383116695658332,411.40569865052834,840.2000779452655,0
26.291723717192582,0.39293489479593807,411.6308549152353,836.117670743849,0
26.291723717192582,0.3880232715830341,411.6308549152353,838.1599236757745,0
26.318107671028137,0.39948030990496636,411.85601117994236,833.3960871415151,0
26.344733918873207,0.3776588946827375,412.0832351413442,842.4694315909178,0
26.371117872708766,0.41039086456795343,412.30839140605116,828.859478512645,0
26.371117872708766,0.40548444159137864,412.30839140605116,830.8995691863048,0
26.39774412055383,0.3847555348426581,412.53561536745303,839.5186486124228,0
26.42412807438939,0.39020339418997624,412.76077163216,837.2534286958079,0
26.450512028224946,0.39948030990496636,412.98592789686705,833.3960871415151,0
26.450512028224946,0.39893902648235036,412.98592789686705,833.6211527886387,0
26.476895982060505,0.4049381108805608,413.21108416157404,831.1267334958628,0
26.503522229905574,0.40384544945892514,413.43830812297585,831.581062114979,0
26.530152205350788,0.4267795623074697,413.66556389509606,822.0450579925541,0
26.530152205350788,0.4136686958847331,413.66556389509606,827.496556251128,0
26.556536159186344,0.4420555624206703,413.8907201598031,815.6932971454853,0
26.582920113021903,0.4507811001366407,414.1158764245101,812.0652185631849,0
26.609546360866972,0.4868058902551145,414.34310038591195,797.0861108319234,0
26.609546360866972,0.4846207203599705,414.34310038591195,797.9947044743243,0
26.635930314702527,0.5217181356953999,414.56825665061893,782.5695991778528,0
26.662314268538086,0.5440858816284465,414.793412915326,773.269090418892,0
26.68869822237364,0.5440858816284465,415.01856918003296,773.269090418892,0
26.68869822237364,0.5364478050977826,415.01856918003296,776.4450026403421,0
26.71532447021871,0.5146263898755538,415.2457931414348,785.5183470897448,0
26.74170842405427,0.5026282210791329,415.4709494061418,790.5071856752966,0
26.768092377889825,0.44150923170985246,415.6961056708488,815.9204614550434,0
26.768092377889825,0.43878277839209245,415.6961056708488,817.054120744568,0
26.794718625734895,0.41859530801411526,415.92332963225067,825.4480709277309,0
26.82110257957045,0.39675385658720635,416.14848589695765,834.5297464310396,0
26.84748653340601,0.4027529409854168,416.3736421616647,832.0353271382637,0
26.84748653340601,0.380931525763188,416.3736421616647,841.1086715876664,0
26.874116508851223,0.3978463650607147,416.6008979337849,834.0754814077549,0
26.900742756696292,0.3754787720757954,416.8281218951867,843.3759265708843,0
26.927126710531848,0.37875140315624584,417.05327815989375,842.0151665676331,0
26.927126710531848,0.378205072445428,417.05327815989375,842.2423308771911,0
26.953510664367407,0.3672943648343136,417.27843442460073,846.7790031018924,0
26.979894618202962,0.36129528043610315,417.50359068930777,849.2734223946684,0
27.00652086604803,0.37711256397191967,417.7308146507096,842.6965959004758,0
27.00652086604803,0.3716596573363997,417.7308146507096,844.963914479525,0
27.03290481988359,0.38911578005654246,417.9559709154166,837.7056586524897,0
27.059288773719146,0.37002081815207355,418.1811271801236,845.6453438123679,0
27.085672727554705,0.3689333569667671,418.4062834448306,846.0975101732183,0
27.085672727554705,0.36347540304304526,418.4062834448306,848.3669274147018,0
27.11205668139026,0.36620185636080527,418.63143970953763,847.2332681251772,0
27.13868292923533,0.3705671488628914,418.85866367093945,845.4181795028098,0
27.165312904680544,0.37274727146983355,419.08591944305965,844.5116845228432,0
27.165312904680544,0.3705671488628914,419.08591944305965,845.4181795028098,0
27.191693130915954,0.3667481870716231,419.3110438970483,847.0061038156191,0
27.218077084751513,0.3874819881604181,419.5362001617553,838.3849893228982,0
27.244707060196728,0.3962075258763886,419.76345593387555,834.7569107405977,0
27.244707060196728,0.37711256397191967,419.76345593387555,842.6965959004758,0
27.271091014032283,0.3852968182652741,419.98861219858253,839.293582965299,0
27.297471240267697,0.3880232715830341,420.2137366525712,838.1599236757745,0
27.32410121571291,0.3842043097917658,420.4409924246914,839.7478479885838,0
27.32410121571291,0.36565552564998743,420.4409924246914,847.4604324347353,0
27.350485169548467,0.39238856408512024,420.66614868939837,836.344835053407,0
27.376869123384026,0.40329927169623464,420.8913049541054,831.8081628287057,0
27.40349537122909,0.40384544945892514,421.1185289155072,831.581062114979,0
27.42987932506465,0.38856960229385196,421.34368518021427,837.9327593662164,0
27.42987932506465,0.38638932673878246,421.34368518021427,838.8393179420143,0
27.45650557290972,0.3847555348426581,421.5709091416161,839.5186486124228,0
27.482647232735765,0.3874819881604181,421.7939977096283,838.3849893228982,0
27.509273480580834,0.3776588946827375,422.0212216710301,842.4694315909178,0
27.509273480580834,0.3732936021806514,422.0212216710301,844.2845202132852,0
27.53590345602605,0.38584314897609195,422.2484774431503,839.066418655741,0
27.562287409861604,0.38147785647400584,422.47363370785735,840.8815072781084,0
27.588667636097018,0.383116695658332,422.69875816184594,840.2000779452655,0
27.588667636097018,0.3765712805493037,422.69875816184594,842.9216615475996,0
27.615051589932573,0.3743861106541597,422.923914426553,843.8302551900005,0
27.641681565377787,0.378205072445428,423.1511701986732,842.2423308771911,0
27.668065519213346,0.383116695658332,423.37632646338017,840.2000779452655,0
27.668065519213346,0.3689333569667671,423.37632646338017,846.0975101732183,0
27.694691767058412,0.3694744874412557,423.60355042478204,845.8725081219259,0
27.72107572089397,0.3667481870716231,423.828706689489,847.0061038156191,0
27.74745967472953,0.380931525763188,424.05386295419606,841.1086715876664,0
27.74745967472953,0.3754787720757954,424.05386295419606,843.3759265708843,0
27.773843628565086,0.36838197896774744,424.27901921890304,846.3267731452106,0
27.800469876410155,0.3825654706074396,424.50624318030486,840.4292773214266,0
27.82685383024571,0.3689333569667671,424.7313994450119,846.0975101732183,0
27.82685383024571,0.359656441251777,424.7313994450119,849.9548517275111,0
27.85348007809078,0.36565552564998743,424.9586234064137,847.4604324347353,0
27.87986403192634,0.37929773386706367,425.18377967112076,841.7880022580749,0
27.906247985761894,0.38366302636914984,425.40893593582774,839.9729136357075,0
27.906247985761894,0.3672943648343136,425.40893593582774,846.7790031018924,0
27.932877961207108,0.36565552564998743,425.63619170794794,847.4604324347353,0
27.959261915042667,0.37875140315624584,425.861347972655,842.0151665676331,0
27.985888162887736,0.3803851950523702,426.0885719340568,841.3358358972246,0
27.985888162887736,0.3765712805493037,426.0885719340568,842.9216615475996,0
28.01227211672329,0.39020339418997624,426.31372819876384,837.2534286958079,0
28.03865607055885,0.3896621107673603,426.5388844634708,837.4784943429316,0
28.065040024394406,0.3874819881604181,426.76404072817786,838.3849893228982,0
28.065040024394406,0.37984391162975417,426.76404072817786,841.5609015443482,0
28.091666272239475,0.38856960229385196,426.9912646895797,837.9327593662164,0
28.11805022607503,0.3896621107673603,427.21642095428666,837.4784943429316,0
28.14443417991059,0.37875140315624584,427.4415772189937,842.0151665676331,0
28.14443417991059,0.3705671488628914,427.4415772189937,845.4181795028098,0
28.17106042775566,0.37984391162975417,427.6688011803955,841.5609015443482,0
28.197444381591215,0.378205072445428,427.89395744510256,842.2423308771911,0
28.224070629436284,0.3907546192408686,428.1211814065044,837.0242293196469,0
28.224070629436284,0.3672943648343136,428.1211814065044,846.7790031018924,0
28.250454583271843,0.3765712805493037,428.34633767121136,842.9216615475996,0
28.2768385371074,0.3743861106541597,428.5714939359184,843.8302551900005,0
28.303468512552612,0.37493244136497755,428.7987497080386,843.6030908804423,0
28.303468512552612,0.359656441251777,428.7987497080386,849.9548517275111,0
28.32985246638817,0.3842043097917658,429.02390597274564,839.7478479885838,0
28.356236420223727,0.38584314897609195,429.2490622374526,839.066418655741,0
28.382862668068796,0.3803851950523702,429.47628619885444,841.3358358972246,0
28.382862668068796,0.3640217337538631,429.47628619885444,848.1397631051437,0
28.40924662190435,0.3743861106541597,429.7014424635615,843.8302551900005,0
28.43563057573991,0.37220598804721755,429.92659872826846,844.736750169967,0
28.46225682358498,0.3743861106541597,430.15382268967033,843.8302551900005,0
28.46225682358498,0.3694744874412557,430.15382268967033,845.8725081219259,0
28.488640777420535,0.37602005549841133,430.3789789543773,843.1508609237605,0
28.515267025265604,0.36565552564998743,430.60620291577914,847.4604324347353,0
28.541408685091653,0.383116695658332,430.82929148379134,840.2000779452655,0
28.56803493293672,0.38856960229385196,431.05651544519316,837.9327593662164,0
28.56803493293672,0.38638932673878246,431.05651544519316,838.8393179420143,0
28.594664908381933,0.3694744874412557,431.28377121731336,845.8725081219259,0
28.621045134617344,0.37984391162975417,431.508895671302,841.5609015443482,0
28.647429088452903,0.37984391162975417,431.73405193600905,841.5609015443482,0
28.647429088452903,0.3765712805493037,431.73405193600905,842.9216615475996,0
28.673813042288458,0.39020339418997624,431.95920820071603,837.2534286958079,0
28.700443017733676,0.37220598804721755,432.18646397283624,844.736750169967,0
28.72682697156923,0.39020339418997624,432.4116202375433,837.2534286958079,0
28.72682697156923,0.378205072445428,432.4116202375433,842.2423308771911,0
28.75321092540479,0.3825654706074396,432.63677650225026,840.4292773214266,0
28.779837173249856,0.3842043097917658,432.8640004636521,839.7478479885838,0
28.806221127085415,0.37984391162975417,433.0891567283591,841.5609015443482,0
28.806221127085415,0.3743861106541597,433.0891567283591,843.8302551900005,0
28.83260508092097,0.38856960229385196,433.3143129930661,837.9327593662164,0
28.85923132876604,0.39566119516557074,433.541536954468,834.9840750501558,0
28.885861304211254,0.39238856408512024,433.7687927265882,836.344835053407,0
28.885861304211254,0.3738397799433419,433.7687927265882,844.0574194995585,0
28.912241530446664,0.3689333569667671,433.9939171805768,846.0975101732183,0
28.938625484282223,0.3945686866920624,434.2190734452838,835.4383400734405,0
28.96500943811778,0.38366302636914984,434.4442297099908,839.9729136357075,0
28.96500943811778,0.37711256397191967,434.4442297099908,842.6965959004758,0
28.991639413562996,0.3738397799433419,434.67148548211105,844.0574194995585,0
29.018019639798407,0.38147785647400584,434.89660993609965,840.8815072781084,0
29.044403593633962,0.38911578005654246,435.1217662008067,837.7056586524897,0
29.044403593633962,0.3874819881604181,435.1217662008067,838.3849893228982,0
29.071033569079177,0.383116695658332,435.3490219729269,840.2000779452655,0
29.097417522914736,0.38202418718482367,435.5741782376339,840.6543429685504,0
29.123801476750295,0.3852968182652741,435.7993345023409,839.293582965299,0
29.123801476750295,0.37984391162975417,435.7993345023409,841.5609015443482,0
29.15042772459536,0.38202418718482367,436.02655846374273,840.6543429685504,0
29.17681167843092,0.39293489479593807,436.25171472844977,836.117670743849,0
29.20319563226648,0.3803851950523702,436.47687099315675,841.3358358972246,0
29.20319563226648,0.3672943648343136,436.47687099315675,846.7790031018924,0
29.229821880111544,0.38147785647400584,436.70409495455857,840.8815072781084,0
29.256205833947103,0.41093719527877126,436.9292512192656,828.6323142030869,0
29.282835809392317,0.4005728183784747,437.1565069913858,832.9418221182302,0
29.282835809392317,0.3945686866920624,437.1565069913858,835.4383400734405,0
29.309216035627728,0.41093719527877126,437.38163144537447,828.6323142030869,0
29.335599989463283,0.4011191490892925,437.60678771008145,832.7146578086722,0
29.362229964908497,0.4136686958847331,437.83404348220165,827.496556251128,0
29.362229964908497,0.4027529409854168,437.83404348220165,832.0353271382637,0
29.388613918744056,0.40329927169623464,438.0591997469087,831.8081628287057,0
29.414994144979467,0.4235067782788919,438.2843242008973,823.4058815916368,0
29.442600751663015,0.42459943970052755,438.5199143812336,822.9515529725206,0
29.442600751663015,0.42077543062105743,438.5199143812336,824.5415759477644,0
29.46898470549857,0.4191465330650076,438.7450706459406,825.2188715515699,0
29.495368659334133,0.42459943970052755,438.9702269106476,822.9515529725206,0
29.5219949071792,0.4049381108805608,439.19745087204944,831.1267334958628,0
29.5219949071792,0.39566119516557074,439.19745087204944,834.9840750501558,0
29.548378861014754,0.4098446868052629,439.4226071367564,829.0865792263717,0
29.574762814850317,0.404391780169743,439.64776340146346,831.3538978054208,0
29.60138906269538,0.3945686866920624,439.8749873628653,835.4383400734405,0
29.60138906269538,0.38147785647400584,439.8749873628653,840.8815072781084,0
29.627773016530938,0.37002081815207355,440.1001436275723,845.6453438123679,0
29.654402991976152,0.37711256397191967,440.3273993996925,842.6965959004758,0
29.68102923982122,0.3847555348426581,440.55462336109434,839.5186486124228,0
29.707170899647267,0.39293489479593807,440.77771192910654,836.117670743849,0
29.707170899647267,0.38911578005654246,440.77771192910654,837.7056586524897,0
29.733797147492336,0.36838197896774744,441.00493589050836,846.3267731452106,0
29.76018110132789,0.3667481870716231,441.2300921552154,847.0061038156191,0
29.78656505516345,0.38856960229385196,441.4552484199224,837.9327593662164,0
29.78656505516345,0.37602005549841133,441.4552484199224,843.1508609237605,0
29.81319130300852,0.3842043097917658,441.6824723813242,839.7478479885838,0
29.839575256844075,0.37984391162975417,441.90762864603124,841.5609015443482,0
29.865959210679634,0.3880232715830341,442.1327849107382,838.1599236757745,0
29.865959210679634,0.37602005549841133,442.1327849107382,843.1508609237605,0
29.8925854585247,0.38202418718482367,442.3600088721401,840.6543429685504,0
29.91896941236026,0.3869356574496003,442.5851651368471,838.6121536324563,0
29.945599387805473,0.38638932673878246,442.8124209089673,838.8393179420143,0
29.945599387805473,0.3842043097917658,442.8124209089673,839.7478479885838,0
29.971737320031377,0.36347540304304526,443.0354776662611,848.3669274147018,0
29.998363567876442,0.3940274032694464,443.2627016276629,835.6634057205642,0
30.024993543321656,0.3842043097917658,443.4899573997832,839.7478479885838,0
30.024993543321656,0.38147785647400584,443.4899573997832,840.8815072781084,0
30.051377497157212,0.37929773386706367,443.71511366449016,841.7880022580749,0
30.077761450992774,0.4011191490892925,443.9402699291972,832.7146578086722,0
30.10438769883784,0.38638932673878246,444.167493890599,838.8393179420143,0
30.10438769883784,0.3842043097917658,444.167493890599,839.7478479885838,0
30.130771652673396,0.3869356574496003,444.392650155306,838.6121536324563,0
30.157155606508958,0.3738397799433419,444.61780642001304,844.0574194995585,0
30.18378185435402,0.4082107419610113,444.84503038141486,829.7659734926116,0
30.18378185435402,0.378205072445428,444.84503038141486,842.2423308771911,0
30.21016580818958,0.3842043097917658,445.0701866461219,839.7478479885838,0
30.236549762025138,0.3825654706074396,445.2953429108289,840.4292773214266,0
30.262933715860697,0.3962075258763886,445.5204991755359,834.7569107405977,0
30.262933715860697,0.3847555348426581,445.5204991755359,839.5186486124228,0
30.289559963705763,0.38147785647400584,445.74772313693774,840.8815072781084,0
30.316189939150977,0.3874819881604181,445.97497890905794,838.3849893228982,0
30.342573892986533,0.3880232715830341,446.2001351737649,838.1599236757745,0
30.342573892986533,0.3629290723322275,446.2001351737649,848.5940917242599,0
30.36895784682209,0.3842043097917658,446.42529143847196,839.7478479885838,0
30.395338073057506,0.3776588946827375,446.6504158924606,842.4694315909178,0
30.421968048502716,0.38202418718482367,446.8776716645808,840.6543429685504,0
30.421968048502716,0.378205072445428,446.8776716645808,842.2423308771911,0
30.448352002338275,0.37220598804721755,447.1028279292878,844.736750169967,0
30.47497825018334,0.3776588946827375,447.3300518906896,842.4694315909178,0
30.5013622040189,0.383116695658332,447.55520815539666,840.2000779452655,0
30.5013622040189,0.37984391162975417,447.55520815539666,841.5609015443482,0
30.52774615785446,0.3765712805493037,447.78036442010364,842.9216615475996,0
30.554130111690018,0.3754787720757954,448.0055206848107,843.3759265708843,0
30.580756359535084,0.3918422333743024,448.2327446462125,836.5719993629651,0
30.580756359535084,0.38366302636914984,448.2327446462125,839.9729136357075,0
30.607386334980298,0.3847555348426581,448.4600004183327,839.5186486124228,0
30.6335242672062,0.37929773386706367,448.6830571756265,841.7880022580749,0
30.660154242651416,0.3847555348426581,448.9103129477467,839.5186486124228,0
30.660154242651416,0.378205072445428,448.9103129477467,842.2423308771911,0
30.686534468886826,0.38202418718482367,449.1354374017354,840.6543429685504,0
30.713164444332037,0.3754787720757954,449.3626931738556,843.3759265708843,0
30.7395483981676,0.38638932673878246,449.5878494385626,838.8393179420143,0
30.7395483981676,0.36511424222737143,449.5878494385626,847.685498081859,0
30.765932352003155,0.3847555348426581,449.8130057032696,839.5186486124228,0
30.79255859984822,0.3640217337538631,450.0402296646714,848.1397631051437,0
30.818942553683783,0.3754787720757954,450.26538592937845,843.3759265708843,0
30.84532650751934,0.3842043097917658,450.49054219408544,839.7478479885838,0
30.84532650751934,0.37929773386706367,450.49054219408544,841.7880022580749,0
30.871952755364404,0.3913009499516864,450.7177661554873,836.7970650100888,0
30.898336709199963,0.38911578005654246,450.9429224201943,837.7056586524897,0
30.924720663035522,0.3743861106541597,451.16807868490133,843.8302551900005,0
30.924720663035522,0.3602027719625948,451.16807868490133,849.7276874179531,0
30.951346910880588,0.37984391162975417,451.39530264630315,841.5609015443482,0
30.977730864716147,0.3874819881604181,451.62045891101013,838.3849893228982,0
31.004360840161358,0.3907546192408686,451.8477146831304,837.0242293196469,0
31.004360840161358,0.36838197896774744,451.8477146831304,846.3267731452106,0
31.030744793996917,0.38366302636914984,452.0728709478374,839.9729136357075,0
31.057128747832476,0.38856960229385196,452.2980272125444,837.9327593662164,0
31.08375499567754,0.380931525763188,452.52525117394623,841.1086715876664,0
31.08375499567754,0.3803851950523702,452.52525117394623,841.3358358972246,0
31.1101389495131,0.3732936021806514,452.7504074386532,844.2845202132852,0
31.13652290334866,0.38911578005654246,452.97556370336025,837.7056586524897,0
31.163149151193725,0.3896621107673603,453.20278766476207,837.4784943429316,0
31.163149151193725,0.36838197896774744,453.20278766476207,846.3267731452106,0
31.189533105029284,0.38856960229385196,453.4279439294691,837.9327593662164,0
31.215917058864843,0.3940274032694464,453.6531001941761,835.6634057205642,0
31.24254330670991,0.40875707267182915,453.8803241555779,829.5388091830534,0
31.24254330670991,0.38856960229385196,453.8803241555779,837.9327593662164,0
31.268927260545468,0.38638932673878246,454.10548042028495,838.8393179420143,0
31.295311214381027,0.40329927169623464,454.33063668499193,831.8081628287057,0
31.321695168216582,0.3978463650607147,454.55579294969897,834.0754814077549,0
31.321695168216582,0.383116695658332,454.55579294969897,840.2000779452655,0
31.34832141606165,0.40220661027459903,454.7830169111008,832.2624914478217,0
31.374951391506862,0.39730003434989686,455.010272683221,834.3026457173129,0
31.401335345342424,0.40166532685198303,455.235428947928,832.4875570949455,0
31.401335345342424,0.38856960229385196,455.235428947928,837.9327593662164,0
31.42771929917798,0.3896621107673603,455.460585212635,837.4784943429316,0
31.45410325301354,0.3978463650607147,455.68574147734205,834.0754814077549,0
31.480729500858608,0.39566119516557074,455.91296543874387,834.9840750501558,0
31.480729500858608,0.3896621107673603,455.91296543874387,837.4784943429316,0
31.507113454694164,0.3945686866920624,456.1381217034509,835.4383400734405,0
31.533497408529723,0.41312236517391526,456.3632779681579,827.723720560686,0
31.56012365637479,0.43223736328306417,456.5905019295597,819.775704346902,0
31.586507610210347,0.47260251535886955,456.81565819426675,802.991874113782,0
31.612891564045903,0.48516705107078834,457.0408144589737,797.7675401647663,0
31.639517811890972,0.49880421199966274,457.2680384203756,792.0972086505403,0
31.639517811890972,0.48516705107078834,457.2680384203756,797.7675401647663,0
31.666147787336183,0.521171804984582,457.4952941924958,782.7967634874109,0
31.692285719562086,0.504808343686075,457.7183509497896,789.6006906953301,0
31.718911967407156,0.573565256637892,457.94557491119144,761.0115662899645,0
31.718911967407156,0.5544753420216251,457.94557491119144,768.9491527874084,0
31.74529592124271,0.5904800959354187,458.1707311758984,753.978376110053,0
31.771925896687925,0.5451783901019549,458.3979869480187,772.8148253956072,0
31.798309850523484,0.5277172200936103,458.62314321272567,780.0751798850769,0
31.798309850523484,0.5037156822644393,458.62314321272567,790.0550193144462,0
31.824693804359043,0.5168115597706978,458.8482994774327,784.6097534473439,0
31.85132005220411,0.4704223927519274,459.0755234388345,803.8983690937487,0
31.877704006039668,0.46115052432513914,459.3006797035415,807.7536119856072,0
31.877704006039668,0.42296549485627594,459.3006797035415,823.6309472387605,0
31.904087959875223,0.42077543062105743,459.52583596824854,824.5415759477644,0
31.930714207720293,0.41750769388068143,459.75305992965036,825.9003008844127,0
31.95709816155585,0.4169613631698636,459.9782161943574,826.1274651939707,0
31.983482115391407,0.40875707267182915,460.2033724590644,829.5388091830534,0
31.983482115391407,0.40548444159137864,460.2033724590644,830.8995691863048,0
32.01011209083662,0.4098446868052629,460.4306282311846,829.0865792263717,0
32.03649231707203,0.41641518540717315,460.65575268517324,826.3545659076974,0
32.06312229251725,0.42296549485627594,460.88300845729344,823.6309472387605,0
32.06312229251725,0.4191465330650076,460.88300845729344,825.2188715515699,0
32.089506246352805,0.45241993932096686,461.1081647220005,811.383789230342,0
32.115886472588215,0.43387130812731584,461.3332891759891,819.0963100806621,0
32.14251644803343,0.4491471552923891,461.5605449481093,812.7446128294247,0
32.14251644803343,0.4442356850276124,461.5605449481093,814.7868021655188,0
32.16890040186899,0.4267795623074697,461.7857012128163,822.0450579925541,0
32.195284355704544,0.43223736328306417,462.0108574775233,819.775704346902,0
32.22166830954011,0.41804897730329743,462.23601374223034,825.6752352372889,0
32.22166830954011,0.40657190277668515,462.23601374223034,830.4474028254543,0
32.24829455738517,0.39948030990496636,462.46323770363216,833.3960871415151,0
32.27467851122073,0.39948030990496636,462.6883939683392,833.3960871415151,0
32.3013047590658,0.39238856408512024,462.915617929741,836.344835053407,0
32.3013047590658,0.37984391162975417,462.915617929741,841.5609015443482,0
32.327688712901356,0.3907546192408686,463.140774194448,837.0242293196469,0
32.35407266673691,0.3732936021806514,463.36593045915504,844.2845202132852,0
32.38070264218213,0.40220661027459903,463.59318623127524,832.2624914478217,0
32.38070264218213,0.3803851950523702,463.59318623127524,841.3358358972246,0
32.407086596017685,0.37984391162975417,463.8183424959823,841.5609015443482,0
32.43371284386275,0.37602005549841133,464.0455664573841,843.1508609237605,0
32.46009679769831,0.383116695658332,464.2707227220911,840.2000779452655,0
32.46009679769831,0.3765712805493037,464.2707227220911,842.9216615475996,0
32.48648075153387,0.3716596573363997,464.4958789867981,844.963914479525,0
32.51286097776928,0.3852968182652741,464.7210034407867,839.293582965299,0
32.5394909532145,0.3874819881604181,464.948259212907,838.3849893228982,0
32.5394909532145,0.38638932673878246,464.948259212907,838.8393179420143,0
32.565874907050045,0.3705671488628914,465.17341547761396,845.4181795028098,0
32.59250115489512,0.3913009499516864,465.4006394390158,836.7970650100888,0
32.61864281472116,0.3940274032694464,465.623728007028,835.6634057205642,0
32.61864281472116,0.3934810725586286,465.623728007028,835.8905700301223,0
32.64526906256623,0.4049381108805608,465.8509519684298,831.1267334958628,0
32.67165301640179,0.4082107419610113,466.07610823313684,829.7659734926116,0
32.69827926424686,0.430598524098738,466.30333219453865,820.4571336797447,0
32.69827926424686,0.4082107419610113,466.30333219453865,829.7659734926116,0
32.724909239692074,0.42186793909456577,466.53058796665886,824.0873109244797,0
32.751047171917975,0.4289647322026137,466.7536447239527,821.1364643501532,0
32.77767714736319,0.4507811001366407,466.9809004960729,812.0652185631849,0
32.77767714736319,0.44478691007850474,466.9809004960729,814.5576027893578,0
32.80406110119874,0.4136686958847331,467.2060567607799,827.496556251128,0
32.83044132743416,0.42568690088583405,467.4311812147685,822.4993866116703,0
32.85707130287937,0.42132665567194977,467.6584369868887,824.3123765716033,0
32.85707130287937,0.41530248778085743,467.6584369868887,826.8172255807195,0
32.883455256714925,0.39948030990496636,467.88359325159576,833.3960871415151,0
32.90983548295034,0.39511501740288024,468.10871770558435,835.2111757638825,0
32.93646545839555,0.39020339418997624,468.3359734777046,837.2534286958079,0
32.93646545839555,0.3776588946827375,468.3359734777046,842.4694315909178,0
32.96284941223111,0.38856960229385196,468.5611297424116,837.9327593662164,0
32.98947566007618,0.37984391162975417,468.7883537038134,841.5609015443482,0
33.015859613911736,0.39238856408512024,469.01350996852045,836.344835053407,0
33.015859613911736,0.3847555348426581,469.01350996852045,839.5186486124228,0
33.04224356774729,0.378205072445428,469.23866623322743,842.2423308771911,0
33.068869815592365,0.38202418718482367,469.4658901946293,840.6543429685504,0
33.09525376942792,0.3711134795737092,469.6910464593363,845.1910151932517,0
33.121637723263476,0.39566119516557074,469.91620272404333,834.9840750501558,0
33.121637723263476,0.37875140315624584,469.91620272404333,842.0151665676331,0
33.14826769870869,0.380931525763188,470.14345849616353,841.1086715876664,0
33.17465165254425,0.3913009499516864,470.3686147608705,836.7970650100888,0
33.201035606379804,0.383116695658332,470.59377102557755,840.2000779452655,0
33.201035606379804,0.37711256397191967,470.59377102557755,842.6965959004758,0
33.22766185422488,0.3913009499516864,470.8209949869794,836.7970650100888,0
33.25404580806043,0.37875140315624584,471.0461512516864,842.0151665676331,0
33.28042976189599,0.3934810725586286,471.2713075163934,835.8905700301223,0
33.28042976189599,0.3847555348426581,471.2713075163934,839.5186486124228,0
33.30705600974106,0.37929773386706367,471.4985314777952,841.7880022580749,0
33.333439963576616,0.38366302636914984,471.72368774250225,839.9729136357075,0
33.36006621142168,0.3869356574496003,471.95091170390407,838.6121536324563,0
33.36006621142168,0.37984391162975417,471.95091170390407,841.5609015443482,0
33.386450165257244,0.3803851950523702,472.1760679686111,841.3358358972246,0
33.41283411909279,0.37493244136497755,472.4012242333181,843.6030908804423,0
33.439460366937865,0.37274727146983355,472.6284481947199,844.5116845228432,0
33.439460366937865,0.362382894569537,472.6284481947199,848.8211924379866,0
33.46584432077343,0.36183656385871915,472.85360445942695,849.0483567475446,0
33.492228274608976,0.36347540304304526,473.07876072413393,848.3669274147018,0
33.518858250054194,0.3842043097917658,473.3060164962542,839.7478479885838,0
33.518858250054194,0.35529114874969087,473.3060164962542,851.7699403498785,0
33.54524220388976,0.37929773386706367,473.53117276096117,841.7880022580749,0
33.571626157725305,0.36347540304304526,473.7563290256682,848.3669274147018,0
33.5989867427992,0.3689333569667671,473.98981969859125,846.0975101732183,0
33.5989867427992,0.36620185636080527,473.98981969859125,847.2332681251772,0
33.62537069663476,0.36565552564998743,474.2149759632983,847.4604324347353,0
33.651750922870164,0.37220598804721755,474.4401004172869,844.736750169967,0
33.67838089831538,0.37929773386706367,474.6673561894071,841.7880022580749,0
33.67838089831538,0.36838197896774744,474.6673561894071,846.3267731452106,0
33.704764852150944,0.36565552564998743,474.8925124541141,847.4604324347353,0
33.73114507838635,0.36784069554513144,475.1176369081027,846.5518387923344,0
33.757775053831566,0.3716596573363997,475.344892680223,844.963914479525,0
33.757775053831566,0.359656441251777,475.344892680223,849.9548517275111,0
33.78415900766713,0.37493244136497755,475.57004894492997,843.6030908804423,0
33.81054296150268,0.3689333569667671,475.795205209637,846.0975101732183,0
33.83716920934775,0.3869356574496003,476.0224291710388,838.6121536324563,0
33.83716920934775,0.3705671488628914,476.0224291710388,845.4181795028098,0
33.863553163183305,0.37875140315624584,476.2475854357458,842.0151665676331,0
33.89017941102837,0.3896621107673603,476.4748093971477,837.4784943429316,0
33.91632107085442,0.4082107419610113,476.6978979651598,829.7659734926116,0
33.91632107085442,0.39238856408512024,476.6978979651598,836.344835053407,0
33.94294731869949,0.3825654706074396,476.9251219265617,840.4292773214266,0
33.9695772941447,0.4092983560944451,477.1523776986819,829.3137435359298,0
33.99596124798026,0.3978463650607147,477.3775339633889,834.0754814077549,0
33.99596124798026,0.3847555348426581,477.3775339633889,839.5186486124228,0
34.02234520181582,0.39948030990496636,477.6026902280959,833.3960871415151,0
34.04872542805123,0.38584314897609195,477.8278146820845,839.066418655741,0
34.075355403496445,0.3918422333743024,478.0550704542048,836.5719993629651,0
34.075355403496445,0.38366302636914984,478.0550704542048,839.9729136357075,0
34.101739357332,0.3803851950523702,478.28022671891176,841.3358358972246,0
34.12811958356741,0.3874819881604181,478.5053511729004,838.3849893228982,0
34.15474955901263,0.3694744874412557,478.7326069450206,845.8725081219259,0
34.15474955901263,0.36838197896774744,478.7326069450206,846.3267731452106,0
34.181133512848184,0.37602005549841133,478.9577632097276,843.1508609237605,0
34.20751746668374,0.37875140315624584,479.18291947443464,842.0151665676331,0
34.23414371452881,0.37711256397191967,479.41014343583646,842.6965959004758,0
34.23414371452881,0.36784069554513144,479.41014343583646,846.5518387923344,0
34.26076996237388,0.3743861106541597,479.6373673972383,843.8302551900005,0
34.287153916209434,0.38366302636914984,479.8625236619453,839.9729136357075,0
34.313537870044996,0.3852968182652741,480.0876799266523,839.293582965299,0
34.33992182388055,0.3738397799433419,480.31283619135934,844.0574194995585,0
34.33992182388055,0.35038457282498875,480.31283619135934,853.8100946193697,0
34.36655179932576,0.38366302636914984,480.54009196347954,839.9729136357075,0
34.392935753161325,0.3689333569667671,480.7652482281866,846.0975101732183,0
34.41931970699688,0.36838197896774744,480.99040449289356,846.3267731452106,0
34.41931970699688,0.3629290723322275,480.99040449289356,848.5940917242599,0
34.445945954841946,0.378205072445428,481.2176284542954,842.2423308771911,0
34.47232990867751,0.36620185636080527,481.4427847190024,847.2332681251772,0
34.498713862513064,0.37220598804721755,481.6679409837094,844.736750169967,0
34.498713862513064,0.36620185636080527,481.6679409837094,847.2332681251772,0
34.52534011035813,0.36129528043610315,481.8951649451112,849.2734223946684,0
34.55172406419369,0.3765712805493037,482.12032120981826,842.9216615475996,0
34.57810801802924,0.35856393277826865,482.34547747452524,850.4091167507959,0
34.57810801802924,0.35365735685356653,482.34547747452524,852.449271020287,0
34.60473426587431,0.362382894569537,482.5727014359271,848.8211924379866,0
34.631118219709876,0.3558374794605087,482.7978577006341,851.5427760403205,0
34.657744467554934,0.3765712805493037,483.0250816620359,842.9216615475996,0
34.657744467554934,0.3667481870716231,483.0250816620359,847.0061038156191,0
34.6841284213905,0.37984391162975417,483.25023792674295,841.5609015443482,0
34.71051237522605,0.37602005549841133,483.47539419144994,843.1508609237605,0
34.73714235067127,0.3803851950523702,483.7026499635702,841.3358358972246,0
34.73714235067127,0.37002081815207355,483.7026499635702,845.6453438123679,0
34.763526304506826,0.36456806446468093,483.9278062282772,847.9125987955857,0
34.78991025834239,0.362382894569537,484.1529624929842,848.8211924379866,0
34.81653650618745,0.36565552564998743,484.38018645438603,847.4604324347353,0
34.81653650618745,0.35911011054095915,484.38018645438603,850.1820160370692,0
34.842674438413354,0.3640217337538631,484.60324321167985,848.1397631051437,0
34.869304413858565,0.35802264935565264,484.83049898380006,850.6341823979196,0
34.89593066170363,0.36129528043610315,485.0577229452019,849.2734223946684,0
34.89593066170363,0.35038457282498875,485.0577229452019,853.8100946193697,0
34.92231461553919,0.37711256397191967,485.2828792099089,842.6965959004758,0
34.94894459098441,0.36456806446468093,485.5101349820291,847.9125987955857,0
34.975082523210304,0.36620185636080527,485.73319173932293,847.2332681251772,0
34.975082523210304,0.35419864027618253,485.73319173932293,852.2242053731634,0
35.00170877105538,0.36511424222737143,485.96041570072475,847.685498081859,0
35.02809272489093,0.3558374794605087,486.18557196543173,851.5427760403205,0
35.054718972736,0.3672943648343136,486.4127959268336,846.7790031018924,0
35.054718972736,0.35529114874969087,486.4127959268336,851.7699403498785,0
35.08110292657156,0.35474986532707486,486.6379521915406,851.9950059970023,0
35.107486880407116,0.36183656385871915,486.86310845624763,849.0483567475446,0
35.13387083424267,0.3743861106541597,487.0882647209546,843.8302551900005,0
35.13387083424267,0.36838197896774744,487.0882647209546,846.3267731452106,0
35.16050080968789,0.37929773386706367,487.3155204930748,841.7880022580749,0
35.186884763523445,0.362382894569537,487.54067675778185,848.8211924379866,0
35.21351101136851,0.3803851950523702,487.7679007191837,841.3358358972246,0
35.21351101136851,0.378205072445428,487.7679007191837,842.2423308771911,0
35.23989496520407,0.3880232715830341,487.9930569838907,838.1599236757745,0
35.26627891903963,0.38638932673878246,488.2182132485977,838.8393179420143,0
35.292905166884694,0.3776588946827375,488.4454372099995,842.4694315909178,0
35.292905166884694,0.3672943648343136,488.4454372099995,846.7790031018924,0
35.319289120720256,0.37274727146983355,488.67059347470655,844.5116845228432,0
35.34591909616547,0.37875140315624584,488.89784924682675,842.0151665676331,0
35.37230305000102,0.39020339418997624,489.1230055115338,837.2534286958079,0
35.37230305000102,0.37602005549841133,489.1230055115338,843.1508609237605,0
35.39868327623644,0.3874819881604181,489.3481299655224,838.3849893228982,0
35.425067230071996,0.37929773386706367,489.5732862302294,841.7880022580749,0
35.45169347791706,0.38147785647400584,489.80051019163125,840.8815072781084,0
35.478077431752624,0.3907546192408686,490.02566645633823,837.0242293196469,0
35.478077431752624,0.3803851950523702,490.02566645633823,841.3358358972246,0
35.50446138558818,0.3847555348426581,490.25082272104527,839.5186486124228,0
35.53109136103339,0.3852968182652741,490.47807849316547,839.293582965299,0
35.55747531486895,0.40548444159137864,490.7032347578725,830.8995691863048,0
35.55747531486895,0.40220661027459903,490.7032347578725,832.2624914478217,0
35.58410156271402,0.407118233487503,490.9304587192743,830.2202385158963,0
35.61048551654957,0.39675385658720635,491.1556149839813,834.5297464310396,0
35.636869470385136,0.41039086456795343,491.38077124868835,828.859478512645,0
35.636869470385136,0.3978463650607147,491.38077124868835,834.0754814077549,0
35.663495718230195,0.3983926957715325,491.60799521009017,833.8483170981968,0
35.68987967206576,0.4027529409854168,491.8331514747972,832.0353271382637,0
35.71626362590131,0.4005728183784747,492.0583077395042,832.9418221182302,0
35.71626362590131,0.3940274032694464,492.0583077395042,835.6634057205642,0
35.74289360134653,0.40875707267182915,492.2855635116244,829.5388091830534,0
35.769277555182086,0.40220661027459903,492.5107197763314,832.2624914478217,0
35.795657781417496,0.39293489479593807,492.73584423032,836.117670743849,0
35.795657781417496,0.3874819881604181,492.73584423032,838.3849893228982,0
35.82228775686271,0.38638932673878246,492.9631000024403,838.8393179420143,0
35.848667983098125,0.383116695658332,493.1882244564289,840.2000779452655,0
35.87505193693368,0.38856960229385196,493.4133807211359,837.9327593662164,0
35.87505193693368,0.3743861106541597,493.4133807211359,843.8302551900005,0
35.90143589076924,0.37929773386706367,493.6385369858429,841.7880022580749,0
35.92806586621445,0.378205072445428,493.8657927579631,842.2423308771911,0
35.95469211405952,0.3694744874412557,494.093016719365,845.8725081219259,0
35.95469211405952,0.3672943648343136,494.093016719365,846.7790031018924,0
35.981076067895074,0.3776588946827375,494.31817298407196,842.4694315909178,0
36.00746002173064,0.37493244136497755,494.543329248779,843.6030908804423,0
36.0340862695757,0.3842043097917658,494.7705532101808,839.7478479885838,0
36.0340862695757,0.3738397799433419,494.7705532101808,844.0574194995585,0
36.06047022341126,0.3852968182652741,494.9957094748878,839.293582965299,0
36.08685417724682,0.3825654706074396,495.22086573959484,840.4292773214266,0
36.11348415269203,0.3945686866920624,495.44812151171504,835.4383400734405,0
36.11348415269203,0.37875140315624584,495.44812151171504,842.0151665676331,0
36.13986810652759,0.35419864027618253,495.6732777764221,852.2242053731634,0
36.16625206036315,0.3743861106541597,495.89843404112906,843.8302551900005,0
36.19263228659857,0.38366302636914984,496.1235584951177,839.9729136357075,0
36.19263228659857,0.38147785647400584,496.1235584951177,840.8815072781084,0
36.21926226204377,0.3716596573363997,496.3508142672379,844.963914479525,0
36.24588850988884,0.3743861106541597,496.57803822863974,843.8302551900005,0
36.27202644211475,0.362382894569537,496.80109498593356,848.8211924379866,0
36.27202644211475,0.3602027719625948,496.80109498593356,849.7276874179531,0
36.298656417559954,0.3705671488628914,497.02835075805376,845.4181795028098,0
36.32504037139552,0.36129528043610315,497.2535070227608,849.2734223946684,0
36.35166661924058,0.37002081815207355,497.4807309841626,845.6453438123679,0
36.35166661924058,0.35802264935565264,497.4807309841626,850.6341823979196,0
36.37805057307614,0.3738397799433419,497.7058872488696,844.0574194995585,0
36.4044345269117,0.3842043097917658,497.93104351357664,839.7478479885838,0
36.431060774756766,0.3743861106541597,498.15826747497846,843.8302551900005,0
36.431060774756766,0.3574763186448348,498.15826747497846,850.8613467074777,0
36.45744472859232,0.383116695658332,498.3834237396855,840.2000779452655,0
36.483828682427884,0.38147785647400584,498.6085800043925,840.8815072781084,0
36.510458657873095,0.3694744874412557,498.8358357765127,845.8725081219259,0
36.510458657873095,0.36511424222737143,498.8358357765127,847.685498081859,0
36.53684261170865,0.3640217337538631,499.0609920412197,848.1397631051437,0
36.56322656554421,0.36511424222737143,499.2861483059267,847.685498081859,0
36.58985281338928,0.3711134795737092,499.5133722673286,845.1910151932517,0
36.616236767224834,0.3667481870716231,499.73852853203556,847.0061038156191,0
36.616236767224834,0.3640217337538631,499.73852853203556,848.1397631051437,0
36.642863015069906,0.3640217337538631,499.9657524934374,848.1397631051437,0
36.66924696890546,0.35911011054095915,500.1909087581444,850.1820160370692,0
36.69563092274102,0.37984391162975417,500.4160650228514,841.5609015443482,0
36.69563092274102,0.3738397799433419,500.4160650228514,844.0574194995585,0
36.72225717058609,0.37493244136497755,500.6432889842532,843.6030908804423,0
36.748641124421646,0.3743861106541597,500.86844524896026,843.8302551900005,0
36.7750250782572,0.3667481870716231,501.09360151366724,847.0061038156191,0
36.7750250782572,0.3607489497252853,501.09360151366724,849.5005867042264,0
36.801651326102274,0.36347540304304526,501.3208254750691,848.3669274147018,0
36.82803527993783,0.3694744874412557,501.5459817397761,845.8725081219259,0
36.854419233773385,0.3738397799433419,501.77113800448313,844.0574194995585,0
36.854419233773385,0.36838197896774744,501.77113800448313,846.3267731452106,0
36.8810492092186,0.34873074472418436,501.99839377660334,854.4977563436842,0
36.90743316305416,0.36838197896774744,502.2235500413103,846.3267731452106,0
36.93381711688971,0.359656441251777,502.44870630601736,849.9548517275111,0
36.93381711688971,0.35911011054095915,502.44870630601736,850.1820160370692,0
36.96044336473478,0.3602027719625948,502.6759302674192,849.7276874179531,0
36.98682731857034,0.37002081815207355,502.9010865321262,845.6453438123679,0
37.01345356641541,0.3667481870716231,503.12831049352803,847.0061038156191,0
37.01345356641541,0.36565552564998743,503.12831049352803,847.4604324347353,0
37.03983752025096,0.36511424222737143,503.353466758235,847.685498081859,0
37.066221474086525,0.35201851766924036,503.57862302294205,853.1307003531299,0
37.092851449531736,0.3711134795737092,503.80587879506226,845.1910151932517,0
37.092851449531736,0.35365735685356653,503.80587879506226,852.449271020287,0
37.119231675767146,0.3602027719625948,504.0310032490509,849.7276874179531,0
37.14561562960271,0.37602005549841133,504.2561595137579,843.1508609237605,0
37.171999583438264,0.35256469543193086,504.48131577846493,852.9035996394032,0
37.171999583438264,0.3470919055398582,504.48131577846493,855.179185676527,0
37.19862583128333,0.3689333569667671,504.70853973986675,846.0975101732183,0
37.225009785118885,0.36347540304304526,504.93369600457373,848.3669274147018,0
37.25139373895445,0.362382894569537,505.15885226928077,848.8211924379866,0
37.25139373895445,0.3449117829329161,505.15885226928077,856.0856806564935,0
37.278023714399666,0.3711134795737092,505.386108041401,845.1910151932517,0
37.304649962244724,0.35911011054095915,505.6133320028028,850.1820160370692,0
37.33079162207078,0.362382894569537,505.836420570815,848.8211924379866,0
37.33079162207078,0.35856393277826865,505.836420570815,850.4091167507959,0
37.35741786991585,0.3640217337538631,506.0636445322168,848.1397631051437,0
37.38404411776091,0.36129528043610315,506.2908684936187,849.2734223946684,0
37.41042807159647,0.36511424222737143,506.51602475832567,847.685498081859,0
37.41042807159647,0.36347540304304526,506.51602475832567,848.3669274147018,0
37.43681202543203,0.359656441251777,506.7411810230327,849.9548517275111,0
37.46319597926758,0.35256469543193086,506.9663372877397,852.9035996394032,0
37.4898259547128,0.36565552564998743,507.1935930598599,847.4604324347353,0
37.4898259547128,0.34654557482904036,507.1935930598599,855.406349986085,0
37.51620618094822,0.35038457282498875,507.41871751384855,853.8100946193697,0
37.542590134783765,0.3509258562476047,507.64387377855553,853.5850289722459,0
37.56922011022898,0.36511424222737143,507.8711295506758,847.685498081859,0
37.56922011022898,0.35692998793401703,507.8711295506758,851.0885110170358,0
37.59560033646439,0.37711256397191967,508.0962540046644,842.6965959004758,0
37.62198429029995,0.3602027719625948,508.3214102693714,849.7276874179531,0
37.64861426574517,0.3667481870716231,508.54866604149163,847.0061038156191,0
37.64861426574517,0.35802264935565264,508.54866604149163,850.6341823979196,0
37.67499821958072,0.3558374794605087,508.7738223061986,851.5427760403205,0
37.70162446742579,0.35474986532707486,509.0010462676005,851.9950059970023,0
37.72800842126135,0.36620185636080527,509.22620253230747,847.2332681251772,0
37.755611300344746,0.35911011054095915,509.46176090192535,850.1820160370692,0
37.755611300344746,0.35802264935565264,509.46176090192535,850.6341823979196,0
37.7819952541803,0.34600429140642436,509.6869171666324,855.6314156332088,0
37.808379208015864,0.3558374794605087,509.91207343133937,851.5427760403205,0
37.83476316185143,0.3574763186448348,510.1372296960464,850.8613467074777,0
37.83476316185143,0.35474986532707486,510.1372296960464,851.9950059970023,0
37.86139313729664,0.3667481870716231,510.3644854681666,847.0061038156191,0
37.88777709113219,0.35201851766924036,510.58964173287364,853.1307003531299,0
37.91440333897726,0.3602027719625948,510.81686569427546,849.7276874179531,0
37.91440333897726,0.3574763186448348,510.81686569427546,850.8613467074777,0
37.940787292812814,0.3427315073778466,511.04202195898245,856.9922392322915,0
37.96717124664838,0.3558374794605087,511.2671782236895,851.5427760403205,0
37.99379749449344,0.35692998793401703,511.4944021850913,851.0885110170358,0
37.99379749449344,0.35529114874969087,511.4944021850913,851.7699403498785,0
38.020181448329,0.34600429140642436,511.71955844979834,855.6314156332088,0
38.04656540216456,0.36620185636080527,511.9447147145053,847.2332681251772,0
38.04658776776544,0.36620384468646056,511.9449055788156,847.2324413793698,0
38.07297172160099,0.35692692897147044,512.1700618435226,851.0897829336626,0
38.07297172160099,0.35256178941751165,512.1700618435226,852.9048079601987,0
38.099597969446066,0.34654756315469565,512.3972858049244,855.4055232402776,0
38.12598192328162,0.36620384468646056,512.6224420696315,847.2324413793698,0
38.15261189872683,0.3623848828951922,512.8496978417517,848.820365692179,0
38.15261189872683,0.35474680636452827,512.8496978417517,851.9962779136291,0
38.178995852562394,0.3514741752840778,513.0748541064587,853.3570379168805,0
38.2053760787978,0.35856592110392393,513.2999785604474,850.4082900049884,0
38.232006054243016,0.35474680636452827,513.5272343325676,851.9962779136291,0
38.232006054243016,0.35420062860183776,513.5272343325676,852.2233786273558,0
38.25839000807858,0.3858400900135454,513.7523905972746,839.0676905723678,0
38.284773961914134,0.3607509380509406,513.9775468619815,849.499759958419,0
38.3114002097592,0.3629310606578827,514.2047708233833,848.5932649784523,0
38.3114002097592,0.35965842957743227,514.2047708233833,849.9540249817037,0
38.33778416359476,0.35692692897147044,514.4299270880904,851.0897829336626,0
38.36416811743031,0.35856592110392393,514.6550833527974,850.4082900049884,0
38.39079436527538,0.35856592110392393,514.8823073141992,850.4082900049884,0
38.39079436527538,0.35474680636452827,514.8823073141992,851.9962779136291,0
38.417178319110945,0.3536593451792218,515.1074635789063,852.4484442744796,0
38.443562272946494,0.35911209886661444,515.3326198436133,850.1811892912617,0
38.469946226782056,0.3470938938655135,515.5577761083202,855.1783589307196,0
38.469946226782056,0.34654756315469565,515.5577761083202,855.4055232402776,0
38.49657247462712,0.3552931370753461,515.7850000697221,851.7691136040711,0
38.52320245007233,0.34983533609975165,516.0122558418424,854.0384672497233,0
38.549586403907895,0.3618385521843744,516.2374121065493,849.0475300017372,0
38.549586403907895,0.35856592110392393,516.2374121065493,850.4082900049884,0
38.57597035774346,0.35638564554885444,516.4625683712563,851.3148485807864,0
38.602596605588516,0.3481864023390218,516.6897923326582,854.7240939074347,0
38.62898055942408,0.35256178941751165,516.9149485973652,852.9048079601987,0
38.62898055942408,0.34983533609975165,516.9149485973652,854.0384672497233,0
38.655364513259634,0.34983533609975165,517.1401048620722,854.0384672497233,0
38.6819907611047,0.35911209886661444,517.367328823474,850.1811892912617,0
38.70837471494026,0.35856592110392393,517.5924850881811,850.4082900049884,0
38.70837471494026,0.35747325968228827,517.5924850881811,850.8626186241046,0
38.73475866877582,0.35583946778616393,517.817641352888,851.5419492945131,0
38.761142622611374,0.35638564554885444,518.042797617595,851.3148485807864,0
38.787768870456446,0.3552931370753461,518.2700215789969,851.7691136040711,0
38.787768870456446,0.35092784457326,518.2700215789969,853.5842022264385,0
38.814398845901664,0.35256178941751165,518.4972773511171,852.9048079601987,0
38.84053677812756,0.35965842957743227,518.720334108411,849.9540249817037,0
38.86716302597263,0.3760220438240666,518.9475580698128,843.1500341779531,0
38.893546979808185,0.35965842957743227,519.1727143345198,849.9540249817037,0
38.893546979808185,0.35911209886661444,519.1727143345198,850.1811892912617,0
38.920176955253396,0.35202050599489565,519.39997010664,853.1298736073225,0
38.94656090908896,0.353113014468404,519.6251263713469,852.6756085840376,0
38.972944862924514,0.3656575139756427,519.850282636054,847.4596056889278,0
38.972944862924514,0.35038151386244215,519.850282636054,853.8113665359966,0
38.99957111076958,0.3580195903931061,520.0775065974558,850.6354543145466,0
39.02595506460514,0.3536593451792218,520.3026628621628,852.4484442744796,0
39.0523390184407,0.36347739136870055,520.5278191268699,848.3661006688943,0
39.0523390184407,0.34983533609975165,520.5278191268699,854.0384672497233,0
39.07896526628576,0.3629310606578827,520.7550430882717,848.5932649784523,0
39.105349220121326,0.3689302980042205,520.9801993529787,846.0987820898451,0
39.13173317395688,0.36347739136870055,521.2053556176857,848.3661006688943,0
39.13173317395688,0.35583946778616393,521.2053556176857,851.5419492945131,0
39.15835942180195,0.37002280647772884,521.4325795790876,845.6445170665604,0
39.18474337563751,0.35202050599489565,521.6577358437945,853.1298736073225,0
39.21137335108272,0.3651113362129522,521.8849916159147,847.6867064026545,0
39.21137335108272,0.35420062860183776,521.8849916159147,852.2233786273558,0
39.237757304918276,0.3629310606578827,522.1101478806218,848.5932649784523,0
39.26413753115369,0.35911209886661444,522.3352723346104,850.1811892912617,0
39.290767506598904,0.3607509380509406,522.5625281067306,849.499759958419,0
39.290767506598904,0.3427286013634273,522.5625281067306,856.993447553087,0
39.31715146043446,0.37711455229757496,522.7876843714376,842.6957691546684,0
39.34353541427002,0.371661645662055,523.0128406361447,844.9630877337175,0
39.37016166211509,0.36947662871503834,523.2400645975465,845.8716177802871,0
39.37016166211509,0.3689302980042205,523.2400645975465,846.0987820898451,0
39.39654561595064,0.36401867479131655,523.4652208622534,848.1410350217706,0
39.422929569786206,0.3792946749045171,523.6903771269605,841.7892741747019,0
39.449555817631264,0.3738417682689972,523.9176010883623,844.056592753751,0
39.449555817631264,0.35965842957743227,523.9176010883623,849.9540249817037,0
39.47593977146683,0.36947662871503834,524.1427573530693,845.8716177802871,0
39.50232372530238,0.3678426838707867,524.3679136177764,846.5510120465269,0
39.52894997314745,0.3869325984870537,524.5951375791782,838.6134255490831,0
39.52894997314745,0.3782070607710833,524.5951375791782,842.2415041313836,0
39.55533392698301,0.39784330609816815,524.8202938438852,834.0767533243817,0
39.58196390242823,0.39129789098913986,525.0475496160054,836.7983369267157,0
39.60834785626378,0.38038718337802546,525.2727058807124,841.335009151417,0
39.60834785626378,0.3760220438240666,525.2727058807124,843.1500341779531,0
39.63473181009934,0.38038718337802546,525.4978621454194,841.335009151417,0
39.66135805794441,0.3940243443068998,525.7250861068212,835.6646776371911,0
39.68774201177996,0.3776608830083928,525.9502423715282,842.4686048451103,0
39.68774201177996,0.35911209886661444,525.9502423715282,850.1811892912617,0
39.71412596561552,0.3623848828951922,526.1753986362353,848.820365692179,0
39.74075221346059,0.3672963531599689,526.4026225976371,846.7781763560849,0
39.76689014568649,0.37056913718854667,526.6256793549309,845.4173527570023,0
39.76689014568649,0.35747325968228827,526.6256793549309,850.8626186241046,0
39.793520121131706,0.35420062860183776,526.8529351270511,852.2233786273558,0
39.81990407496726,0.3601997130000482,527.0780913917581,849.7289593345799,0
39.84653032281233,0.35911209886661444,527.3053153531599,850.1811892912617,0
39.84653032281233,0.35583946778616393,527.3053153531599,851.5419492945131,0
39.873160298257545,0.36401867479131655,527.5325711252801,848.1410350217706,0
39.899298230483446,0.35638564554885444,527.755627882574,851.3148485807864,0
39.92592447832851,0.3651113362129522,527.9828518439758,847.6867064026545,0
39.92592447832851,0.3492890053889338,527.9828518439758,854.2656315592814,0
39.952308432164074,0.35911209886661444,528.2080081086829,850.1811892912617,0
39.978938407609284,0.35420062860183776,528.4352638808031,852.2233786273558,0
40.00532236144484,0.36347739136870055,528.6604201455101,848.3661006688943,0
40.0317063152804,0.3514741752840778,528.885576410217,853.3570379168805,0
40.0317063152804,0.3470938938655135,528.885576410217,855.1783589307196,0
40.05808654151581,0.35583946778616393,529.1107008642057,851.5419492945131,0
40.084716516961024,0.35965842957743227,529.3379566363259,849.9540249817037,0
40.111100470796586,0.3580195903931061,529.5631129010329,850.6354543145466,0
40.111100470796586,0.35420062860183776,529.5631129010329,852.2233786273558,0
40.137726718641645,0.35965842957743227,529.7903368624347,849.9540249817037,0
40.16411067247721,0.3432747791261178,530.0154931271418,856.7663468393603,0
40.19049462631277,0.3678426838707867,530.2406493918488,846.5510120465269,0
40.19049462631277,0.35638564554885444,530.2406493918488,851.3148485807864,0
40.21712087415783,0.36129726876175844,530.4678733532506,849.2725956488608,0
40.24350482799339,0.35856592110392393,530.6930296179576,850.4082900049884,0
40.27013480343861,0.3536593451792218,530.9202853900779,852.4484442744796,0
40.27013480343861,0.35256178941751165,530.9202853900779,852.9048079601987,0
40.296518757274164,0.371661645662055,531.1454416547848,844.9630877337175,0
40.322898983509575,0.37002280647772884,531.3705661087735,845.6445170665604,0
40.34928293734514,0.35911209886661444,531.5957223734805,850.1811892912617,0
40.34928293734514,0.35747325968228827,531.5957223734805,850.8626186241046,0
40.37591291279035,0.34983533609975165,531.8229781456007,854.0384672497233,0
40.4022968666259,0.35420062860183776,532.0481344103077,852.2233786273558,0
40.42868082046146,0.353113014468404,532.2732906750147,852.6756085840376,0
40.45530706830653,0.35965842957743227,532.5005146364166,849.9540249817037,0
40.48169102214209,0.3552931370753461,532.7256709011235,851.7691136040711,0
40.50831726998715,0.35256178941751165,532.9528948625253,852.9048079601987,0
40.50831726998715,0.3481864023390218,532.9528948625253,854.7240939074347,0
40.534701223822715,0.35256178941751165,533.1780511272324,852.9048079601987,0
40.56108517765827,0.35747325968228827,533.4032073919394,850.8626186241046,0
40.58771515310349,0.35965842957743227,533.6304631640596,849.9540249817037,0
40.58771515310349,0.353113014468404,533.6304631640596,852.6756085840376,0
40.61409910693904,0.35692692897147044,533.8556194287667,851.0897829336626,0
40.6404830607746,0.347640071628204,534.0807756934737,854.9512582169929,0
40.66710558101952,0.35638564554885444,534.3079678441571,851.3148485807864,0
40.66710558101952,0.3552931370753461,534.3079678441571,851.7691136040711,0
40.693489534855075,0.36129726876175844,534.5331241088641,849.2725956488608,0
40.71987348869064,0.35420062860183776,534.7582803735711,852.2233786273558,0
40.746503464135856,0.35856592110392393,534.9855361456913,850.4082900049884,0
40.746503464135856,0.3580195903931061,534.9855361456913,850.6354543145466,0
40.772887417971404,0.35965842957743227,535.2106924103983,849.9540249817037,0
40.79951739341662,0.36401867479131655,535.4379481825185,848.1410350217706,0
40.82565532564253,0.3711104206111627,535.6610049398124,845.1922871098786,0
40.82565532564253,0.35856592110392393,535.6610049398124,850.4082900049884,0
40.85227784588744,0.3858400900135454,535.8881970904959,839.0676905723678,0
40.87890782133266,0.35474680636452827,536.115452862616,851.9962779136291,0
40.90529177516822,0.3765682215867571,536.3406091273231,842.9229334642264,0
40.90529177516822,0.372202929084671,536.3406091273231,844.7380220865938,0
40.93167572900377,0.3656575139756427,536.56576539203,847.4596056889278,0
40.958059682839334,0.371661645662055,536.790921656737,844.9630877337175,0
40.984689658284545,0.3678426838707867,537.0181774288573,846.5510120465269,0
40.984689658284545,0.3536593451792218,537.0181774288573,852.4484442744796,0
41.0110736121201,0.36347739136870055,537.2433336935643,848.3661006688943,0
41.03769613236503,0.36620384468646056,537.4705258442477,847.2324413793698,0
41.064080086200576,0.3552931370753461,537.6956821089548,851.7691136040711,0
41.064080086200576,0.35420062860183776,537.6956821089548,852.2233786273558,0
41.09046404003614,0.3443674405477535,537.9208383736618,856.3120182202441,0
41.1168479938717,0.353113014468404,538.1459946383687,852.6756085840376,0
41.14347796931691,0.3651113362129522,538.3732504104889,847.6867064026545,0
41.14347796931691,0.35038151386244215,538.3732504104889,853.8113665359966,0
41.16986192315247,0.35092784457326,538.598406675196,853.5842022264385,0
41.196491898597685,0.35692692897147044,538.8256624473162,851.0897829336626,0
41.22287585243325,0.353113014468404,539.0508187120232,852.6756085840376,0
41.249252351068506,0.35583946778616393,539.2759113552935,851.5419492945131,0
41.27588232651372,0.35420062860183776,539.5031671274137,852.2233786273558,0
41.30226628034928,0.347640071628204,539.7283233921207,854.9512582169929,0
41.32889625579449,0.35911209886661444,539.9555791642409,850.1811892912617,0
41.32889625579449,0.353113014468404,539.9555791642409,852.6756085840376,0
41.35528020963005,0.3580195903931061,540.180735428948,850.6354543145466,0
41.3816641634656,0.36129726876175844,540.4058916936549,849.2725956488608,0
41.40804811730116,0.3667501753972784,540.6310479583619,847.0052770698117,0
41.40804811730116,0.3580195903931061,540.6310479583619,850.6354543145466,0
41.434670637546084,0.3552931370753461,540.8582401090454,851.7691136040711,0
41.46105459138165,0.3427286013634273,541.0833963737524,856.993447553087,0
41.4874385452172,0.35038151386244215,541.3085526384594,853.8113665359966,0
41.4874385452172,0.34873273304983965,541.3085526384594,854.4969295978767,0
41.51406852066242,0.34382615712513753,541.5358084105796,856.5370838673679,0
41.54045247449797,0.34000214804566736,541.7609646752867,858.1271068426115,0
41.567082449943186,0.3607509380509406,541.9882204474069,849.499759958419,0
41.567082449943186,0.35474680636452827,541.9882204474069,851.9962779136291,0
41.59346640377874,0.35256178941751165,542.2133767121138,852.9048079601987,0
41.619850357614304,0.3667501753972784,542.4385329768209,847.0052770698117,0
41.646472877859225,0.35856592110392393,542.6657251275043,850.4082900049884,0
41.646472877859225,0.3580195903931061,542.6657251275043,850.6354543145466,0
41.67285683169479,0.3536593451792218,542.8908813922113,852.4484442744796,0
41.699240785530336,0.36620384468646056,543.1160376569184,847.2324413793698,0
41.72587076097555,0.3672963531599689,543.3432934290386,846.7781763560849,0
41.72587076097555,0.35583946778616393,543.3432934290386,851.5419492945131,0
41.75225471481111,0.35092784457326,543.5684496937456,853.5842022264385,0
41.77863866864667,0.36401867479131655,543.7936059584525,848.1410350217706,0
41.80526118889159,0.3672963531599689,544.0207981091361,846.7781763560849,0
41.80526118889159,0.3601997130000482,544.0207981091361,849.7289593345799,0
41.83164514272714,0.3678426838707867,544.245954373843,846.5510120465269,0
41.858275118172365,0.35474680636452827,544.4732101459632,851.9962779136291,0
41.884413050398265,0.3629310606578827,544.6962669032571,848.5932649784523,0
41.884413050398265,0.35038151386244215,544.6962669032571,853.8113665359966,0
41.91177363547216,0.353113014468404,544.9297575761801,852.6756085840376,0
41.93815758930771,0.3536593451792218,545.1549138408872,852.4484442744796,0
41.964787564752925,0.3667501753972784,545.3821696130074,847.0052770698117,0
41.964787564752925,0.3618385521843744,545.3821696130074,849.0475300017372,0
41.99117151858849,0.35747325968228827,545.6073258777144,850.8626186241046,0
42.01755547242404,0.3623848828951922,545.8324821424213,848.820365692179,0
42.04418544786925,0.35965842957743227,546.0597379145415,849.9540249817037,0
42.04418544786925,0.35856592110392393,546.0597379145415,850.4082900049884,0
42.07056194650452,0.35911209886661444,546.2848305578118,850.1811892912617,0
42.09719192194974,0.35474680636452827,546.512086329932,851.9962779136291,0
42.12332985417563,0.3765682215867571,546.7351430872259,842.9229334642264,0
42.12332985417563,0.3552931370753461,546.7351430872259,851.7691136040711,0
42.14995982962085,0.3618385521843744,546.9623988593461,849.0475300017372,0
42.17658980506606,0.36129726876175844,547.1896546314663,849.2725956488608,0
42.20297375890162,0.3580195903931061,547.4148108961733,850.6354543145466,0
42.20297375890162,0.35256178941751165,547.4148108961733,852.9048079601987,0
42.229357712737176,0.35420062860183776,547.6399671608802,852.2233786273558,0
42.25574166657273,0.3552931370753461,547.8651234255873,851.7691136040711,0
42.28236418681766,0.3656575139756427,548.0923155762707,847.4596056889278,0
42.28236418681766,0.3623848828951922,548.0923155762707,848.820365692179,0
42.308748140653215,0.35911209886661444,548.3174718409778,850.1811892912617,0
42.335378116098425,0.36129726876175844,548.544727613098,849.2725956488608,0
42.36176206993399,0.37002280647772884,548.769883877805,845.6445170665604,0
42.38814602376954,0.36347739136870055,548.995040142512,848.3661006688943,0
42.38814602376954,0.35965842957743227,548.995040142512,849.9540249817037,0
42.4145299776051,0.35965842957743227,549.220196407219,849.9540249817037,0
42.44115995305032,0.35583946778616393,549.4474521793393,851.5419492945131,0
42.46778247329524,0.3656575139756427,549.6746443300227,847.4596056889278,0
42.46778247329524,0.3629310606578827,549.6746443300227,848.5932649784523,0
42.49416642713079,0.3711104206111627,549.8998005947296,845.1922871098786,0
42.52055038096635,0.372202929084671,550.1249568594367,844.7380220865938,0
42.54693433480191,0.3792946749045171,550.3501131241437,841.7892741747019,0
42.54693433480191,0.3601997130000482,550.3501131241437,849.7289593345799,0
42.57356431024713,0.36401867479131655,550.5773688962639,848.1410350217706,0
42.599948264082684,0.36838396729340267,550.802525160971,846.3259463994032,0
42.62633221791824,0.37274925979548884,551.027681425678,844.5108577770358,0
42.62633221791824,0.3651113362129522,551.027681425678,847.6867064026545,0
42.652716171753795,0.3629310606578827,551.2528376903849,848.5932649784523,0
42.679338691998716,0.3601997130000482,551.4800298410684,849.7289593345799,0
42.70572264583427,0.371661645662055,551.7051861057754,844.9630877337175,0
42.70572264583427,0.3492890053889338,551.7051861057754,854.2656315592814,0
42.73235262127949,0.35965842957743227,551.9324418778956,849.9540249817037,0
42.7589825967247,0.3667501753972784,552.1596976500158,847.0052770698117,0
42.78512052895061,0.3738417682689972,552.3827544073097,844.056592753751,0
42.78512052895061,0.36838396729340267,552.3827544073097,846.3259463994032,0
42.81175050439582,0.353113014468404,552.6100101794299,852.6756085840376,0
42.83813445823137,0.37002280647772884,552.8351664441369,845.6445170665604,0
42.8647569784763,0.37711455229757496,553.0623585948204,842.6957691546684,0
42.8647569784763,0.35911209886661444,553.0623585948204,850.1811892912617,0
42.891140932311856,0.3623848828951922,553.2875148595274,848.820365692179,0
42.91752488614742,0.37274925979548884,553.5126711242343,844.5108577770358,0
42.943908839982974,0.3711104206111627,553.7378273889414,845.1922871098786,0
42.943908839982974,0.36401867479131655,553.7378273889414,848.1410350217706,0
42.970538815428185,0.35856592110392393,553.9650831610616,850.4082900049884,0
42.99692276926374,0.374388098979815,554.1902394257686,843.829428444193,0
43.02354528950867,0.36838396729340267,554.417431576452,846.3259463994032,0
43.02354528950867,0.3623848828951922,554.417431576452,848.820365692179,0
43.04992924334422,0.3552931370753461,554.6425878411591,851.7691136040711,0
43.07631319717978,0.36620384468646056,554.8677441058661,847.2324413793698,0
43.10294317262499,0.36347739136870055,555.0949998779863,848.3661006688943,0
43.10294317262499,0.3618385521843744,555.0949998779863,849.0475300017372,0
43.12932712646055,0.37056913718854667,555.3201561426932,845.4173527570023,0
43.15571108029611,0.3656575139756427,555.5453124074003,847.4596056889278,0
43.182341055741325,0.3651113362129522,555.7725681795205,847.6867064026545,0
43.182341055741325,0.3552931370753461,555.7725681795205,851.7691136040711,0
43.20872500957688,0.371661645662055,555.9977244442275,844.9630877337175,0
43.23510896341244,0.3754807604014506,556.2228807089346,843.3750998250769,0
43.26173148365736,0.35856592110392393,556.450072859618,850.4082900049884,0
43.26173148365736,0.3552931370753461,556.450072859618,851.7691136040711,0
43.28811543749291,0.36401867479131655,556.675229124325,848.1410350217706,0
43.314499391328475,0.37056913718854667,556.900385389032,845.4173527570023,0
43.34088334516403,0.3656575139756427,557.125541653739,847.4596056889278,0
43.34088334516403,0.36129726876175844,557.125541653739,849.2725956488608,0
43.36751332060925,0.3711104206111627,557.3527974258592,845.1922871098786,0
43.39414329605446,0.3601997130000482,557.5800531979794,849.7289593345799,0
43.420519794689724,0.3645650055021344,557.8051458412497,847.9138707122125,0
43.420519794689724,0.36347739136870055,557.8051458412497,848.3661006688943,0
43.44690374852528,0.3618385521843744,558.0303021059567,849.0475300017372,0
43.4735337239705,0.353113014468404,558.2575578780769,852.6756085840376,0
43.49991767780606,0.3449137712585713,558.482714142784,856.0848539106861,0
43.526301631641616,0.35965842957743227,558.707870407491,849.9540249817037,0
43.526301631641616,0.3536593451792218,558.707870407491,852.4484442744796,0
43.552931607086826,0.3607509380509406,558.9351261796112,849.499759958419,0
43.57931556092238,0.35965842957743227,559.1602824443181,849.9540249817037,0
43.605699514757944,0.3651113362129522,559.3854387090252,847.6867064026545,0
43.605699514757944,0.35692692897147044,559.3854387090252,851.0897829336626,0
43.63208346859351,0.35965842957743227,559.6105949737322,849.9540249817037,0
43.65870598883842,0.35420062860183776,559.8377871244156,852.2233786273558,0
43.68508994267398,0.3492890053889338,560.0629433891227,854.2656315592814,0
43.68508994267398,0.3443674405477535,560.0629433891227,856.3120182202441,0
43.71147389650954,0.35692692897147044,560.2880996538297,851.0897829336626,0
43.73810387195475,0.3552931370753461,560.5153554259499,851.7691136040711,0
43.76448782579031,0.36838396729340267,560.7405116906568,846.3259463994032,0
43.76448782579031,0.3667501753972784,560.7405116906568,847.0052770698117,0
43.79111780123552,0.35202050599489565,560.967767462777,853.1298736073225,0
43.81749429987079,0.35692692897147044,561.1928601060473,851.0897829336626,0
43.84387825370634,0.35965842957743227,561.4180163707543,849.9540249817037,0
43.84387825370634,0.3580195903931061,561.4180163707543,850.6354543145466,0
43.87050822915156,0.3536593451792218,561.6452721428745,852.4484442744796,0
43.896892182987116,0.35747325968228827,561.8704284075816,850.8626186241046,0
43.92327613682268,0.3678426838707867,562.0955846722886,846.5510120465269,0
43.92327613682268,0.3645650055021344,562.0955846722886,847.9138707122125,0
43.94990611226789,0.35911209886661444,562.3228404444088,850.1811892912617,0
43.976290066103445,0.35202050599489565,562.5479967091158,853.1298736073225,0
44.00267401993901,0.36129726876175844,562.7731529738228,849.2725956488608,0
44.00267401993901,0.347640071628204,562.7731529738228,854.9512582169929,0
44.02929654018392,0.3514741752840778,563.0003451245062,853.3570379168805,0
44.055680494019484,0.34983533609975165,563.2255013892133,854.0384672497233,0
44.0823104694647,0.3623848828951922,563.4527571613335,848.820365692179,0
44.0823104694647,0.3481864023390218,563.4527571613335,854.7240939074347,0
44.1084484016906,0.3601997130000482,563.6758139186273,849.7289593345799,0
44.13507837713581,0.3481864023390218,563.9030696907475,854.7240939074347,0
44.16170835258102,0.3656575139756427,564.1303254628677,847.4596056889278,0
44.16170835258102,0.3481864023390218,564.1303254628677,854.7240939074347,0
44.18809230641658,0.36129726876175844,564.3554817275748,849.2725956488608,0
44.21446880505185,0.36620384468646056,564.5805743708449,847.2324413793698,0
44.24109878049706,0.35420062860183776,564.8078301429651,852.2233786273558,0
44.24109878049706,0.34000214804566736,564.8078301429651,858.1271068426115,0
44.267482734332624,0.35038151386244215,565.0329864076722,853.8113665359966,0
44.29386668816818,0.35420062860183776,565.2581426723792,852.2233786273558,0
44.32049666361339,0.36401867479131655,565.4853984444994,848.1410350217706,0
44.32049666361339,0.3481864023390218,565.4853984444994,854.7240939074347,0
44.346880617448946,0.34983533609975165,565.7105547092065,854.0384672497233,0
44.37326457128451,0.34218731794081136,565.9357109739135,857.2185132002106,0
44.39964852512007,0.3689302980042205,566.1608672386204,846.0987820898451,0
44.39964852512007,0.3536593451792218,566.1608672386204,852.4484442744796,0
44.42627104536499,0.35747325968228827,566.3880593893039,850.8626186241046,0
44.4529010208102,0.34545490173306,566.6153151614242,855.8598518593936,0
44.47928497464576,0.3601997130000482,566.8404714261311,849.7289593345799,0
44.47928497464576,0.35856592110392393,566.8404714261311,850.4082900049884,0
44.50566892848131,0.3427286013634273,567.0656276908381,856.993447553087,0
44.53229890392653,0.35092784457326,567.2928834629583,853.5842022264385,0
44.558682857762086,0.3601997130000482,567.5180397276654,849.7289593345799,0
44.558682857762086,0.3481864023390218,567.5180397276654,854.7240939074347,0
44.58506681159765,0.3580195903931061,567.7431959923724,850.6354543145466,0
44.611443310232914,0.34382615712513753,567.9682886356426,856.5370838673679,0
44.638073285678125,0.35911209886661444,568.1955444077629,850.1811892912617,0
44.66445723951368,0.3607509380509406,568.4207006724698,849.499759958419,0
44.66445723951368,0.35747325968228827,568.4207006724698,850.8626186241046,0
44.69084119334924,0.3689302980042205,568.6458569371769,846.0987820898451,0
44.717471168794454,0.35965842957743227,568.8731127092971,849.9540249817037,0
44.744101144239664,0.3667501753972784,569.1003684814173,847.0052770698117,0
44.744101144239664,0.36401867479131655,569.1003684814173,848.1410350217706,0
44.77023907646557,0.3552931370753461,569.3234252387111,851.7691136040711,0
44.796861596710485,0.35202050599489565,569.5506173893946,853.1298736073225,0
44.82324555054605,0.35583946778616393,569.7757736541016,851.5419492945131,0
44.82324555054605,0.3492890053889338,569.7757736541016,854.2656315592814,0
44.849875525991266,0.3629310606578827,570.0030294262218,848.5932649784523,0
44.87625947982682,0.3601997130000482,570.2281856909287,849.7289593345799,0
44.90264343366238,0.35911209886661444,570.4533419556358,850.1811892912617,0
44.90264343366238,0.3580195903931061,570.4533419556358,850.6354543145466,0
44.929273409107594,0.34218731794081136,570.680597727756,857.2185132002106,0
44.95565736294316,0.35474680636452827,570.905753992463,851.9962779136291,0
44.98204131677871,0.3689302980042205,571.1309102571701,846.0987820898451,0
44.98204131677871,0.3601997130000482,571.1309102571701,849.7289593345799,0
45.00866383702363,0.3645650055021344,571.3581024078535,847.9138707122125,0
45.03504779085919,0.3629310606578827,571.5832586725605,848.5932649784523,0
45.061431744694744,0.3580195903931061,571.8084149372675,850.6354543145466,0
45.08806172013996,0.3629310606578827,572.0356707093878,848.5932649784523,0
45.11444567397552,0.35692692897147044,572.2608269740947,851.0897829336626,0
45.14107564942073,0.3623848828951922,572.4880827462149,848.820365692179,0
45.14107564942073,0.3514741752840778,572.4880827462149,853.3570379168805,0
45.16745214805599,0.35856592110392393,572.7131753894852,850.4082900049884,0
45.193836101891556,0.3711104206111627,572.9383316541922,845.1922871098786,0
45.220466077336766,0.3711104206111627,573.1655874263124,845.1922871098786,0
45.220466077336766,0.3552931370753461,573.1655874263124,851.7691136040711,0
45.24685003117233,0.3514741752840778,573.3907436910195,853.3570379168805,0
45.273233985007884,0.35638564554885444,573.6158999557265,851.3148485807864,0
45.299863960453095,0.36947662871503834,573.8431557278467,845.8716177802871,0
45.299863960453095,0.353113014468404,573.8431557278467,852.6756085840376,0
45.32624791428866,0.3651113362129522,574.0683119925536,847.6867064026545,0
45.35263186812421,0.38038718337802546,574.2934682572607,841.335009151417,0
45.379254388369134,0.37056913718854667,574.5206604079441,845.4173527570023,0
45.379254388369134,0.3672963531599689,574.5206604079441,846.7781763560849,0
45.405638342204696,0.39457067501771764,574.7458166726511,835.437513327633,0
45.43202229604025,0.40875401370928255,574.9709729373582,829.5400810996804,0
45.45865227148546,0.41529942881831083,575.1982287094784,826.8184974973464,0
45.45865227148546,0.4076615052357742,575.1982287094784,829.9943461229651,0
45.48503622532102,0.40875401370928255,575.4233849741854,829.5400810996804,0
45.51166620076623,0.3951170057285355,575.6506407463056,835.210349018075,0
45.53805015460179,0.3885715906195072,575.8757970110127,837.9319326204089,0
45.53805015460179,0.37711455229757496,575.8757970110127,842.6957691546684,0
45.564426653237064,0.3896640990930155,576.1008896542828,837.4776675971242,0
45.59081060707262,0.3842062981174211,576.3260459189898,839.7470212427763,0
45.61744058251783,0.38802525990868936,576.55330169111,838.159096929967,0
45.61744058251783,0.37711455229757496,576.55330169111,842.6957691546684,0
45.643824536353385,0.3782070607710833,576.7784579558171,842.2415041313836,0
45.67020849018894,0.3667501753972784,577.0036142205241,847.0052770698117,0
45.69683846563416,0.3580195903931061,577.2308699926443,850.6354543145466,0
45.69683846563416,0.34600627973207965,577.2308699926443,855.6305888874014,0
45.72322241946972,0.3672963531599689,577.4560262573514,846.7781763560849,0
45.74960637330528,0.35420062860183776,577.6811825220583,852.2233786273558,0
45.7762288935502,0.35911209886661444,577.9083746727417,850.1811892912617,0
45.80285886899541,0.3689302980042205,578.1356304448619,846.0987820898451,0
45.80285886899541,0.34983533609975165,578.1356304448619,854.0384672497233,0
45.82899680122131,0.3645650055021344,578.3586872021558,847.9138707122125,0
45.855626776666526,0.3787483441936993,578.585942974276,842.0164384842599,0
45.88201073050209,0.37056913718854667,578.811099238983,845.4173527570023,0
45.88201073050209,0.353113014468404,578.811099238983,852.6756085840376,0
45.908633250747,0.347640071628204,579.0382913896665,854.9512582169929,0
45.935024659782854,0.34545490173306,579.2635112758103,855.8598518593936,0
45.96140115841812,0.3492890053889338,579.4886039190804,854.2656315592814,0
45.96140115841812,0.34545490173306,579.4886039190804,855.8598518593936,0
45.98803113386333,0.35856592110392393,579.7158596912006,850.4082900049884,0
46.01441508769889,0.35256178941751165,579.9410159559077,852.9048079601987,0
46.04079904153445,0.3552931370753461,580.1661722206147,851.7691136040711,0
46.04079904153445,0.3443674405477535,580.1661722206147,856.3120182202441,0
46.068405648218,0.3601997130000482,580.401762400951,849.7289593345799,0
46.09478960205355,0.35856592110392393,580.626918665658,850.4082900049884,0
46.121173555889115,0.3667501753972784,580.852074930365,847.0052770698117,0
46.121173555889115,0.3601997130000482,580.852074930365,849.7289593345799,0
46.14779607613403,0.3607509380509406,581.0792670810484,849.499759958419,0
46.174426051579246,0.35911209886661444,581.3065228531686,850.1811892912617,0
46.20056398380515,0.35911209886661444,581.5295796104625,850.1811892912617,0
46.20056398380515,0.34873273304983965,581.5295796104625,854.4969295978767,0
46.227193959250364,0.3618385521843744,581.7568353825827,849.0475300017372,0
46.25357791308592,0.36129726876175844,581.9819916472898,849.2725956488608,0
46.28020788853113,0.36347739136870055,582.20924741941,848.3661006688943,0
46.28020788853113,0.3607509380509406,582.20924741941,849.499759958419,0
46.30683040877605,0.35420062860183776,582.4364395700934,852.2233786273558,0
46.33296834100195,0.36347739136870055,582.6594963273872,848.3661006688943,0
46.35959831644717,0.36401867479131655,582.8867520995074,848.1410350217706,0
46.35959831644717,0.3552931370753461,582.8867520995074,851.7691136040711,0
46.38598227028273,0.35965842957743227,583.1119083642144,849.9540249817037,0
46.41236622411829,0.37056913718854667,583.3370646289214,845.4173527570023,0
46.4389961995635,0.3645650055021344,583.5643204010416,847.9138707122125,0
46.4389961995635,0.3607509380509406,583.5643204010416,849.499759958419,0
46.46538015339905,0.36947662871503834,583.7894766657487,845.8716177802871,0
46.491764107234616,0.35638564554885444,584.0146329304556,851.3148485807864,0
46.51839408267983,0.3754807604014506,584.2418887025759,843.3750998250769,0
46.51839408267983,0.37274925979548884,584.2418887025759,844.5108577770358,0
46.5447705813151,0.3623848828951922,584.4669813458461,848.820365692179,0
46.57140055676031,0.35911209886661444,584.6942371179663,850.1811892912617,0
46.597784510595865,0.3792946749045171,584.9193933826733,841.7892741747019,0
46.597784510595865,0.37492938240243096,584.9193933826733,843.6043627970693,0
46.62416846443142,0.3754807604014506,585.1445496473804,843.3750998250769,0
46.65079843987664,0.36620384468646056,585.3718054195006,847.2324413793698,0
46.677182393712194,0.36620384468646056,585.5969616842076,847.2324413793698,0
46.677182393712194,0.3607509380509406,585.5969616842076,849.499759958419,0
46.703566347547756,0.3536593451792218,585.8221179489146,852.4484442744796,0
46.73018886779267,0.35256178941751165,586.0493100995981,852.9048079601987,0
46.75657282162823,0.36347739136870055,586.274466364305,848.3661006688943,0
46.75657282162823,0.35692692897147044,586.274466364305,851.0897829336626,0
46.78295677546379,0.34873273304983965,586.499622629012,854.4969295978767,0
46.809586750909006,0.3580195903931061,586.7268784011322,850.6354543145466,0
46.83597070474456,0.35911209886661444,586.9520346658393,850.1811892912617,0
46.83597070474456,0.34600627973207965,586.9520346658393,855.6305888874014,0
46.862354658580124,0.3623848828951922,587.1771909305463,848.820365692179,0
46.88897717882504,0.35692692897147044,587.4043830812298,851.0897829336626,0
46.91536858786089,0.3623848828951922,587.6296029673736,848.820365692179,0
46.91536858786089,0.3601997130000482,587.6296029673736,849.7289593345799,0
46.94199110810581,0.3618385521843744,587.856795118057,849.0475300017372,0
46.96837506194137,0.35911209886661444,588.081951382764,850.1811892912617,0
46.99475901577693,0.3738417682689972,588.307107647471,844.056592753751,0
47.02138899122214,0.35202050599489565,588.5343634195912,853.1298736073225,0
47.02138899122214,0.34654756315469565,588.5343634195912,855.4055232402776,0
47.047772945057694,0.35965842957743227,588.7595196842982,849.9540249817037,0
47.07415689889326,0.35911209886661444,588.9846759490052,850.1811892912617,0
47.10077941913818,0.35638564554885444,589.2118680996887,851.3148485807864,0
47.10077941913818,0.35583946778616393,589.2118680996887,851.5419492945131,0
47.12716337297374,0.3645650055021344,589.4370243643957,847.9138707122125,0
47.153547326809296,0.35420062860183776,589.6621806291027,852.2233786273558,0
47.180177302254506,0.35638564554885444,589.889436401223,851.3148485807864,0
47.20656125609006,0.34983533609975165,590.1145926659299,854.0384672497233,0
47.23294520992562,0.35583946778616393,590.3397489306369,851.5419492945131,0
47.25932916376118,0.3645650055021344,590.564905195344,847.9138707122125,0
47.25932916376118,0.34382615712513753,590.564905195344,856.5370838673679,0
47.2859516840061,0.3618385521843744,590.7920973460274,849.0475300017372,0
47.31258165945131,0.35092784457326,591.0193531181476,853.5842022264385,0
47.338965613286874,0.35965842957743227,591.2445093828546,849.9540249817037,0
47.338965613286874,0.35583946778616393,591.2445093828546,851.5419492945131,0
47.36534956712243,0.35692692897147044,591.4696656475617,851.0897829336626,0
47.391733520957985,0.3732955905063067,591.6948219122686,844.2836934674777,0
47.4183634964032,0.35583946778616393,591.9220776843889,851.5419492945131,0
47.4183634964032,0.35420062860183776,591.9220776843889,852.2233786273558,0
47.444747450238765,0.3678426838707867,592.1472339490958,846.5510120465269,0
47.47113140407432,0.3481864023390218,592.3723902138029,854.7240939074347,0
47.49775392431924,0.37056913718854667,592.5995823644863,845.4173527570023,0
47.49775392431924,0.35256178941751165,592.5995823644863,852.9048079601987,0
47.5241378781548,0.3732955905063067,592.8247386291933,844.2836934674777,0
47.55052183199035,0.3552931370753461,593.0498948939004,851.7691136040711,0
47.57715180743557,0.3645650055021344,593.2771506660206,847.9138707122125,0
47.57715180743557,0.3623848828951922,593.2771506660206,848.820365692179,0
47.60378178288078,0.35965842957743227,593.5044064381408,849.9540249817037,0
47.62991971510669,0.3481864023390218,593.7274631954346,854.7240939074347,0
47.6565496905519,0.35856592110392393,593.9547189675548,850.4082900049884,0
47.6565496905519,0.35420062860183776,593.9547189675548,852.2233786273558,0
47.682926189187164,0.35856592110392393,594.179811610825,850.4082900049884,0
47.70955616463238,0.35747325968228827,594.4070673829452,850.8626186241046,0
47.73594011846794,0.36129726876175844,594.6322236476523,849.2725956488608,0
47.73594011846794,0.347640071628204,594.6322236476523,854.9512582169929,0
47.76232407230349,0.35474680636452827,594.8573799123593,851.9962779136291,0
47.78870802613905,0.3623848828951922,595.0825361770662,848.820365692179,0
47.815338001584266,0.3607509380509406,595.3097919491865,849.499759958419,0
47.815338001584266,0.35474680636452827,595.3097919491865,851.9962779136291,0
47.84172195541982,0.3601997130000482,595.5349482138935,849.7289593345799,0
47.86835193086504,0.35692692897147044,595.7622039860137,851.0897829336626,0
47.894728429500304,0.371661645662055,595.987296629284,844.9630877337175,0
47.894728429500304,0.35911209886661444,595.987296629284,850.1811892912617,0
47.92111238333586,0.35202050599489565,596.212452893991,853.1298736073225,0
47.94774235878107,0.3607509380509406,596.4397086661112,849.499759958419,0
47.974126312616626,0.37984100561533496,596.6648649308182,841.5621098651437,0
47.974126312616626,0.36620384468646056,596.6648649308182,847.2324413793698,0
48.000756288061844,0.35256178941751165,596.8921207029384,852.9048079601987,0
48.027140241897406,0.3651113362129522,597.1172769676455,847.6867064026545,0
48.05352419573296,0.35747325968228827,597.3424332323524,850.8626186241046,0
48.05352419573296,0.35420062860183776,597.3424332323524,852.2233786273558,0
48.07990069436823,0.35747325968228827,597.5675258756227,850.8626186241046,0
48.10653066981344,0.35856592110392393,597.7947816477429,850.4082900049884,0
48.13291462364899,0.3618385521843744,598.0199379124499,849.0475300017372,0
48.15929857748455,0.35583946778616393,598.245094177157,851.5419492945131,0
48.15929857748455,0.35202050599489565,598.245094177157,853.1298736073225,0
48.18592855292977,0.34983533609975165,598.4723499492771,854.0384672497233,0
48.21231250676533,0.34873273304983965,598.6975062139842,854.4969295978767,0
48.23893502701024,0.36129726876175844,598.9246983646676,849.2725956488608,0
48.23893502701024,0.3580195903931061,598.9246983646676,850.6354543145466,0
48.265326436046095,0.35692692897147044,599.1499182508114,851.0897829336626,0
48.29170293468136,0.371661645662055,599.3750108940816,844.9630877337175,0
48.31833291012658,0.3689302980042205,599.6022666662018,846.0987820898451,0
48.31833291012658,0.35638564554885444,599.6022666662018,851.3148485807864,0
48.344716863962134,0.35638564554885444,599.8274229309088,851.3148485807864,0
48.371100817797696,0.3667501753972784,600.0525791956159,847.0052770698117,0
48.39773079324291,0.3651113362129522,600.2798349677361,847.6867064026545,0
48.39773079324291,0.35420062860183776,600.2798349677361,852.2233786273558,0
48.42411474707846,0.37492938240243096,600.5049912324431,843.6043627970693,0
48.45049870091402,0.37492938240243096,600.7301474971501,843.6043627970693,0
48.477121221158946,0.3689302980042205,600.9573396478336,846.0987820898451,0
48.477121221158946,0.36129726876175844,600.9573396478336,849.2725956488608,0
48.5035051749945,0.3618385521843744,601.1824959125405,849.0475300017372,0
48.52988912883006,0.35256178941751165,601.4076521772475,852.9048079601987,0
48.55627308266562,0.37056913718854667,601.6328084419546,845.4173527570023,0
48.55627308266562,0.3618385521843744,601.6328084419546,849.0475300017372,0
48.58290305811083,0.3651113362129522,601.8600642140748,847.6867064026545,0
48.609287011946385,0.3623848828951922,602.0852204787818,848.820365692179,0
48.63590953219131,0.3623848828951922,602.3124126294653,848.820365692179,0
48.63590953219131,0.35856592110392393,602.3124126294653,850.4082900049884,0
48.66230094122716,0.3514741752840778,602.5376325156091,853.3570379168805,0
48.688677439862424,0.3514741752840778,602.7627251588792,853.3570379168805,0
48.715307415307635,0.35911209886661444,602.9899809309995,850.1811892912617,0
48.715307415307635,0.35038151386244215,602.9899809309995,853.8113665359966,0
48.74169136914319,0.36129726876175844,603.2151371957065,849.2725956488608,0
48.76832134458841,0.34983533609975165,603.4423929678267,854.0384672497233,0
48.79470529842397,0.36401867479131655,603.6675492325337,848.1410350217706,0
48.79470529842397,0.35747325968228827,603.6675492325337,850.8626186241046,0
48.821089252259526,0.36620384468646056,603.8927054972407,847.2324413793698,0
48.84747320609508,0.35692692897147044,604.1178617619478,851.0897829336626,0
48.87409572634,0.3618385521843744,604.3450539126312,849.0475300017372,0
48.87409572634,0.353113014468404,604.3450539126312,852.6756085840376,0
48.90047968017556,0.3601997130000482,604.5702101773383,849.7289593345799,0
48.927109655620775,0.35692692897147044,604.7974659494585,851.0897829336626,0
48.953247587846676,0.35747325968228827,605.0205227067522,850.8626186241046,0
48.953247587846676,0.35692692897147044,605.0205227067522,851.0897829336626,0
48.97987756329189,0.353113014468404,605.2477784788724,852.6756085840376,0
49.006507538737104,0.3601997130000482,605.4750342509926,849.7289593345799,0
49.03288403737237,0.3601997130000482,605.7001268942629,849.7289593345799,0
49.03288403737237,0.3580195903931061,605.7001268942629,850.6354543145466,0
49.05951401281759,0.36347739136870055,605.9273826663831,848.3661006688943,0
49.08589796665314,0.36129726876175844,606.1525389310901,849.2725956488608,0
49.1122819204887,0.3651113362129522,606.3776951957972,847.6867064026545,0
49.1122819204887,0.36401867479131655,606.3776951957972,848.1410350217706,0
49.13866587432426,0.347640071628204,606.6028514605041,854.9512582169929,0
49.16529584976947,0.3645650055021344,606.8301072326244,847.9138707122125,0
49.19167980360503,0.3651113362129522,607.0552634973313,847.6867064026545,0
49.19167980360503,0.36347739136870055,607.0552634973313,848.3661006688943,0
49.21806375744058,0.37274925979548884,607.2804197620384,844.5108577770358,0
49.244447711276145,0.38365996740660324,607.5055760267454,839.9741855523345,0
49.271070231521065,0.3678426838707867,607.7327681774289,846.5510120465269,0
49.297700206966276,0.3809284668006414,607.960023949549,841.1099435042934,0
49.297700206966276,0.3787483441936993,607.960023949549,842.0164384842599,0
49.32408416080184,0.395663183491226,608.1851802142561,834.9832483043483,0
49.350468114637394,0.3760220438240666,608.4103364789631,843.1500341779531,0
49.37685206847295,0.3738417682689972,608.63549274367,844.056592753751,0
49.37685206847295,0.372202929084671,608.63549274367,844.7380220865938,0
49.40348204391817,0.3792946749045171,608.8627485157903,841.7892741747019,0
49.42985854255343,0.3765682215867571,609.0878411590605,842.9229334642264,0
49.456249951589285,0.3792946749045171,609.3130610452043,841.7892741747019,0
49.456249951589285,0.3667501753972784,609.3130610452043,847.0052770698117,0
49.4828724718342,0.38311868398398724,609.5402531958878,840.1992511994581,0
49.50925642566976,0.353113014468404,609.7654094605948,852.6756085840376,0
49.53564037950532,0.374388098979815,609.9905657253018,843.829428444193,0
49.53564037950532,0.35856592110392393,609.9905657253018,850.4082900049884,0
49.562270354950535,0.36620384468646056,610.217821497422,847.2324413793698,0
49.588892875195455,0.35202050599489565,610.4450136481055,853.1298736073225,0
49.615038262621646,0.35692692897147044,610.668134026836,851.0897829336626,0
49.615038262621646,0.3481864023390218,610.668134026836,854.7240939074347,0
49.641660782866566,0.3672963531599689,610.8953261775195,846.7781763560849,0
49.66804473670212,0.35583946778616393,611.1204824422265,851.5419492945131,0
49.69467471214734,0.35474680636452827,611.3477382143467,851.9962779136291,0
49.69467471214734,0.35420062860183776,611.3477382143467,852.2233786273558,0
49.7210586659829,0.353113014468404,611.5728944790537,852.6756085840376,0
49.74744261981846,0.3470938938655135,611.7980507437608,855.1783589307196,0
49.77407259526367,0.3651113362129522,612.025306515881,847.6867064026545,0
49.77407259526367,0.3623848828951922,612.025306515881,848.820365692179,0
49.80045654909922,0.35583946778616393,612.2504627805879,851.5419492945131,0
49.82683304773449,0.34873273304983965,612.4755554238582,854.4969295978767,0
49.85346302317971,0.3601997130000482,612.7028111959784,849.7289593345799,0
49.85346302317971,0.35638564554885444,612.7028111959784,851.3148485807864,0
49.87984697701527,0.3618385521843744,612.9279674606854,849.0475300017372,0
49.906230930850825,0.36347739136870055,613.1531237253924,848.3661006688943,0
49.932860906296035,0.3656575139756427,613.3803794975126,847.4596056889278,0
49.932860906296035,0.3552931370753461,613.3803794975126,851.7691136040711,0
49.95924486013159,0.3580195903931061,613.6055357622197,850.6354543145466,0
49.98586738037652,0.3607509380509406,613.8327279129031,849.499759958419,0
50.012251334212074,0.36947662871503834,614.0578841776102,845.8716177802871,0
50.012251334212074,0.3689302980042205,614.0578841776102,846.0987820898451,0
50.03863528804763,0.36838396729340267,614.2830404423171,846.3259463994032,0
50.06526526349284,0.3842062981174211,614.5102962144373,839.7470212427763,0
50.0916492173284,0.3672963531599689,614.7354524791443,846.7781763560849,0
50.11803317116396,0.38311868398398724,614.9606087438514,840.1992511994581,0
50.144663146609176,0.37984100561533496,615.1878645159716,841.5621098651437,0
50.17104710044473,0.37984100561533496,615.4130207806786,841.5621098651437,0
50.17104710044473,0.3732955905063067,615.4130207806786,844.2836934674777,0
50.19743105428029,0.3738417682689972,615.6381770453856,844.056592753751,0
50.22479163935417,0.372202929084671,615.8716677183087,844.7380220865938,0
50.25116813798944,0.3667501753972784,616.096760361579,847.0052770698117,0
50.25116813798944,0.36620384468646056,616.096760361579,847.2324413793698,0
50.27755954702529,0.3672963531599689,616.3219802477226,846.7781763560849,0
50.30418206727022,0.36347739136870055,616.5491723984061,848.3661006688943,0
50.330566021105774,0.36620384468646056,616.7743286631131,847.2324413793698,0
50.330566021105774,0.36347739136870055,616.7743286631131,848.3661006688943,0
50.35694997494133,0.3629310606578827,616.9994849278202,848.5932649784523,0
50.38333392877689,0.37492938240243096,617.2246411925272,843.6043627970693,0
50.4099639042221,0.3601997130000482,617.4518969646474,849.7289593345799,0
50.43634785805766,0.3667501753972784,617.6770532293544,847.0052770698117,0
50.43634785805766,0.35092784457326,617.6770532293544,853.5842022264385,0
50.462970378302586,0.3580195903931061,617.9042453800379,850.6354543145466,0
50.48935433213814,0.35038151386244215,618.1294016447448,853.8113665359966,0
50.5157382859737,0.3601997130000482,618.3545579094518,849.7289593345799,0
50.5157382859737,0.35256178941751165,618.3545579094518,852.9048079601987,0
50.54236826141891,0.35256178941751165,618.581813681572,852.9048079601987,0
50.56875221525446,0.3410946565191757,618.8069699462791,857.6728418193268,0
50.59538219069968,0.3580195903931061,619.0342257183993,850.6354543145466,0
50.59538219069968,0.3514741752840778,619.0342257183993,853.3570379168805,0
50.62176614453524,0.37492938240243096,619.2593819831063,843.6043627970693,0
50.64814264317051,0.35038151386244215,619.4844746263766,853.8113665359966,0
50.674534052206354,0.3678426838707867,619.7096945125203,846.5510120465269,0
50.674534052206354,0.3667501753972784,619.7096945125203,847.0052770698117,0
50.701156572451275,0.3607509380509406,619.9368866632038,849.499759958419,0
50.72754052628683,0.3607509380509406,620.1620429279108,849.499759958419,0
50.75417050173205,0.36129726876175844,620.389298700031,849.2725956488608,0
50.75417050173205,0.353113014468404,620.389298700031,852.6756085840376,0
50.780554455567604,0.3580195903931061,620.614454964738,850.6354543145466,0
50.806938409403166,0.35747325968228827,620.839611229445,850.8626186241046,0
50.83356092964808,0.3651113362129522,621.0668033801285,847.6867064026545,0
50.83356092964808,0.3618385521843744,621.0668033801285,849.0475300017372,0
50.85994488348364,0.35583946778616393,621.2919596448355,851.5419492945131,0
50.88657485892886,0.37984100561533496,621.5192154169557,841.5621098651437,0
50.91271279115476,0.35911209886661444,621.7422721742495,850.1811892912617,0
50.91271279115476,0.34983533609975165,621.7422721742495,854.0384672497233,0
50.93934276659997,0.35965842957743227,621.9695279463697,849.9540249817037,0
50.96572672043553,0.3651113362129522,622.1946842110767,847.6867064026545,0
50.992356695880744,0.3672963531599689,622.4219399831969,846.7781763560849,0
50.992356695880744,0.3656575139756427,622.4219399831969,847.4596056889278,0
51.01874064971631,0.35747325968228827,622.647096247904,850.8626186241046,0
51.045117148351565,0.3552931370753461,622.8721888911742,851.7691136040711,0
51.07174712379678,0.36947662871503834,623.0994446632944,845.8716177802871,0
51.07174712379678,0.3552931370753461,623.0994446632944,851.7691136040711,0
51.09813107763234,0.353113014468404,623.3246009280015,852.6756085840376,0
51.124515031467894,0.35038151386244215,623.5497571927084,853.8113665359966,0
51.15114500691311,0.3738417682689972,623.7770129648287,844.056592753751,0
51.15114500691311,0.35965842957743227,623.7770129648287,849.9540249817037,0
51.177528960748674,0.3601997130000482,624.0021692295356,849.7289593345799,0
51.20391291458423,0.36129726876175844,624.2273254942427,849.2725956488608,0
51.23053543482915,0.37056913718854667,624.4545176449261,845.4173527570023,0
51.23053543482915,0.36620384468646056,624.4545176449261,847.2324413793698,0
51.256919388664706,0.3514741752840778,624.6796739096332,853.3570379168805,0
51.283549364109916,0.3623848828951922,624.9069296817534,848.820365692179,0
51.30993331794548,0.3552931370753461,625.1320859464604,851.7691136040711,0
51.30993331794548,0.35256178941751165,625.1320859464604,852.9048079601987,0
51.33631727178104,0.35256178941751165,625.3572422111674,852.9048079601987,0
51.36294724722625,0.3601997130000482,625.5844979832876,849.7289593345799,0
51.38933120106181,0.35747325968228827,625.8096542479946,850.8626186241046,0
51.38933120106181,0.35583946778616393,625.8096542479946,851.5419492945131,0
51.41571515489736,0.3492890053889338,626.0348105127016,854.2656315592814,0
51.44209165353263,0.35965842957743227,626.2599031559719,849.9540249817037,0
51.468721628977846,0.35474680636452827,626.4871589280921,851.9962779136291,0
51.468721628977846,0.35202050599489565,626.4871589280921,853.1298736073225,0
51.4951055828134,0.36838396729340267,626.7123151927991,846.3259463994032,0
51.52173555825861,0.35692692897147044,626.9395709649193,851.0897829336626,0
51.548119512094175,0.3623848828951922,627.1647272296264,848.820365692179,0
51.57450346592973,0.36129726876175844,627.3898834943333,849.2725956488608,0
51.57450346592973,0.3481864023390218,627.3898834943333,854.7240939074347,0
51.60112598617465,0.3580195903931061,627.6170756450168,850.6354543145466,0
51.62750994001021,0.3629310606578827,627.8422319097238,848.5932649784523,0
51.65389389384577,0.35638564554885444,628.0673881744308,851.3148485807864,0
51.68052386929098,0.34983533609975165,628.294643946551,854.0384672497233,0
51.706907823126535,0.35856592110392393,628.519800211258,850.4082900049884,0
51.7332917769621,0.3760220438240666,628.7449564759651,843.1500341779531,0
51.7332917769621,0.3711104206111627,628.7449564759651,845.1922871098786,0
51.75992175240731,0.3492890053889338,628.9722122480853,854.2656315592814,0
51.78630570624287,0.35474680636452827,629.1973685127922,851.9962779136291,0
51.81292822648779,0.3672963531599689,629.4245606634757,846.7781763560849,0
51.81292822648779,0.36129726876175844,629.4245606634757,849.2725956488608,0
51.83931218032335,0.35583946778616393,629.6497169281827,851.5419492945131,0
51.865457567749544,0.3678426838707867,629.8728373069133,846.5510120465269,0
51.892080087994465,0.35965842957743227,630.1000294575967,849.9540249817037,0
51.892080087994465,0.35856592110392393,630.1000294575967,850.4082900049884,0
51.918710063439676,0.3667501753972784,630.327285229717,847.0052770698117,0
51.94534003888489,0.372202929084671,630.5545410018372,844.7380220865938,0
51.97172399272045,0.37492938240243096,630.7796972665442,843.6043627970693,0
51.97172399272045,0.3481864023390218,630.7796972665442,854.7240939074347,0
51.998100491355714,0.3580195903931061,631.0047899098145,850.6354543145466,0
52.02448444519127,0.3629310606578827,631.2299461745214,848.5932649784523,0
52.050868399026825,0.3651113362129522,631.4551024392284,847.6867064026545,0
52.050868399026825,0.35747325968228827,631.4551024392284,850.8626186241046,0
52.07749837447204,0.35856592110392393,631.6823582113486,850.4082900049884,0
52.104128349917254,0.3607509380509406,631.9096139834688,849.499759958419,0
52.130512303752816,0.3645650055021344,632.1347702481759,847.9138707122125,0
52.13060922135662,0.36456638203528036,632.1355973268538,847.9132983497304,0
52.13060922135662,0.34873410958298556,632.1355973268538,854.4963572353946,0
52.156747153582515,0.36183992871752035,632.3586540841476,849.0469576392551,0
52.18337712902773,0.35692845845274374,632.5859098562678,851.0891469753492,0
52.209761082863295,0.35474818289767424,632.8110661209748,851.9957055511471,0
52.209761082863295,0.3536556744241659,632.8110661209748,852.4499705744319,0
52.236391058308506,0.3536556744241659,633.038321893095,852.4499705744319,0
52.26276755694377,0.363473873561772,633.2634145363653,848.3675633730153,0
52.28939753238899,0.35474818289767424,633.4906703084855,851.9957055511471,0
52.28939753238899,0.3454564312143333,633.4906703084855,855.8592159010802,0
52.315781486224544,0.35310934371334807,633.7158265731925,852.6771348839899,0
52.3421654400601,0.3743845811728864,633.9409828378996,843.8308911483139,0
52.36879541550531,0.3498367126328976,634.1682386100198,854.0378948872412,0
52.36879541550531,0.3416373164749376,634.1682386100198,857.4472038097209,0
52.39517936934087,0.3514755518172238,634.3933948747267,853.3564655543984,0
52.42156332317643,0.3558408443193099,634.6185511394337,851.541376932031,0
52.447947277011984,0.3656588905087887,634.8437074041408,847.4590333264457,0
52.447947277011984,0.3558408443193099,634.8437074041408,851.541376932031,0
52.47433123084754,0.3481827315839659,635.0688636688478,854.725620207387,0
52.50119977270212,0.35692845845274374,635.2981553269444,851.0891469753492,0
52.52758372653768,0.36620522121960647,635.5233115916515,847.2318690168877,0
52.52758372653768,0.36456638203528036,635.5233115916515,847.9132983497304,0
52.55396768037323,0.3694729579599825,635.7484678563585,845.8731440802393,0
52.580351634208796,0.3481827315839659,635.9736241210654,854.725620207387,0
52.60673558804435,0.3514755518172238,636.1987803857725,853.3564655543984,0
52.63336556348957,0.35420200513498373,636.4260361578927,852.2228062648738,0
52.659742062124835,0.35802096692625207,636.6511288011629,850.6348819520645,0
52.686372037570045,0.3585672976370699,636.8783845732831,850.4077176425063,0
52.7127559914056,0.35802096692625207,637.1035408379902,850.6348819520645,0
52.7127559914056,0.3536556744241659,637.1035408379902,852.4499705744319,0
52.739139945241156,0.36620522121960647,637.3286971026972,847.2318690168877,0
52.765769920686374,0.363473873561772,637.5559528748174,848.3675633730153,0
52.79215387452194,0.363473873561772,637.7811091395245,848.3675633730153,0
52.79215387452194,0.3612935980067025,637.7811091395245,849.2741219488131,0
52.81853782835749,0.3602010895331942,638.0062654042314,849.7283869720978,0
52.84516034860241,0.36238121214013636,638.2334575549148,848.8218919921313,0
52.87130573602861,0.3667515519304243,638.4565779336455,847.0047047073296,0
52.87130573602861,0.35420200513498373,638.4565779336455,852.2228062648738,0
52.898174277883186,0.36620522121960647,638.6858695917421,847.2318690168877,0
52.92455823171874,0.3563821277419259,638.9110258564491,851.3163112849072,0
52.950942185554304,0.3656588905087887,639.1361821211561,847.4590333264457,0
52.950942185554304,0.3602010895331942,639.1361821211561,849.7283869720978,0
52.977572160999514,0.35528946632029024,639.3634378932763,851.7706399040234,0
53.003710093225415,0.3694729579599825,639.5864946505701,845.8731440802393,0
53.030340068670625,0.3760234203572126,639.8137504226903,843.149461815471,0
53.030340068670625,0.3558408443193099,639.8137504226903,851.541376932031,0
53.05671656730589,0.3656588905087887,640.0388430659606,847.4590333264457,0
53.08334654275111,0.372204305617817,640.2660988380808,844.7374497241118,0
53.10997651819632,0.35747463621543424,640.493354610201,850.8620462616225,0
53.10997651819632,0.3563821277419259,640.493354610201,851.3163112849072,0
53.136360472031875,0.372204305617817,640.718510874908,844.7374497241118,0
53.16274442586744,0.360747420244012,640.9436671396151,849.5012226625398,0
53.18912837970299,0.360747420244012,641.1688234043221,849.5012226625398,0
53.18912837970299,0.34873410958298556,641.1688234043221,854.4963572353946,0
53.21551233353855,0.36183992871752035,641.393979669029,849.0469576392551,0
53.242134853783476,0.36183992871752035,641.6211718197126,849.0469576392551,0
53.26851880761903,0.35802096692625207,641.8463280844195,850.6348819520645,0
53.26851880761903,0.3536556744241659,641.8463280844195,852.4499705744319,0
53.29514878306424,0.37329191975125076,642.0735838565397,844.2852197674299,0
53.321532736899805,0.3481827315839659,642.2987401212467,854.725620207387,0
53.34791669073536,0.36838534382654864,642.5238963859538,846.3253740369211,0
53.34791669073536,0.3602010895331942,642.5238963859538,849.7283869720978,0
53.37454666618058,0.3591134753997604,642.751152158074,850.1806169287796,0
53.40093062001613,0.3640200513244625,642.976308422781,848.1404626592886,0
53.42731457385169,0.3602010895331942,643.201464687488,849.7283869720978,0
53.42731457385169,0.35474818289767424,643.201464687488,851.9957055511471,0
53.453691072486954,0.3672928353530403,643.4265573307582,846.7796390602059,0
53.480321047932165,0.3454564312143333,643.6538131028784,855.8592159010802,0
53.50695102337738,0.3667515519304243,643.8810688749987,847.0047047073296,0
53.50695102337738,0.35528946632029024,643.8810688749987,851.7706399040234,0
53.533334977212945,0.35528946632029024,644.1062251397057,851.7706399040234,0
53.559964952658156,0.3536556744241659,644.3334809118259,852.4499705744319,0
53.586102884884056,0.372204305617817,644.5565376691197,844.7374497241118,0
53.586102884884056,0.3694729579599825,644.5565376691197,845.8731440802393,0
53.61248683871961,0.36783916606385814,644.7816939338268,846.5524747506478,0
53.63910935896453,0.35038304334371545,645.0088860845102,853.8107305776831,0
53.66573933440975,0.37057051372169264,645.2361418566304,845.4167803945203,0
53.66573933440975,0.3492903819220798,645.2361418566304,854.2650591967993,0
53.69236930985496,0.3640200513244625,645.4633976287506,848.1404626592886,0
53.71850724208087,0.35528946632029024,645.6864543860444,851.7706399040234,0
53.74489119591642,0.363473873561772,645.9116106507514,848.3675633730153,0
53.74489119591642,0.3602010895331942,645.9116106507514,849.7283869720978,0
53.771521171361634,0.35256316595065756,646.1388664228716,852.9042355977166,0
53.79790512519719,0.3602010895331942,646.3640226875787,849.7283869720978,0
53.82452764544212,0.35965980611057824,646.5912148382621,849.9534526192216,0
53.82452764544212,0.35747463621543424,646.5912148382621,850.8620462616225,0
53.85091159927767,0.372204305617817,646.8163711029691,844.7374497241118,0
53.877295553113235,0.3612935980067025,647.0415273676762,849.2741219488131,0
53.903925528558446,0.35528946632029024,647.2687831397964,851.7706399040234,0
53.930309482394,0.36838534382654864,647.4939394045033,846.3253740369211,0
53.930309482394,0.3602010895331942,647.4939394045033,849.7283869720978,0
53.95693945783922,0.36620522121960647,647.7211951766235,847.2318690168877,0
53.983323411674775,0.3558408443193099,647.9463514413305,851.541376932031,0
54.009461343900675,0.372204305617817,648.1694081986244,844.7374497241118,0
54.009461343900675,0.3672928353530403,648.1694081986244,846.7796390602059,0
54.036083864145596,0.3585672976370699,648.3966003493078,850.4077176425063,0
54.062713839590806,0.3558408443193099,648.623856121428,851.541376932031,0
54.089343815036024,0.35747463621543424,648.8511118935483,850.8620462616225,0
54.089343815036024,0.35474818289767424,648.8511118935483,851.9957055511471,0
54.11572776887159,0.35528946632029024,649.0762681582553,851.7706399040234,0
54.14186570109748,0.3672928353530403,649.299324915549,846.7796390602059,0
54.1684956765427,0.37547708964639476,649.5265806876693,843.3766261250291,0
54.1684956765427,0.36783916606385814,649.5265806876693,846.5524747506478,0
54.19487963037825,0.35747463621543424,649.7517369523763,850.8620462616225,0
54.221502150623174,0.3656588905087887,649.9789291030597,847.4590333264457,0
54.24788610445873,0.36456638203528036,650.2040853677668,847.9132983497304,0
54.24788610445873,0.3585672976370699,650.2040853677668,850.4077176425063,0
54.27427005829429,0.3612935980067025,650.4292416324738,849.2741219488131,0
54.30090003373951,0.36183992871752035,650.656497404594,849.0469576392551,0
54.327283987575065,0.3629275428509542,650.8816536693009,848.5947276825733,0
54.327283987575065,0.35420200513498373,650.8816536693009,852.2228062648738,0
54.353913963020275,0.35420200513498373,651.1089094414212,852.2228062648738,0
54.38029046165554,0.3514755518172238,651.3340020846914,853.3564655543984,0
54.40789706833909,0.363473873561772,651.5695922650277,848.3675633730153,0
54.40789706833909,0.3629275428509542,651.5695922650277,848.5947276825733,0
54.43452704378431,0.3558408443193099,651.7968480371479,851.541376932031,0
54.4606649760102,0.3563821277419259,652.0199047944417,851.3163112849072,0
54.48704892984576,0.37111179714430864,652.2450610591487,845.1917147473965,0
54.48704892984576,0.35474818289767424,652.2450610591487,851.9957055511471,0
54.51367890529098,0.36183992871752035,652.4723168312689,849.0469576392551,0
54.540062859126536,0.3460026089770238,652.697473095976,855.6321151873535,0
54.56668537937146,0.36183992871752035,652.9246652466594,849.0469576392551,0
54.56668537937146,0.3514755518172238,652.9246652466594,853.3564655543984,0
54.59306933320701,0.3563821277419259,653.1498215113664,851.3163112849072,0
54.61945328704257,0.3536556744241659,653.3749777760735,852.4499705744319,0
54.646083262487785,0.3672928353530403,653.6022335481937,846.7796390602059,0
54.646083262487785,0.3498367126328976,653.6022335481937,854.0378948872412,0
54.67246721632334,0.3563821277419259,653.8273898129007,851.3163112849072,0
54.69909719176855,0.36238121214013636,654.0546455850209,848.8218919921313,0
54.72523512399446,0.3563821277419259,654.2777023423147,851.3163112849072,0
54.72523512399446,0.35256316595065756,654.2777023423147,852.9042355977166,0
54.751619077830014,0.35256316595065756,654.5028586070217,852.9042355977166,0
54.778249053275225,0.3536556744241659,654.7301143791419,852.4499705744319,0
54.80487157352015,0.3585672976370699,654.9573065298254,850.4077176425063,0
54.80487157352015,0.34764144816134995,654.9573065298254,854.9506858545108,0
54.83150154896536,0.36838534382654864,655.1845623019456,846.3253740369211,0
54.85788550280092,0.3536556744241659,655.4097185666526,852.4499705744319,0
54.884023435026826,0.363473873561772,655.6327753239464,848.3675633730153,0
54.884023435026826,0.3612935980067025,655.6327753239464,849.2741219488131,0
54.91065341047204,0.35256316595065756,655.8600310960666,852.9042355977166,0
54.93703736430759,0.36238121214013636,656.0851873607736,848.8218919921313,0
54.96365988455252,0.36456638203528036,656.312379511457,847.9132983497304,0
54.96365988455252,0.36238121214013636,656.312379511457,848.8218919921313,0
54.99028985999773,0.3449151477917173,656.5396352835772,856.084281548204,0
55.01642779222363,0.3585672976370699,656.7626920408711,850.4077176425063,0
55.04305776766884,0.36838534382654864,656.9899478129913,846.3253740369211,0
55.069441721504404,0.35965980611057824,657.2151040776984,849.9534526192216,0
55.069441721504404,0.3449151477917173,657.2151040776984,856.084281548204,0
55.09607169694962,0.36620522121960647,657.4423598498186,847.2318690168877,0
55.12245565078518,0.3612935980067025,657.6675161145256,849.2741219488131,0
55.14883960462073,0.3563821277419259,657.8926723792325,851.3163112849072,0
55.14883960462073,0.3558408443193099,657.8926723792325,851.541376932031,0
55.17546212486565,0.3558408443193099,658.119864529916,851.541376932031,0
55.20184607870121,0.360747420244012,658.345020794623,849.5012226625398,0
55.22847605414643,0.3602010895331942,658.5722765667432,849.7283869720978,0
55.22847605414643,0.35092922110640595,658.5722765667432,853.5836298639564,0
55.25486000798198,0.3585672976370699,658.7974328314502,850.4077176425063,0
55.281243961817545,0.35747463621543424,659.0225890961573,850.8620462616225,0
55.3076279156531,0.35038304334371545,659.2477453608643,853.8107305776831,0
55.3076279156531,0.3454564312143333,659.2477453608643,855.8592159010802,0
55.334011869488656,0.35528946632029024,659.4729016255712,851.7706399040234,0
55.360634389733576,0.34218364718575545,659.7000937762547,857.2200395001629,0
55.387264365178794,0.3667515519304243,659.927349548375,847.0047047073296,0
55.387264365178794,0.36456638203528036,659.927349548375,847.9132983497304,0
55.41364831901435,0.35474818289767424,660.1525058130819,851.9957055511471,0
55.44003227284991,0.35802096692625207,660.377662077789,850.6348819520645,0
55.46641622668547,0.3558408443193099,660.602818342496,851.541376932031,0
55.46641622668547,0.35474818289767424,660.602818342496,851.9957055511471,0
55.49304620213068,0.34764144816134995,660.8300741146162,854.9506858545108,0
55.51943015596623,0.35802096692625207,661.0552303793232,850.6348819520645,0
55.54581410980179,0.36783916606385814,661.2803866440302,846.5524747506478,0
55.54581410980179,0.36620522121960647,661.2803866440302,847.2318690168877,0
55.57219806363735,0.3602010895331942,661.5055429087372,849.7283869720978,0
55.59882058388227,0.35747463621543424,661.7327350594206,850.8620462616225,0
55.62545055932748,0.36620522121960647,661.9599908315408,847.2318690168877,0
55.62545055932748,0.3563821277419259,661.9599908315408,851.3163112849072,0
55.651834513163045,0.3514755518172238,662.1851470962479,853.3564655543984,0
55.6782184669986,0.3520218825280416,662.4103033609549,853.1293012448403,0
55.70484844244382,0.3651127127460982,662.6375591330751,847.6861340401724,0
55.70484844244382,0.35802096692625207,662.6375591330751,850.6348819520645,0
55.73098637466971,0.36238121214013636,662.8606158903689,848.8218919921313,0
55.757854916524295,0.35802096692625207,663.0899075484656,850.6348819520645,0
55.78423887035985,0.37547708964639476,663.3150638131726,843.3766261250291,0
55.78423887035985,0.35802096692625207,663.3150638131726,850.6348819520645,0
55.810622824195406,0.3558408443193099,663.5402200778796,851.541376932031,0
55.83725279964063,0.35692845845274374,663.7674758499998,851.0891469753492,0
55.863390731866524,0.3694729579599825,663.9905326072936,845.8731440802393,0
55.863390731866524,0.35747463621543424,663.9905326072936,850.8620462616225,0
55.89002070731174,0.3585672976370699,664.2177883794138,850.4077176425063,0
55.9164046611473,0.37111179714430864,664.4429446441209,845.1917147473965,0
55.94278861498286,0.360747420244012,664.6681009088278,849.5012226625398,0
55.94278861498286,0.35802096692625207,664.6681009088278,850.6348819520645,0
55.969657156837435,0.3591134753997604,664.8973925669245,850.1806169287796,0
55.99604111067299,0.34054985528963116,665.1225488316315,857.8993701705714,0
56.02242506450855,0.360747420244012,665.3477050963385,849.5012226625398,0
56.02242506450855,0.34873410958298556,665.3477050963385,854.4963572353946,0
56.04880901834411,0.3416373164749376,665.5728613610455,857.4472038097209,0
56.075192972179664,0.35965980611057824,665.7980176257525,849.9534526192216,0
56.101822947624875,0.3520218825280416,666.0252733978728,853.1293012448403,0
56.101822947624875,0.3454564312143333,666.0252733978728,855.8592159010802,0
56.12820690146043,0.35420200513498373,666.2504296625798,852.2228062648738,0
56.154583400095696,0.3465489396878416,666.4755223058501,855.4049508777955,0
56.18121337554091,0.35802096692625207,666.7027780779703,850.6348819520645,0
56.207597329376476,0.3667515519304243,666.9279343426772,847.0047047073296,0
56.207597329376476,0.35802096692625207,666.9279343426772,850.6348819520645,0
56.23422730482169,0.3591134753997604,667.1551901147975,850.1806169287796,0
56.26061125865724,0.3558408443193099,667.3803463795044,851.541376932031,0
56.2869952124928,0.35310934371334807,667.6055026442115,852.6771348839899,0
56.2869952124928,0.35256316595065756,667.6055026442115,852.9042355977166,0
56.31337916632836,0.3438224863700816,667.8306589089185,856.5386101673201,0
56.33976312016392,0.36238121214013636,668.0558151736255,848.8218919921313,0
56.36663166201849,0.36620522121960647,668.2851068317221,847.2318690168877,0
56.36663166201849,0.3481827315839659,668.2851068317221,854.725620207387,0
56.393015615854054,0.3460026089770238,668.5102630964292,855.6321151873535,0
56.41964559129927,0.35965980611057824,668.7375188685494,849.9534526192216,0
56.445783523525165,0.36783916606385814,668.9605756258431,846.5524747506478,0
56.445783523525165,0.36620522121960647,668.9605756258431,847.2318690168877,0
56.47216747736073,0.3743845811728864,669.1857318905502,843.8308911483139,0
56.49879745280594,0.3694729579599825,669.4129876626704,845.8731440802393,0
56.5251814066415,0.3694729579599825,669.6381439273774,845.8731440802393,0
56.5251814066415,0.3672928353530403,669.6381439273774,846.7796390602059,0
56.551803926886414,0.36620522121960647,669.8653360780609,847.2318690168877,0
56.57818788072198,0.37057051372169264,670.0904923427679,845.4167803945203,0
56.60457183455753,0.37111179714430864,670.3156486074749,845.1917147473965,0
56.60457183455753,0.3700192886708003,670.3156486074749,845.6459797706813,0
56.63120181000275,0.35528946632029024,670.5429043795951,851.7706399040234,0
56.657585763838306,0.37329191975125076,670.7680606443021,844.2852197674299,0
56.684215739283516,0.3700192886708003,670.9953164164224,845.6459797706813,0
56.684215739283516,0.36893167453736647,670.9953164164224,846.098209727363,0
56.71059223791878,0.3651127127460982,671.2204090596925,847.6861340401724,0
56.73673762534498,0.3591134753997604,671.4435294384232,850.1806169287796,0
56.763606167199555,0.3612935980067025,671.6728210965198,849.2741219488131,0
56.763606167199555,0.3492903819220798,671.6728210965198,854.2650591967993,0
56.78999012103512,0.36893167453736647,671.8979773612268,846.098209727363,0
56.81662009648033,0.3536556744241659,672.125233133347,852.4499705744319,0
56.84300405031588,0.36838534382654864,672.3503893980541,846.3253740369211,0
56.84300405031588,0.3492903819220798,672.3503893980541,854.2650591967993,0
56.86914198254179,0.3585672976370699,672.5734461553478,850.4077176425063,0
56.895771957987,0.3558408443193099,672.800701927468,851.541376932031,0
56.92215591182256,0.3591134753997604,673.0258581921751,850.1806169287796,0
56.92215591182256,0.35747463621543424,673.0258581921751,850.8620462616225,0
56.94902445367713,0.3585672976370699,673.2551498502718,850.4077176425063,0
56.975408407512695,0.3651127127460982,673.4803061149787,847.6861340401724,0
57.001546339738596,0.35802096692625207,673.7033628722726,850.6348819520645,0
57.001546339738596,0.34873410958298556,673.7033628722726,854.4963572353946,0
57.028176315183806,0.3667515519304243,673.9306186443928,847.0047047073296,0
57.05456026901936,0.36783916606385814,674.1557749090998,846.5524747506478,0
57.08119024446458,0.36238121214013636,674.38303068122,848.8218919921313,0
57.08119024446458,0.3563821277419259,674.38303068122,851.3163112849072,0
57.107566743099845,0.36620522121960647,674.6081233244902,847.2318690168877,0
57.13395069693541,0.36783916606385814,674.8332795891972,846.5524747506478,0
57.16058067238062,0.37329191975125076,675.0605353613174,844.2852197674299,0
57.16058067238062,0.3520218825280416,675.0605353613174,853.1293012448403,0
57.186964626216174,0.35420200513498373,675.2856916260245,852.2228062648738,0
57.21359460166139,0.35092922110640595,675.5129473981447,853.5836298639564,0
57.23997855549695,0.3651127127460982,675.7381036628517,847.6861340401724,0
57.23997855549695,0.35747463621543424,675.7381036628517,850.8620462616225,0
57.26636250933251,0.360747420244012,675.9632599275587,849.5012226625398,0
57.292746463168065,0.3591134753997604,676.1884161922657,850.1806169287796,0
57.31913041700362,0.36620522121960647,676.4135724569727,847.2318690168877,0
57.3459989588582,0.3656588905087887,676.6428641150694,847.4590333264457,0
57.3459989588582,0.3585672976370699,676.6428641150694,850.4077176425063,0
57.37238291269376,0.36893167453736647,676.8680203797763,846.098209727363,0
57.398766866529314,0.36620522121960647,677.0931766444834,847.2318690168877,0
57.42515082036487,0.36183992871752035,677.3183329091904,849.0469576392551,0
57.42515082036487,0.3602010895331942,677.3183329091904,849.7283869720978,0
57.45153477420043,0.35965980611057824,677.5434891738975,849.9534526192216,0
57.47816474964564,0.371663022195201,677.7707449460177,844.9625153712354,0
57.50454124828091,0.3694729579599825,677.9958375892879,845.8731440802393,0
57.50454124828091,0.3612935980067025,677.9958375892879,849.2741219488131,0
57.531171223726126,0.35802096692625207,678.2230933614081,850.6348819520645,0
57.55780119917134,0.3514755518172238,678.4503491335283,853.3564655543984,0
57.58393913139724,0.37057051372169264,678.6734058908221,845.4167803945203,0
57.58393913139724,0.36456638203528036,678.6734058908221,847.9132983497304,0
57.61056910684245,0.36783916606385814,678.9006616629423,846.5524747506478,0
57.63695306067801,0.360747420244012,679.1258179276493,849.5012226625398,0
57.66333701451357,0.3558408443193099,679.3509741923564,851.541376932031,0
57.66333701451357,0.3536556744241659,679.3509741923564,852.4499705744319,0
57.689959534758486,0.371663022195201,679.5781663430398,844.9625153712354,0
57.716104922184684,0.35528946632029024,679.8012867217703,851.7706399040234,0
57.74297346403926,0.35965980611057824,680.030578379867,849.9534526192216,0
57.74297346403926,0.3514755518172238,680.030578379867,853.3564655543984,0
57.769357417874815,0.36893167453736647,680.255734644574,846.098209727363,0
57.79574137171038,0.36620522121960647,680.480890909281,847.2318690168877,0
57.82237134715559,0.3656588905087887,680.7081466814012,847.4590333264457,0
57.82237134715559,0.35965980611057824,680.7081466814012,849.9534526192216,0
57.848509279381496,0.3372720239728515,680.9312034386951,859.2622924320884,0
57.875139254826706,0.3520218825280416,681.1584592108153,853.1293012448403,0
57.90151575346197,0.371663022195201,681.3835518540856,844.9625153712354,0
57.90151575346197,0.35747463621543424,681.3835518540856,850.8620462616225,0
57.92789970729753,0.35747463621543424,681.6087081187925,850.8620462616225,0
57.9547757043524,0.3591134753997604,681.838063398326,850.1806169287796,0
57.981159658187956,0.35474818289767424,682.063219663033,851.9957055511471,0
57.981159658187956,0.35256316595065756,682.063219663033,852.9042355977166,0
58.00754361202351,0.363473873561772,682.2883759277399,848.3675633730153,0
58.033927565859074,0.3536556744241659,682.513532192447,852.4499705744319,0
58.06031151969463,0.3629275428509542,682.738688457154,848.5947276825733,0
58.06031151969463,0.36238121214013636,682.738688457154,848.8218919921313,0
58.08693403993955,0.3481827315839659,682.9658806078374,854.725620207387,0
58.11356401538477,0.36620522121960647,683.1931363799577,847.2318690168877,0
58.13994796922032,0.3591134753997604,683.4182926446647,850.1806169287796,0
58.13994796922032,0.35420200513498373,683.4182926446647,852.2228062648738,0
58.16633192305588,0.3667515519304243,683.6434489093717,847.0047047073296,0
58.192715876891434,0.37057051372169264,683.8686051740787,845.4167803945203,0
58.219345852336644,0.3612935980067025,684.0958609461989,849.2741219488131,0
58.219345852336644,0.3602010895331942,684.0958609461989,849.7283869720978,0
58.24572980617221,0.3536556744241659,684.3210172109059,852.4499705744319,0
58.27235232641713,0.35802096692625207,684.5482093615893,850.6348819520645,0
58.298490258643035,0.3563821277419259,684.7712661188832,851.3163112849072,0
58.298490258643035,0.35092922110640595,684.7712661188832,853.5836298639564,0
58.325120234088246,0.3558408443193099,684.9985218910034,851.541376932031,0
58.351750209533456,0.3536556744241659,685.2257776631236,852.4499705744319,0
58.37813416336901,0.3498367126328976,685.4509339278306,854.0378948872412,0
58.37813416336901,0.3460026089770238,685.4509339278306,855.6321151873535,0
58.40476413881423,0.3640200513244625,685.6781896999508,848.1404626592886,0
58.43090207104014,0.35474818289767424,685.9012464572446,851.9957055511471,0
58.45728602487569,0.363473873561772,686.1264027219516,848.3675633730153,0
58.48390854512061,0.35528946632029024,686.3535948726351,851.7706399040234,0
58.48390854512061,0.34873410958298556,686.3535948726351,854.4963572353946,0
58.510538520565824,0.35965980611057824,686.5808506447553,849.9534526192216,0
58.53716849601104,0.3454564312143333,686.8081064168755,855.8592159010802,0
58.56403703786562,0.35965980611057824,687.0373980749722,849.9534526192216,0
58.56403703786562,0.35038304334371545,687.0373980749722,853.8107305776831,0
58.59042099170118,0.3454564312143333,687.2625543396792,855.8592159010802,0
58.61705096714639,0.3700192886708003,687.4898101117994,845.6459797706813,0
58.643434920981946,0.35965980611057824,687.7149663765064,849.9534526192216,0
58.643434920981946,0.35038304334371545,687.7149663765064,853.8107305776831,0
58.6698188748175,0.34764144816134995,687.9401226412134,854.9506858545108,0
58.69644885026272,0.3558408443193099,688.1673784133336,851.541376932031,0
58.722825348897985,0.3591134753997604,688.3924710566039,850.1806169287796,0
58.722825348897985,0.35802096692625207,688.3924710566039,850.6348819520645,0
58.749455324343195,0.35092922110640595,688.6197268287241,853.5836298639564,0
58.77583927817875,0.35528946632029024,688.8448830934311,851.7706399040234,0
58.80222323201431,0.3612935980067025,689.0700393581382,849.2741219488131,0
58.80222323201431,0.35802096692625207,689.0700393581382,850.6348819520645,0
58.82860718584987,0.3629275428509542,689.2951956228451,848.5947276825733,0
58.855237161295086,0.36620522121960647,689.5224513949654,847.2318690168877,0
58.88185968154001,0.3558408443193099,689.7496435456488,851.541376932031,0
58.88185968154001,0.35310934371334807,689.7496435456488,852.6771348839899,0
58.90824363537556,0.363473873561772,689.9747998103558,848.3675633730153,0
58.93487361082078,0.36783916606385814,690.2020555824761,846.5524747506478,0
58.96101154304668,0.36456638203528036,690.4251123397698,847.9132983497304,0
58.96101154304668,0.35802096692625207,690.4251123397698,850.6348819520645,0
58.987395496882236,0.35038304334371545,690.6502686044769,853.8107305776831,0
59.014025472327454,0.3672928353530403,690.8775243765971,846.7796390602059,0
59.04040942616301,0.36183992871752035,691.1026806413041,849.0469576392551,0
59.04040942616301,0.3481827315839659,691.1026806413041,854.725620207387,0
59.06727796801759,0.3656588905087887,691.3319722994007,847.4590333264457,0
59.093423355443775,0.3563821277419259,691.5550926781312,851.3163112849072,0
59.11979985407904,0.3602010895331942,691.7801853214015,849.7283869720978,0
59.11979985407904,0.35256316595065756,691.7801853214015,852.9042355977166,0
59.14642982952426,0.35965980611057824,692.0074410935217,849.9534526192216,0
59.17281378335982,0.35420200513498373,692.2325973582288,852.2228062648738,0
59.19944375880503,0.37547708964639476,692.459853130349,843.3766261250291,0
59.19944375880503,0.3640200513244625,692.459853130349,848.1404626592886,0
59.22582771264059,0.3492903819220798,692.685009395056,854.2650591967993,0
59.25196564486649,0.35528946632029024,692.9080661523498,851.7706399040234,0
59.27883418672107,0.36838534382654864,693.1373578104465,846.3253740369211,0
59.27883418672107,0.35692845845274374,693.1373578104465,851.0891469753492,0
59.305218140556626,0.3591134753997604,693.3625140751535,850.1806169287796,0
59.33184811600184,0.35802096692625207,693.5897698472737,850.6348819520645,0
59.3582320698374,0.35528946632029024,693.8149261119806,851.7706399040234,0
59.3582320698374,0.3481827315839659,693.8149261119806,854.725620207387,0
59.3843700020633,0.3465489396878416,694.0379828692745,855.4049508777955,0
59.41099997750851,0.3585672976370699,694.2652386413947,850.4077176425063,0
59.437383931344066,0.35802096692625207,694.4903949061018,850.6348819520645,0
59.437383931344066,0.35528946632029024,694.4903949061018,851.7706399040234,0
59.46425247319865,0.3536556744241659,694.7196865641984,852.4499705744319,0
59.490636427034204,0.3612935980067025,694.9448428289054,849.2741219488131,0
59.51677435926011,0.3585672976370699,695.1678995861992,850.4077176425063,0
59.51677435926011,0.3558408443193099,695.1678995861992,851.541376932031,0
59.54340433470532,0.360747420244012,695.3951553583194,849.5012226625398,0
59.56978828854088,0.36456638203528036,695.6203116230264,847.9132983497304,0
59.596418263986095,0.3738432977502704,695.8475673951466,844.0559567954376,0
59.62280221782165,0.371663022195201,696.0727236598536,844.9625153712354,0
59.62280221782165,0.3629275428509542,696.0727236598536,848.5947276825733,0
59.649186171657206,0.3672928353530403,696.2978799245607,846.7796390602059,0
59.67580869190213,0.35528946632029024,696.5250720752441,851.7706399040234,0
59.70219264573768,0.36183992871752035,696.7502283399511,849.0469576392551,0
59.70219264573768,0.35474818289767424,696.7502283399511,851.9957055511471,0
59.7288226211829,0.35528946632029024,696.9774841120714,851.7706399040234,0
59.75520657501846,0.34764144816134995,697.2026403767783,854.9506858545108,0
59.78159052885402,0.3602010895331942,697.4277966414853,849.7283869720978,0
59.80797448268957,0.3694729579599825,697.6529529061924,845.8731440802393,0
59.834358436525136,0.3738432977502704,697.8781091708994,844.0559567954376,0
59.86122697837971,0.35965980611057824,698.107400828996,849.9534526192216,0
59.86122697837971,0.34764144816134995,698.107400828996,854.9506858545108,0
59.88761093221527,0.3672928353530403,698.332557093703,846.7796390602059,0
59.91399488605083,0.3656588905087887,698.5577133584101,847.4590333264457,0
59.940378839886385,0.36893167453736647,698.782869623117,846.098209727363,0
59.940378839886385,0.3629275428509542,698.782869623117,848.5947276825733,0
59.96676279372194,0.3602010895331942,699.008025887824,849.7283869720978,0
59.99339276916715,0.3498367126328976,699.2352816599442,854.0378948872412,0
60.01977672300271,0.3749307589355769,699.4604379246513,843.6037904345872,0
60.01977672300271,0.36456638203528036,699.4604379246513,847.9132983497304,0
60.046406698447925,0.3694729579599825,699.6876936967715,845.8731440802393,0
60.073029218692845,0.35528946632029024,699.9148858474549,851.7706399040234,0
60.09916715091875,0.36783916606385814,700.1379426047488,846.5524747506478,0
60.09916715091875,0.36456638203528036,700.1379426047488,847.9132983497304,0
60.12579712636396,0.35256316595065756,700.365198376869,852.9042355977166,0
60.15218108019952,0.35965980611057824,700.590354641576,849.9534526192216,0
60.178565034035074,0.3765695981199031,700.815510906283,842.9223611017443,0
60.178565034035074,0.3563821277419259,700.815510906283,851.3163112849072,0
60.20519500948029,0.3602010895331942,701.0427666784032,849.7283869720978,0
60.23157896331585,0.3629275428509542,701.2679229431102,848.5947276825733,0
60.25820148356077,0.3672928353530403,701.4951150937936,846.7796390602059,0
60.25820148356077,0.3640200513244625,701.4951150937936,848.1404626592886,0
60.28458543739632,0.3602010895331942,701.7202713585007,849.7283869720978,0
60.310969391231886,0.363473873561772,701.9454276232077,848.3675633730153,0
60.337599366677104,0.3629275428509542,702.1726833953279,848.5947276825733,0
60.337599366677104,0.3536556744241659,702.1726833953279,852.4499705744319,0
60.363737298903,0.3536556744241659,702.3957401526217,852.4499705744319,0
60.390367274348215,0.36838534382654864,702.6229959247419,846.3253740369211,0
60.41675122818378,0.360747420244012,702.8481521894489,849.5012226625398,0
60.41675122818378,0.35965980611057824,702.8481521894489,849.9534526192216,0
60.44338120362899,0.35420200513498373,703.0754079615691,852.2228062648738,0
60.47000372387391,0.3591134753997604,703.3026001122525,850.1806169287796,0
60.49638767770947,0.3738432977502704,703.5277563769596,844.0559567954376,0
60.49638767770947,0.3602010895331942,703.5277563769596,849.7283869720978,0
60.52277163154503,0.371663022195201,703.7529126416666,844.9625153712354,0
60.54915558538058,0.36620522121960647,703.9780689063737,847.2318690168877,0
60.57553953921614,0.36620522121960647,704.2032251710806,847.2318690168877,0
60.57553953921614,0.35474818289767424,704.2032251710806,851.9957055511471,0
60.60216951466135,0.3591134753997604,704.4304809432009,850.1806169287796,0
60.628792034906276,0.3591134753997604,704.6576730938843,850.1806169287796,0
60.65517598874183,0.3602010895331942,704.8828293585913,849.7283869720978,0
60.65517598874183,0.35310934371334807,704.8828293585913,852.6771348839899,0
60.681559942577394,0.3640200513244625,705.1079856232983,848.1404626592886,0
60.70794389641295,0.36620522121960647,705.3331418880053,847.2318690168877,0
60.73457387185816,0.36783916606385814,705.5603976601255,846.5524747506478,0
60.73457387185816,0.3629275428509542,705.5603976601255,848.5947276825733,0
60.760957825693716,0.3612935980067025,705.7855539248326,849.2741219488131,0
60.78758780113893,0.3558408443193099,706.0128096969528,851.541376932031,0
60.813725733364834,0.3585672976370699,706.2358664542465,850.4077176425063,0
60.84035570881005,0.37111179714430864,706.4631222263667,845.1917147473965,0
60.84035570881005,0.3585672976370699,706.4631222263667,850.4077176425063,0
60.86697822905497,0.3656588905087887,706.6903143770503,847.4590333264457,0
60.89336218289053,0.3481827315839659,706.9154706417572,854.725620207387,0
60.919992158335745,0.35256316595065756,707.1427264138774,852.9042355977166,0
60.94613009056164,0.3640200513244625,707.3657831711713,848.1404626592886,0
60.9725140443972,0.3563821277419259,707.5909394358783,851.3163112849072,0
60.99939004145207,0.36783916606385814,707.8202947154117,846.5524747506478,0
60.99939004145207,0.3629275428509542,707.8202947154117,848.5947276825733,0
61.02576654008733,0.35528946632029024,708.045387358682,851.7706399040234,0
61.05239651553255,0.3520218825280416,708.2726431308022,853.1293012448403,0
61.07853444775845,0.35747463621543424,708.4956998880959,850.8620462616225,0
61.07853444775845,0.3563821277419259,708.4956998880959,851.3163112849072,0
61.104918401594006,0.3602010895331942,708.720856152803,849.7283869720978,0
61.13154837703922,0.35965980611057824,708.9481119249232,849.9534526192216,0
61.15793233087478,0.3694729579599825,709.1732681896302,845.8731440802393,0
61.15793233087478,0.36183992871752035,709.1732681896302,849.0469576392551,0
61.18456230631999,0.35747463621543424,709.4005239617504,850.8620462616225,0
61.2107002385459,0.3602010895331942,709.6235807190442,849.7283869720978,0
61.23733021399111,0.35747463621543424,709.8508364911645,850.8620462616225,0
61.23733021399111,0.3520218825280416,709.8508364911645,853.1293012448403,0
61.263952734236035,0.3629275428509542,710.0780286418479,848.5947276825733,0
61.29033668807159,0.35310934371334807,710.3031849065549,852.6771348839899,0
61.3169666635168,0.3667515519304243,710.5304406786752,847.0047047073296,0
61.3169666635168,0.35474818289767424,710.5304406786752,851.9957055511471,0
61.34335061735236,0.36183992871752035,710.7555969433821,849.0469576392551,0
61.369488549578264,0.3694729579599825,710.978653700676,845.8731440802393,0
61.396118525023475,0.36238121214013636,711.2059094727962,848.8218919921313,0
61.396118525023475,0.3591134753997604,711.2059094727962,850.1806169287796,0
61.4227410452684,0.35747463621543424,711.4331016234796,850.8620462616225,0
61.44937102071361,0.3629275428509542,711.6603573955998,848.5947276825733,0
61.47575497454917,0.35528946632029024,711.8855136603069,851.7706399040234,0
61.47575497454917,0.35310934371334807,711.8855136603069,852.6771348839899,0
61.50189290677507,0.35038304334371545,712.1085704176006,853.8107305776831,0
61.52852288222028,0.3651127127460982,712.3358261897208,847.6861340401724,0
61.55490683605584,0.3558408443193099,712.5609824544279,851.541376932031,0
61.55490683605584,0.3481827315839659,712.5609824544279,854.725620207387,0
61.58153681150106,0.36783916606385814,712.7882382265481,846.5524747506478,0
61.60815933174597,0.3492903819220798,713.0154303772315,854.2650591967993,0
61.634543285581536,0.3602010895331942,713.2405866419385,849.7283869720978,0
61.634543285581536,0.34218364718575545,713.2405866419385,857.2200395001629,0
61.66092723941709,0.35420200513498373,713.4657429066456,852.2228062648738,0
61.68731119325265,0.35310934371334807,713.6908991713526,852.6771348839899,0
61.713941168697865,0.35692845845274374,713.9181549434728,851.0891469753492,0
61.713941168697865,0.3498367126328976,713.9181549434728,854.0378948872412,0
61.74032512253342,0.3492903819220798,714.1433112081797,854.2650591967993,0
61.76670907636898,0.35747463621543424,714.3684674728868,850.8620462616225,0
61.79333905181419,0.35092922110640595,714.595723245007,853.5836298639564,0
61.81971555044946,0.35528946632029024,714.8208158882773,851.7706399040234,0
61.84634552589468,0.3460026089770238,715.0480716603975,855.6321151873535,0
61.87272947973023,0.3558408443193099,715.2732279251045,851.541376932031,0
61.87272947973023,0.35420200513498373,715.2732279251045,852.2228062648738,0
61.89911343356579,0.3585672976370699,715.4983841898115,850.4077176425063,0
61.92549738740135,0.36620522121960647,715.7235404545185,847.2318690168877,0
61.951881341236906,0.3656588905087887,715.9486967192255,847.4590333264457,0
61.978511316682116,0.3454564312143333,716.1759524913457,855.8592159010802,0
61.978511316682116,0.3449151477917173,716.1759524913457,856.084281548204,0
62.005133836927044,0.3563821277419259,716.4031446420291,851.3163112849072,0
62.0315177907626,0.3449151477917173,716.6283009067362,856.084281548204,0
62.05814776620781,0.3656588905087887,716.8555566788564,847.4590333264457,0
62.05814776620781,0.3460026089770238,716.8555566788564,855.6321151873535,0
62.08428569843371,0.372204305617817,717.0786134361502,844.7374497241118,0
62.11091567387892,0.3629275428509542,717.3058692082705,848.5947276825733,0
62.137299627714484,0.3672928353530403,717.5310254729774,846.7796390602059,0
62.137299627714484,0.35692845845274374,717.5310254729774,851.0891469753492,0
62.16368358155004,0.3438224863700816,717.7561817376844,856.5386101673201,0
62.190552123404615,0.3602010895331942,717.9854733957811,849.7283869720978,0
62.21669005563052,0.35256316595065756,718.2085301530749,852.9042355977166,0
62.24332003107573,0.363473873561772,718.4357859251951,848.3675633730153,0
62.26970398491129,0.35802096692625207,718.6609421899021,850.6348819520645,0
62.296087938746844,0.360747420244012,718.8860984546092,849.5012226625398,0
62.296087938746844,0.35965980611057824,718.8860984546092,849.9534526192216,0
62.32271791419207,0.35747463621543424,719.1133542267294,850.8620462616225,0
62.349101868027624,0.34764144816134995,719.3385104914364,854.9506858545108,0
62.375724388272545,0.363473873561772,719.5657026421198,848.3675633730153,0
62.375724388272545,0.3612935980067025,719.5657026421198,849.2741219488131,0
62.4021083421081,0.35965980611057824,719.7908589068268,849.9534526192216,0
62.428492295943656,0.35802096692625207,720.0160151715338,850.6348819520645,0
62.45512227138887,0.363473873561772,720.243270943654,848.3675633730153,0
62.45512227138887,0.3585672976370699,720.243270943654,850.4077176425063,0
62.48150622522443,0.35528946632029024,720.468427208361,851.7706399040234,0
62.50789017905999,0.35747463621543424,720.6935834730681,850.8620462616225,0
62.53427413289555,0.3656588905087887,720.9187397377751,847.4590333264457,0
62.53427413289555,0.36238121214013636,720.9187397377751,848.8218919921313,0
62.5606580867311,0.363473873561772,721.143896002482,848.3675633730153,0
62.587526628585685,0.34764144816134995,721.3731876605788,854.9506858545108,0
62.61391058242124,0.360747420244012,721.5983439252858,849.5012226625398,0
62.61391058242124,0.35802096692625207,721.5983439252858,850.6348819520645,0
62.640294536256796,0.36893167453736647,721.8235001899927,846.098209727363,0
62.66667849009235,0.36783916606385814,722.0486564546998,846.5524747506478,0
62.693062443927914,0.3787497207268452,722.2738127194068,842.0158661217778,0
62.693062443927914,0.36620522121960647,722.2738127194068,847.2318690168877,0
62.720669050611455,0.3760234203572126,722.509402899743,843.149461815471,0
62.74680698283736,0.371663022195201,722.7324596570369,844.9625153712354,0
62.77319093667292,0.3765695981199031,722.9576159217439,842.9223611017443,0
62.77319093667292,0.36620522121960647,722.9576159217439,847.2318690168877,0
62.79982091211813,0.3700192886708003,723.1848716938641,845.6459797706813,0
62.82620486595369,0.3667515519304243,723.410027958571,847.0047047073296,0
62.85282738619861,0.386934127968327,723.6372201092546,838.6127895907697,0
62.85282738619861,0.3672928353530403,723.6372201092546,846.7796390602059,0
62.87896531842451,0.3585672976370699,723.8602768665484,850.4077176425063,0
62.90534927226007,0.3651127127460982,724.0854331312554,847.6861340401724,0
62.93222526931494,0.3743845811728864,724.3147884107888,843.8308911483139,0
62.93222526931494,0.3651127127460982,724.3147884107888,847.6861340401724,0
62.958609223150496,0.3651127127460982,724.5399446754958,847.6861340401724,0
62.98523174339542,0.3667515519304243,724.7671368261792,847.0047047073296,0
63.01162315243127,0.36183992871752035,724.992356712323,849.0469576392551,0
63.01162315243127,0.3602010895331942,724.992356712323,849.7283869720978,0
63.03776108465717,0.35420200513498373,725.2154134696168,852.2228062648738,0
63.0643836049021,0.3563821277419259,725.4426056203002,851.3163112849072,0
63.09076755873765,0.36238121214013636,725.6677618850073,848.8218919921313,0
63.11764355579252,0.3667515519304243,725.8971171645408,847.0047047073296,0
63.11764355579252,0.3656588905087887,725.8971171645408,847.4590333264457,0
63.144027509628074,0.36456638203528036,726.1222734292477,847.9132983497304,0
63.170165441853975,0.36238121214013636,726.3453301865416,848.8218919921313,0
63.19679541729919,0.371663022195201,726.5725859586618,844.9625153712354,0
63.19679541729919,0.3629275428509542,726.5725859586618,848.5947276825733,0
63.223179371134755,0.363473873561772,726.7977422233688,848.3675633730153,0
63.24980189137967,0.35692845845274374,727.0249343740522,851.0891469753492,0
63.27618584521523,0.37329191975125076,727.2500906387592,844.2852197674299,0
63.27618584521523,0.35474818289767424,727.2500906387592,851.9957055511471,0
63.30256979905079,0.36183992871752035,727.4752469034662,849.0469576392551,0
63.329199774496004,0.3694729579599825,727.7025026755864,845.8731440802393,0
63.35558372833156,0.3694729579599825,727.9276589402934,845.8731440802393,0
63.35558372833156,0.35528946632029024,727.9276589402934,851.7706399040234,0
63.38220624857648,0.3591134753997604,728.1548510909769,850.1806169287796,0
63.40859765761233,0.363473873561772,728.3800709771207,848.3675633730153,0
63.4349741562476,0.35474818289767424,728.605163620391,851.9957055511471,0
63.4349741562476,0.35310934371334807,728.605163620391,852.6771348839899,0
63.461358110083154,0.36238121214013636,728.8303198850979,848.8218919921313,0
63.48774206391871,0.3656588905087887,729.0554761498049,847.4590333264457,0
63.51461806097358,0.36183992871752035,729.2848314293384,849.0469576392551,0
63.51461806097358,0.35310934371334807,729.2848314293384,852.6771348839899,0
63.54100201480914,0.35420200513498373,729.5099876940453,852.2228062648738,0
63.56738596864469,0.3672928353530403,729.7351439587524,846.7796390602059,0
63.593769922480256,0.35747463621543424,729.9603002234594,850.8620462616225,0
63.593769922480256,0.3514755518172238,729.9603002234594,853.3564655543984,0
63.62015387631581,0.36183992871752035,730.1854564881664,849.0469576392551,0
63.64677639656074,0.3612935980067025,730.4126486388499,849.2741219488131,0
63.673160350396294,0.36456638203528036,730.6378049035569,847.9132983497304,0
63.673160350396294,0.35692845845274374,730.6378049035569,851.0891469753492,0
63.699790325841505,0.3743845811728864,730.8650606756771,843.8308911483139,0
63.72642030128672,0.36620522121960647,731.0923164477973,847.2318690168877,0
63.752558233512616,0.35692845845274374,731.3153732050911,851.0891469753492,0
63.752558233512616,0.35420200513498373,731.3153732050911,852.2228062648738,0
63.779180753757544,0.3700192886708003,731.5425653557745,845.6459797706813,0
63.805572162793396,0.3749307589355769,731.7677852419183,843.6037904345872,0
63.83194866142866,0.3765695981199031,731.9928778851886,842.9223611017443,0
63.83194866142866,0.3591134753997604,731.9928778851886,850.1806169287796,0
63.85857863687387,0.372204305617817,732.2201336573088,844.7374497241118,0
63.88471656909977,0.3591134753997604,732.4431904146026,850.1806169287796,0
63.911592566154646,0.3694729579599825,732.672545694136,845.8731440802393,0
63.911592566154646,0.3591134753997604,732.672545694136,850.1806169287796,0
63.9379765199902,0.3656588905087887,732.897701958843,847.4590333264457,0
63.964360473825764,0.36838534382654864,733.12285822355,846.3253740369211,0
63.99098299407068,0.37547708964639476,733.3500503742334,843.3766261250291,0
63.99098299407068,0.3602010895331942,733.3500503742334,849.7283869720978,0
64.01736694790624,0.37275063632863475,733.5752066389405,844.5102854145537,0
64.04375090174179,0.3667515519304243,733.8003629036475,847.0047047073296,0
64.07013485557735,0.3667515519304243,734.0255191683545,847.0047047073296,0
64.07013485557735,0.3640200513244625,734.0255191683545,848.1404626592886,0
64.09676483102257,0.3629275428509542,734.2527749404748,848.5947276825733,0
64.12339480646779,0.35965980611057824,734.480030712595,849.9534526192216,0
64.14977876030333,0.36456638203528036,734.705186977302,847.9132983497304,0
64.14977876030333,0.36183992871752035,734.705186977302,849.0469576392551,0
64.17615525893859,0.3656588905087887,734.9302796205722,847.4590333264457,0
64.20254666797445,0.35802096692625207,735.155499506716,850.6348819520645,0
64.22892316660972,0.3591134753997604,735.3805921499862,850.1806169287796,0
64.25555314205494,0.3743845811728864,735.6078479221064,843.8308911483139,0
64.25555314205494,0.3640200513244625,735.6078479221064,848.1404626592886,0
64.2819370958905,0.3602010895331942,735.8330041868135,849.7283869720978,0
64.3085670713357,0.3602010895331942,736.0602599589337,849.7283869720978,0
64.33495102517126,0.36620522121960647,736.2854162236407,847.2318690168877,0
64.33495102517126,0.3585672976370699,736.2854162236407,850.4077176425063,0
64.36133497900681,0.3591134753997604,736.5105724883476,850.1806169287796,0
64.38795749925174,0.3514755518172238,736.7377646390311,853.3564655543984,0
64.4143414530873,0.36838534382654864,736.9629209037381,846.3253740369211,0
64.4143414530873,0.36783916606385814,736.9629209037381,846.5524747506478,0
64.44072540692287,0.3492903819220798,737.1880771684451,854.2650591967993,0
64.46710936075841,0.3520218825280416,737.4132334331522,853.1293012448403,0
64.49373933620362,0.3629275428509542,737.6404892052724,848.5947276825733,0
64.49373933620362,0.35256316595065756,737.6404892052724,852.9042355977166,0
64.52036931164884,0.36783916606385814,737.8677449773926,846.5524747506478,0
64.5467532654844,0.363473873561772,738.0929012420996,848.3675633730153,0
64.57337578572933,0.36183992871752035,738.3200933927831,849.0469576392551,0
64.57337578572933,0.3591134753997604,738.3200933927831,850.1806169287796,0
64.59952117315552,0.3585672976370699,738.5432137715136,850.4077176425063,0
64.62589767179078,0.3667515519304243,738.7683064147839,847.0047047073296,0
64.65252764723598,0.3694729579599825,738.9955621869041,845.8731440802393,0
64.65252764723598,0.3585672976370699,738.9955621869041,850.4077176425063,0
64.67891160107155,0.36783916606385814,739.2207184516111,846.5524747506478,0
64.70578759812642,0.36456638203528036,739.4500737311445,847.9132983497304,0
64.73192553035233,0.36893167453736647,739.6731304884383,846.098209727363,0
64.73192553035233,0.3558408443193099,739.6731304884383,851.541376932031,0
64.75830948418789,0.3602010895331942,739.8982867531453,849.7283869720978,0
64.7849320044328,0.36456638203528036,740.1254789038288,847.9132983497304,0
64.81131595826835,0.36838534382654864,740.3506351685357,846.3253740369211,0
64.81131595826835,0.3558408443193099,740.3506351685357,851.541376932031,0
64.83794593371357,0.35965980611057824,740.577890940656,849.9534526192216,0
64.86432988754913,0.3585672976370699,740.803047205363,850.4077176425063,0
64.8907138413847,0.36620522121960647,741.02820347007,847.2318690168877,0
64.8907138413847,0.34764144816134995,741.02820347007,854.9506858545108,0
64.91734381682991,0.35965980611057824,741.2554592421902,849.9534526192216,0
64.94372777066546,0.3585672976370699,741.4806155068973,850.4077176425063,0
64.97035029091039,0.35965980611057824,741.7078076575807,849.9534526192216,0
64.97035029091039,0.35802096692625207,741.7078076575807,850.6348819520645,0
64.99673424474594,0.3651127127460982,741.9329639222877,847.6861340401724,0
65.02287217697184,0.37275063632863475,742.1560206795815,844.5102854145537,0
65.04950215241706,0.3672928353530403,742.3832764517017,846.7796390602059,0
65.04950215241706,0.3563821277419259,742.3832764517017,851.3163112849072,0
65.07613212786227,0.35965980611057824,742.6105322238219,849.9534526192216,0
65.10276210330748,0.371663022195201,742.8377879959421,844.9625153712354,0
65.12913860194274,0.3558408443193099,743.0628806392124,851.541376932031,0
65.12913860194274,0.3465489396878416,743.0628806392124,855.4049508777955,0
65.15528398936894,0.3591134753997604,743.286001017943,850.1806169287796,0
65.18190650961387,0.3498367126328976,743.5131931686265,854.0378948872412,0
65.20829046344943,0.3629275428509542,743.7383494333334,848.5947276825733,0
65.20829046344943,0.3602010895331942,743.7383494333334,849.7283869720978,0
65.23492043889463,0.36183992871752035,743.9656052054537,849.0469576392551,0
65.26130439273018,0.3563821277419259,744.1907614701606,851.3163112849072,0
65.28793436817541,0.363473873561772,744.4180172422808,848.3675633730153,0
65.28793436817541,0.3585672976370699,744.4180172422808,850.4077176425063,0
65.31431832201096,0.3492903819220798,744.6431735069879,854.2650591967993,0
65.34070227584652,0.35092922110640595,744.8683297716949,853.5836298639564,0
65.36732479609145,0.3536556744241659,745.0955219223783,852.4499705744319,0
65.393708749927,0.3591134753997604,745.3206781870854,850.1806169287796,0
65.393708749927,0.3563821277419259,745.3206781870854,851.3163112849072,0
65.42009270376255,0.3514755518172238,745.5458344517924,853.3564655543984,0
65.44647665759811,0.3492903819220798,745.7709907164993,854.2650591967993,0
65.47310663304333,0.3672928353530403,745.9982464886195,846.7796390602059,0
65.47310663304333,0.3629275428509542,745.9982464886195,848.5947276825733,0
65.49973660848855,0.3591134753997604,746.2255022607399,850.1806169287796,0
65.52611310712382,0.3563821277419259,746.45059490401,851.3163112849072,0
65.55250451615966,0.35420200513498373,746.6758147901538,852.2228062648738,0
65.55250451615966,0.35256316595065756,746.6758147901538,852.9042355977166,0
65.57912703640459,0.3520218825280416,746.9030069408373,853.1293012448403,0
65.60526496863048,0.35474818289767424,747.1260636981311,851.9957055511471,0
65.6318949440757,0.35692845845274374,747.3533194702513,851.0891469753492,0
65.6318949440757,0.34709527039865945,747.3533194702513,855.1777865682375,0
65.65827889791126,0.3585672976370699,747.5784757349583,850.4077176425063,0
65.68490887335648,0.3514755518172238,747.8057315070786,853.3564655543984,0
65.71153139360139,0.36456638203528036,748.032923657762,847.9132983497304,0
65.71153139360139,0.35310934371334807,748.032923657762,852.6771348839899,0
65.73767678102757,0.34764144816134995,748.2560440364925,854.9506858545108,0
65.7642993012725,0.3640200513244625,748.483236187176,848.1404626592886,0
65.79068325510806,0.3694729579599825,748.708392451883,845.8731440802393,0
65.79068325510806,0.36183992871752035,748.708392451883,849.0469576392551,0
65.81706720894363,0.35802096692625207,748.93354871659,850.6348819520645,0
65.84369718438884,0.35310934371334807,749.1608044887103,852.6771348839899,0
65.87008113822439,0.3667515519304243,749.3859607534172,847.0047047073296,0
65.87008113822439,0.36238121214013636,749.3859607534172,848.8218919921313,0
65.89671111366961,0.3481827315839659,749.6132165255375,854.725620207387,0
65.92308761230487,0.3602010895331942,749.8383091688077,849.7283869720978,0
65.94947902134072,0.35310934371334807,750.0635290549515,852.6771348839899,0
65.94947902134072,0.35256316595065756,750.0635290549515,852.9042355977166,0
65.97610154158565,0.36620522121960647,750.2907212056349,847.2318690168877,0
66.00223947381156,0.3438224863700816,750.5137779629288,856.5386101673201,0
66.02886944925676,0.360747420244012,750.741033735049,849.5012226625398,0
66.02886944925676,0.3602010895331942,750.741033735049,849.7283869720978,0
66.05549942470198,0.3591134753997604,750.9682895071692,850.1806169287796,0
66.08188337853753,0.3612935980067025,751.1934457718762,849.2741219488131,0
66.10850589878245,0.3612935980067025,751.4206379225596,849.2741219488131,0
66.10850589878245,0.35038304334371545,751.4206379225596,853.8107305776831,0
66.13488985261802,0.35802096692625207,751.6457941872666,850.6348819520645,0
66.16127380645356,0.35965980611057824,751.8709504519736,849.9534526192216,0
66.18765776028911,0.36893366286302176,752.0961067166807,846.0973829815556,0
66.18765776028911,0.3672948236786956,752.0961067166807,846.7788123143984,0
66.18765776028911,0.3672928353530403,752.0961067166807,846.7796390602059,0
66.21404171412468,0.3563841160675812,752.3212629813877,851.3154845390998,0
66.2406716895699,0.35911056938534114,752.5485187535079,850.1818252495752,0
66.26729420981482,0.3656559844943694,752.7757109041913,847.4602416472412,0
66.26729420981482,0.3585642386745233,752.7757109041913,850.4089895591333,0
66.29367816365038,0.36129573928048514,753.0008671688984,849.2732316071744,0
66.32006211748593,0.3678411543895134,753.2260234336053,846.5516480048403,0
66.34644607132148,0.3651096537835516,753.4511796983123,847.6874059567992,0
66.34644607132148,0.35911056938534114,753.4511796983123,850.1818252495752,0
66.3730760467667,0.3683824378121294,753.6784354704325,846.3265823577166,0
66.39946000060226,0.3541989461724372,753.9035917351396,852.2240781815007,0
66.42608997604748,0.3651096537835516,754.1308475072598,847.6874059567992,0
66.42608997604748,0.35256515427631285,754.1308475072598,852.9034088519091,0
66.45222790827339,0.3536576627498212,754.3539042645536,852.4491438286244,0
66.4788504285183,0.3536576627498212,754.5810964152371,852.4491438286244,0
66.50548040396352,0.3536576627498212,754.8083521873573,852.4491438286244,0
66.53186435779907,0.36347586188742725,755.0335084520643,848.3667366272077,0
66.53186435779907,0.35256515427631285,755.0335084520643,852.9034088519091,0
66.55849433324428,0.3585642386745233,755.2607642241845,850.4089895591333,0
66.58463226547019,0.35911056938534114,755.4838209814783,850.1818252495752,0
66.61101621930575,0.3629295311766094,755.7089772461853,848.5939009367659,0
66.61101621930575,0.3585642386745233,755.7089772461853,850.4089895591333,0
66.63764619475096,0.35037998438116885,755.9362330183055,853.81200249431,0
66.66426871499588,0.3580179079637055,756.163425168989,850.6361538686913,0
66.69089869044109,0.3481848728577485,756.3906809411092,854.7247298657481,0
66.69089869044109,0.34709221143611285,756.3906809411092,855.1790584848643,0
66.717036622667,0.3531114849871307,756.613737698403,852.6762445423511,0
66.74342057650256,0.35747662454108947,756.83889396311,850.861219515815,0
66.77005055194776,0.35693044677839897,757.0661497352302,851.0883202295418,0
66.77005055194776,0.3509263150919867,757.0661497352302,853.584838184752,0
66.79643450578332,0.36129573928048514,757.2913059999372,849.2732316071744,0
66.82306448122854,0.3585642386745233,757.5185617720574,850.4089895591333,0
66.84968700147346,0.36402203965011776,757.7457539227408,848.139635913481,0
66.84968700147346,0.3514724928546772,757.7457539227408,853.3577374710253,0
66.87680902013798,0.36183702270310114,757.9772087096875,849.0481659600506,0
66.90343154038291,0.35529160759407286,758.2044008603709,851.7697495623845,0
66.92981549421847,0.35037998438116885,758.429557125078,853.81200249431,0
66.92981549421847,0.3438244746957369,758.429557125078,856.5377834215126,0
66.95619944805402,0.3476435894351325,758.654713389785,854.9497955128719,0
66.9830754451089,0.35256515427631285,758.8840686693184,852.9034088519091,0
67.00945939894444,0.35911056938534114,759.1092249340254,850.1818252495752,0
67.00945939894444,0.3531114849871307,759.1092249340254,852.6762445423511,0
67.03583589757972,0.3509263150919867,759.3343175772957,853.584838184752,0
67.06221985141528,0.3531114849871307,759.5594738420027,852.6762445423511,0
67.08860380525084,0.3563841160675812,759.7846301067096,851.3154845390998,0
67.08860380525084,0.35475032417145685,759.7846301067096,851.9948152095083,0
67.11523378069604,0.3580179079637055,760.01188587883,850.6361538686913,0
67.1416177345316,0.3481848728577485,760.2370421435369,854.7247298657481,0
67.16824770997681,0.35529160759407286,760.4642979156571,851.7697495623845,0
67.16824770997681,0.3514724928546772,760.4642979156571,853.3577374710253,0
67.19463166381237,0.3492923702477351,760.6894541803641,854.2642324509918,0
67.22101561764794,0.3645683703609356,760.9146104450712,847.912471603923,0
67.24763813789285,0.35529160759407286,761.1418025957546,851.7697495623845,0
67.24763813789285,0.3498387009585529,761.1418025957546,854.0370681414338,0
67.27402209172841,0.35965690009615897,761.3669588604616,849.9546609400171,0
67.30040604556396,0.3514724928546772,761.5921151251687,853.3577374710253,0
67.32678999939952,0.35529160759407286,761.8172713898756,851.7697495623845,0
67.32678999939952,0.3481848728577485,761.8172713898756,854.7247298657481,0
67.35317395323509,0.35583778535676336,762.0424276545826,851.5426488486578,0
67.38004995028996,0.3509263150919867,762.2717829341161,853.584838184752,0
67.40643390412552,0.3629295311766094,762.496939198823,848.5939009367659,0
67.40643390412552,0.3498387009585529,762.496939198823,854.0370681414338,0
67.43305642437043,0.35693044677839897,762.7241313495065,851.0883202295418,0
67.45919435659633,0.36238320046579164,762.9471881068004,848.8210652463239,0
67.48557831043189,0.3580179079637055,763.1723443715074,850.6361538686913,0
67.48557831043189,0.35037998438116885,763.1723443715074,853.81200249431,0
67.51220828587711,0.3563841160675812,763.3996001436276,851.3154845390998,0
67.53859223971267,0.3514724928546772,763.6247564083345,853.3577374710253,0
67.56546823676754,0.35693044677839897,763.854111687868,851.0883202295418,0
67.56546823676754,0.3498387009585529,763.854111687868,854.0370681414338,0
67.59160616899344,0.3509263150919867,764.0771684451618,853.584838184752,0
67.61799012282899,0.3607494085696673,764.3023247098688,849.5003959167324,0
67.64461264307391,0.3722013996033977,764.5295168605522,844.7386580449073,0
67.64461264307391,0.360198183518775,764.5295168605522,849.7295952928934,0
67.67099659690948,0.3629295311766094,764.7546731252593,848.5939009367659,0
67.6976265723547,0.3563841160675812,764.9819288973795,851.3154845390998,0
67.72401052619024,0.3672948236786956,765.2070851620865,846.7788123143984,0
67.75014845841615,0.35693044677839897,765.4301419193803,851.0883202295418,0
67.75014845841615,0.3481848728577485,765.4301419193803,854.7247298657481,0
67.77702445547101,0.3541989461724372,765.6594971989138,852.2240781815007,0
67.80340840930657,0.3678411543895134,765.8846534636207,846.5516480048403,0
67.8300309295515,0.3580179079637055,766.1118456143041,850.6361538686913,0
67.8300309295515,0.3514724928546772,766.1118456143041,853.3577374710253,0
67.85641488338706,0.3645683703609356,766.3370018790112,847.912471603923,0
67.88255281561295,0.3585642386745233,766.560058636305,850.4089895591333,0
67.90918279105816,0.35911056938534114,766.7873144084252,850.1818252495752,0
67.90918279105816,0.346545880725295,766.7873144084252,855.4062227944223,0
67.93556674489372,0.36238320046579164,767.0124706731322,848.8210652463239,0
67.96219672033894,0.3585642386745233,767.2397264452525,850.4089895591333,0
67.98881924058387,0.36129573928048514,767.4669185959359,849.2732316071744,0
67.98881924058387,0.3514724928546772,767.4669185959359,853.3577374710253,0
68.01496462801006,0.36402203965011776,767.6900389746664,848.139635913481,0
68.04158714825498,0.35529160759407286,767.9172311253499,851.7697495623845,0
68.06797110209052,0.3683824378121294,768.1423873900569,846.3265823577166,0
68.06797110209052,0.36402203965011776,768.1423873900569,848.139635913481,0
68.09460107753574,0.3645683703609356,768.3696431621771,847.912471603923,0
68.1209850313713,0.3678411543895134,768.5947994268842,846.5516480048403,0
68.14761500681652,0.36402203965011776,768.8220551990044,848.139635913481,0
68.14761500681652,0.3541989461724372,768.8220551990044,852.2240781815007,0
68.17399896065209,0.3536576627498212,769.0472114637114,852.4491438286244,0
68.20038291448763,0.3509263150919867,769.2723677284183,853.584838184752,0
68.22700543473256,0.36347586188742725,769.4995598791019,848.3667366272077,0
68.22700543473256,0.36129573928048514,769.4995598791019,849.2732316071744,0
68.25338938856811,0.3514724928546772,769.7247161438088,853.3577374710253,0
68.27977334240367,0.3651096537835516,769.9498724085158,847.6874059567992,0
68.30615729623923,0.36402203965011776,770.1750286732229,848.139635913481,0
68.30615729623923,0.3531114849871307,770.1750286732229,852.6762445423511,0
68.3325412500748,0.35475032417145685,770.4001849379299,851.9948152095083,0
68.35941724712967,0.36129573928048514,770.6295402174633,849.2732316071744,0
68.38579374576491,0.35965690009615897,770.8546328607335,849.9546609400171,0
68.41217769960048,0.3607494085696673,771.0797891254406,849.5003959167324,0
68.43856165343604,0.360198183518775,771.3049453901475,849.7295952928934,0
68.4649456072716,0.36347586188742725,771.5301016548545,848.3667366272077,0
68.4649456072716,0.35529160759407286,771.5301016548545,851.7697495623845,0
68.4915755827168,0.3541989461724372,771.7573574269747,852.2240781815007,0
68.51795953655237,0.36129573928048514,771.9825136916818,849.2732316071744,0
68.54434349038792,0.35747662454108947,772.2076699563888,850.861219515815,0
68.54434349038792,0.35529160759407286,772.2076699563888,851.7697495623845,0
68.5712120322425,0.35965690009615897,772.4369616144854,849.9546609400171,0
68.5973574196687,0.3531114849871307,772.6600819932161,852.6762445423511,0
68.62397993991362,0.3481848728577485,772.8872741438995,854.7247298657481,0
68.62397993991362,0.34709221143611285,772.8872741438995,855.1790584848643,0
68.65036389374917,0.35475032417145685,773.1124304086064,851.9948152095083,0
68.67674784758472,0.36402203965011776,773.3375866733135,848.139635913481,0
68.70337782302994,0.3645683703609356,773.5648424454337,847.912471603923,0
68.70337782302994,0.34600475025080635,773.5648424454337,855.6312248457148,0
68.72951575525585,0.35256515427631285,773.7878992027275,852.9034088519091,0
68.75639175231072,0.3585642386745233,774.0172544822609,850.4089895591333,0
68.78276825094599,0.35037998438116885,774.2423471255312,853.81200249431,0
68.78276825094599,0.3410931270379024,774.2423471255312,857.6734777776402,0
68.80915220478154,0.34273196622222857,774.4675033902382,856.9920484447974,0
68.83578218022676,0.3509263150919867,774.6947591623584,853.584838184752,0
68.86192011245265,0.3541989461724372,774.9178159196522,852.2240781815007,0
68.88855008789787,0.36129573928048514,775.1450716917724,849.2732316071744,0
68.88855008789787,0.3438244746957369,775.1450716917724,856.5377834215126,0
68.91493404173343,0.3531114849871307,775.3702279564794,852.6762445423511,0
68.94156401717865,0.35529160759407286,775.5974837285996,851.7697495623845,0
68.96818653742358,0.35529160759407286,775.8246758792831,851.7697495623845,0
68.96818653742358,0.3481848728577485,775.8246758792831,854.7247298657481,0
68.99457049125913,0.3454584195399885,776.0498321439901,855.8583891552728,0
69.02095444509467,0.3645683703609356,776.2749884086971,847.912471603923,0
69.04733839893024,0.35911056938534114,776.5001446734042,850.1818252495752,0
69.0737223527658,0.34600475025080635,776.7253009381111,855.6312248457148,0
69.10035232821102,0.3454584195399885,776.9525567102313,855.8583891552728,0
69.12673628204656,0.3585642386745233,777.1777129749383,850.4089895591333,0
69.12673628204656,0.3509263150919867,777.1777129749383,853.584838184752,0
69.15336625749178,0.348731050620439,777.4049687470585,854.4976291520214,0
69.17974275612704,0.3531114849871307,777.6300613903288,852.6762445423511,0
69.2061267099626,0.36129573928048514,777.8552176550359,849.2732316071744,0
69.2061267099626,0.35583778535676336,777.8552176550359,851.5426488486578,0
69.23275668540782,0.3509263150919867,778.0824734271561,853.584838184752,0
69.25914063924337,0.36402203965011776,778.3076296918631,848.139635913481,0
69.28577061468859,0.3585642386745233,778.5348854639833,850.4089895591333,0
69.28577061468859,0.35583778535676336,778.5348854639833,851.5426488486578,0
69.3119085469145,0.35583778535676336,778.7579422212771,851.5426488486578,0
69.3385385223597,0.36620231520518726,778.9851979933973,847.2330773376832,0
69.36516104260463,0.35911056938534114,779.2123901440807,850.1818252495752,0
69.36516104260463,0.3509263150919867,779.2123901440807,853.584838184752,0
69.39154499644019,0.34054679632708457,779.4375464087877,857.9006420871982,0
69.4181749718854,0.35583778535676336,779.6648021809079,851.5426488486578,0
69.4443129041113,0.352018823565495,779.8878589382018,853.1305731614672,0
69.4443129041113,0.34600475025080635,779.8878589382018,855.6312248457148,0
69.47069685794686,0.35911056938534114,780.1130152029087,850.1818252495752,0
69.49732683339207,0.35693044677839897,780.3402709750291,851.0883202295418,0
69.52395680883728,0.35583778535676336,780.5675267471493,851.5426488486578,0
69.52395680883728,0.35475032417145685,780.5675267471493,851.9948152095083,0
69.55057932908221,0.34000046561626673,780.7947188978327,858.1278063967563,0
69.5767172613081,0.3580179079637055,781.0177756551265,850.6361538686913,0
69.60310121514367,0.3580179079637055,781.2429319198335,850.6361538686913,0
69.60310121514367,0.3481848728577485,781.2429319198335,854.7247298657481,0
69.62973119058887,0.3509263150919867,781.4701876919537,853.584838184752,0
69.65611514442443,0.36129573928048514,781.6953439566607,849.2732316071744,0
69.68274511986965,0.35693044677839897,781.9225997287809,851.0883202295418,0
69.68274511986965,0.3514724928546772,781.9225997287809,853.3577374710253,0
69.70937509531487,0.3454584195399885,782.1498555009011,855.8583891552728,0
69.73551302754076,0.3531114849871307,782.3729122581949,852.6762445423511,0
69.76213554778569,0.3651096537835516,782.6001044088785,847.6874059567992,0
69.76213554778569,0.3536576627498212,782.6001044088785,852.4491438286244,0
69.78851950162124,0.35965690009615897,782.8252606735854,849.9546609400171,0
69.81514947706646,0.36347586188742725,783.0525164457056,848.3667366272077,0
69.84153343090202,0.360198183518775,783.2776727104126,849.7295952928934,0
69.84153343090202,0.35747662454108947,783.2776727104126,850.861219515815,0
69.86767136312793,0.348731050620439,783.5007294677065,854.4976291520214,0
69.8945473601828,0.3607494085696673,783.7300847472399,849.5003959167324,0
69.92068529240869,0.35747662454108947,783.9531415045336,850.861219515815,0
69.92068529240869,0.34491208882917074,783.9531415045336,856.0855534648308,0
69.94755383426326,0.3481848728577485,784.1824331626303,854.7247298657481,0
69.97393778809882,0.3454584195399885,784.4075894273374,855.8583891552728,0
70.00007572032473,0.3514724928546772,784.6306461846311,853.3577374710253,0
