x,y,pixel_x,pixel_y,gap_before
10.052500235323125,0.11192224928881189,277.8853297682088,469.34302253376404,0
10.079179999066112,0.10574365128353613,278.1167209337187,471.80828313786907,0
10.09240251051696,0.10515869714561711,278.23139857348536,472.04167983889874,0
10.119082274259947,0.10662626260199025,278.46278973899524,471.45612122180586,0
10.132304785710796,0.11840376428022258,278.5774673787619,466.75689805219116,0
10.158746140786846,0.10927425594540108,278.80679084757696,470.399571877785,0
10.172207060904631,0.10133035560919283,278.9235361840385,473.569188111932,0
10.198648415980681,0.10927425594540108,279.1528596528535,470.399571877785,0
10.212109336098466,0.11516037688171733,279.2696049893151,468.05100962419476,0
10.238550691174517,0.10015518752775497,279.49892845813014,474.03808017642575,0
10.251769534799719,0.0957367117418361,279.61357428717844,475.8010520150074,0
10.27893345152787,0.09750727387836838,279.8491644675147,475.094597722531,0
10.292152295153073,0.11457024263222272,279.96381029656305,468.2864731897431,0
10.318835726721705,0.11338989443920929,280.19523327279126,468.7574321187555,0
10.332054570346907,0.11133203534529305,280.3098791018396,469.57851789722804,0
10.35873800191554,0.10162283267815235,280.5413020780679,473.4524897614172,0
10.371956845540742,0.11015694695787943,280.6559479071162,470.0473781638061,0
10.398398200616795,0.1075089536144686,280.8852713759312,471.103927507827,0
10.411859120734578,0.11781363003072796,281.00201671239273,466.9923616177395,0
10.43830047581063,0.10192056955271168,281.23134018120777,473.333692748468,0
10.451761395928413,0.1075089536144686,281.34808551766935,471.103927507827,0
10.478202751004464,0.11544767383910126,281.5774089864844,467.93637813819856,0
10.491663671122248,0.10604130846407123,281.6941543229459,471.6895179228356,0
10.518105026198299,0.10279800075959022,281.92347779176094,472.9835976969235,0
10.531327537649148,0.10368587188364416,282.0381554315276,472.62933711842595,0
10.558007301392134,0.10691881936497401,282.2695465970375,471.33939107337534,0
10.571229812842983,0.10015518752775497,282.3842242368042,474.03808017642575,0
10.597671167919033,0.10368587188364416,282.6135477056192,472.62933711842595,0
10.610890011544237,0.10927425594540108,282.7281935346676,470.399571877785,0
10.637573443112869,0.10162283267815235,282.95961651089584,473.4524897614172,0
10.650792286738072,0.10515869714561711,283.07426233994414,472.04167983889874,0
10.677475718306704,0.09927257620930086,283.3056853161724,474.39024209248896,0
10.690694561931908,0.10103787854023333,283.4203311452207,473.6858864624469,0
10.71737799350054,0.100740141665674,283.65175412144896,473.8046834753961,0
10.730358428458807,0.09839514500242232,283.7643322538025,474.7403371440335,0
10.757280268694375,0.10133035560919283,283.9978229267255,473.569188111932,0
10.770257035826997,0.09662458286589003,284.11036924836066,475.44679143650984,0
10.796940467395629,0.10103787854023333,284.3417922245889,473.6858864624469,0
10.810401387513414,0.09397658952247921,284.45853756105043,476.5033407805308,0
10.836600666096883,0.10310091774572512,284.68576152245225,472.8627338194557,0
10.850061586214666,0.1075089536144686,284.8025068589138,471.103927507827,0
10.8767450177833,0.0913338559846682,285.03392983514203,477.5577914621174,0
10.890205937901083,0.10015518752775497,285.15067517160355,474.03808017642575,0
10.916405216484554,0.1075089536144686,285.37789913300537,471.103927507827,0
10.9296277279354,0.09780493105890348,285.4925767727721,474.9758325074975,0
10.95654956817097,0.09103093899853329,285.72606744569515,477.6786553395852,0
10.969530003129236,0.09633210579693052,285.83864557804867,475.5634897870247,0
10.996209766872223,0.10632860542145516,286.07003674355855,471.5748864368394,0
11.009432278323072,0.10427082602156318,286.18471438332523,472.3959404173963,0
11.035873633399122,0.09633210579693052,286.41403785214027,475.5634897870247,0
11.049092477024326,0.09221128719154674,286.5286836811886,477.20769641057285,0
11.076014317259894,0.10427082602156318,286.76217435411166,472.3959404173963,0
11.089236828710742,0.09221128719154674,286.8768519938784,477.20769641057285,0
11.115678183786793,0.10515869714561711,287.10617546269344,472.04167983889874,0
11.129139103904578,0.098097408127863,287.22292079915496,474.85913415698263,0
11.155580458980628,0.11015694695787943,287.45224426797,470.0473781638061,0
11.168799302605832,0.09986271045879545,287.5668900970183,474.1547785269406,0
11.195240657681882,0.098097408127863,287.79621356583334,474.85913415698263,0
11.208943654292248,0.11368755161974436,287.9150584097081,468.63866690372197,0
11.235142932875718,0.09397658952247921,288.14228237110996,476.5033407805308,0
11.248365444326566,0.098097408127863,288.25696001087664,474.85913415698263,0
11.275287284562134,0.09280150113506558,288.49045068379974,476.9722010471088,0
11.28874820467992,0.09250902406610606,288.60719602026126,477.08889939762366,0
11.314947483263389,0.10103787854023333,288.8344199816631,473.6858864624469,0
11.328169994714237,0.09986271045879545,288.94909762142976,474.1547785269406,0
11.354849758457224,0.0907437217351736,289.18048878693963,477.79325502766574,0
11.368310678575007,0.09603436892237119,289.29723412340115,475.6822867999739,0
11.39475203365106,0.09339163538456018,289.5265575922162,476.73673748156045,0
11.408212953768842,0.09750727387836838,289.64330292867777,475.094597722531,0
11.434654308844895,0.09897483933474152,289.8726263974928,474.5090391054381,0
11.447873152470097,0.08662290312978982,289.9872722265411,479.4374616512138,0
11.47455658403873,0.08897315959864131,290.21869520276937,478.49970932014213,0
11.487775427663932,0.098097408127863,290.33334103181767,474.85913415698263,0
11.514458859232564,0.08986103072269525,290.5647640080459,478.1454487416446,0
11.527677702857767,0.09280150113506558,290.6794098370942,476.9722010471088,0
11.554361134426399,0.10162283267815235,290.9108328133225,473.4524897614172,0
11.567579978051603,0.09839514500242232,291.02547864237084,474.7403371440335,0
11.594263409620234,0.098097408127863,291.25690161859904,474.85913415698263,0
11.607482253245438,0.09103093899853329,291.3715474476474,477.6786553395852,0
11.633923608321489,0.09280150113506558,291.60087091646244,476.9722010471088,0
11.647146119772337,0.09750727387836838,291.7155485562291,475.094597722531,0
11.673825883515324,0.08956329384813591,291.946939721739,478.26424575459373,0
11.700267238591374,0.09927257620930086,292.17626319055404,474.39024209248896,0
11.71372815870916,0.09897483933474152,292.29300852701556,474.5090391054381,0
11.74016951378521,0.09456680346599805,292.5223319958306,476.2678454170668,0
11.753392025236058,0.09103093899853329,292.63700963559734,477.6786553395852,0
11.780071788979045,0.09250902406610606,292.86840080110716,477.08889939762366,0
11.793294300429894,0.08544773504835194,292.9830784408739,479.90635371570755,0
11.81997406417288,0.0957367117418361,293.2144696063838,475.8010520150074,0
11.83319657562373,0.09956505327826037,293.32914724615046,474.2735437419741,0
11.85963793069978,0.09780493105890348,293.5584707149655,474.9758325074975,0
11.873098850817565,0.09309915831560067,293.675216051427,476.8534358320753,0
11.899540205893615,0.09515693771549265,293.90453952024205,476.03238185151844,0
11.9130011260114,0.10368587188364416,294.0212848567036,472.62933711842595,0
11.93944248108745,0.09456680346599805,294.2506083255186,476.2678454170668,0
11.952661324712654,0.10015518752775497,294.36525415456697,474.03808017642575,0
11.979344756281286,0.09044598486061427,294.59667713079523,477.91205204061487,0
11.99256359990649,0.09780493105890348,294.7113229598435,474.9758325074975,0
12.019247031475121,0.08986103072269525,294.9427459360718,478.1454487416446,0
12.032465875100323,0.10456848320209827,295.0573917651201,472.2771752023628,0
12.058907230176375,0.08986103072269525,295.2867152339351,478.1454487416446,0
12.072129741627222,0.10427082602156318,295.40139287370187,472.3959404173963,0
12.098809505370209,0.09426906659143872,295.63278403921174,476.3866424300159,0
12.112028348995413,0.09103093899853329,295.74742986826004,477.6786553395852,0
12.138711780564046,0.09721479680940888,295.9788528444883,475.21129607304584,0
12.151930624189248,0.10809916755798744,296.0934986735366,470.868432144363,0
12.1783719792653,0.09897483933474152,296.32282214235164,474.5090391054381,0
12.191832899383083,0.09721479680940888,296.43956747881316,475.21129607304584,0
12.218274254459134,0.09839514500242232,296.6688909476282,474.7403371440335,0
12.231735174576919,0.08897315959864131,296.7856362840898,478.49970932014213,0
12.25817652965297,0.09603436892237119,297.0149597529048,475.6822867999739,0
12.271399041103818,0.10015518752775497,297.1296373926715,474.03808017642575,0
12.298078804846805,0.08986103072269525,297.3610285581814,478.1454487416446,0
12.311301316297653,0.10103787854023333,297.47570619794806,473.6858864624469,0
12.33798108004064,0.10162283267815235,297.70709736345793,473.4524897614172,0
12.351203591491489,0.08897315959864131,297.8217750032246,478.49970932014213,0
12.377644946567539,0.10338813500908482,298.05109847203966,472.74813413137514,0
12.391105866685324,0.08662290312978982,298.16784380850123,479.4374616512138,0
12.417547221761374,0.08956329384813591,298.39716727731627,478.26424575459373,0
12.43100814187916,0.10133035560919283,298.5139126137778,473.569188111932,0
12.45744949695521,0.09780493105890348,298.74323608259283,474.9758325074975,0
12.470668340580414,0.10279800075959022,298.85788191164113,472.9835976969235,0
12.497351772149045,0.0957367117418361,299.0893048878694,475.8010520150074,0
12.510570615774249,0.0822147875670221,299.2039507169177,481.19629976075817,0
12.5370119708503,0.08927607658477621,299.4332741857327,478.3788454426743,0
12.550472890968082,0.08838820546072228,299.5500195221943,478.7331060211718,0
12.576914246044133,0.09839514500242232,299.77934299100934,474.7403371440335,0
12.590375166161918,0.10574365128353613,299.89608832747086,471.80828313786907,0
12.616816521237968,0.09280150113506558,300.1254117962859,476.9722010471088,0
12.630277441355753,0.0822147875670221,300.2421571327474,481.19629976075817,0
12.656718796431804,0.0848575211048331,300.47148060156246,480.1418490791716,0
12.670179716549589,0.09397658952247921,300.588225938024,476.5033407805308,0
12.69662107162564,0.10103787854023333,300.817549406839,473.6858864624469,0
12.709839915250843,0.09162115294205213,300.9321952358874,477.4431599761212,0
12.736523346819475,0.09162115294205213,301.1636182121156,477.4431599761212,0
12.749742190444678,0.10192056955271168,301.27826404116394,473.333692748468,0
12.77642562201331,0.09956505327826037,301.5096870173922,474.2735437419741,0
12.789406056971577,0.09603436892237119,301.62226514974566,475.6822867999739,0
12.816085820714564,0.09397658952247921,301.85365631525553,476.5033407805308,0
12.829308332165413,0.09897483933474152,301.9683339550223,474.5090391054381,0
12.8559880959084,0.08721303737928442,302.1997251205321,479.2019980856655,0
12.869210607359248,0.09515693771549265,302.31440276029883,476.03238185151844,0
12.895890371102235,0.10279800075959022,302.5457939258087,472.9835976969235,0
12.909112882553082,0.09250902406610606,302.6604715655754,477.08889939762366,0
12.93579264629607,0.0913338559846682,302.89186273108527,477.5577914621174,0
12.949015157746919,0.09515693771549265,303.00654037085195,476.03238185151844,0
12.97545651282297,0.08986103072269525,303.235863839667,478.1454487416446,0
12.988675356448173,0.09426906659143872,303.35050966871535,476.3866424300159,0
13.015358788016805,0.09750727387836838,303.58193264494355,475.094597722531,0
13.028577631642007,0.08838820546072228,303.6965784739919,478.7331060211718,0
13.05526106321064,0.09044598486061427,303.92800145022017,477.91205204061487,0
13.068479906835842,0.09044598486061427,304.04264727926846,477.91205204061487,0
13.094921261911892,0.098097408127863,304.2719707480835,474.85913415698263,0
13.108143773362741,0.08780325132280326,304.38664838785024,478.9665027222015,0
13.134823537105728,0.09956505327826037,304.61803955336006,474.2735437419741,0
13.148046048556576,0.08427256696691408,304.7327171931268,480.3752457802013,0
13.174725812299563,0.09456680346599805,304.9641083586366,476.2678454170668,0
13.187948323750412,0.0907437217351736,305.07878599840336,477.79325502766574,0
13.214628087493399,0.09280150113506558,305.31017716391324,476.9722010471088,0
13.227850598944247,0.08368243271741947,305.4248548036799,480.6107093457496,0
13.254530362687234,0.08721303737928442,305.6562459691898,479.2019980856655,0
13.267752874138083,0.08662290312978982,305.7709236089565,479.4374616512138,0
13.29443263788107,0.0907437217351736,306.00231477446636,477.79325502766574,0
13.320873992957122,0.0848575211048331,306.2316382432814,480.1418490791716,0
13.334096504407968,0.08721303737928442,306.3463158830481,479.2019980856655,0
13.360776268150957,0.09927257620930086,306.57770704855795,474.39024209248896,0
13.373995111776159,0.07103275963790844,306.6923528776063,485.65792890447455,0
13.400678543344792,0.08897315959864131,306.9237758538345,478.49970932014213,0
13.413658978303058,0.09485928053495755,307.03635398618803,476.1511470665519,0
13.440338742046045,0.09750727387836838,307.2677451516979,475.094597722531,0
13.453561253496893,0.08809572839176277,307.3824227914646,478.8498043716866,0
13.48024101723988,0.0913338559846682,307.61381395697447,477.5577914621174,0
13.493463528690729,0.08662290312978982,307.7284915967412,479.4374616512138,0
13.51990488376678,0.08574021211731146,307.9578150655562,479.78965536519274,0
13.533365803884564,0.08838820546072228,308.07456040201777,478.7331060211718,0
13.559807158960615,0.0848575211048331,308.3038838708328,480.1418490791716,0
13.5732680790784,0.09780493105890348,308.4206292072943,474.9758325074975,0
13.59970943415445,0.08809572839176277,308.64995267610936,478.8498043716866,0
13.613170354272235,0.08750551444824393,308.7666980125709,479.08529973515067,0
13.639611709348285,0.08662290312978982,308.9960214813859,479.4374616512138,0
13.65307262946607,0.08986103072269525,309.11276681784744,478.1454487416446,0
13.67951398454212,0.09456680346599805,309.3420902866625,476.2678454170668,0
13.692732828167323,0.08927607658477621,309.45673611571084,478.3788454426743,0
13.719174183243375,0.09485928053495755,309.6860595845259,476.1511470665519,0
13.732635103361158,0.09280150113506558,309.8028049209874,476.9722010471088,0
13.75907645843721,0.0907437217351736,310.03212838980244,477.79325502766574,0
13.772537378554993,0.10103787854023333,310.14887372626396,473.6858864624469,0
13.799459218790563,0.09221128719154674,310.38236439918705,477.20769641057285,0
13.81268173024141,0.09250902406610606,310.49704203895374,477.08889939762366,0
13.839361493984399,0.08368243271741947,310.7284332044636,480.6107093457496,0
13.852584005435245,0.08809572839176277,310.8431108442303,478.8498043716866,0
13.879025360511296,0.08279974170494112,311.07243431304533,480.9629030597285,0
13.89248628062908,0.08603794899187078,311.18917964950685,479.67085835224356,0
13.918923967879486,0.08427256696691408,311.4184713076035,480.3752457802013,0
13.932388555822916,0.08044430512451405,311.53524845478347,481.9027222553189,0
13.958829910898967,0.09339163538456018,311.7645719235985,476.73673748156045,0
13.972290831016752,0.09309915831560067,311.88131726006003,476.8534358320753,0
13.998728518267157,0.08544773504835194,312.1106089181567,479.90635371570755,0
14.011951029718006,0.09339163538456018,312.22528655792337,476.73673748156045,0
14.038634461286637,0.0848575211048331,312.4567095341516,480.1418490791716,0
14.051853304911841,0.08603794899187078,312.5713553632,479.67085835224356,0
14.078533068654828,0.0863304260608303,312.8027465287098,479.5541600017287,0
14.091755580105676,0.07456336429977337,312.91742416847654,484.2492176443904,0
14.118196935181727,0.08603794899187078,313.1467476372916,479.67085835224356,0
14.131657855299512,0.07927431715465176,313.2634929737531,482.3695474552939,0
14.158099210375562,0.08662290312978982,313.49281644256814,479.4374616512138,0
14.171318054000764,0.0863304260608303,313.60746227161644,479.5541600017287,0
14.198001485569398,0.08662290312978982,313.8388852478447,479.4374616512138,0
14.2112203291946,0.08750551444824393,313.95353107689306,479.08529973515067,0
14.237903760763231,0.09221128719154674,314.18495405312126,477.20769641057285,0
14.251122604388435,0.07603618956174633,314.2995998821696,483.6615603648632,0
14.277806035957067,0.08956329384813591,314.5310228583979,478.26424575459373,0
14.29102487958227,0.08986103072269525,314.6456686874462,478.1454487416446,0
14.317466234658323,0.0863304260608303,314.8749921562612,479.5541600017287,0
14.33068874610917,0.08368243271741947,314.9896697960279,480.6107093457496,0
14.357368509852158,0.08603794899187078,315.2210609615378,479.67085835224356,0
14.370591021303005,0.09280150113506558,315.3357386013045,476.9722010471088,0
14.397270785045993,0.09397658952247921,315.56712976681433,476.5033407805308,0
14.41049329649684,0.08662290312978982,315.6818074065811,479.4374616512138,0
14.43693465157289,0.08927607658477621,315.9111308753961,478.3788454426743,0
14.450395571690676,0.09633210579693052,316.02787621185763,475.5634897870247,0
14.476836926766726,0.09485928053495755,316.25719968067267,476.1511470665519,0
14.490297846884511,0.08250208452440604,316.3739450171342,481.08166827476197,0
14.516739201960561,0.0863304260608303,316.60326848594923,479.5541600017287,0
14.529958045585765,0.09250902406610606,316.7179143149976,477.08889939762366,0
14.556641477154397,0.09162115294205213,316.9493372912258,477.4431599761212,0
14.5698603207796,0.08897315959864131,317.06398312027414,478.49970932014213,0
14.596540084522587,0.09339163538456018,317.295374285784,476.73673748156045,0
14.609524187306498,0.08544773504835194,317.40798422885587,479.90635371570755,0
14.636203951049486,0.09103093899853329,317.63937539436574,477.6786553395852,0
14.649664871167271,0.07927431715465176,317.75612073082726,482.3695474552939,0
14.676106226243322,0.09162115294205213,317.9854441996423,477.4431599761212,0
14.689567146361107,0.07750383471214371,318.1021895361038,483.07596994985465,0
14.716008501437157,0.08750551444824393,318.33151300491886,479.08529973515067,0
14.729227345062359,0.0913338559846682,318.4461588339672,477.5577914621174,0
14.75591077663099,0.09221128719154674,318.6775818101955,477.20769641057285,0
14.769129620256194,0.08750551444824393,318.7922276392438,479.08529973515067,0
14.795813051824826,0.07868418290515715,319.02365061547204,482.60501102084226,0
14.80903189545003,0.100740141665674,319.13829644452034,473.8046834753961,0
14.835473250526082,0.08986103072269525,319.3676199133354,478.1454487416446,0
14.848934170643865,0.07397841016185434,319.48436524979695,484.4826143454201,0
14.875375525719917,0.07544605531225172,319.713688718612,483.89702393041154,0
14.8888364458377,0.08250208452440604,319.8304340550735,481.08166827476197,0
14.915277800913753,0.07750383471214371,320.05975752388855,483.07596994985465,0
14.941719155989803,0.07603618956174633,320.2890809927036,483.6615603648632,0
14.955180076107588,0.09397658952247921,320.4058263291651,476.5033407805308,0
14.981621431183637,0.0863304260608303,320.63514979798015,479.5541600017287,0
14.995082351301422,0.08397490978637899,320.75189513444167,480.49401099523476,0
15.021523706377472,0.0751483184376924,320.9812186032567,484.0158209433607,0
15.03474621782832,0.07103275963790844,321.09589624302345,485.65792890447455,0
15.061187572904373,0.07691888057422469,321.3252197118385,483.30936665088433,0
15.074648493022156,0.07927431715465176,321.4419650483,482.3695474552939,0
15.101089848098207,0.07397841016185434,321.67128851711504,484.4826143454201,0
15.114550768215992,0.08279974170494112,321.78803385357656,480.9629030597285,0
15.140992123292044,0.08074196230504914,322.0173573223916,481.7839570402854,0
15.154453043409827,0.07573853238121124,322.1341026588531,483.7803255798967,0
15.180890730660233,0.07603618956174633,322.3633943169498,483.6615603648632,0
15.194113242111081,0.08956329384813591,322.4780719567165,478.26424575459373,0
15.220796673679713,0.07456336429977337,322.7094949329447,484.2492176443904,0
15.234015517304915,0.08603794899187078,322.8241407619931,479.67085835224356,0
15.260695281047903,0.07368067328729502,323.05553192750295,484.60141135836926,0
15.27391779249875,0.0822147875670221,323.17020956726964,481.19629976075817,0
15.300601224067384,0.08250208452440604,323.4016325434979,481.08166827476197,0
15.313820067692586,0.09162115294205213,323.5162783725462,477.4431599761212,0
15.340261422768638,0.0848575211048331,323.74560184136124,480.1418490791716,0
15.353480266393841,0.08250208452440604,323.8602476704096,481.08166827476197,0
15.380163697962473,0.08427256696691408,324.0916706466378,480.3752457802013,0
15.393382541587677,0.07779631178110322,324.20631647568615,482.9592715993398,0
15.420065973156309,0.09103093899853329,324.4377394519144,477.6786553395852,0
15.433284816781512,0.08074196230504914,324.5523852809627,481.7839570402854,0
15.459726171857561,0.08456504403587359,324.78170874977775,480.2585474296864,0
15.473187091975348,0.08368243271741947,324.89845408623927,480.6107093457496,0
15.499628447051396,0.08279974170494112,325.1277775550543,480.9629030597285,0
15.513089367169181,0.09426906659143872,325.2445228915158,476.3866424300159,0
15.539530722245232,0.08279974170494112,325.47384636033087,480.9629030597285,0
15.55275323369608,0.07309053903780041,325.5885240000976,484.8368749239176,0
15.579432997439067,0.07250558489988139,325.8199151656075,485.07027162494734,0
15.592655508889916,0.07868418290515715,325.93459280537417,482.60501102084226,0
15.619335272632902,0.06779455235097877,326.16598397088404,486.9499736119595,0
15.632557784083751,0.07573853238121124,326.2806616106507,483.7803255798967,0
15.658999139159803,0.07956161411203569,326.50998507946576,482.25491596929777,0
15.672217982785005,0.07632866663070584,326.6246309085141,483.5448620143484,0
15.698901414353639,0.07368067328729502,326.8560538847423,484.60141135836926,0
15.712120257978839,0.07603618956174633,326.9706997137907,483.6615603648632,0
15.738803689547472,0.08574021211731146,327.20212269001894,479.78965536519274,0
15.752022533172674,0.07544605531225172,327.31676851906724,483.89702393041154,0
15.778705964741308,0.08544773504835194,327.5481914952955,479.90635371570755,0
15.79192480836651,0.08721303737928442,327.6628373243438,479.2019980856655,0
15.818366163442562,0.07573853238121124,327.89216079315884,483.7803255798967,0
15.831827083560347,0.08133217624856798,328.0089061296204,481.5484616768214,0
15.858268438636397,0.08368243271741947,328.23822959843545,480.6107093457496,0
15.871490950087246,0.0848575211048331,328.35290723820214,480.1418490791716,0
15.898170713830233,0.07956161411203569,328.584298403712,482.25491596929777,0
15.911389557455436,0.08074196230504914,328.6989442327603,481.7839570402854,0
15.938072989024068,0.07985409118099521,328.93036720898857,482.1382176187829,0
15.951295500474917,0.08544773504835194,329.04504484875525,479.90635371570755,0
15.97773318772532,0.0822147875670221,329.2743365068519,481.19629976075817,0
15.991194107843105,0.08309221877390063,329.3910818433135,480.8462047092136,0
16.017635462919156,0.07015006862543008,329.6204053121285,486.0101226184534,0
16.03109638303694,0.08103443937400864,329.73715064859005,481.66725868977056,0
16.05753773811299,0.07044254569438958,329.9664741174051,485.89342426793854,0
16.070998658230778,0.07691888057422469,330.0832194538666,483.30936665088433,0
16.097440013306827,0.07573853238121124,330.31254292268164,483.7803255798967,0
16.110662524757675,0.08103443937400864,330.4272205624483,481.66725868977056,0
16.137342288500662,0.08427256696691408,330.6586117279582,480.3752457802013,0
16.15056479995151,0.07927431715465176,330.77328936772494,482.3695474552939,0
16.177244563694497,0.07573853238121124,331.00468053323476,483.7803255798967,0
16.190467075145346,0.08544773504835194,331.1193581730015,479.90635371570755,0
16.216908430221395,0.0848575211048331,331.34868164181654,480.1418490791716,0
16.23036935033918,0.0751483184376924,331.46542697827806,484.0158209433607,0
16.256810705415234,0.08309221877390063,331.6947504470931,480.8462047092136,0
16.270029549040434,0.08368243271741947,331.80939627614146,480.6107093457496,0
16.296712980609065,0.07015006862543008,332.04081925236966,486.0101226184534,0
16.30993182423427,0.07632866663070584,332.155465081418,483.5448620143484,0
16.336615255802904,0.07779631178110322,332.3868880576462,482.9592715993398,0
16.349834099428104,0.07632866663070584,332.5015338866946,483.5448620143484,0
16.376517530996736,0.0848575211048331,332.73295686292283,480.1418490791716,0
16.38973637462194,0.07632866663070584,332.84760269197113,483.5448620143484,0
16.416177729697992,0.07103275963790844,333.0769261607862,485.65792890447455,0
16.429396573323196,0.06779455235097877,333.19157198983453,486.9499736119595,0
16.456080004891827,0.07779631178110322,333.42299496606273,482.9592715993398,0
16.469302516342673,0.07809396896163831,333.53767260582947,482.8405063843063,0
16.495982280085663,0.0848575211048331,333.7690637713393,480.1418490791716,0
16.509201123710866,0.07456336429977337,333.88370960038765,484.2492176443904,0
16.535884555279498,0.07456336429977337,334.1151325766159,484.2492176443904,0
16.562325910355547,0.07456336429977337,334.34445604543095,484.2492176443904,0
16.57554475398075,0.07809396896163831,334.45910187447924,482.8405063843063,0
16.602228185549382,0.07250558489988139,334.6905248507075,485.07027162494734,0
16.615447029174586,0.07427088723081386,334.8051706797558,484.36591599490527,0
16.642130460743218,0.07897140016851685,335.03659365598406,482.49041133276177,0
16.65534930436842,0.08250208452440604,335.1512394850324,481.08166827476197,0
16.682032735937053,0.07191537095636255,335.3826624612606,485.30576698841134,0
16.695251579562257,0.07779631178110322,335.497308290309,482.9592715993398,0
16.72169293463831,0.06661946396356513,335.726631759124,487.4188338785375,0
16.734915446089154,0.06897498023801645,335.8413093988907,486.4789828850314,0
16.761595209832144,0.07897140016851685,336.0727005644006,482.49041133276177,0
16.774817721282993,0.07985409118099521,336.18737820416726,482.1382176187829,0
16.80149748502598,0.07368067328729502,336.41876936967714,484.60141135836926,0
16.814719996476825,0.08309221877390063,336.5334470094439,480.8462047092136,0
16.841161351552877,0.06544955568772709,336.7627704782589,487.8856272805969,0
16.85462227167066,0.07573853238121124,336.87951581472043,483.7803255798967,0
16.881063626746712,0.07044254569438958,337.1088392835355,485.89342426793854,0
16.894524546864496,0.07427088723081386,337.225584619997,484.36591599490527,0
16.920965901940548,0.08368243271741947,337.45490808881203,480.6107093457496,0
16.93418474556575,0.0683847662944976,337.56955391786033,486.7144782484954,0
16.960868177134383,0.08044430512451405,337.8009768940886,481.9027222553189,0
16.974087020759587,0.07309053903780041,337.91562272313695,484.8368749239176,0
17.00077045232822,0.07691888057422469,338.14704569936515,483.30936665088433,0
17.01374721946084,0.07573853238121124,338.2595920210003,483.7803255798967,0
17.040430651029475,0.07427088723081386,338.49101499722855,484.36591599490527,0
17.05365316248032,0.07603618956174633,338.60569263699523,483.6615603648632,0
17.080332926223306,0.07456336429977337,338.8370838025051,484.2492176443904,0
17.09355176984851,0.08603794899187078,338.95172963155346,479.67085835224356,0
17.12023520141714,0.08574021211731146,339.18315260778166,479.78965536519274,0
17.13345771286799,0.07397841016185434,339.2978302475484,484.4826143454201,0
17.160137476610977,0.07956161411203569,339.5292214130582,482.25491596929777,0
17.17335632023618,0.07456336429977337,339.6438672421066,484.2492176443904,0
17.200039751804812,0.0822147875670221,339.87529021833484,481.19629976075817,0
17.21326226325566,0.08721303737928442,339.9899678581015,479.2019980856655,0
17.23969995050607,0.07074028256894892,340.2192595161982,485.77462725498935,0
17.25316087062385,0.07956161411203569,340.3360048526597,482.25491596929777,0
17.279602225699904,0.08368243271741947,340.56532832147474,480.6107093457496,0
17.292824737150752,0.06720441810148416,340.6800059612415,487.1854371775078,0
17.320227062545836,0.06603450982564611,340.9176638382726,487.6522305795672,0
17.333449573996685,0.0686824234750327,341.03234147803926,486.59571303346195,0
17.35988726124709,0.07632866663070584,341.2616331361359,483.5448620143484,0
17.373109772697937,0.07309053903780041,341.37631077590265,484.8368749239176,0
17.399789536440927,0.07368067328729502,341.6077019414125,484.60141135836926,0
17.41325045655871,0.07632866663070584,341.72444727787405,483.5448620143484,0
17.439453402967825,0.07809396896163831,341.95170304999425,482.8405063843063,0
17.452914323085608,0.07750383471214371,342.06844838645577,483.07596994985465,0
17.47935567816166,0.0686824234750327,342.2977718552708,486.59571303346195,0
17.492816598279443,0.06897498023801645,342.41451719173233,486.4789828850314,0
17.519257953355496,0.07368067328729502,342.64384066054737,484.60141135836926,0
17.53271887347328,0.07309053903780041,342.7605859970089,484.8368749239176,0
17.55916022854933,0.07573853238121124,342.9899094658239,483.7803255798967,0
17.572379072174535,0.07603618956174633,343.1045552948723,483.6615603648632,0
17.599062503743166,0.07956161411203569,343.33597827110054,482.25491596929777,0
17.61228134736837,0.07250558489988139,343.45062410014884,485.07027162494734,0
17.63872270244442,0.07220784802532206,343.6799475689639,485.18906863789647,0
17.652183622562205,0.07456336429977337,343.7966929054254,484.2492176443904,0
17.678867054130837,0.07897140016851685,344.02811588165366,482.49041133276177,0
17.692085897756037,0.0751483184376924,344.14276171070196,484.0158209433607,0
17.718769329324672,0.07368067328729502,344.3741846869302,484.60141135836926,0
17.731988172949876,0.06956511448751106,344.4888305159786,486.2435193194831,0
17.758429528025925,0.07309053903780041,344.7181539847936,484.8368749239176,0
17.77140996298419,0.07691888057422469,344.8307321171471,483.30936665088433,0
17.79833180321976,0.06426920749471364,345.0642227900702,488.35658620960925,0
17.811550646844964,0.07927431715465176,345.1788686191185,482.3695474552939,0
17.83799566974666,0.06926745730697596,345.4082238986519,486.36228453451656,0
17.851456589864444,0.07220784802532206,345.5249692351135,485.18906863789647,0
17.87789427711485,0.06750733508761907,345.75426089321013,487.06457330003997,0
17.891116788565697,0.07133041681844352,345.8689385329768,485.539163689441,0
17.917800220134332,0.0683847662944976,346.1003615092051,486.7144782484954,0
17.931019063759535,0.06338651648223528,346.2150073382534,488.7087799235881,0
17.95769882750252,0.08750551444824393,346.44639850376325,479.08529973515067,0
17.970682930286433,0.08279974170494112,346.55900844683515,480.9629030597285,0
17.997604770522003,0.07632866663070584,346.7924991197582,483.5448620143484,0
18.010823614147206,0.0686824234750327,346.90714494880655,486.59571303346195,0
18.037264969223255,0.06779455235097877,347.1364684176216,486.9499736119595,0
18.050725889341038,0.06691712114410023,347.2532137540831,487.300068663504,0
18.07740565308403,0.06720441810148416,347.4846049195929,487.1854371775078,0
18.090386088042294,0.07309053903780041,347.59718305194644,484.8368749239176,0
18.117069519610922,0.0686824234750327,347.8286060281747,486.59571303346195,0
18.13028836323613,0.07603618956174633,347.943251857223,483.6615603648632,0
18.15697179480476,0.07603618956174633,348.17467483345126,483.6615603648632,0
18.183651558547748,0.07279806196884091,348.40606599896114,484.9535732744325,0
18.196631993506017,0.08279974170494112,348.51864413131466,480.9629030597285,0
18.223315425074645,0.07309053903780041,348.75006710754286,484.8368749239176,0
18.23629586003291,0.07397841016185434,348.8626452398964,484.4826143454201,0
18.263217700268484,0.06691712114410023,349.0961359128195,487.300068663504,0
18.276436543893688,0.07603618956174633,349.2107817418678,483.6615603648632,0
18.302877898969736,0.08044430512451405,349.4401052106828,481.9027222553189,0
18.31633881908752,0.09309915831560067,349.55685054714434,476.8534358320753,0
18.343022250656155,0.07279806196884091,349.7882735233726,484.9535732744325,0
18.356241094281355,0.08368243271741947,349.9029193524209,480.6107093457496,0
18.382924525849987,0.0772113576431842,350.13434232864915,483.1926683003695,0
18.39614336947519,0.07074028256894892,350.2489881576975,485.77462725498935,0
18.422584724551243,0.07897140016851685,350.47831162651255,482.49041133276177,0
18.43556515950951,0.07103275963790844,350.590889758866,485.65792890447455,0
18.462486999745074,0.07191537095636255,350.8243804317891,485.30576698841134,0
18.475705843370278,0.06456168456367316,350.9390262608374,488.2398878590944,0
18.502150866271975,0.06926745730697596,351.16838154037083,486.36228453451656,0
18.515611786389762,0.07220784802532206,351.28512687683235,485.18906863789647,0
18.54204947364017,0.07397841016185434,351.514418534929,484.4826143454201,0
18.55551039375795,0.0772113576431842,351.6311638713906,483.1926683003695,0
18.581955416659646,0.07191537095636255,351.860519150924,485.30576698841134,0
18.595416336777433,0.07044254569438958,351.9772644873855,485.89342426793854,0
18.621854024027837,0.07074028256894892,352.2065561454822,485.77462725498935,0
18.635076535478685,0.07309053903780041,352.32123378524886,484.8368749239176,0
18.661759967047317,0.08074196230504914,352.5526567614771,481.7839570402854,0
18.67497881067252,0.08250208452440604,352.6673025905254,481.08166827476197,0
18.70117808925599,0.07103275963790844,352.8945265519273,485.65792890447455,0
18.714881085866356,0.081917130386487,353.01337139580204,481.3150649757917,0
18.741322440942405,0.07868418290515715,353.2426948646171,482.60501102084226,0
18.75478336106019,0.06720441810148416,353.3594402010786,487.1854371775078,0
18.781224716136244,0.07279806196884091,353.58876366989364,484.9535732744325,0
18.794685636254023,0.07456336429977337,353.70550900635516,484.2492176443904,0
18.821126991330075,0.07427088723081386,353.9348324751702,484.36591599490527,0
18.83410742628834,0.07456336429977337,354.0474106075237,484.2492176443904,0
18.86102926652391,0.0772113576431842,354.28090128044676,483.1926683003695,0
18.874248110149114,0.08397490978637899,354.3955471094951,480.49401099523476,0
18.900689465225167,0.07927431715465176,354.62487057831015,482.3695474552939,0
18.91415038534295,0.10368587188364416,354.74161591477167,472.62933711842595,0
18.940591740419002,0.09426906659143872,354.9709393835867,476.3866424300159,0
18.95381425186985,0.11192224928881189,355.0856170233534,469.34302253376404,0
18.980494015612834,0.10780143068342812,355.31700818886327,470.9872291573122,0
18.993712859238038,0.12869800077930654,355.4316540179116,462.64949768905666,0
19.020396290806673,0.1504667422764637,355.66307699413983,453.96376983169097,0
19.03337672576494,0.16752971103031802,355.77565512649335,447.1556452989031,0
19.060298566000505,0.20489903593653194,356.00914579941644,432.24528466132375,0
19.07351740962571,0.22019670235945382,356.12379162846474,426.1415157585779,0
19.099720356034823,0.20343139078613456,356.35104740058495,432.8308750763323,0
19.113423352645192,0.1998955263186698,356.4698922444597,434.24168499885076,0
19.139861039895596,0.16576440869938555,356.69918390255634,447.86000092894517,0
19.15308355134644,0.13810954626591215,356.8138615423231,458.894291039901,0
19.179766982915076,0.11516037688171733,357.0452845185513,468.05100962419476,0
19.19298582654028,0.09044598486061427,357.15993034759964,477.91205204061487,0
19.219665590283267,0.08250208452440604,357.3913215131095,481.08166827476197,0
19.23264969306718,0.08250208452440604,357.50393145618136,481.08166827476197,0
19.259329456810164,0.0686824234750327,357.73532262169124,486.59571303346195,0
19.272548300435368,0.07250558489988139,357.8499684507396,485.07027162494734,0
19.29898965551142,0.07632866663070584,358.0792919195546,483.5448620143484,0
19.312450575629207,0.07985409118099521,358.19603725601615,482.1382176187829,0
19.339134007197835,0.06720441810148416,358.42746023224436,487.1854371775078,0
19.35235285082304,0.07397841016185434,358.5421060612927,484.4826143454201,0
19.379036282391674,0.07632866663070584,358.773529037521,483.5448620143484,0
19.392255126016874,0.07427088723081386,358.8881748665693,484.36591599490527,0
19.418938557585506,0.07427088723081386,359.11959784279753,484.36591599490527,0
19.43191899254377,0.07103275963790844,359.23217597515105,485.65792890447455,0
19.45859875628676,0.07279806196884091,359.46356714066087,484.9535732744325,0
19.472059676404545,0.07133041681844352,359.58031247712245,485.539163689441,0
19.498262622813662,0.07279806196884091,359.80756824924265,484.9535732744325,0
19.51196195159838,0.0822147875670221,359.926381282399,481.19629976075817,0
19.538403306674432,0.06956511448751106,360.15570475121405,486.2435193194831,0
19.55162581812528,0.07015006862543008,360.2703823909807,486.0101226184534,0
19.578063505375685,0.06279630253871644,360.4996740490774,488.9442752870521,0
19.591524425493468,0.0639714706201543,360.6164193855389,488.47538322255843,0
19.617969448395165,0.06897498023801645,360.8457746650723,486.4789828850314,0
19.63118829202037,0.07427088723081386,360.9604204941207,484.36591599490527,0
19.657868055763355,0.07573853238121124,361.19181165963056,483.7803255798967,0
19.671090567214204,0.07632866663070584,361.30648929939724,483.5448620143484,0
19.697531922290253,0.07397841016185434,361.5358127682123,484.4826143454201,0
19.71099284240804,0.0683847662944976,361.6525581046738,486.7144782484954,0
19.737672606151026,0.0683847662944976,361.8839492701837,486.7144782484954,0
19.75089511760187,0.06603450982564611,361.99862690995036,487.6522305795672,0
19.777578549170507,0.06456168456367316,362.2300498861786,488.2398878590944,0
19.804016236420914,0.0683847662944976,362.4593415442753,486.7144782484954,0
19.817477156538697,0.062211348400797416,362.5760868807368,489.17767198808184,0
19.84392217944039,0.07691888057422469,362.8054421602702,483.30936665088433,0
19.857383099558177,0.06456168456367316,362.9221874967318,488.2398878590944,0
19.883582378141647,0.06103100020778397,363.1494114581336,489.6486309170942,0
19.89704329825943,0.06661946396356513,363.26615679459513,487.4188338785375,0
19.923484653335482,0.06514663870159218,363.4954802634102,488.0064911580647,0
19.936945573453265,0.06250382546975693,363.6122255998717,489.060973637567,0
19.963386928529317,0.07103275963790844,363.84154906868673,485.65792890447455,0
19.97660577215452,0.0751483184376924,363.9561948977351,484.0158209433607,0
20.003289203723153,0.06603450982564611,364.1876178739633,487.6522305795672,0
20.01626963868142,0.07044254569438958,364.3001960063168,485.89342426793854,0
20.043191478916988,0.0683847662944976,364.5336866792399,486.7144782484954,0
20.05641032254219,0.06250382546975693,364.6483325082882,489.060973637567,0
20.08285167761824,0.07250558489988139,364.87765597710325,485.07027162494734,0
20.096312597736024,0.06661946396356513,364.99440131356477,487.4188338785375,0
20.122753952812076,0.0751483184376924,365.2237247823798,484.0158209433607,0
20.136214872929862,0.06250382546975693,365.3404701188413,489.060973637567,0
20.16265622800591,0.06514663870159218,365.56979358765636,488.0064911580647,0
20.176117148123694,0.06456168456367316,365.68653892411794,488.2398878590944,0
20.202558503199747,0.06691712114410023,365.915862392933,487.300068663504,0
20.215538938158012,0.06720441810148416,366.02844052528644,487.1854371775078,0
20.242460778393582,0.06514663870159218,366.26193119820954,488.0064911580647,0
20.255679622018782,0.07133041681844352,366.37657702725784,485.539163689441,0
20.28212464492048,0.06603450982564611,366.60593230679126,487.6522305795672,0
20.295343488545683,0.06426920749471364,366.7205781358396,488.35658620960925,0
20.322023252288673,0.0636789935511948,366.95196930134944,488.59208157307324,0
20.335245763739522,0.06897498023801645,367.0666469411162,486.4789828850314,0
20.36192919530815,0.057207918476959524,367.29806991734443,491.17404052769314,0
20.375148038933354,0.06073852313882446,367.41271574639273,489.76532926760905,0
20.401827802676344,0.06544955568772709,367.6441069119026,487.8856272805969,0
20.414811905460255,0.06956511448751106,367.7567168549745,486.2435193194831,0
20.44173374569582,0.07809396896163831,367.99020752789755,482.8405063843063,0
20.454952589321024,0.06720441810148416,368.1048533569459,487.1854371775078,0
20.481151867904494,0.06573677295108678,368.33207731834773,487.77102759251636,0
20.494616455847925,0.0686824234750327,368.44885446552763,486.59571303346195,0
20.52129621959091,0.07074028256894892,368.6802456310375,485.77462725498935,0
20.534515063216112,0.0639714706201543,368.7948914600858,488.47538322255843,0
20.561198494784747,0.07191537095636255,369.02631443631407,485.30576698841134,0
20.57441733840995,0.06779455235097877,369.14096026536237,486.9499736119595,0
20.601100769978583,0.06103100020778397,369.3723832415906,489.6486309170942,0
20.61408120493685,0.06426920749471364,369.48496137394415,488.35658620960925,0
20.640760968679835,0.06720441810148416,369.716352539454,487.1854371775078,0
20.653983480130684,0.07220784802532206,369.8310301792207,485.18906863789647,0
20.680424835206736,0.06603450982564611,370.06035364803574,487.6522305795672,0
20.694124163991454,0.06073852313882446,370.1791666811921,489.76532926760905,0
20.720565519067506,0.06250382546975693,370.40849015000714,489.060973637567,0
20.733788030518355,0.06456168456367316,370.5231677897738,488.2398878590944,0
20.76046779426134,0.06426920749471364,370.7545589552837,488.35658620960925,0
20.77369030571219,0.07044254569438958,370.86923659505044,485.89342426793854,0
20.800370069455177,0.05779805272645412,371.10062776056026,490.9385769621448,0
20.813350504413442,0.0683847662944976,371.2132058929138,486.7144782484954,0
20.84051442114159,0.05897322080789199,371.44879607325004,490.46968489765106,0
20.85397534125938,0.07868418290515715,371.56554140971156,482.60501102084226,0
20.88041669633543,0.07015006862543008,371.7948648785266,486.0101226184534,0
20.893635539960634,0.06514663870159218,371.90951070757495,488.0064911580647,0
20.920318971529262,0.07220784802532206,372.1409336838032,485.18906863789647,0
20.933537815154466,0.07868418290515715,372.2555795128515,482.60501102084226,0
20.960217578897456,0.06661946396356513,372.4869706783614,487.4188338785375,0
20.973440090348305,0.06191369122026233,372.60164831812807,489.2964372031153,0
20.999881445424354,0.06073852313882446,372.8309717869431,489.76532926760905,0
21.013342365542137,0.06661946396356513,372.9477171234047,487.4188338785375,0
21.03978372061819,0.06514663870159218,373.1770405922197,488.0064911580647,0
21.053244640735972,0.06926745730697596,373.29378592868125,486.36228453451656,0
21.07968599581202,0.05838826666997297,373.5231093974963,490.7030815986808,0
21.092904839437228,0.07427088723081386,373.6377552265446,484.36591599490527,0
21.11958827100586,0.0683847662944976,373.86917820277284,486.7144782484954,0
21.13281078245671,0.05750557565749461,373.9838558425395,491.05527531265966,0
21.159490546199695,0.05543217622885166,374.2152470080494,491.8825616846882,0
21.172709389824895,0.05897322080789199,374.32989283709776,490.46968489765106,0
21.199154412726593,0.05897322080789199,374.5592481166312,490.46968489765106,0
21.212373256351796,0.07044254569438958,374.6738939456795,485.89342426793854,0
21.239053020094786,0.06897498023801645,374.90528511118936,486.4789828850314,0
21.25227553154563,0.06897498023801645,375.01996275095604,486.4789828850314,0
21.27895529528862,0.06103100020778397,375.2513539164659,489.6486309170942,0
21.292177806739467,0.07279806196884091,375.3660315562326,484.9535732744325,0
21.31861916181552,0.0636789935511948,375.59535502504764,488.59208157307324,0
21.332080081933302,0.06573677295108678,375.7121003615092,487.77102759251636,0
21.35852143700935,0.07397841016185434,375.94142383032425,484.4826143454201,0
21.371982357127138,0.07220784802532206,376.0581691667858,485.18906863789647,0
21.39842371220319,0.06603450982564611,376.2874926356008,487.6522305795672,0
21.425103475946173,0.07015006862543008,376.5188838011107,486.0101226184534,0
21.438325987397022,0.06514663870159218,376.6335614408774,488.0064911580647,0
21.465005751140012,0.057207918476959524,376.86495260638725,491.17404052769314,0
21.47822826259086,0.0686824234750327,376.97963024615393,486.59571303346195,0
21.50466961766691,0.06191369122026233,377.20895371496897,489.2964372031153,0
21.517888461292113,0.05838826666997297,377.3235995440173,490.7030815986808,0
21.5445682250351,0.06456168456367316,377.55499070952715,488.2398878590944,0
21.55779073648595,0.06897498023801645,377.6696683492939,486.4789828850314,0
21.58447416805458,0.06250382546975693,377.90109132552215,489.060973637567,0
21.597693011679784,0.06603450982564611,378.01573715457044,487.6522305795672,0
21.624134366755833,0.054841962285332814,378.2450606233855,492.1180570481522,0
21.63759528687362,0.06926745730697596,378.361805959847,486.36228453451656,0
21.66403664194967,0.0683847662944976,378.59112942866204,486.7144782484954,0
21.67749756206745,0.06603450982564611,378.70787476512356,487.6522305795672,0
21.703938917143503,0.06514663870159218,378.9371982339386,488.0064911580647,0
21.717161428594352,0.06720441810148416,379.05187587370534,487.1854371775078,0
21.743841192337342,0.06103100020778397,379.2832670392152,489.6486309170942,0
21.757060035962542,0.06514663870159218,379.3979128682635,488.0064911580647,0
21.783743467531174,0.05838826666997297,379.6293358444918,490.7030815986808,0
21.796965978982023,0.07133041681844352,379.74401348425846,485.539163689441,0
21.82340366623243,0.06279630253871644,379.9733051423551,488.9442752870521,0
21.83662617768328,0.062211348400797416,380.08798278212186,489.17767198808184,0
21.863305941426265,0.06456168456367316,380.31937394763173,488.2398878590944,0
21.87652845287711,0.0683847662944976,380.4340515873984,486.7144782484954,0
21.9032082166201,0.0636789935511948,380.6654427529083,488.59208157307324,0
21.91643072807095,0.06544955568772709,380.780120392675,487.8856272805969,0
21.943110491813933,0.06191369122026233,381.01151155818485,489.2964372031153,0
21.95633300326478,0.05218878883034641,381.12618919795153,493.17667325669174,0
21.982774358340833,0.06897498023801645,381.3555126667666,486.4789828850314,0
21.99623527845862,0.07397841016185434,381.47225800322815,484.4826143454201,0
22.02267663353467,0.06573677295108678,381.7015814720432,487.77102759251636,0
22.036137553652452,0.07427088723081386,381.8183268085047,484.36591599490527,0
22.062578908728504,0.06956511448751106,382.04765027731975,486.2435193194831,0
22.07603982884629,0.06014838888932986,382.16439561378127,490.0007928331574,0
22.10248118392234,0.057207918476959524,382.3937190825963,491.17404052769314,0
22.11570002754754,0.05543217622885166,382.5083649116446,491.8825616846882,0
22.142141382623592,0.06573677295108678,382.73768838045964,487.77102759251636,0
22.15560230274138,0.06691712114410023,382.8544337169212,487.300068663504,0
22.182043657817427,0.0636789935511948,383.08375718573626,488.59208157307324,0
22.195504577935214,0.06691712114410023,383.2005025221978,487.300068663504,0
22.221945933011263,0.06956511448751106,383.4298259910128,486.2435193194831,0
22.23516844446211,0.05897322080789199,383.5445036307795,490.46968489765106,0
22.2618482082051,0.06544955568772709,383.7758947962894,487.8856272805969,0
22.275067051830302,0.059855911820370346,383.89054062533774,490.1174911836722,0
22.301750483398934,0.0639714706201543,384.12196360156594,488.47538322255843,0
22.314972994849782,0.0636789935511948,384.2366412413327,488.59208157307324,0
22.34141068210019,0.06544955568772709,384.46593289942933,487.8856272805969,0
22.354871602217973,0.06191369122026233,384.58267823589085,489.2964372031153,0
22.381316625119666,0.0683847662944976,384.8120335154243,486.7144782484954,0
22.394777545237453,0.07250558489988139,384.9287788518858,485.07027162494734,0
22.42121523248786,0.06250382546975693,385.15807050998245,489.060973637567,0
22.43443774393871,0.0686824234750327,385.2727481497492,486.59571303346195,0
22.46112117550734,0.06779455235097877,385.5041711259774,486.9499736119595,0
22.47434001913254,0.07397841016185434,385.61881695502575,484.4826143454201,0
22.50101978287553,0.06044604606986495,385.85020812053557,489.88202761812386,0
22.514242294326376,0.06014838888932986,385.9648857603023,490.0007928331574,0
22.54068364940243,0.059855911820370346,386.19420922911735,490.1174911836722,0
22.553902493027632,0.059855911820370346,386.30885505816565,490.1174911836722,0
22.580585924596264,0.05779805272645412,386.5402780343939,490.9385769621448,0
22.593804768221467,0.07250558489988139,386.65492386344226,485.07027162494734,0
22.6204881997901,0.06897498023801645,386.88634683967047,486.4789828850314,0
22.6337070434153,0.06338651648223528,387.0009926687188,488.7087799235881,0
22.660390474983934,0.05838826666997297,387.2324156449471,490.7030815986808,0
22.673609318609138,0.06897498023801645,387.3470614739954,486.4789828850314,0
22.70005067368519,0.06456168456367316,387.5763849428104,488.2398878590944,0
22.71351159380297,0.06544955568772709,387.69313027927194,487.8856272805969,0
22.739952948879022,0.06926745730697596,387.922453748087,486.36228453451656,0
22.75317546032987,0.06191369122026233,388.0371313878537,489.2964372031153,0
22.779855224072858,0.07427088723081386,388.26852255336354,484.36591599490527,0
22.79307406769806,0.06338651648223528,388.3831683824119,488.7087799235881,0
22.819757499266693,0.0686824234750327,388.61459135864015,486.59571303346195,0
22.83298001071754,0.0683847662944976,388.72926899840684,486.7144782484954,0
22.85941769796795,0.06456168456367316,388.9585606565035,488.2398878590944,0
22.872640209418797,0.08103443937400864,389.07323829627023,481.66725868977056,0
22.899323640987426,0.06926745730697596,389.30466127249844,486.36228453451656,0
22.912784561105212,0.06426920749471364,389.42140660895996,488.35658620960925,0
22.93922224835562,0.05867548393333266,389.6506982670566,490.58848191060025,0
22.952683168473403,0.07074028256894892,389.7674436035182,485.77462725498935,0
22.979128191375096,0.06279630253871644,389.9967988830516,488.9442752870521,0
22.9923470350003,0.07103275963790844,390.1114447120999,485.65792890447455,0
23.01902679874329,0.07191537095636255,390.3428358776098,485.30576698841134,0
23.045471821644984,0.08074196230504914,390.5721911571432,481.7839570402854,0
23.058690665270188,0.07897140016851685,390.6868369861915,482.49041133276177,0
23.085370429013174,0.08103443937400864,390.9182281517014,481.66725868977056,0
23.098592940464023,0.0772113576431842,391.03290579146807,483.1926683003695,0
23.12527270420701,0.09162115294205213,391.26429695697794,477.4431599761212,0
23.138495215657855,0.09162115294205213,391.3789745967447,477.4431599761212,0
23.165174979400845,0.09044598486061427,391.6103657622545,477.91205204061487,0
23.17815541435911,0.09780493105890348,391.722943894608,474.9758325074975,0
23.204838845927746,0.10986446988891992,391.9543668708363,470.1640765143209,0
23.218057689552946,0.1075089536144686,392.0690126998846,471.103927507827,0
23.244741121121578,0.10662626260199025,392.30043567611284,471.45612122180586,0
23.258202041239365,0.100740141665674,392.41718101257436,473.8046834753961,0
23.284643396315417,0.09750727387836838,392.6465044813894,475.094597722531,0
23.29786223994062,0.09456680346599805,392.76115031043776,476.2678454170668,0
23.32454567150925,0.09162115294205213,392.99257328666596,477.4431599761212,0
23.337764515134452,0.08368243271741947,393.1072191157143,480.6107093457496,0
23.364205870210505,0.0848575211048331,393.33654258452935,480.1418490791716,0
23.377666790328288,0.07544605531225172,393.4532879209909,483.89702393041154,0
23.404108145404336,0.07750383471214371,393.6826113898059,483.07596994985465,0
23.417569065522123,0.07191537095636255,393.79935672626743,485.30576698841134,0
23.444010420598175,0.07191537095636255,394.0286801950825,485.30576698841134,0
23.45747134071596,0.07074028256894892,394.14542553154405,485.77462725498935,0
23.483674287125073,0.06750733508761907,394.37268130366425,487.06457330003997,0
23.497135207242856,0.06514663870159218,394.48942664012577,488.0064911580647,0
23.523572894493263,0.07044254569438958,394.7187182982224,485.89342426793854,0
23.53703381461105,0.07220784802532206,394.83546363468395,485.18906863789647,0
23.563478837512747,0.07074028256894892,395.06481891421737,485.77462725498935,0
23.576939757630527,0.06456168456367316,395.1815642506789,488.2398878590944,0
23.603377444880934,0.05425182803583821,395.41085590877555,492.35352061370054,0
23.616599956331783,0.0686824234750327,395.5255335485423,486.59571303346195,0
23.643283387900414,0.07250558489988139,395.75695652477054,485.07027162494734,0
23.656502231525618,0.06750733508761907,395.87160235381884,487.06457330003997,0
23.683181995268605,0.06162121415130282,396.1029935193287,489.4131355536302,0
23.696404506719453,0.05838826666997297,396.2176711590954,490.7030815986808,0
23.722845861795506,0.06544955568772709,396.44699462791044,487.8856272805969,0
23.73630678191329,0.06514663870159218,396.56373996437196,488.0064911580647,0
23.762748136989337,0.06956511448751106,396.793063433187,486.2435193194831,0
23.776209057107124,0.06191369122026233,396.9098087696486,489.2964372031153,0
23.802650412183176,0.06014838888932986,397.1391322384636,490.0007928331574,0
23.81586925580838,0.06044604606986495,397.2537780675119,489.88202761812386,0
23.842552687377008,0.06514663870159218,397.4852010437402,488.0064911580647,0
23.855771531002212,0.07133041681844352,397.5998468727885,485.539163689441,0
23.882454962570847,0.0568997416852248,397.83126984901673,491.2970030675953,0
23.895673806196047,0.062211348400797416,397.94591567806503,489.17767198808184,0
23.922115161272096,0.06544955568772709,398.1752391468801,487.8856272805969,0
23.935337672722945,0.07044254569438958,398.2899167866468,485.89342426793854,0
23.962017436465935,0.0639714706201543,398.5213079521567,488.47538322255843,0
23.975239947916783,0.07397841016185434,398.6359855919234,484.4826143454201,0
24.00191971165977,0.07220784802532206,398.86737675743325,485.18906863789647,0
24.01514222311062,0.0636789935511948,398.98205439719993,488.59208157307324,0
24.041752298166344,0.07074131859126404,399.21284115906053,485.77421388208563,0
24.041821986853606,0.07074028256894892,399.2134455627098,485.77462725498935,0
24.054971141791547,0.05926673389916662,399.3274869881089,490.35257317423253,0
24.081654573360183,0.06926323352369126,399.55890996433715,486.36396982404716,0
24.094873416985383,0.0651476747239073,399.67355579338545,488.006077785161,0
24.12131477206143,0.06397250664246942,399.9028792622005,488.4749698496547,0
24.13477569217922,0.06368002957350992,400.019624598662,488.5916682001695,0
24.16121704725527,0.06838580231681272,400.24894806747704,486.7140648755917,0
24.174677967373057,0.060441901980604486,400.36569340393856,489.8836811097388,0
24.201119322449106,0.057793908637193664,400.5950168727536,490.94023045375974,0
24.214341833899955,0.04660662090248018,400.70969451252034,495.4039582599104,0
24.24102159764294,0.062212464117136775,400.9410856780302,489.1772268172624,0
24.25424410909379,0.05897425683020711,401.0557633177969,490.46927152474734,0
24.28092387283678,0.0627974182550558,401.2871544833068,488.94383011623273,0
24.29414638428762,0.06191472724257745,401.40183212307346,489.2960238302116,0
24.320587739363674,0.0701511046477452,401.6311555918885,486.00970924554963,0
24.333806582988878,0.06162225017361793,401.74580142093686,489.4127221807264,0
24.360970499717027,0.0651476747239073,401.9813916012731,488.006077785161,0
24.374431419834814,0.059856947842685464,402.09813693773464,490.1170778107685,0
24.401111183577797,0.057793908637193664,402.3295281032445,490.94023045375974,0
24.414333695028645,0.055427952445566954,402.4442057430112,491.8842469742188,0
24.441013458771636,0.059856947842685464,402.6755969085211,490.1170778107685,0
24.4539938937299,0.051604870714742505,402.7881750408746,493.40965658481775,0
24.480677325298537,0.05926673389916662,403.01959801710285,490.35257317423253,0
24.493657760256802,0.062212464117136775,403.1321761494563,489.1772268172624,0
24.52057960049237,0.06397250664246942,403.3656668223794,488.4749698496547,0
24.533798444117572,0.06427024351702876,403.4803126514277,488.3561728367055,0
24.560239799193624,0.06249968138049647,403.70963612024275,489.0626271291819,0
24.57370071931141,0.06162225017361793,403.82638145670427,489.4127221807264,0
24.60014207438746,0.057208954499274635,404.0557049255193,491.1736271547894,0
24.62658342946351,0.062212464117136775,404.28502839433435,489.1772268172624,0
24.640044349581295,0.05690085740156415,404.4017737307959,491.2965578967759,0
24.666727781149927,0.05926673389916662,404.6331967070241,490.35257317423253,0
24.679946624775127,0.05926673389916662,404.7478425360725,490.35257317423253,0
24.706630056343762,0.06191472724257745,404.97926551230074,489.2960238302116,0
24.719848899968966,0.05897425683020711,405.09391134134904,490.46927152474734,0
24.746532331537594,0.05425286405815333,405.3253343175773,492.3531072407968,0
24.759512766495867,0.0583841225807125,405.43791244993076,490.7047350902957,0
24.78619253023885,0.06162225017361793,405.66930361544064,489.4127221807264,0
24.799411373864054,0.057793908637193664,405.783949444489,490.94023045375974,0
24.825852728940106,0.057501431568234146,406.01327291330404,491.05692880427455,0
24.83931364905789,0.06249968138049647,406.13001824976556,489.0626271291819,0
24.86599708062652,0.06103211592412333,406.3614412259938,489.6481857462748,0
24.879215924251724,0.051604870714742505,406.4760870550421,493.40965658481775,0
24.905657279327777,0.05072225939628839,406.70541052385715,493.7618185008809,0
24.91911819944556,0.0651476747239073,406.8221558603187,488.006077785161,0
24.94555955452161,0.053960386989193816,407.0514793291337,492.4698055913116,0
24.958539989479878,0.0583841225807125,407.16405746148723,490.7047350902957,0
24.985461829715447,0.06103211592412333,407.3975481344103,489.6481857462748,0
24.998684341166296,0.06397250664246942,407.512225774177,488.4749698496547,0
25.025125696242345,0.05690085740156415,407.74154924299205,491.2965578967759,0
25.038586616360128,0.06368002957350992,407.85829457945357,488.5916682001695,0
25.065266380103118,0.057501431568234146,408.08968574496345,491.05692880427455,0
25.078246815061384,0.06368002957350992,408.20226387731697,488.5916682001695,0
25.104930246630015,0.062212464117136775,408.43368685354517,489.1772268172624,0
25.1183911667478,0.06544533190444238,408.55043219000675,487.88731257012745,0
25.14483252182385,0.06691823686043959,408.7797556588217,487.2996234926846,0
25.15805136544905,0.06427024351702876,408.8944014878701,488.3561728367055,0
25.184734797017683,0.06720545412379927,409.12582446409834,487.1850238046041,0
25.19795364064289,0.06838580231681272,409.24047029314664,486.7140648755917,0
25.22439499571894,0.07133153253478287,409.4697937619617,485.53871851862164,0
25.237855915836725,0.0651476747239073,409.5865390984232,488.006077785161,0
25.264539347405357,0.0742667431415534,409.81796207465146,484.36756948652015,0
25.277758191030557,0.08044534114682916,409.9326079036998,481.9023088824151,0
25.30419954610661,0.08280085742128047,410.16193137251486,480.96245788890906,0
25.317660466224396,0.07779734780341833,410.2786767089764,482.95885822643606,0
25.34410182130045,0.07573956840352636,410.5080001777914,483.77991220699295,0
25.357082256258714,0.07779734780341833,410.6205783101449,482.95885822643606,0
25.3837620200017,0.0751493544600075,410.85196947565476,484.015407570457,0
25.397222940119484,0.08191816640880212,410.9687148121163,481.3146516028879,0
25.423664295195536,0.07397944618416946,411.1980382809313,484.48220097251635,0
25.43712521531332,0.06897601626033156,411.3147836173929,486.4785695121277,0
25.46380864688195,0.06897601626033156,411.5462065936211,486.4785695121277,0
25.477027490507155,0.0627974182550558,411.66085242266945,488.94383011623273,0
25.503468845583203,0.06838580231681272,411.8901758914845,486.7140648755917,0
25.516691357034052,0.0627974182550558,412.0048535312512,488.94383011623273,0
25.54337112077704,0.0701511046477452,412.23624469676105,486.00970924554963,0
25.556351555735308,0.053072515865139884,412.34882282911457,492.82406616980916,0
25.583273395970878,0.05897425683020711,412.5823135020376,490.46927152474734,0
25.596495907421726,0.06455746078038845,412.69699114180435,488.241573148625,0
25.622695186005192,0.05484299830764793,412.92421510320617,492.1176436752485,0
25.636398182615558,0.06249968138049647,413.0430599470809,489.0626271291819,0
25.66307794635855,0.05513029526503187,413.2744511125908,492.0030121892523,0
25.676300457809393,0.05690085740156415,413.38912875235746,491.2965578967759,0
25.702741812885442,0.05366265011463448,413.6184522211725,492.5886026042608,0
25.715960656510646,0.060149424911644975,413.73309805022086,490.00037946025367,0
25.74264408807928,0.06720545412379927,413.96452102644906,487.1850238046041,0
25.755624523037547,0.0627974182550558,414.0770991588026,488.94383011623273,0
25.782546363273113,0.058676599649672014,414.3105898317256,490.5880367397809,0
25.79576520689832,0.05425286405815333,414.425235660774,492.3531072407968,0
25.82220656197437,0.06368002957350992,414.654559129589,488.5916682001695,0
25.835429073425217,0.06162225017361793,414.7692367693557,489.4127221807264,0
25.862108837168204,0.05897425683020711,415.0006279348656,490.46927152474734,0
25.875331348619053,0.06455746078038845,415.1153055746323,488.241573148625,0
25.90201111236204,0.060441901980604486,415.34669674014214,489.8836811097388,0
25.915233623812888,0.06162225017361793,415.4613743799089,489.4127221807264,0
25.94191338755588,0.05897425683020711,415.6927655454187,490.46927152474734,0
25.954893822514144,0.06544533190444238,415.8053436777722,487.88731257012745,0
25.98181566274971,0.05248230192162104,416.0388343506953,493.0595615332732,0
25.99503817420056,0.06162225017361793,416.153511990462,489.4127221807264,0
26.021237452784028,0.055720429514526465,416.3807359518638,491.76754862370393,0
26.034940449394394,0.06427024351702876,416.49958079573855,488.3561728367055,0
26.061378136644798,0.059856947842685464,416.7288724538352,490.1170778107685,0
26.074839056762585,0.06249968138049647,416.8456177902968,489.0626271291819,0
26.101280411838633,0.06162225017361793,417.0749412591118,489.4127221807264,0
26.114741331956417,0.06779566806731811,417.19168659557334,486.94952844114005,0
26.140944278365534,0.06191472724257745,417.41894236769355,489.2960238302116,0
26.154163121990738,0.04983956838381003,417.5335881967419,494.11401221485977,0
26.180846553559366,0.062212464117136775,417.7650111729701,489.1772268172624,0
26.194307473677153,0.057793908637193664,417.8817565094316,490.94023045375974,0
26.220506752260622,0.06603554584796123,418.1089804708335,487.65181720666345,0
26.247428592496192,0.055427952445566954,418.34247114375654,491.8842469742188,0
26.26065110394704,0.057501431568234146,418.4571487835233,491.05692880427455,0
26.28709245902309,0.057501431568234146,418.6864722523383,491.05692880427455,0
26.300553379140872,0.05190260758930183,418.80321758879984,493.29085957186857,0
26.326994734216925,0.06249968138049647,419.0325410576149,489.0626271291819,0
26.34045565433471,0.05660312052700482,419.1492863940764,491.41535490972507,0
26.36689700941076,0.055720429514526465,419.37860986289144,491.76754862370393,0
26.380357929528547,0.06162225017361793,419.49535519935296,489.4127221807264,0
26.406799284604595,0.057793908637193664,419.724678668168,490.94023045375974,0
26.41977971956286,0.059856947842685464,419.8372568005215,490.1170778107685,0
26.44645948330585,0.060441901980604486,420.0686479660314,489.8836811097388,0
26.459920403423634,0.06103211592412333,420.1853933024929,489.6481857462748,0
26.48612334983275,0.051604870714742505,420.4126490746131,493.40965658481775,0
26.49982267861747,0.05926673389916662,420.53146210776947,490.35257317423253,0
26.52626403369352,0.06397250664246942,420.7607855765845,488.4749698496547,0
26.539486545144367,0.060441901980604486,420.87546321635125,489.8836811097388,0
26.566166308887357,0.06573788866742614,421.10685438186107,487.770582421697,0
26.579388820338202,0.0651476747239073,421.2215320216278,488.006077785161,0
26.606068584081193,0.057793908637193664,421.4529231871376,490.94023045375974,0
26.61904901903946,0.06750319099835861,421.56550131949115,487.0662267916549,0
26.645728782782445,0.07250144081062093,421.796892485001,485.0719251165622,0
26.65918970290023,0.08044534114682916,421.91363782146254,481.9023088824151,0
26.685392649309346,0.07750487073445883,422.14089359358275,483.07555657695093,0
26.69909564591971,0.07309157506011553,422.2597384374575,484.8364615510139,0
26.725533333170116,0.07103379566022355,422.48903009555414,485.65751553157077,0
26.7389942532879,0.07544709133456684,422.6057754320157,483.8966105575078,0
26.76543560836395,0.06162225017361793,422.8350989008307,489.4127221807264,0
26.778658119814796,0.06720545412379927,422.94977654059744,487.1850238046041,0
26.805337883557787,0.06368002957350992,423.1811677061073,488.5916682001695,0
26.818318318516052,0.059856947842685464,423.2937458384608,490.1170778107685,0
26.845240158751622,0.055427952445566954,423.5272365113839,491.8842469742188,0
26.858220593709888,0.057208954499274635,423.6398146437374,491.1736271547894,0
26.884661948785936,0.06249968138049647,423.86913811255243,489.0626271291819,0
26.898122868903723,0.059856947842685464,423.98588344901395,490.1170778107685,0
26.924806300472355,0.060149424911644975,424.2173064252422,490.00037946025367,0
26.93802514409756,0.055427952445566954,424.3319522542905,491.8842469742188,0
26.964708575666194,0.06103211592412333,424.5633752305188,489.6481857462748,0
26.977927419291394,0.057208954499274635,424.6780210595671,491.1736271547894,0
27.004610850860026,0.05897425683020711,424.90944403579533,490.46927152474734,0
27.01759128581829,0.057501431568234146,425.02202216814885,491.05692880427455,0
27.04451312605386,0.057793908637193664,425.2555128410719,490.94023045375974,0
27.057493561012127,0.060441901980604486,425.3680909734254,489.8836811097388,0
27.08393491608818,0.06191472724257745,425.59741444224045,489.2960238302116,0
27.097395836205965,0.058676599649672014,425.71415977870197,490.5880367397809,0
27.12407559994895,0.05131239364578299,425.94555094421185,493.52635493533256,0
27.137298111399797,0.05513029526503187,426.0602285839785,492.0030121892523,0
27.163977875142784,0.0627974182550558,426.2916197494884,488.94383011623273,0
27.176958310101053,0.058676599649672014,426.4041978818419,490.5880367397809,0
27.203641741669685,0.051604870714742505,426.6356208580701,493.40965658481775,0
27.216618508802306,0.060149424911644975,426.74816717970526,490.00037946025367,0
27.243540349037875,0.060441901980604486,426.98165785262836,489.8836811097388,0
27.25676286048872,0.06397250664246942,427.09633549239504,488.4749698496547,0
27.283204215564773,0.06544533190444238,427.3256589612101,487.88731257012745,0
27.296665135682556,0.06103211592412333,427.4424042976716,489.6481857462748,0
27.323344899425546,0.06779566806731811,427.6737954631815,486.94952844114005,0
27.336567410876395,0.06838580231681272,427.7884731029482,486.7140648755917,0
27.363247174619378,0.06838580231681272,428.01986426845804,486.7140648755917,0
27.37646968607023,0.08044534114682916,428.1345419082248,481.9023088824151,0
27.40291104114628,0.07985512720331032,428.3638653770398,482.1378042458792,0
27.416129884771482,0.06691823686043959,428.4785112060881,487.2996234926846,0
27.442813316340118,0.07309157506011553,428.7099341823164,484.8364615510139,0
27.4562742364579,0.06249968138049647,428.8266795187779,489.0626271291819,0
27.482473515041367,0.06455746078038845,429.0539034801797,488.241573148625,0
27.495934435159153,0.060149424911644975,429.1706488166413,490.00037946025367,0
27.522375790235206,0.05660312052700482,429.39997228545633,491.41535490972507,0
27.53583671035299,0.06720545412379927,429.51671762191785,487.1850238046041,0
27.56227806542904,0.05690085740156415,429.7460410907329,491.2965578967759,0
27.575738985546824,0.060441901980604486,429.8627864271944,489.8836811097388,0
27.602180340622873,0.06191472724257745,430.09210989600945,489.2960238302116,0
27.61516077558114,0.05366265011463448,430.20468802836297,492.5886026042608,0
27.642082615816708,0.053960386989193816,430.438178701286,492.4698055913116,0
27.655305127267557,0.06162225017361793,430.55285634105275,489.4127221807264,0
27.68174648234361,0.057501431568234146,430.7821798098678,491.05692880427455,0
27.695207402461392,0.057793908637193664,430.8989251463293,490.94023045375974,0
27.72188716620438,0.06691823686043959,431.1303163118392,487.2996234926846,0
27.735109677655228,0.05926673389916662,431.24499395160586,490.35257317423253,0
27.761789441398214,0.055720429514526465,431.47638511711574,491.76754862370393,0
27.775011952849063,0.053072515865139884,431.5910627568824,492.82406616980916,0
27.801453307925115,0.06368002957350992,431.82038622569746,488.5916682001695,0
27.81467215155032,0.06103211592412333,431.9350320547458,489.6481857462748,0
27.841355583118947,0.06103211592412333,432.166455030974,489.6481857462748,0
27.86827742335452,0.06838580231681272,432.3999457038971,486.7140648755917,0
27.881738343472303,0.06661531987430468,432.51669104035864,487.42048737015244,0
27.908179698548352,0.06926323352369126,432.7460145091737,486.36396982404716,0
27.921398542173556,0.06162225017361793,432.86066033822203,489.4127221807264,0
27.947839897249608,0.062212464117136775,433.089983807037,489.1772268172624,0
27.96130081736739,0.08250312054672114,433.2067291434986,481.08125490185824,0
27.987984248936023,0.09221232321386186,433.4381521197268,477.20728303766913,0
28.001203092561227,0.09956608930057548,433.55279794877515,474.2731303690704,0
28.027882856304217,0.11840487999656192,433.784189114285,466.7564528813718,0
28.041105367755062,0.12634878033277017,433.8988667540517,463.5868366472247,0
28.067546722831114,0.13752036834470843,434.12819022286675,459.12937303046135,0
28.080765566456314,0.15840649852341146,434.2428360519151,450.7958070891588,0
28.10744899802495,0.1592891098418656,434.4742590281433,450.4436451730956,0
28.12066784165015,0.1410562328121732,434.58890485719166,457.7185631079429,0
28.147351273218785,0.14193366401905172,434.82032783341987,457.36846805639834,0
28.16057011684399,0.11633658098547031,434.9349736624682,467.5817041867973,0
28.187253548412617,0.1110406739926729,435.1663966386965,469.6947710769235,0
28.20047239203782,0.09573774776415121,435.2810424677448,475.80063864210365,0
28.226913747113873,0.07927017306539129,435.5103659365598,482.37120094690886,0
28.240374667231656,0.0719164866727019,435.62711127302134,485.3053218175919,0
28.266816022307708,0.06838580231681272,435.8564347418364,486.7140648755917,0
28.280038533758557,0.060149424911644975,435.9711123816031,490.00037946025367,0
28.306718297501543,0.06926323352369126,436.202503547113,486.36396982404716,0
28.31994080895239,0.05926673389916662,436.3171811868797,490.35257317423253,0
28.34662057269538,0.057208954499274635,436.54857235238956,491.1736271547894,0
28.359843084146227,0.06249968138049647,436.66324999215624,489.0626271291819,0
28.38628443922228,0.05660312052700482,436.8925734609713,491.41535490972507,0
28.39950328284748,0.06162225017361793,437.00721929001963,489.4127221807264,0
28.42618671441611,0.06249968138049647,437.23864226624784,489.0626271291819,0
28.439405558041315,0.04748405210935872,437.3532880952962,495.05386320836584,0
28.466088989609947,0.05425286405815333,437.58471107152445,492.3531072407968,0
28.47930783323515,0.060441901980604486,437.69935690057275,489.8836811097388,0
28.505991264803786,0.05484299830764793,437.930779876801,492.1176436752485,0
28.519210108428986,0.05366265011463448,438.0454257058493,492.5886026042608,0
28.545893539997618,0.051604870714742505,438.27684868207757,493.40965658481775,0
28.55911238362282,0.04689909797143969,438.39149451112587,495.2872599093956,0
28.585553738698874,0.057208954499274635,438.6208179799409,491.1736271547894,0
28.598772582324074,0.06838580231681272,438.73546380898927,486.7140648755917,0
28.62545601389271,0.0627974182550558,438.9668867852175,488.94383011623273,0
28.638916934010492,0.05366265011463448,439.08363212167905,492.5886026042608,0
28.66535828908654,0.06249968138049647,439.3129555904941,489.0626271291819,0
28.678577132711744,0.05897425683020711,439.4276014195424,490.46927152474734,0
28.705018487787797,0.057501431568234146,439.6569248883574,491.05692880427455,0
28.71847940790558,0.05690085740156415,439.773670224819,491.2965578967759,0
28.744920762981632,0.05131239364578299,440.002993693634,493.52635493533256,0
28.75838168309942,0.053960386989193816,440.11973903009556,492.4698055913116,0
28.784823038175468,0.0627974182550558,440.3490624989106,488.94383011623273,0
28.798045549626316,0.057208954499274635,440.4637401386773,491.1736271547894,0
28.824725313369303,0.060149424911644975,440.69513130418716,490.00037946025367,0
28.83794782482015,0.062212464117136775,440.80980894395384,489.1772268172624,0
28.86462758856314,0.06073963885516381,441.0412001094637,489.7648840967896,0
28.877850100013987,0.059856947842685464,441.15587774923046,490.1170778107685,0
28.904291455090036,0.062212464117136775,441.3852012180455,489.1772268172624,0
28.917752375207822,0.06956097039825059,441.501946554507,486.245172811098,0
28.94419373028387,0.07220896374166141,441.73127002332205,485.1886234670771,0
28.957654650401658,0.08456615975221295,441.8480153597836,480.25810225886704,0
28.98409600547771,0.08809676441407789,442.0773388285986,478.8493909987829,0
28.997556925595493,0.09721583283172398,442.19408416506013,475.2108827001421,0
29.02399828067154,0.12163774778386753,442.4234076338752,465.4665386342368,0
29.037217124296745,0.13075681620151364,442.53805346292353,461.82803033559605,0
29.063900555865377,0.12105279364594851,442.76947643915173,465.69993533526656,0
29.07711939949058,0.11987770525853489,442.8841222682001,466.1687956018446,0
29.103560754566633,0.12046265939645391,443.1134457370151,465.9353989008149,0
29.11678326601748,0.09780604677524284,443.2281233767818,474.9753873366781,0
29.143463029760465,0.08485863682117246,443.4595145422917,480.1414039083522,0
29.156685541211314,0.06779566806731811,443.57419218205837,486.94952844114005,0
29.183365304954304,0.07544709133456684,443.80558334756824,483.8966105575078,0
29.196584148579504,0.060441901980604486,443.9202291766166,489.8836811097388,0
29.22326758014814,0.051604870714742505,444.1516521528448,493.40965658481775,0
29.236490091598988,0.06868353919137204,444.26632979261154,486.5952678626425,0
29.26316985534197,0.057208954499274635,444.4977209581214,491.1736271547894,0
29.276388698967178,0.045128535834907405,444.6123667871697,495.9937142018719,0
29.302830054043227,0.05248230192162104,444.84169025598476,493.0595615332732,0
29.316052565494076,0.05337017304567497,444.9563678957515,492.7053009547757,0
29.342732329237062,0.05513029526503187,445.1877590612613,492.0030121892523,0
29.35595484068791,0.05366265011463448,445.30243670102806,492.5886026042608,0
29.382634604430898,0.04571874977842625,445.5338278665379,495.7582188384079,0
29.395857115881746,0.057208954499274635,445.6485055063046,491.1736271547894,0
29.422298470957795,0.05072225939628839,445.87782897511966,493.7618185008809,0
29.435517314583,0.05690085740156415,445.99247480416795,491.2965578967759,0
29.462200746151634,0.05190260758930183,446.2238977803962,493.29085957186857,0
29.488880509894617,0.053960386989193816,446.4552889459061,492.4698055913116,0
29.502103021345466,0.0560181663890858,446.5699665856728,491.64875161075474,0
29.528544376421518,0.057793908637193664,446.7992900544878,490.94023045375974,0
29.5420052965393,0.053960386989193816,446.91603539094933,492.4698055913116,0
29.56844665161535,0.06103211592412333,447.14535885976437,489.6481857462748,0
29.58190757173314,0.05190260758930183,447.26210419622595,493.29085957186857,0
29.60834892680919,0.053072515865139884,447.491427665041,492.82406616980916,0
29.62156777043439,0.053072515865139884,447.6060734940893,492.82406616980916,0
29.648251202003024,0.05425286405815333,447.83749647031755,492.3531072407968,0
29.661470045628228,0.04571874977842625,447.95214229936585,495.7582188384079,0
29.688153477196856,0.055720429514526465,448.1835652755941,491.76754862370393,0
29.701372320822063,0.053960386989193816,448.29821110464246,492.4698055913116,0
29.728055752390695,0.05337017304567497,448.52963408087066,492.7053009547757,0
29.74103618734896,0.05248230192162104,448.6422122132242,493.0595615332732,0
29.767715951091947,0.05513029526503187,448.87360337873406,492.0030121892523,0
29.78093479471715,0.050132045452769544,448.98824920778236,493.99731386434496,0
29.807618226285783,0.06603554584796123,449.2196721840106,487.65181720666345,0
29.82084073773663,0.055720429514526465,449.3343498237773,491.76754862370393,0
29.847278424987035,0.05337017304567497,449.56364148187396,492.7053009547757,0
29.86073934510482,0.05218982485266153,449.68038681833553,493.176259883788,0
29.88718436800652,0.050132045452769544,449.90974209786896,493.99731386434496,0
29.900645288124302,0.051604870714742505,450.0264874343305,493.40965658481775,0
29.927082975374706,0.06162225017361793,450.25577909242713,489.4127221807264,0
29.940543895492493,0.05425286405815333,450.37252442888865,492.3531072407968,0
29.96698525056854,0.053960386989193816,450.6018478977037,492.4698055913116,0
29.980446170686324,0.05248230192162104,450.7185932341652,493.0595615332732,0
30.00688752576238,0.05218982485266153,450.94791670298025,493.176259883788,0
30.020110037213225,0.05484299830764793,451.062594342747,492.1176436752485,0
30.046551392289274,0.05248230192162104,451.29191781156203,493.0595615332732,0
30.060012312407064,0.057793908637193664,451.40866314802355,490.94023045375974,0
30.086453667483113,0.04983956838381003,451.6379866168386,494.11401221485977,0
30.099914587600896,0.05190260758930183,451.7547319533001,493.29085957186857,0
30.12635594267695,0.04836674312183707,451.98405542211515,494.701669494387,0
30.13981686279473,0.060441901980604486,452.10080075857667,489.8836811097388,0
30.166258217870784,0.057208954499274635,452.3301242273917,491.1736271547894,0
30.179477061495987,0.05248230192162104,452.44477005644006,493.0595615332732,0
30.20616049306462,0.06720545412379927,452.67619303266827,487.1850238046041,0
30.21937933668982,0.059856947842685464,452.7908388617166,490.1170778107685,0
30.246062768258454,0.0583841225807125,453.0222618379449,490.7047350902957,0
30.259281611883655,0.05897425683020711,453.1369076669932,490.46927152474734,0
30.28596504345229,0.06720545412379927,453.36833064322144,487.1850238046041,0
30.299183887077493,0.06103211592412333,453.48297647226974,489.6481857462748,0
30.325625242153542,0.062212464117136775,453.7122999410848,489.1772268172624,0
30.339086162271325,0.06573788866742614,453.8290452775463,487.770582421697,0
30.365527517347378,0.058676599649672014,454.05836874636134,490.5880367397809,0
30.378750028798226,0.06191472724257745,454.1730463861281,489.2960238302116,0
30.405429792541213,0.062212464117136775,454.40443755163795,489.1772268172624,0
30.41865230399206,0.04807426605287756,454.51911519140464,494.81836784490184,0
30.44533206773505,0.057208954499274635,454.7505063569145,491.1736271547894,0
30.45855091136025,0.058676599649672014,454.8651521859628,490.5880367397809,0
30.48499593426195,0.06162225017361793,455.09450746549624,489.4127221807264,0
30.49821477788715,0.06720545412379927,455.2091532945446,487.1850238046041,0
30.52489454163014,0.0560181663890858,455.44054446005447,491.64875161075474,0
30.53811705308099,0.05131239364578299,455.55522209982115,493.52635493533256,0
30.56479681682397,0.05513029526503187,455.786613265331,492.0030121892523,0
30.57801932827482,0.05660312052700482,455.9012909050977,491.41535490972507,0
30.604699092017807,0.06573788866742614,456.1326820706076,487.770582421697,0
30.617921603468655,0.0560181663890858,456.24735971037427,491.64875161075474,0
30.644601367211646,0.058676599649672014,456.47875087588415,490.5880367397809,0
30.65782387866249,0.059856947842685464,456.5934285156509,490.1170778107685,0
30.684265233738543,0.06368002957350992,456.8227519844659,488.5916682001695,0
30.697484077363743,0.05337017304567497,456.9373978135142,492.7053009547757,0
30.72416750893238,0.053960386989193816,457.1688207897425,492.4698055913116,0
30.73738635255758,0.05926673389916662,457.2834666187908,490.35257317423253,0
30.764069784126214,0.058676599649672014,457.51488959501904,490.5880367397809,0
30.777288627751417,0.05425286405815333,457.62953542406734,492.3531072407968,0
30.803729982827466,0.05337017304567497,457.8588588928824,492.7053009547757,0
30.81719090294525,0.05190260758930183,457.97560422934396,493.29085957186857,0
30.8436322580213,0.055720429514526465,458.204927698159,491.76754862370393,0
30.857093178139085,0.059856947842685464,458.3216730346205,490.1170778107685,0
30.883534533215137,0.05926673389916662,458.55099650343556,490.35257317423253,0
30.896757044665986,0.053960386989193816,458.66567414320224,492.4698055913116,0
30.923436808408972,0.05248230192162104,458.8970653087121,493.0595615332732,0
30.936659319859817,0.06368002957350992,459.0117429484788,488.5916682001695,0
30.963339083602808,0.06073963885516381,459.2431341139887,489.7648840967896,0
30.976561595053656,0.05072225939628839,459.3578117537554,493.7618185008809,0
31.00300295012971,0.060441901980604486,459.58713522257045,489.8836811097388,0
31.01646387024749,0.051604870714742505,459.703880559032,493.40965658481775,0
31.042901557497895,0.05218982485266153,459.93317221712863,493.176259883788,0
31.056362477615682,0.051604870714742505,460.04991755359015,493.40965658481775,0
31.082807500517376,0.057208954499274635,460.27927283312357,491.1736271547894,0
31.109245187767783,0.057208954499274635,460.5085644912202,491.1736271547894,0
31.12270610788557,0.05690085740156415,460.62530982768175,491.2965578967759,0
31.149151130787263,0.062212464117136775,460.85466510721517,489.1772268172624,0
31.162612050905047,0.060149424911644975,460.9714104436767,490.00037946025367,0
31.189049738155454,0.0633875525045504,461.20070210177335,488.7083665506844,0
31.202272249606303,0.06368002957350992,461.3153797415401,488.5916682001695,0
31.228952013349286,0.05897425683020711,461.54677090704996,490.46927152474734,0
31.242174524800138,0.062212464117136775,461.66144854681664,489.1772268172624,0
31.268854288543125,0.060441901980604486,461.8928397123265,489.8836811097388,0
31.28207679999397,0.07927017306539129,462.0075173520932,482.37120094690886,0
31.308518155070026,0.06455746078038845,462.23684082090824,488.241573148625,0
31.32197907518781,0.07074131859126404,462.3535861573698,485.77421388208563,0
31.348420430263857,0.08191816640880212,462.5829096261848,481.3146516028879,0
31.361881350381644,0.06926323352369126,462.6996549626464,486.36396982404716,0
31.38904159928415,0.06191472724257745,462.93521333226425,489.2960238302116,0
31.402022034242414,0.06691823686043959,463.0477914646178,487.2996234926846,0
31.428705465811046,0.06868353919137204,463.279214440846,486.5952678626425,0
31.442166385928832,0.06455746078038845,463.39595977730755,488.241573148625,0
31.468365664512298,0.06603554584796123,463.6231837387094,487.65181720666345,0
31.482068661122668,0.055720429514526465,463.7420285825841,491.76754862370393,0
31.508510016198716,0.060441901980604486,463.97135205139915,489.8836811097388,0
31.5219709363165,0.0560181663890858,464.08809738786067,491.64875161075474,0
31.54841229139255,0.062212464117136775,464.3174208566757,489.1772268172624,0
31.561631135017755,0.06956097039825059,464.432066685724,486.245172811098,0
31.588314566586387,0.07133153253478287,464.66348966195227,485.53871851862164,0
31.601295001544656,0.06868353919137204,464.7760677943058,486.5952678626425,0
31.628216841780223,0.08662393915210492,465.0095584672288,479.4370482783101,0
31.641197276738488,0.09486031655727267,465.12213659958235,476.1507336936482,0
31.66763863181454,0.11869735706552144,465.3514600683974,466.6397545308569,0
31.681099551932324,0.1554712082226167,465.4682054048589,451.96698791917595,0
31.707779315675314,0.2060804201518605,465.6995965703688,431.77391235940763,0
31.721001827126162,0.22990702074293387,465.81427421013547,422.26709872356935,0
31.747681590869146,0.25432367588947763,466.04566537564534,412.52485332009843,0
31.76090043449435,0.25109598821374757,466.1603112046937,413.8127007027147,0
31.787345457396047,0.21549196563846612,466.3896664842271,428.018705710252,0
31.80056430102125,0.18930992846696568,466.5043123132754,438.4653385416807,0
31.827244064764237,0.17429429919582792,466.7357034787853,444.45657462086467,0
31.84070498488202,0.15075507525616275,466.8524488152468,453.84872497279105,0
31.866907931291134,0.12516843213975673,467.079704587367,464.0577955762371,0
31.880368851408917,0.11781466605304308,467.1964499238286,466.9919482448358,0
31.907048615151908,0.08221064347776164,467.4278410893384,481.1979532523731,0
31.920271126602753,0.09427018230777807,467.54251872910515,476.38619725919654,0
31.946954558171388,0.08750663016458328,467.77394170533336,479.08485456433124,0
31.96017340179659,0.08426842287765361,467.8885875343817,480.37689927181617,0
31.98661475687264,0.09397770523881856,468.11791100319675,476.5028956097114,0
31.999595191830906,0.0907447577574887,468.2304891355503,477.792841654762,0
32.02651703206648,0.09397770523881856,468.4639798084733,476.5028956097114,0
32.039735875691676,0.10750998963678372,468.57862563752167,471.1035141349233,0
32.066177230767735,0.11368858764205948,468.8079491063367,468.63825353081825,0
32.079638150885515,0.14016836168811925,468.9246944427982,458.0728236864404,0
32.10632158245414,0.15899663277290607,469.1561174190265,450.56034352361047,0
32.119540426079354,0.17458677626478744,469.2707632480748,444.3398762703498,0
32.14622385764798,0.19548852647224144,469.50218622430305,436.00007793757567,0
32.159442701273186,0.22754624466288276,469.61683205335135,423.2090483795098,0
32.18588405634924,0.2325497542807449,469.8461555221664,421.2126480419828,0
32.19910656780009,0.21460935432001202,469.9608331619331,428.3708676263152,0
32.22578633154307,0.20019429921554427,470.19222432744294,434.12247461299785,0
32.239247251660856,0.17754812651150856,470.3089696639045,443.1582975219081,0
32.26545019806997,0.15399320284906817,470.5362254360247,452.55671206322177,0
32.27891111818775,0.1451718713059814,470.65297077248624,456.0764233489134,0
32.30535247326381,0.12840655973266216,470.8822942413013,462.7657826666678,0
32.31881339338159,0.09662561888820514,470.9990395777628,475.4463780636061,0
32.345251080631996,0.08397594580869411,471.22833123585946,480.49359762233104,0
32.358712000749776,0.07809508467797767,471.345076572321,482.8400612134869,0
32.38515702365147,0.06897601626033156,471.5744318518544,486.4785695121277,0
32.3981337907841,0.06897601626033156,471.68697817348954,486.4785695121277,0
32.42505563101967,0.06956097039825059,471.92046884641263,486.245172811098,0
32.438278142470516,0.06455746078038845,472.0351464861793,488.241573148625,0
32.46471949754657,0.06779566806731811,472.26446995499435,486.94952844114005,0
32.47818041766435,0.057208954499274635,472.3812152914559,491.1736271547894,0
32.50486018140734,0.05425286405815333,472.61260645696575,492.3531072407968,0
32.51808269285819,0.050424522521729055,472.72728409673243,493.8806155138301,0
32.544766124426815,0.06455746078038845,472.9587070729607,488.241573148625,0
32.557984968052025,0.055720429514526465,473.07335290200905,491.76754862370393,0
32.58442632312807,0.05660312052700482,473.3026763708241,491.41535490972507,0
32.59764883457892,0.06368002957350992,473.41735401059077,488.5916682001695,0
32.62432859832191,0.049254614245891004,473.64874517610065,494.34740891588945,0
32.637547441947106,0.05072225939628839,473.76339100514895,493.7618185008809,0
32.663988797023165,0.05513029526503187,473.992714473964,492.0030121892523,0
32.677449717140945,0.05897425683020711,474.10945981042556,490.46927152474734,0
32.70389107221699,0.06073963885516381,474.3387832792406,489.7648840967896,0
32.73033242729305,0.060441901980604486,474.5681067480556,489.8836811097388,0
32.74379334741083,0.060441901980604486,474.68485208451716,489.8836811097388,0
32.77047677897946,0.0560181663890858,474.91627506074536,491.64875161075474,0
32.78369562260467,0.0560181663890858,475.0309208897937,491.64875161075474,0
32.810379054173296,0.05513029526503187,475.262343866022,492.0030121892523,0
32.8235978977985,0.06455746078038845,475.3769896950703,488.241573148625,0
32.85003925287455,0.06544533190444238,475.6063131638853,487.88731257012745,0
32.86301968783282,0.057793908637193664,475.71889129623884,490.94023045375974,0
32.88994152806839,0.0583841225807125,475.9523819691619,490.7047350902957,0
32.90316403951924,0.05897425683020711,476.0670596089286,490.46927152474734,0
32.92960172676964,0.05660312052700482,476.2963512670253,491.41535490972507,0
32.94306264688743,0.05660312052700482,476.4130966034868,491.41535490972507,0
32.969746078456055,0.048664400302372166,476.64451957971505,494.5829042793535,0
32.9829685899069,0.057793908637193664,476.75919721948173,490.94023045375974,0
33.00940627715731,0.05690085740156415,476.9884888775784,491.2965578967759,0
33.02262878860816,0.051604870714742505,477.10316651734513,493.40965658481775,0
33.04931222017679,0.05513029526503187,477.33458949357333,492.0030121892523,0
33.062288987309415,0.055720429514526465,477.44713581520847,491.76754862370393,0
33.08921082754498,0.04983956838381003,477.68062648813157,494.11401221485977,0
33.10243333899583,0.04807426605287756,477.79530412789825,494.81836784490184,0
33.12887469407188,0.049254614245891004,478.0246275967133,494.34740891588945,0
33.14233561418966,0.048664400302372166,478.1413729331748,494.5829042793535,0
33.16901537793265,0.048664400302372166,478.3727640986847,494.5829042793535,0
33.1822378893835,0.05131239364578299,478.48744173845137,493.52635493533256,0
33.20867924445955,0.05425286405815333,478.7167652072664,492.3531072407968,0
33.22189808808476,0.0633875525045504,478.83141103631476,488.7083665506844,0
33.248581519653385,0.0633875525045504,479.062834012543,488.7083665506844,0
33.26156195461165,0.05337017304567497,479.1754121448965,492.7053009547757,0
33.288483794847224,0.060149424911644975,479.4089028178196,490.00037946025367,0
33.30170263847242,0.05190260758930183,479.5235486468679,493.29085957186857,0
33.32814399354848,0.059856947842685464,479.7528721156829,490.1170778107685,0
33.34136650499933,0.05513029526503187,479.86754975544966,492.0030121892523,0
33.36804626874231,0.048664400302372166,480.0989409209595,494.5829042793535,0
33.38126878019316,0.050424522521729055,480.2136185607262,493.8806155138301,0
33.40794854393614,0.05337017304567497,480.4450097262361,492.7053009547757,0
33.42117105538699,0.0560181663890858,480.5596873660028,491.64875161075474,0
33.44785081912998,0.05131239364578299,480.79107853151265,493.52635493533256,0
33.46083125408825,0.06368002957350992,480.9036566638662,488.5916682001695,0
33.48775309432382,0.05484299830764793,481.1371473367892,492.1176436752485,0
33.50097560577467,0.06191472724257745,481.25182497655595,489.2960238302116,0
33.527416960850715,0.06397250664246942,481.48114844537093,488.4749698496547,0
33.540877880968495,0.05248230192162104,481.5978937818325,493.0595615332732,0
33.567319236044554,0.0633875525045504,481.82721725064755,488.7083665506844,0
33.580780156162334,0.057501431568234146,481.94396258710907,491.05692880427455,0
33.60721784341274,0.06956097039825059,482.1732542452057,486.245172811098,0
33.62067876353053,0.06191472724257745,482.28999958166725,489.2960238302116,0
33.64688170993964,0.053960386989193816,482.51725535378745,492.4698055913116,0
33.660100553564845,0.06897601626033156,482.6319011828358,486.4785695121277,0
33.686783985133474,0.06397250664246942,482.86332415906406,488.4749698496547,0
33.70024490525126,0.059856947842685464,482.9800694955256,490.1170778107685,0
33.72668626032731,0.07632452254144538,483.2093929643406,483.54651550596327,0
33.739905103952516,0.06868353919137204,483.3240387933889,486.5952678626425,0
33.766588535521144,0.06750319099835861,483.5554617696172,487.0662267916549,0
33.77981104697199,0.08780428734511837,483.67013940938386,478.96608934929776,0
33.80649081071498,0.07868521892747227,483.90153057489374,482.60459764793853,0
33.81970965434019,0.09456783948831317,484.0161764039421,476.26743204416306,0
33.846393085908815,0.10603716437481076,484.2475993801703,471.6911714144505,0
33.85937352086708,0.13487245469532186,484.3601775125238,460.1858905765666,0
33.886295361102654,0.16605792179066017,484.5936681854469,447.7428892055266,0
33.89951420472785,0.19254287594829553,484.7083140144952,437.1753924966301,0
33.92595555980391,0.1757619443462253,484.93763748331025,443.8709842058561,0
33.93941647992169,0.16605792179066017,485.0543828197718,447.7428892055266,0
33.96585783499774,0.16458509652868722,485.2837062885868,448.3305464850538,0
33.97908034644859,0.13929093048124072,485.39838392835355,458.42291873798496,0
34.005760110191574,0.12340312980882424,485.6297750938634,464.7621512062791,0
34.01898262164242,0.11251349925464586,485.7444527336301,469.10711379739627,0
34.045423976718475,0.10338925072542418,485.97377620244515,472.74768896055576,0
34.05864282034368,0.08368346873973459,486.08842203149345,480.6102959728459,0
34.085326251912306,0.07074131859126404,486.3198450077217,485.77421388208563,0
34.09854509553752,0.07720721355392374,486.43449083677007,483.1943217919844,0
34.12498645061356,0.060149424911644975,486.6638143055851,490.00037946025367,0
34.13844737073135,0.06397250664246942,486.7805596420466,488.4749698496547,0
34.165130802299984,0.06750319099835861,487.0119826182748,487.0662267916549,0
34.17834964592518,0.06455746078038845,487.1266284473232,488.241573148625,0
34.20502940966817,0.06368002957350992,487.35801961283306,488.5916682001695,0
34.21825192111902,0.06397250664246942,487.47269725259974,488.4749698496547,0
34.24493535268765,0.0583841225807125,487.704120228828,490.7047350902957,0
34.257912119820276,0.06397250664246942,487.81666655046314,488.4749698496547,0
34.284595551388904,0.05660312052700482,488.04808952669134,491.41535490972507,0
34.29781806283975,0.05897425683020711,488.1627671664581,490.46927152474734,0
34.32425575009016,0.060441901980604486,488.39205882455474,489.8836811097388,0
34.35117759032573,0.0560181663890858,488.6255494974778,491.64875161075474,0
34.36416169310964,0.053960386989193816,488.7381594405497,492.4698055913116,0
34.390599380360044,0.057208954499274635,488.96745109864634,491.1736271547894,0
34.40406030047783,0.050132045452769544,489.08419643510786,493.99731386434496,0
34.430743732046466,0.05366265011463448,489.3156194113361,492.5886026042608,0
34.443966243497314,0.06249968138049647,489.4302970511028,489.0626271291819,0
34.4706460072403,0.055720429514526465,489.6616882166127,491.76754862370393,0
34.4838648508655,0.05218982485266153,489.77633404566103,493.176259883788,0
34.51054828243413,0.058676599649672014,490.00775702188923,490.5880367397809,0
34.523528717392395,0.05897425683020711,490.12033515424275,490.46927152474734,0
34.55045055762797,0.058676599649672014,490.3538258271658,490.5880367397809,0
34.56366940125317,0.06191472724257745,490.46847165621415,489.2960238302116,0
34.589872347662286,0.055427952445566954,490.69572742833435,491.8842469742188,0
34.60333326778007,0.0627974182550558,490.81247276479587,488.94383011623273,0
34.63001303152306,0.0560181663890858,491.04386393030575,491.64875161075474,0
34.643235542973905,0.07250144081062093,491.1585415700725,485.0719251165622,0
34.66991530671689,0.057208954499274635,491.3899327355823,491.1736271547894,0
34.683137818167744,0.06427024351702876,491.50461037534905,488.3561728367055,0
34.709579173243796,0.06249968138049647,491.7339338441641,489.0626271291819,0
34.72279801686899,0.06073963885516381,491.8485796732124,489.7648840967896,0
34.74948144843763,0.06779566806731811,492.08000264944064,486.94952844114005,0
34.762942368555414,0.07250144081062093,492.19674798590216,485.0719251165622,0
34.78914164713888,0.05926673389916662,492.423971947304,490.35257317423253,0
34.80260256725667,0.053960386989193816,492.54071728376556,492.4698055913116,0
34.8292859988253,0.05513029526503187,492.77214025999376,492.0030121892523,0
34.842504842450495,0.058676599649672014,492.8867860890421,490.5880367397809,0
34.869184606193485,0.05425286405815333,493.118177254552,492.3531072407968,0
34.882407117644334,0.060441901980604486,493.2328548943187,489.8836811097388,0
34.90932895787991,0.0633875525045504,493.4663455672417,488.7083665506844,0
34.92278987799769,0.04836674312183707,493.5830909037033,494.701669494387,0
34.94923123307374,0.04748405210935872,493.81241437251833,495.05386320836584,0
34.96245007669894,0.04395862755906935,493.92706020156663,496.4605076039313,0
34.98913350826757,0.05513029526503187,494.1584831777949,492.0030121892523,0
35.00235601971842,0.04660662090248018,494.2731608175616,495.4039582599104,0
35.02903578346141,0.05218982485266153,494.50455198307145,493.176259883788,0
35.04225462708661,0.051604870714742505,494.6191978121198,493.40965658481775,0
35.068699649988304,0.05248230192162104,494.84855309165323,493.0595615332732,0
35.08216057010609,0.04836674312183707,494.96529842811475,494.701669494387,0
35.108598257356505,0.05248230192162104,495.1945900862114,493.0595615332732,0
35.122059177474284,0.05425286405815333,495.3113354226729,492.3531072407968,0
35.14850420037598,0.05218982485266153,495.54069070220635,493.176259883788,0
35.161723044001185,0.048664400302372166,495.65533653125465,494.5829042793535,0
35.18840280774417,0.055720429514526465,495.8867276967645,491.76754862370393,0
35.20162531919502,0.05366265011463448,496.00140533653126,492.5886026042608,0
35.22830508293801,0.05513029526503187,496.2327965020411,492.0030121892523,0
35.241527594388856,0.06368002957350992,496.3474741418078,488.5916682001695,0
35.2679689494649,0.055427952445566954,496.57679761062286,491.8842469742188,0
35.28118779309011,0.050424522521729055,496.69144343967116,493.8806155138301,0
35.30787122465874,0.05484299830764793,496.9228664158994,492.1176436752485,0
35.32109006828394,0.05366265011463448,497.0375122449477,492.5886026042608,0
35.34777349985258,0.0583841225807125,497.268935221176,490.7047350902957,0
35.360992343477776,0.058676599649672014,497.38358105022434,490.5880367397809,0
35.38767577504641,0.05425286405815333,497.61500402645254,492.3531072407968,0
35.400894618671614,0.05366265011463448,497.7296498555009,492.5886026042608,0
35.42757805024024,0.05897425683020711,497.96107283172915,490.46927152474734,0
35.440796893865446,0.0651476747239073,498.07571866077745,488.006077785161,0
35.4672382489415,0.05926673389916662,498.3050421295925,490.35257317423253,0
35.48046076039235,0.06249968138049647,498.41971976935923,489.0626271291819,0
35.50714052413534,0.06249968138049647,498.65111093486905,489.0626271291819,0
35.520363035586186,0.0651476747239073,498.7657885746358,488.006077785161,0
35.54704279932917,0.06544533190444238,498.9971797401456,487.88731257012745,0
35.56026164295437,0.07720721355392374,499.11182556919397,483.1943217919844,0
35.58670666585607,0.06868353919137204,499.3411808487274,486.5952678626425,0
35.59992550948127,0.06779566806731811,499.4558266777757,486.94952844114005,0
35.62660527322426,0.08103547539632376,499.68721784328557,481.6668453168668,0
35.639827784675106,0.0704435817167047,499.8018954830523,485.8930108950348,0
35.666511216243734,0.06544533190444238,500.0333184592805,487.88731257012745,0
35.679730059868945,0.08544877107066706,500.14796428832886,479.90594034280383,0
35.70640982361193,0.07573956840352636,500.37935545383874,483.77991220699295,0
35.71963233506278,0.0701511046477452,500.4940330936054,486.00970924554963,0
35.74631576663141,0.07868521892747227,500.7254560698337,482.60459764793853,0
35.75953461025661,0.06926323352369126,500.840101898882,486.36396982404716,0
35.78597596533267,0.0701511046477452,501.069425367697,486.00970924554963,0
35.79943688545045,0.0795626501343508,501.18617070415854,482.254502596394,0
35.8258782405265,0.06779566806731811,501.4154941729736,486.94952844114005,0
35.839339160644286,0.060441901980604486,501.53223950943516,489.8836811097388,0
35.86578051572033,0.05690085740156415,501.7615629782502,491.2965578967759,0
35.87899935934554,0.0627974182550558,501.8762088072985,488.94383011623273,0
35.90544071442159,0.0704435817167047,502.10553227611354,485.8930108950348,0
35.91890163453937,0.06103211592412333,502.22227761257506,489.6481857462748,0
35.945342989615426,0.0627974182550558,502.4516010813901,488.94383011623273,0
35.972026421184054,0.06162225017361793,502.68302405761835,489.4127221807264,0
35.98524526480926,0.0560181663890858,502.79766988666665,491.64875161075474,0
36.01192869637789,0.049254614245891004,503.0290928628949,494.34740891588945,0
36.02514754000309,0.04836674312183707,503.14373869194327,494.701669494387,0
36.05183097157173,0.04484131857154771,503.3751616681715,496.10831388995246,0
36.06504981519693,0.053072515865139884,503.48980749721983,492.82406616980916,0
36.091491170272974,0.053072515865139884,503.71913096603487,492.82406616980916,0
36.10495209039077,0.05218982485266153,503.8358763024964,493.176259883788,0
36.13139344546681,0.051604870714742505,504.0651997713114,493.40965658481775,0
36.1448543655846,0.04689909797143969,504.18194510777295,495.2872599093956,0
36.17129572066065,0.05513029526503187,504.411268576588,492.0030121892523,0
36.18475664077843,0.05190260758930183,504.5280139130495,493.29085957186857,0
36.21095591936191,0.048664400302372166,504.7552378744514,494.5829042793535,0
36.22441683947969,0.04895687737133168,504.8719832109129,494.46620592883863,0
36.250861862381385,0.049254614245891004,505.1013384904463,494.34740891588945,0
36.264322782499164,0.06103211592412333,505.21808382690784,489.6481857462748,0
36.29076046974957,0.041895668047601795,505.4473754850045,497.28362844900687,0
36.30398298120042,0.05190260758930183,505.56205312477124,493.29085957186857,0
36.330666412769055,0.0560181663890858,505.79347610099944,491.64875161075474,0
36.34388525639426,0.050424522521729055,505.9081219300478,493.8806155138301,0
36.37056502013725,0.051604870714742505,506.1395130955576,493.40965658481775,0
36.38378753158809,0.04660662090248018,506.25419073532436,495.4039582599104,0
36.410470963156726,0.05660312052700482,506.4856137115526,491.41535490972507,0
36.42368980678193,0.04983956838381003,506.6002595406009,494.11401221485977,0
36.45013116185798,0.06103211592412333,506.82958300941596,489.6481857462748,0
36.46359208197576,0.04748405210935872,506.9463283458775,495.05386320836584,0
36.490033437051814,0.05897425683020711,507.1756518146925,490.46927152474734,0
36.5034943571696,0.04895687737133168,507.29239715115403,494.46620592883863,0
36.529935712245646,0.04748405210935872,507.5217206199691,495.05386320836584,0
36.543154555870856,0.05131239364578299,507.63636644901743,493.52635493533256,0
36.569837987439485,0.05337017304567497,507.8677894252457,492.7053009547757,0
36.58305683106469,0.051604870714742505,507.982435254294,493.40965658481775,0
36.60949818614074,0.043368493309574756,508.211758723109,496.69597116947966,0
36.62272069759159,0.05248230192162104,508.32643636287577,493.0595615332732,0
36.64940046133458,0.05513029526503187,508.5578275283856,492.0030121892523,0
36.66262297278542,0.055720429514526465,508.6725051681523,491.76754862370393,0
36.689302736528404,0.04895687737133168,508.9038963336622,494.46620592883863,0
36.70252524797926,0.05131239364578299,509.0185739734289,493.52635493533256,0
36.72920501172224,0.04484131857154771,509.24996513893876,496.10831388995246,0
36.74242752317309,0.049254614245891004,509.36464277870544,494.34740891588945,0
36.76910728691608,0.05484299830764793,509.5960339442153,492.1176436752485,0
36.78232979836693,0.05190260758930183,509.710711583982,493.29085957186857,0
36.809009562109914,0.04660662090248018,509.9421027494919,495.4039582599104,0
36.82198999706819,0.04484131857154771,510.0546808818454,496.10831388995246,0
36.848673428636815,0.049254614245891004,510.28610385807366,494.34740891588945,0
36.86189227226201,0.05248230192162104,510.40074968712196,493.0595615332732,0
36.888572036005,0.04453840158541281,510.63214085263184,496.22917776742025,0
36.90179454745585,0.05484299830764793,510.7468184923985,492.1176436752485,0
36.9282359025319,0.04395862755906935,510.97614196121356,496.4605076039313,0
36.94169682264969,0.053072515865139884,511.0928872976751,492.82406616980916,0
36.968138177725734,0.04983956838381003,511.3222107664901,494.11401221485977,0
36.98159909784352,0.05072225939628839,511.4389561029517,493.7618185008809,0
37.00804045291957,0.045128535834907405,511.66827957176673,495.9937142018719,0
37.02150137303736,0.050424522521729055,511.78502490822825,493.8806155138301,0
37.04794272811341,0.05248230192162104,512.0143483770432,493.0595615332732,0
37.06116157173861,0.05072225939628839,512.1289942060916,493.7618185008809,0
37.087845003307244,0.05513029526503187,512.3604171823199,492.0030121892523,0
37.10106384693245,0.048664400302372166,512.4750630113682,494.5829042793535,0
37.1275052020085,0.050132045452769544,512.7043864801832,493.99731386434496,0
37.14096612212629,0.04895687737133168,512.8211318166448,494.46620592883863,0
37.16740747720233,0.04689909797143969,513.0504552854597,495.2872599093956,0
37.18086839732012,0.04748405210935872,513.1672006219213,495.05386320836584,0
37.20730975239617,0.05190260758930183,513.3965240907363,493.29085957186857,0
37.22077067251395,0.04484131857154771,513.5132694271979,496.10831388995246,0
37.24721202759001,0.04395862755906935,513.742592896013,496.4605076039313,0
37.26043453904085,0.04219332522813689,513.8572705357797,497.1648632339734,0
37.287114302783834,0.04748405210935872,514.0886617012895,495.05386320836584,0
37.30033681423469,0.04453840158541281,514.2033393410562,496.22917776742025,0
37.32701657797767,0.04660662090248018,514.4347305065661,495.4039582599104,0
37.33999701293594,0.051604870714742505,514.5473086389196,493.40965658481775,0
37.366680444504574,0.04395862755906935,514.7787316151478,496.4605076039313,0
37.37989928812978,0.05660312052700482,514.8933774441962,491.41535490972507,0
37.40657905187277,0.043368493309574756,515.124768609706,496.69597116947966,0
37.41980156332362,0.048664400302372166,515.2394462494727,494.5829042793535,0
37.446484994892245,0.042480622185520824,515.470869225701,497.0502317479772,0
37.45970383851744,0.05425286405815333,515.5855150547493,492.3531072407968,0
37.48638360226043,0.050424522521729055,515.8169062202592,493.8806155138301,0
37.49960611371128,0.048664400302372166,515.9315838600259,494.5829042793535,0
37.526289545279916,0.04307075643501542,516.1630068362541,496.81476818242885,0
37.53950838890512,0.053960386989193816,516.2776526653024,492.4698055913116,0
37.565949743981164,0.04836674312183707,516.5069761341175,494.701669494387,0
37.59263317554981,0.049254614245891004,516.7383991103457,494.34740891588945,0
37.605852019175,0.043368493309574756,516.8530449393941,496.69597116947966,0
37.632531782917994,0.048664400302372166,517.084436104904,494.5829042793535,0
37.64575429436884,0.043368493309574756,517.1991137446706,496.69597116947966,0
37.67219564944489,0.042480622185520824,517.4284372134856,497.0502317479772,0
37.68541449307009,0.04366097037853427,517.543083042534,496.5792728189648,0
37.71209792463873,0.04660662090248018,517.7745060187622,495.4039582599104,0
37.72531676826392,0.05337017304567497,517.8891518478106,492.7053009547757,0
37.75200019983256,0.04453840158541281,518.1205748240387,496.22917776742025,0
37.76521904345776,0.04895687737133168,518.2352206530871,494.46620592883863,0
37.79190247502639,0.049254614245891004,518.4666436293154,494.34740891588945,0
37.8051213186516,0.05131239364578299,518.5812894583637,493.52635493533256,0
37.831562673727646,0.042480622185520824,518.8106129271787,497.0502317479772,0
37.84502359384544,0.04807426605287756,518.9273582636403,494.81836784490184,0
37.871464948921485,0.05131239364578299,519.1566817324552,493.52635493533256,0
37.884687460372334,0.05366265011463448,519.271359372222,492.5886026042608,0
37.91136722411532,0.04836674312183707,519.5027505377319,494.701669494387,0
37.92458973556617,0.03983788864770981,519.6174281774986,498.10468242956375,0
37.95126949930916,0.051604870714742505,519.8488193430085,493.40965658481775,0
37.964492010760004,0.05660312052700482,519.9634969827752,491.41535490972507,0
37.99092969801041,0.04836674312183707,520.1927886408718,494.701669494387,0
38.00415220946125,0.04748405210935872,520.3074662806386,495.05386320836584,0
38.030835641029896,0.05131239364578299,520.5388892568667,493.52635493533256,0
38.03090532971715,0.051311277929443636,520.539493660516,493.526800106152,0
38.044124173342354,0.04512742011856805,520.6541394895643,495.99415937269134,0
38.07080760491098,0.05013092973643019,520.8855624657925,493.99775903516434,0
38.084026448536186,0.04866328458603281,521.000208294841,494.5833494501729,0
38.11070988010482,0.043659854662194915,521.2316312710691,496.5797179897842,0
38.12392872373002,0.044542465980649024,521.3462771001175,496.227556073721,0
38.15061215529865,0.049838452667470674,521.5777000763458,494.1144573856792,0
38.163830998923856,0.04512742011856805,521.6923459053941,495.99415937269134,0
38.19027235399991,0.0524864460108815,521.921669374209,493.05790804165827,0
38.20349486545075,0.04571763406208689,522.0363470139758,495.7586640092273,0
38.23017462919374,0.043659854662194915,522.2677381794856,496.5797179897842,0
38.24339714064459,0.040134430111905546,522.3824158192524,497.98636238534965,0
38.27007690438758,0.04571763406208689,522.6138069847622,495.7586640092273,0
38.28329941583843,0.05013092973643019,522.728484624529,493.99775903516434,0
38.30974077091447,0.048955761654992325,522.9578080933439,494.46665109965807,0
38.32295961453968,0.06044596637584071,523.0724539223922,489.88205941603957,0
38.34964304610831,0.04660550518614082,523.3038768986205,495.4044034307298,0
38.36286188973352,0.054251748341813975,523.4185227276689,492.3535524116162,0
38.389545321302144,0.05601705067274644,523.6499457038971,491.6491967815742,0
38.40276416492735,0.05838300686437315,523.7645915329455,490.7051802611151,0
38.429928081655504,0.06279630253871644,524.0001817132817,488.9442752870521,0
38.443389001773284,0.05160375499840315,524.1169270497433,493.41010175563713,0
38.46958828035675,0.05779805272645412,524.3441510111451,490.9385769621448,0
38.48329127696712,0.051311277929443636,524.4629958550198,493.526800106152,0
38.50973263204317,0.059265618182827266,524.6923193238348,490.3530183450519,0
38.52295147566838,0.05366153439829513,524.8069651528832,492.58904777508025,0
38.54963490723701,0.05838300686437315,525.0383881291115,490.7051802611151,0
38.56285375086221,0.0568997416852248,525.1530339581598,491.2970030675953,0
38.589537182430846,0.06514655900756794,525.384456934388,488.00652295598036,0
38.60251761738911,0.06720433840745992,525.4970350667414,487.1854689754235,0
38.6291973811321,0.08103435967998442,525.7284262322513,481.6672904876862,0
38.64241989258294,0.08603786929784654,525.8431038720181,479.6708901501592,0
38.668861247658995,0.09750719418434414,526.0724273408331,475.0946295204467,0
38.682322167776775,0.0875054347542197,526.1891726772947,479.0853315330663,0
38.709001931519765,0.09133377629064396,526.4205638428045,477.55782326003305,0
38.722224442970614,0.0854476553543277,526.5352414825712,479.9063855136232,0
38.748665798046666,0.07868410321113291,526.7645649513862,482.60504281875797,0
38.76212671816445,0.0739783304678301,526.8813102878478,484.4826461433358,0
38.788806481907436,0.06603443013162187,527.1127014533577,487.6522623774829,0
38.8017869168657,0.05720783878293528,527.2252795857112,491.1740723256088,0
38.82846668060869,0.06279630253871644,527.4566707512209,488.9442752870521,0
38.84192760072648,0.060148309195305616,527.5734160876825,490.00082463107304,0
38.86813054713559,0.05013092973643019,527.8006718598027,493.99775903516434,0
38.88182987592031,0.04748819619861918,527.9194848929591,495.05220971675095,0
38.90827123099636,0.05484188259130857,528.1488083617742,492.11808884606785,0
38.92149374244721,0.05366153439829513,528.2634860015409,492.58904777508025,0
38.947935097523256,0.05042858691696528,528.4928094703558,493.87899382013086,0
38.96139601764105,0.0524864460108815,528.6095548068174,493.05790804165827,0
38.987837372717095,0.044542465980649024,528.8388782756325,496.227556073721,0
39.0010562163423,0.05543209653482742,528.9535241046808,491.88259348260385,0
39.027739647910934,0.052188709136322176,529.1849470809091,493.17670505460745,0
39.041200568028714,0.05366153439829513,529.3016924173705,492.58904777508025,0
39.06739984661218,0.04807315033653821,529.5289163787724,494.8188130157212,0
39.08086076672997,0.051901491872962474,529.6456617152339,493.29130474268794,0
39.1075441982986,0.04689798225510034,529.8770846914622,495.28770508021495,0
39.12076304192381,0.045430337104702956,529.9917305205105,495.8732954952235,0
39.147204396999854,0.04484020285520836,530.2210539893256,496.10875906077183,0
39.16066531711763,0.04219220951179753,530.337799325787,497.16530840479277,0
39.18710667219369,0.04807315033653821,530.5671227946021,494.8188130157212,0
39.21379010376232,0.045430337104702956,530.7985457708303,495.8732954952235,0
39.227008947387525,0.05042858691696528,530.9131915998787,493.87899382013086,0
39.25345030246358,0.04866328458603281,531.1425150686937,494.5833494501729,0
39.266672813914425,0.049838452667470674,531.2571927084604,494.1144573856792,0
39.293352577657416,0.04748819619861918,531.4885838739702,495.05220971675095,0
39.306813497775195,0.03983669323734622,531.6053292104318,498.10515939829884,0
39.33301644418431,0.04248468658075705,531.832584982552,497.0486100542779,0
39.34671577296903,0.04248468658075705,531.9513980157084,497.0486100542779,0
39.3729150515525,0.04630784800560574,532.1786219771102,495.5231686457633,0
39.38637597167028,0.040134430111905546,532.2953673135718,497.98636238534965,0
39.41305940323892,0.05072106398592479,532.5267902898,493.762295469616,0
39.426278246864115,0.04719045932405985,532.6414361188483,495.1710067297001,0
39.45296167843275,0.04306964071867607,532.8728590950766,496.8152133532482,0
39.465942113391016,0.045430337104702956,532.9854372274301,495.8732954952235,0
39.492621877134006,0.048955761654992325,533.2168283929399,494.46665109965807,0
39.50608279725179,0.04660550518614082,533.3335737294015,495.4044034307298,0
39.53228574366091,0.043659854662194915,533.5608295015217,496.5797179897842,0
39.545746663778694,0.04306964071867607,533.6775748379832,496.8152133532482,0
39.57243009534733,0.04836562740549772,533.9089978142115,494.7021146652064,0
39.585648938972525,0.04630784800560574,534.0236436432598,495.5231686457633,0
39.612328702715516,0.04395751184273,534.2550348087697,496.4609527747507,0
39.62554754634071,0.044542465980649024,534.369680637818,496.227556073721,0
39.65223464573499,0.05366153439829513,534.6011354247646,492.58904777508025,0
39.66521141286762,0.0524864460108815,534.7136817463997,493.05790804165827,0
39.6918911766106,0.044542465980649024,534.9450729119096,496.227556073721,0
39.7051173558871,0.051901491872962474,535.0597823623947,493.29130474268794,0
39.731555043137504,0.05160375499840315,535.2890740204913,493.41010175563713,0
39.745015963255284,0.04660550518614082,535.4058193569529,495.4044034307298,0
39.771695726998274,0.03954421616838671,535.6372105224627,498.2218577488137,0
39.78492190627476,0.03630608857548128,535.7519199729478,499.5138706583829,0
39.81135959352517,0.04719045932405985,535.9812116310444,495.1710067297001,0
39.82482051364295,0.04484020285520836,536.097956967506,496.10875906077183,0
39.85126553654465,0.03366335503767027,536.3273122470395,500.56832133996954,0
39.86424230367727,0.04189455233126244,536.4398585686745,497.28407361982624,0
39.89116414391284,0.04512742011856805,536.6733492415976,495.99415937269134,0
39.90438298753804,0.04306964071867607,536.7879950706459,496.8152133532482,0
39.93082801043974,0.04484020285520836,537.0173503501793,496.10875906077183,0
39.944288930557526,0.04660550518614082,537.1340956866409,495.4044034307298,0
39.97096869430051,0.051311277929443636,537.3654868521508,493.526800106152,0
39.98418753792572,0.04512742011856805,537.480132681199,495.99415937269134,0
40.01063256082741,0.04689798225510034,537.7094879607325,495.28770508021495,0
40.0240934809452,0.04689798225510034,537.826233297194,495.28770508021495,0
40.0505311681956,0.04484020285520836,538.0555249552907,496.10875906077183,0
40.0637500118208,0.054251748341813975,538.170170784339,492.3535524116162,0
40.0901950347225,0.044542465980649024,538.3995260638724,496.227556073721,0
40.103655954840285,0.05512917954869251,538.516271400334,492.00345736007165,0
40.12985890124939,0.05160375499840315,538.7435271724542,493.41010175563713,0
40.14355456220848,0.054251748341813975,538.8623083948921,492.3535524116162,0
40.169999585110176,0.04748819619861918,539.0916636744256,495.05220971675095,0
40.183460505227956,0.04836562740549772,539.2084090108871,494.7021146652064,0
40.20989819247836,0.04719045932405985,539.4377006689838,495.1710067297001,0
40.22312437175485,0.04512742011856805,539.5524101194688,495.99415937269134,0
40.24980413549784,0.04571763406208689,539.7838012849787,495.7586640092273,0
40.26278090263047,0.05512917954869251,539.8963476066139,492.00345736007165,0
40.28970274286603,0.03718877958795963,540.1298382795369,499.16167694440406,0
40.30292892214252,0.04189455233126244,540.244547730022,497.28407361982624,0
40.329366609392935,0.04836562740549772,540.4738393881187,494.7021146652064,0
40.342827529510714,0.04630784800560574,540.5905847245801,495.5231686457633,0
40.369507293253704,0.05013092973643019,540.82197589009,493.99775903516434,0
40.3827334725302,0.03718877958795963,540.9366853405751,499.16167694440406,0
40.4091711597806,0.040426907180865064,541.1659769986718,497.86966403483484,0
40.42239000340581,0.0433673775932354,541.2806228277201,496.69641634029904,0
40.449077102800075,0.043659854662194915,541.5120776146667,496.5797179897842,0
40.4620538699327,0.04689798225510034,541.6246239363019,495.28770508021495,0
40.488975710168276,0.045430337104702956,541.8581146092249,495.8732954952235,0
40.50219455379347,0.043659854662194915,541.9727604382732,496.5797179897842,0
40.52863957669517,0.052188709136322176,542.2021157178067,493.17670505460745,0
40.54210049681295,0.040426907180865064,542.3188610542682,497.86966403483484,0
40.568538184063364,0.045430337104702956,542.5481527123649,495.8732954952235,0
40.58199910418114,0.04189455233126244,542.6648980488264,497.28407361982624,0
40.60844412708284,0.04072464405542439,542.8942533283598,497.75086702188565,0
40.621662970708044,0.04160207526230293,543.0088991574081,497.4007719703411,0
40.648342734451035,0.04512742011856805,543.240290322918,495.99415937269134,0
40.66132683723494,0.04484020285520836,543.3529002659899,496.10875906077183,0
40.68824867747051,0.040426907180865064,543.5863909389129,497.86966403483484,0
40.70146752109571,0.04571763406208689,543.7010367679612,495.7586640092273,0
40.72790520834612,0.04219220951179753,543.9303284260579,497.16530840479277,0
40.741131387622616,0.040426907180865064,544.045037876543,497.86966403483484,0
40.7678111513656,0.040426907180865064,544.2764290420529,497.86966403483484,0
40.7810299949908,0.04836562740549772,544.3910748711012,494.7021146652064,0
40.80770975873379,0.04807315033653821,544.6224660366111,494.8188130157212,0
40.83415478163549,0.05571931379818711,544.8518213161445,491.7679937945233,0
40.84761570175327,0.04836562740549772,544.968566652606,494.7021146652064,0
40.87405338900368,0.054251748341813975,545.1978583107027,492.3535524116162,0
40.88751430912146,0.05160375499840315,545.3146036471642,493.41010175563713,0
40.913959332023154,0.05484188259130857,545.5439589266977,492.11808884606785,0
40.92693609915578,0.05484188259130857,545.6565052483328,492.11808884606785,0
40.95385793939134,0.045430337104702956,545.8899959212558,495.8732954952235,0
40.96708411866784,0.04630784800560574,546.0047053717409,495.5231686457633,0
40.99352180591825,0.043659854662194915,546.2339970298376,496.5797179897842,0
41.00698272603603,0.044542465980649024,546.3507423662991,496.227556073721,0
41.033427748937726,0.04660550518614082,546.5800976458326,495.4044034307298,0
41.04664659256294,0.04866328458603281,546.6947434748809,494.5833494501729,0
41.07332635630591,0.04512742011856805,546.9261346403907,495.99415937269134,0
41.08654519993112,0.03983669323734622,547.040780469439,498.10515939829884,0
41.113232299325404,0.04571763406208689,547.2722352563857,495.7586640092273,0
41.12620906645802,0.04189455233126244,547.3847815780208,497.28407361982624,0
41.15288883020101,0.040426907180865064,547.6161727435307,497.86966403483484,0
41.16634975031879,0.03807665071201356,547.7329180799921,498.8074163659066,0
41.1925526967279,0.04395751184273,547.9601738521123,496.4609527747507,0
41.20625569333827,0.034838443425083895,548.0790186959871,500.0994610733915,0
41.23269338058868,0.048955761654992325,548.3083103540838,494.46665109965807,0
41.24591955986517,0.04689798225510034,548.4230198045689,495.28770508021495,0
41.27259932360816,0.04571763406208689,548.6544109700787,495.7586640092273,0
41.28581816723336,0.04630784800560574,548.769056799127,495.5231686457633,0
41.31249793097635,0.04306964071867607,549.0004479646369,496.8152133532482,0
41.32548203376026,0.04072464405542439,549.1130579077088,497.75086702188565,0
41.35216179750324,0.04512742011856805,549.3444490732187,495.99415937269134,0
41.36562271762104,0.04189455233126244,549.4611944096802,497.28407361982624,0
41.39182566403015,0.03866678496150817,549.6884501818005,498.57195280035825,0
41.40552132498922,0.04866328458603281,549.8072314042385,494.5833494501729,0
41.43196634789091,0.037778913837454235,550.0365866837718,498.9262133788557,0
41.4454272680087,0.03954421616838671,550.1533320202334,498.2218577488137,0
41.47186495525911,0.04719045932405985,550.38262367833,495.1710067297001,0
41.4850911345356,0.05366153439829513,550.4973331288151,492.58904777508025,0
41.51177089827859,0.04512742011856805,550.7287242943249,495.99415937269134,0
41.52474766541121,0.03983669323734622,550.8412706159601,498.10515939829884,0
41.55143476480548,0.037778913837454235,551.0727254029067,498.9262133788557,0
41.56489568492327,0.04689798225510034,551.1894707393683,495.28770508021495,0
41.591091295681096,0.0433673775932354,551.4166628900517,496.69641634029904,0
41.604552215798876,0.04395751184273,551.5334082265132,496.4609527747507,0
41.631239315193156,0.05042858691696528,551.7648630134598,493.87899382013086,0
41.64445815881836,0.0433673775932354,551.8795088425081,496.69641634029904,0
41.67113792256134,0.045430337104702956,552.110900008018,495.8732954952235,0
41.68435676618655,0.05072106398592479,552.2255458370663,493.762295469616,0
41.71104386558083,0.04219220951179753,552.457000624013,497.16530840479277,0
41.72402063271345,0.04306964071867607,552.5695469456481,496.8152133532482,0
41.75094247294902,0.04660550518614082,552.8030376185711,495.4044034307298,0
41.763926575732924,0.04689798225510034,552.915647561643,495.28770508021495,0
41.79036426298333,0.04306964071867607,553.1449392197397,496.8152133532482,0
41.80382518310112,0.04630784800560574,553.2616845562012,495.5231686457633,0
41.8305049468441,0.04160207526230293,553.4930757217111,497.4007719703411,0
41.8437311261206,0.04248468658075705,553.6077851721961,497.0486100542779,0
41.870410889863585,0.05013092973643019,553.839176337706,493.99775903516434,0
41.88362973348879,0.04160207526230293,553.9538221667544,497.4007719703411,0
41.910074756390486,0.04866328458603281,554.1831774462878,494.5833494501729,0
41.92305152352311,0.04748819619861918,554.2957237679229,495.05220971675095,0
41.95045018109255,0.04189455233126244,554.5333498342357,497.28407361982624,0
41.963676360369035,0.051311277929443636,554.6480592847207,493.526800106152,0
41.990356124112026,0.044542465980649024,554.8794504502306,496.227556073721,0
42.00357496773723,0.03689630251900012,554.9940962792789,499.27837529491893,0
42.03001999063893,0.04660550518614082,555.2234515588124,495.4044034307298,0
42.043480910756706,0.04660550518614082,555.3401968952738,495.4044034307298,0
42.06991859800712,0.05512917954869251,555.5694885533705,492.00345736007165,0
42.08313744163232,0.04660550518614082,555.6841343824188,495.4044034307298,0
42.1098245410266,0.03866678496150817,555.9155891693655,498.57195280035825,0
42.1230433846518,0.0389540819188921,556.0302349984138,498.45732131436205,0
42.149723148394784,0.05395927127285446,556.2616261639237,492.47025076213106,0
42.162941992019995,0.04189455233126244,556.376271992972,497.28407361982624,0
42.189629091414275,0.053071400148800525,556.6077267799186,492.8245113406286,0
42.20284793503947,0.034838443425083895,556.7223726089669,500.0994610733915,0
42.22928562228987,0.054251748341813975,556.9516642670636,492.3535524116162,0
42.24251180156637,0.04630784800560574,557.0663737175487,495.5231686457633,0
42.26919156530936,0.03983669323734622,557.2977648830586,498.10515939829884,0
42.28241040893456,0.0433673775932354,557.4124107121069,496.69641634029904,0
42.30909017267755,0.043659854662194915,557.6438018776167,496.5797179897842,0
42.32255109279533,0.04719045932405985,557.7605472140783,495.1710067297001,0
42.34899611569703,0.045430337104702956,557.9899024936117,495.8732954952235,0
42.36221495932223,0.03718877958795963,558.10454832266,499.16167694440406,0
42.38865998222393,0.04248468658075705,558.3339036021935,497.0486100542779,0
42.40212090234171,0.05072106398592479,558.4506489386549,493.762295469616,0
42.42855858959212,0.04660550518614082,558.6799405967516,495.4044034307298,0
42.455238353335105,0.041309598193343414,558.9113317622615,497.517470320856,0
42.4684645326116,0.04484020285520836,559.0260412127466,496.10875906077183,0
42.49514429635459,0.04748819619861918,559.2574323782565,495.05220971675095,0
42.508363139979785,0.043659854662194915,559.3720782073048,496.5797179897842,0
42.535042903722776,0.04866328458603281,559.6034693728146,494.5833494501729,0
42.54826174734798,0.04571763406208689,559.7181152018629,495.7586640092273,0
42.574706770249676,0.04689798225510034,559.9474704813964,495.28770508021495,0
42.58792561387487,0.04512742011856805,560.0621163104447,495.99415937269134,0
42.61460537761786,0.051311277929443636,560.2935074759546,493.526800106152,0
42.62807363338694,0.044542465980649024,560.4103164338528,496.227556073721,0
42.654269244144764,0.0433673775932354,560.6375085845364,496.69641634029904,0
42.667730164262544,0.044542465980649024,560.7542539209978,496.227556073721,0
42.69417518716424,0.04160207526230293,560.9836092005313,497.4007719703411,0
42.70763610728203,0.04925349852955165,561.1003545369928,494.3478540867089,0
42.734073794532435,0.045430337104702956,561.3296461950895,495.8732954952235,0
42.74753471465022,0.03689630251900012,561.446391531551,499.27837529491893,0
42.77397973755191,0.04189455233126244,561.6757468110844,497.28407361982624,0
42.78719858117712,0.03954421616838671,561.7903926401327,498.2218577488137,0
42.8138783449201,0.04306964071867607,562.0217838056426,496.8152133532482,0
42.82709718854531,0.041309598193343414,562.1364296346909,497.517470320856,0
42.85378428793959,0.04571763406208689,562.3678844216375,495.7586640092273,0
42.867003131564786,0.03954421616838671,562.4825302506858,498.2218577488137,0
42.89344081881519,0.04925349852955165,562.7118219087826,494.3478540867089,0
42.90690173893298,0.04160207526230293,562.828567245244,497.4007719703411,0
42.93358883832725,0.044542465980649024,563.0600220321907,496.227556073721,0
42.94680768195246,0.044542465980649024,563.1746678612391,496.227556073721,0
42.973245369202864,0.045430337104702956,563.4039595193357,495.8732954952235,0
42.98647154847936,0.04306964071867607,563.5186689698207,496.8152133532482,0
43.01315131222235,0.04748819619861918,563.7500601353306,495.05220971675095,0
43.026370155847545,0.040134430111905546,563.8647059643789,497.98636238534965,0
43.053049919590535,0.04072464405542439,564.0960971298888,497.75086702188565,0
43.06627609886703,0.03454078624454881,564.2108065803739,500.218226288425,0
43.092713786117436,0.04072464405542439,564.4400982384706,497.75086702188565,0
43.10593262974263,0.04248468658075705,564.5547440675189,497.0486100542779,0
43.13261972913691,0.037778913837454235,564.7861988544655,498.9262133788557,0
43.145838572762116,0.04248468658075705,564.9008446835138,497.0486100542779,0
43.1725183365051,0.04395751184273,565.1322358490237,496.4609527747507,0
43.18573718013031,0.049838452667470674,565.246881678072,494.1144573856792,0
43.21241694387329,0.045430337104702956,565.4782728435819,495.8732954952235,0
43.22564312314979,0.040134430111905546,565.5929822940669,497.98636238534965,0
43.25232288689278,0.04925349852955165,565.8243734595768,494.3478540867089,0
43.26554173051798,0.044542465980649024,565.9390192886252,496.227556073721,0
43.29198675341968,0.04807315033653821,566.1683745681586,494.8188130157212,0
43.305205597044875,0.048955761654992325,566.2830203972069,494.46665109965807,0
43.331885360787865,0.04807315033653821,566.5144115627168,494.8188130157212,0
43.34510420441307,0.04512742011856805,566.6290573917651,495.99415937269134,0
43.37179130380734,0.04807315033653821,566.8605121787117,494.8188130157212,0
43.385010147432546,0.04925349852955165,566.97515800776,494.3478540867089,0
43.41144783468295,0.048955761654992325,567.2044496658567,494.46665109965807,0
43.42490875480074,0.049838452667470674,567.3211950023183,494.1144573856792,0
43.45135377770244,0.04748819619861918,567.5505502818517,495.05220971675095,0
43.464814697820216,0.04248468658075705,567.6672956183132,497.0486100542779,0
43.491252385070624,0.05013092973643019,567.8965872764098,493.99775903516434,0
43.50447856434712,0.03630608857548128,568.0112967268949,499.5138706583829,0
43.5311583280901,0.049838452667470674,568.2426878924048,494.1144573856792,0
43.544377171715304,0.04189455233126244,568.3573337214532,497.28407361982624,0
43.571056935458294,0.04484020285520836,568.588724886963,496.10875906077183,0
43.58428311473479,0.04512742011856805,568.7034343374481,495.99415937269134,0
43.610720801985195,0.051901491872962474,568.9327259955447,493.29130474268794,0
43.62418172210298,0.04571763406208689,569.0494713320063,495.7586640092273,0
43.65062674500467,0.04866328458603281,569.2788266115397,494.5833494501729,0
43.66408766512246,0.04660550518614082,569.3955719480012,495.4044034307298,0
43.69052535237286,0.04866328458603281,569.6248636060978,494.5833494501729,0
43.70374419599807,0.04160207526230293,569.7395094351463,497.4007719703411,0
43.73043129539234,0.04689798225510034,569.9709642220928,495.28770508021495,0
43.74365013901755,0.04160207526230293,570.0856100511412,497.4007719703411,0
43.77008782626795,0.04248468658075705,570.3149017092378,497.0486100542779,0
43.78354874638574,0.04395751184273,570.4316470456994,496.4609527747507,0
43.80999376928744,0.04807315033653821,570.6610023252327,494.8188130157212,0
43.82345468940522,0.044542465980649024,570.7777476616943,496.227556073721,0
43.849892376655625,0.04512742011856805,571.0070393197909,495.99415937269134,0
43.86311855593212,0.04160207526230293,571.1217487702761,497.4007719703411,0
43.8897983196751,0.0389540819188921,571.3531399357859,498.45732131436205,0
43.903017163300305,0.040426907180865064,571.4677857648343,497.86966403483484,0
43.929696927043295,0.04571763406208689,571.6991769303442,495.7586640092273,0
43.94291577066849,0.03718877958795963,571.8138227593925,499.16167694440406,0
43.96960287006277,0.043659854662194915,572.0452775463391,496.5797179897842,0
43.98282171368798,0.044542465980649024,572.1599233753874,496.227556073721,0
44.00950147743096,0.04689798225510034,572.3913145408973,495.28770508021495,0
44.02248558021488,0.04571763406208689,572.5039244839692,495.7586640092273,0
44.04916534395786,0.0433673775932354,572.7353156494789,496.69641634029904,0
44.07560303120827,0.04189455233126244,572.9646073075756,497.28407361982624,0
44.089063951326054,0.04836562740549772,573.0813526440372,494.7021146652064,0
44.11550897422775,0.04395751184273,573.3107079235706,496.4609527747507,0
44.12896989434554,0.03659856564444079,573.4274532600322,499.3971723078681,0
44.15540758159594,0.040134430111905546,573.6567449181288,497.98636238534965,0
44.16863376087243,0.04571763406208689,573.7714543686138,495.7586640092273,0
44.195313524615415,0.03630608857548128,574.0028455341237,499.5138706583829,0
44.208532368240625,0.05042858691696528,574.117491363172,493.87899382013086,0
44.23521213198361,0.044542465980649024,574.3488825286819,496.227556073721,0
44.2484383112601,0.051311277929443636,574.4635919791671,493.526800106152,0
44.27511807500309,0.04512742011856805,574.6949831446768,495.99415937269134,0
44.288336918628296,0.04512742011856805,574.8096289737252,495.99415937269134,0
44.31501668237128,0.04248468658075705,575.0410201392351,497.0486100542779,0
44.3280007851552,0.03601361150652176,575.1536300823069,499.6305690088978,0
44.35468054889818,0.04512742011856805,575.3850212478168,495.99415937269134,0
44.367899392523384,0.04484020285520836,575.4996670768652,496.10875906077183,0
44.394586491917664,0.0433673775932354,575.7311218638117,496.69641634029904,0
44.40780533554286,0.0433673775932354,575.8457676928601,496.69641634029904,0
44.43424302279327,0.0433673775932354,576.0750593509567,496.69641634029904,0
44.447703942911055,0.0433673775932354,576.1918046874183,496.69641634029904,0
44.47414896581275,0.04072464405542439,576.4211599669517,497.75086702188565,0
44.48760988593053,0.03718877958795963,576.5379053034133,499.16167694440406,0
44.51404757318094,0.04866328458603281,576.7671969615099,494.5833494501729,0
44.52750849329872,0.04072464405542439,576.8839422979714,497.75086702188565,0
44.553953516200416,0.04219220951179753,577.1132975775048,497.16530840479277,0
44.56717235982562,0.035423397563002924,577.2279434065532,499.8660643723618,0
44.59385212356861,0.04484020285520836,577.459334572063,496.10875906077183,0
44.60707096719381,0.0389540819188921,577.5739804011114,498.45732131436205,0
44.63351599009551,0.041309598193343414,577.8033356806448,497.517470320856,0
44.64673483372071,0.04807315033653821,577.917981509693,494.8188130157212,0
44.6734145974637,0.04395751184273,578.1493726752029,496.4609527747507,0
44.6866407767402,0.034838443425083895,578.2640821256881,500.0994610733915,0
44.713320540483174,0.04630784800560574,578.4954732911979,495.5231686457633,0
44.726539384108385,0.044542465980649024,578.6101191202463,496.227556073721,0
44.753219147851375,0.040426907180865064,578.8415102857562,497.86966403483484,0
44.76644532712786,0.043659854662194915,578.9562197362412,496.5797179897842,0
44.79288301437827,0.04248468658075705,579.1855113943378,497.0486100542779,0
44.806343934496056,0.04072464405542439,579.3022567307994,497.75086702188565,0
44.83278895739775,0.04072464405542439,579.5316120103328,497.75086702188565,0
44.84624987751553,0.04248468658075705,579.6483573467943,497.0486100542779,0
44.87268756476594,0.04512742011856805,579.8776490048909,495.99415937269134,0
44.88614848488372,0.04571763406208689,579.9943943413525,495.7586640092273,0
44.91235143129284,0.048955761654992325,580.2216501134727,494.46665109965807,0
44.92581235141062,0.04248468658075705,580.3383954499343,497.0486100542779,0
44.95249211515361,0.04571763406208689,580.5697866154442,495.7586640092273,0
44.965710958778814,0.03866678496150817,580.6844324444925,498.57195280035825,0
44.99215598168051,0.03954421616838671,580.9137877240258,498.2218577488137,0
45.00561690179829,0.04836562740549772,581.0305330604874,494.7021146652064,0
45.0320545890487,0.04160207526230293,581.259824718584,497.4007719703411,0
45.045515509166485,0.041309598193343414,581.3765700550456,497.517470320856,0
45.071960532068175,0.04512742011856805,581.6059253345791,495.99415937269134,0
45.085179375693386,0.040426907180865064,581.7205711636274,497.86966403483484,0
45.11185913943637,0.04836562740549772,581.9519623291372,494.7021146652064,0
45.125320059554156,0.04512742011856805,582.0687076655987,495.99415937269134,0
45.15152300596327,0.04395751184273,582.2959634377189,496.4609527747507,0
45.16498392608106,0.03954421616838671,582.4127087741805,498.2218577488137,0
45.19166368982404,0.05042858691696528,582.6440999396904,493.87899382013086,0
45.20488253344924,0.0433673775932354,582.7587457687387,496.69641634029904,0
45.23132755635094,0.04189455233126244,582.9881010482721,497.28407361982624,0
45.24478847646872,0.04866328458603281,583.1048463847336,494.5833494501729,0
45.27122616371913,0.04512742011856805,583.3341380428303,495.99415937269134,0
45.284210266503045,0.04689798225510034,583.4467479859022,495.28770508021495,0
45.31113210673861,0.038363867975373264,583.6802386588253,498.69281667782604,0
45.32435095036381,0.048955761654992325,583.7948844878736,494.46665109965807,0
45.3510307141068,0.05897314111386775,584.0262756533834,490.4697166955668,0
45.36425689338329,0.060148309195305616,584.1409851038685,490.00082463107304,0
45.3906945806337,0.07456328460574914,584.3702767619652,484.2492494423061,0
45.4039134242589,0.07956153441801145,584.4849225910135,482.2549477672134,0
45.43083526449447,0.09721471711538464,584.7184132639366,475.2113278709615,0
45.44381936727838,0.12222684601104702,584.8310232070085,465.2314884415922,0
45.470741207513946,0.14429324468873925,585.0645138799315,456.42699536919304,0
45.484444204124316,0.13399382807807972,585.1833587238062,460.5364625968462,0
45.51088189137472,0.13134591442869312,585.412650381903,461.59298014295143,0
45.52410073499993,0.1131025177878011,585.5272962109512,468.87209540266736,0
45.5507878343942,0.098097408127863,585.7587509978979,474.85913415698263,0
45.5640066780194,0.098097408127863,585.8733968269462,474.85913415698263,0
45.59092851825497,0.09897483933474152,586.1068874998692,474.5090391054381,0
45.603670544546304,0.09339163538456018,586.217397935528,476.73673748156045,0
45.630350308289295,0.08721295768526018,586.4487891010378,479.2020298835812,0
45.64381122840708,0.07720609783758438,586.5655344374993,483.19476696280384,0
45.67001417481619,0.06838468660047337,586.7927902096195,486.71451004641114,0
45.69693601505176,0.06044596637584071,587.0262808825427,489.88205941603957,0
45.71015485867696,0.05543209653482742,587.140926711591,491.88259348260385,0
45.736592545927365,0.04189455233126244,587.3702183696876,497.28407361982624,0
45.74981872520386,0.05013092973643019,587.4849278201727,493.99775903516434,0
45.776740565439425,0.04395751184273,587.7184184930958,496.4609527747507,0
45.789959409064636,0.04836562740549772,587.8330643221441,494.7021146652064,0
45.81663917280762,0.045430337104702956,588.064455487654,495.8732954952235,0
45.82961593994024,0.04160207526230293,588.1770018092891,497.4007719703411,0
45.85630303933452,0.04484020285520836,588.4084565962357,496.10875906077183,0
45.869521882959724,0.04484020285520836,588.523102425284,496.10875906077183,0
45.89644372319529,0.037778913837454235,588.7565930982071,498.9262133788557,0
45.9094278259792,0.053071400148800525,588.869203041279,492.8245113406286,0
45.93586551322961,0.044542465980649024,589.0984946993756,496.227556073721,0
45.949326433347395,0.04689798225510034,589.2152400358372,495.28770508021495,0
45.975764120597795,0.04719045932405985,589.4445316939339,495.1710067297001,0
45.988990299874295,0.03807665071201356,589.5592411444189,498.8074163659066,0
46.01591214010986,0.043659854662194915,589.792731817342,496.5797179897842,0
46.02913098373506,0.04219220951179753,589.9073776463903,497.16530840479277,0
46.05533393014418,0.04689798225510034,590.1346334185105,495.28770508021495,0
46.06855277376938,0.03307314109415143,590.2492792475589,500.80381670343354,0
46.09547461400495,0.041309598193343414,590.4827699204819,497.517470320856,0
46.10845138113757,0.03866678496150817,590.5953162421171,498.57195280035825,0
46.13489640403927,0.045430337104702956,590.8246715216504,495.8732954952235,0
46.14859940064963,0.04630784800560574,590.9435163655252,495.5231686457633,0
46.17503708790004,0.040426907180865064,591.1728080236219,497.86966403483484,0
46.18849800801782,0.041309598193343414,591.2895533600833,497.517470320856,0
46.214943030919514,0.03807665071201356,591.5189086396168,498.8074163659066,0
46.22816187454472,0.037778913837454235,591.6335544686651,498.9262133788557,0
46.25484163828771,0.03718877958795963,591.864945634175,499.16167694440406,0
46.26781840542033,0.04719045932405985,591.9774919558101,495.1710067297001,0
46.29450550481461,0.04689798225510034,592.2089467427568,495.28770508021495,0
46.307966424932395,0.04689798225510034,592.3256920792182,495.28770508021495,0
46.33416203569021,0.04072464405542439,592.5528842299017,497.75086702188565,0
46.34786503230058,0.04866328458603281,592.6717290737764,494.5833494501729,0
46.37431005520227,0.037778913837454235,592.9010843533099,498.9262133788557,0
46.38777097532006,0.04248468658075705,593.0178296897714,497.0486100542779,0
46.41397392172917,0.04689798225510034,593.2450854618916,495.28770508021495,0
46.42766958268825,0.04571763406208689,593.3638666843295,495.7586640092273,0
46.45411460558995,0.040134430111905546,593.593221963863,497.98636238534965,0
46.46709137272257,0.038363867975373264,593.7057682854982,498.69281667782604,0
46.49401321295814,0.04160207526230293,593.9392589584212,497.4007719703411,0
46.50723939223463,0.038363867975373264,594.0539684089063,498.69281667782604,0
46.53367707948504,0.03718877958795963,594.283260067003,499.16167694440406,0
46.54713799960282,0.04807315033653821,594.4000054034644,494.8188130157212,0
46.57381776334581,0.038363867975373264,594.6313965689743,498.69281667782604,0
46.58680186612972,0.04512742011856805,594.7440065120462,495.99415937269134,0
46.61348162987271,0.04866328458603281,594.9753976775561,494.5833494501729,0
46.626942549990495,0.04072464405542439,595.0921430140177,497.75086702188565,0
46.653380237240896,0.04306964071867607,595.3214346721143,496.8152133532482,0
46.666364340024806,0.04189455233126244,595.4340446151862,497.28407361982624,0
46.69328618026038,0.04189455233126244,595.6675352881092,497.28407361982624,0
46.70650502388558,0.04160207526230293,595.7821811171575,497.4007719703411,0
46.7327079702947,0.0389540819188921,596.0094368892778,498.45732131436205,0
46.74641096690506,0.04660550518614082,596.1282817331526,495.4044034307298,0
46.77284865415547,0.040134430111905546,596.3575733912492,497.98636238534965,0
46.78583275693938,0.04160207526230293,596.4701833343211,497.4007719703411,0
46.81275459717495,0.044542465980649024,596.7036740072441,496.227556073721,0
46.825973440800155,0.038363867975373264,596.8183198362924,498.69281667782604,0
46.85265320454314,0.04660550518614082,597.0497110018023,495.4044034307298,0
46.865395230834466,0.0433673775932354,597.160221437461,496.69641634029904,0
46.89231707107004,0.04072464405542439,597.3937121103841,497.75086702188565,0
46.90553591469524,0.0433673775932354,597.5083579394324,496.69641634029904,0
46.93197360194564,0.041309598193343414,597.7376495975291,497.517470320856,0
46.94544185771472,0.04512742011856805,597.8544585554273,495.99415937269134,0
46.97187954496513,0.045430337104702956,598.083750213524,495.8732954952235,0
46.98534046508291,0.04219220951179753,598.2004955499855,497.16530840479277,0
47.0120202288259,0.051311277929443636,598.4318867154954,493.526800106152,0
47.02500433160981,0.05366153439829513,598.5444966585673,492.58904777508025,0
47.05192617184538,0.04660550518614082,598.7779873314903,495.4044034307298,0
47.064902938978,0.05013092973643019,598.8905336531254,493.99775903516434,0
47.0913479618797,0.048955761654992325,599.1198889326589,494.46665109965807,0
47.10505095849006,0.051901491872962474,599.2387337765336,493.29130474268794,0
47.131246569247885,0.05160375499840315,599.4659259272171,493.41010175563713,0
47.144707489365665,0.04866328458603281,599.5826712636785,494.5833494501729,0
47.17115251226737,0.043659854662194915,599.812026543212,496.5797179897842,0
47.18484817322644,0.04189455233126244,599.93080776565,497.28407361982624,0
47.211051119635556,0.045430337104702956,600.1580635377702,495.8732954952235,0
47.22451203975334,0.04660550518614082,600.2748088742318,495.4044034307298,0
47.25095706265503,0.0524864460108815,600.5041641537651,493.05790804165827,0
47.264175906280244,0.052188709136322176,600.6188099828134,493.17670505460745,0
47.29085567002323,0.05160375499840315,600.8502011483233,493.41010175563713,0
47.31753543376621,0.04719045932405985,601.0815923138332,495.1710067297001,0
47.33051953655012,0.04925349852955165,601.1942022569051,494.3478540867089,0
47.357441376785694,0.04630784800560574,601.4276929298281,495.5231686457633,0
47.3706602204109,0.053071400148800525,601.5423387588764,492.8245113406286,0
47.39686316682001,0.05160375499840315,601.7695945309966,493.41010175563713,0
47.4103240869378,0.04571763406208689,601.8863398674582,495.7586640092273,0
47.43700385068079,0.05867548393333266,602.1177310329681,490.58848191060025,0
47.450222694305985,0.051901491872962474,602.2323768620164,493.29130474268794,0
47.476909793700266,0.05042858691696528,602.463831648963,493.87899382013086,0
47.490370713818045,0.056607264616265286,602.5805769854246,491.4137014181101,0
47.51656632457588,0.05484188259130857,602.807769136108,492.11808884606785,0
47.52978516820108,0.051311277929443636,602.9224149651563,493.526800106152,0
47.55647226759535,0.05042858691696528,603.153869752103,493.87899382013086,0
47.56969111122056,0.04689798225510034,603.2685155811513,495.28770508021495,0
47.596128798470964,0.04630784800560574,603.497807239248,495.5231686457633,0
47.60983179508133,0.04866328458603281,603.6166520831227,494.5833494501729,0
47.63603474149044,0.05013092973643019,603.843907855243,493.99775903516434,0
47.64949566160823,0.05072106398592479,603.9606531917044,493.762295469616,0
47.67617542535121,0.04484020285520836,604.1920443572143,496.10875906077183,0
47.689394268976415,0.04925349852955165,604.3066901862626,494.3478540867089,0
47.71583929187811,0.04219220951179753,604.5360454657961,497.16530840479277,0
47.72881605901073,0.0433673775932354,604.6485917874312,496.69641634029904,0
47.7557378992463,0.04719045932405985,604.8820824603542,495.1710067297001,0
47.76920615501538,0.043659854662194915,604.9988914182526,496.5797179897842,0
47.7954017657732,0.04748819619861918,605.226083568936,495.05220971675095,0
47.808862685890986,0.04306964071867607,605.3428289053975,496.8152133532482,0
47.83554978528527,0.04660550518614082,605.5742836923441,495.4044034307298,0
47.849003369751756,0.045430337104702956,605.6909654073689,495.8732954952235,0
47.87520631616087,0.04630784800560574,605.9182211794891,495.5231686457633,0
47.88866723627866,0.048955761654992325,606.0349665159507,494.46665109965807,0
47.91534700002165,0.04689798225510034,606.2663576814605,495.28770508021495,0
47.928089026312975,0.04512742011856805,606.3768681171192,495.99415937269134,0
47.95501086654855,0.04072464405542439,606.6103587900423,497.75086702188565,0
47.96847178666633,0.040134430111905546,606.7271041265038,497.98636238534965,0
47.994916809568025,0.04484020285520836,606.9564594060372,496.10875906077183,0
48.00813565319323,0.044542465980649024,607.0711052350855,496.227556073721,0
48.03481541693621,0.05601705067274644,607.3024964005954,491.6491967815742,0
48.048034260561415,0.044542465980649024,607.4171422296438,496.227556073721,0
48.07447928346311,0.04219220951179753,607.6464975091772,497.16530840479277,0
48.08794020358089,0.053071400148800525,607.7632428456387,492.8245113406286,0
48.1143778908313,0.05543209653482742,607.9925345037353,491.88259348260385,0
48.12760407010779,0.03718877958795963,608.1072439542204,499.16167694440406,0
48.15428383385078,0.04306964071867607,608.3386351197303,496.8152133532482,0
48.16750267747598,0.03807665071201356,608.4532809487787,498.8074163659066,0
48.193940364726394,0.048955761654992325,608.6825726068753,494.46665109965807,0
48.20764336133676,0.04306964071867607,608.80141745075,496.8152133532482,0
48.23384630774587,0.04512742011856805,609.0286732228702,495.99415937269134,0
48.247065151371075,0.04395751184273,609.1433190519185,496.4609527747507,0
48.27398699160665,0.04925349852955165,609.3768097248417,494.3478540867089,0
48.28697109439056,0.04571763406208689,609.4894196679135,495.7586640092273,0
48.31365085813354,0.05160375499840315,609.7208108334233,493.41010175563713,0
48.32662762526616,0.04484020285520836,609.8333571550585,496.10875906077183,0
48.353549465501736,0.03630608857548128,610.0668478279815,499.5138706583829,0
48.36677564477823,0.05042858691696528,610.1815572784667,493.87899382013086,0
48.39297125553605,0.0389540819188921,610.4087494291501,498.45732131436205,0
48.406674252146416,0.04219220951179753,610.5275942730249,497.16530840479277,0
48.433119275048114,0.045430337104702956,610.7569495525582,495.8732954952235,0
48.44658019516589,0.0389540819188921,610.8736948890198,498.45732131436205,0
48.4730178824163,0.045430337104702956,611.1029865471164,495.8732954952235,0
48.486236726041504,0.04866328458603281,611.2176323761648,494.5833494501729,0
48.512923825435784,0.044542465980649024,611.4490871631114,496.227556073721,0
48.525900592568405,0.04689798225510034,611.5616334847465,495.28770508021495,0
48.552580356311395,0.04719045932405985,611.7930246502564,495.1710067297001,0
48.566041276429175,0.04248468658075705,611.909769986718,497.0486100542779,0
48.59248629933087,0.04748819619861918,612.1391252662513,495.05220971675095,0
48.605705142956076,0.05395927127285446,612.2537710952996,492.47025076213106,0
48.63262698319164,0.041309598193343414,612.4872617682228,497.517470320856,0
48.645845826816846,0.04630784800560574,612.6019075972711,495.5231686457633,0
48.67229084971854,0.04189455233126244,612.8312628768044,497.28407361982624,0
48.68550969334375,0.043659854662194915,612.9459087058528,496.5797179897842,0
48.71218945708673,0.04748819619861918,613.1772998713627,495.05220971675095,0
48.72541563636323,0.05720783878293528,613.2920093218478,491.1740723256088,0
48.752095400106214,0.05543209653482742,613.5234004873577,491.88259348260385,0
48.76531424373142,0.06456160486964892,613.638046316406,488.2399196570101,0
48.79175193098182,0.06956503479348682,613.8673379745026,486.24355111739874,0
48.805220186750894,0.09603436892237119,613.9841469324009,475.6822867999739,0
48.8316578740013,0.09780493105890348,614.2134385904975,474.9758325074975,0
48.844876717626505,0.09280142144104134,614.3280844195459,476.9722328450245,0
48.871563817020785,0.09074364204114936,614.5595392064926,477.7932868255814,0
48.885017401487275,0.08279974170494112,614.6762209215173,480.9629030597285,0
48.911220347896396,0.07985401148697097,614.9034766936375,482.13824941669856,0
48.93814218813196,0.07691880088020045,615.1369673665606,483.3093984488,0
48.951361031757166,0.0642691278006894,615.2516131956089,488.3566180075249,0
48.97804813115144,0.07927431715465176,615.4830679825556,482.3695474552939,0
48.99150905126922,0.07220784802532206,615.599813319017,485.18906863789647,0
49.01818881501221,0.0686824234750327,615.8312044845269,486.59571303346195,0
49.03140765863742,0.06162113445727858,615.9458503135752,489.41316735154584,0
49.058094758031686,0.06044596637584071,616.1773051005218,489.88205941603957,0
49.0713136016569,0.05571931379818711,616.2919509295701,491.7679937945233,0
49.0977512889073,0.04571763406208689,616.5212425876668,495.7586640092273,0
49.11121220902508,0.048955761654992325,616.6379879241284,494.46665109965807,0
49.137891972768074,0.05160375499840315,616.8693790896382,493.41010175563713,0
49.150876075551984,0.041309598193343414,616.9819890327101,497.517470320856,0
49.177555839294975,0.04248468658075705,617.21338019822,497.0486100542779,0
49.191016759412754,0.045430337104702956,617.3301255346815,495.8732954952235,0
49.21721970582187,0.0433673775932354,617.5573813068017,496.69641634029904,0
49.23043854944707,0.04660550518614082,617.67202713585,495.4044034307298,0
49.257360389682646,0.048955761654992325,617.9055178087731,494.46665109965807,0
49.270344492466556,0.034838443425083895,618.018127751845,500.0994610733915,0
49.29702425620954,0.04512742011856805,618.2495189173549,495.99415937269134,0
49.310485176327326,0.04395751184273,618.3662642538164,496.4609527747507,0
49.33692286357773,0.04160207526230293,618.595555911913,497.4007719703411,0
49.349906966361644,0.04836562740549772,618.7081658549849,494.7021146652064,0
49.376586730104634,0.03718877958795963,618.9395570204948,499.16167694440406,0
49.390047650222414,0.05160375499840315,619.0563023569563,493.41010175563713,0
49.416727413965404,0.04836562740549772,619.2876935224662,494.7021146652064,0
49.429711516749315,0.03866678496150817,619.4003034655381,498.57195280035825,0
49.4563912804923,0.048955761654992325,619.6316946310479,494.46665109965807,0
49.469852200610084,0.049838452667470674,619.7484399675095,494.1144573856792,0
49.49629722351178,0.04160207526230293,619.9777952470429,497.4007719703411,0
49.509516067136985,0.045430337104702956,620.0924410760912,495.8732954952235,0
49.53619583087997,0.04689798225510034,620.323832241601,495.28770508021495,0
49.54941467450518,0.048955761654992325,620.4384780706495,494.46665109965807,0
49.57585969740687,0.05571931379818711,620.6678333501828,491.7679937945233,0
49.58907854103207,0.048955761654992325,620.7824791792311,494.46665109965807,0
49.615758304775056,0.0433673775932354,621.013870344741,496.69641634029904,0
49.62921922489284,0.044542465980649024,621.1306156812026,496.227556073721,0
49.65566424779454,0.04395751184273,621.359970960736,496.4609527747507,0
49.66912516791233,0.04719045932405985,621.4767162971975,495.1710067297001,0
49.695562855162734,0.04807315033653821,621.7060079552941,494.8188130157212,0
49.70878169878793,0.04836562740549772,621.8206537843425,494.7021146652064,0
49.735226721689635,0.04189455233126244,622.0500090638759,497.28407361982624,0
49.748687641807415,0.04571763406208689,622.1667544003375,495.7586640092273,0
49.7753674055504,0.043659854662194915,622.3981455658472,496.5797179897842,0
49.78859358482689,0.043659854662194915,622.5128550163324,496.5797179897842,0
49.8150312720773,0.04512742011856805,622.742146674429,495.99415937269134,0
49.8282501157025,0.04660550518614082,622.8567925034773,495.4044034307298,0
49.85492987944549,0.04484020285520836,623.0881836689872,496.10875906077183,0
49.86839079956328,0.040134430111905546,623.2049290054488,497.98636238534965,0
49.89483582246497,0.045430337104702956,623.4342842849821,495.8732954952235,0
49.90805466609017,0.040426907180865064,623.5489301140306,497.86966403483484,0
49.93449968899187,0.03954421616838671,623.7782853935639,498.2218577488137,0
49.94796060910966,0.03513092049404341,623.8950307300255,499.98276272287666,0
49.97439829636006,0.040426907180865064,624.1243223881221,497.86966403483484,0
49.987859216477844,0.04189455233126244,624.2410677245837,497.28407361982624,0
50.01430423937954,0.03395057230102996,624.470423004117,500.45372165188905,0
50.02776515949733,0.04160207526230293,624.5871683405786,497.4007719703411,0
50.054202846747735,0.040134430111905546,624.8164599986752,497.98636238534965,0
50.06742169037293,0.04630784800560574,624.9311058277236,495.5231686457633,0
50.09410878976721,0.03689630251900012,625.1625606146703,499.27837529491893,0
50.10708555689983,0.04484020285520836,625.2751069363053,496.10875906077183,0
50.13376532064282,0.04160207526230293,625.5064981018152,497.4007719703411,0
50.1472262407606,0.040134430111905546,625.6232434382767,497.98636238534965,0
50.17390600450359,0.03954421616838671,625.8546346037866,498.2218577488137,0
50.1868901072875,0.03630608857548128,625.9672445468585,499.5138706583829,0
50.213569871030494,0.04306964071867607,626.1986357123683,496.8152133532482,0
50.22679605030698,0.0433673775932354,626.3133451628535,496.69641634029904,0
50.25347581404997,0.040426907180865064,626.5447363283633,497.86966403483484,0
50.266694657675174,0.040426907180865064,626.6593821574116,497.86966403483484,0
50.29337442141816,0.03807665071201356,626.8907733229215,498.8074163659066,0
50.30659326504336,0.03659856564444079,627.0054191519698,499.3971723078681,0
50.33303828794506,0.04512742011856805,627.2347744315032,495.99415937269134,0
50.34625713157026,0.0433673775932354,627.3494202605516,496.69641634029904,0
50.37293689531325,0.04689798225510034,627.5808114260615,495.28770508021495,0
50.38640515108233,0.04248468658075705,627.6976203839597,497.0486100542779,0
50.412600761840146,0.04160207526230293,627.9248125346431,497.4007719703411,0
50.42606168195793,0.0389540819188921,628.0415578711047,498.45732131436205,0
50.452741445700916,0.03983669323734622,628.2729490366146,498.10515939829884,0
50.46572554848483,0.03807665071201356,628.3855589796865,498.8074163659066,0
50.49240531222782,0.03954421616838671,628.6169501451963,498.2218577488137,0
50.5058662323456,0.03513092049404341,628.7336954816578,499.98276272287666,0
50.53206917875472,0.04630784800560574,628.960951253778,495.5231686457633,0
50.558991018990284,0.04807315033653821,629.1944419267011,494.8188130157212,0
50.572209862615495,0.03454078624454881,629.3090877557495,500.218226288425,0
50.59888962635847,0.04512742011856805,629.5404789212593,495.99415937269134,0
50.61187372914239,0.04484020285520836,629.6530888643312,496.10875906077183,0
50.63879556937796,0.03807665071201356,629.8865795372543,498.8074163659066,0
50.65177233651058,0.04484020285520836,629.9991258588893,496.10875906077183,0
50.678459435904855,0.044542465980649024,630.230580645836,496.227556073721,0
50.69167827953006,0.04072464405542439,630.3452264748844,497.75086702188565,0
50.718600119765625,0.05013092973643019,630.5787171478074,493.99775903516434,0
50.73157688689825,0.04571763406208689,630.6912634694426,495.7586640092273,0
50.758263986292526,0.04748819619861918,630.9227182563891,495.05220971675095,0
50.77124075342515,0.04248468658075705,631.0352645780242,497.0486100542779,0
50.79792051716814,0.04248468658075705,631.2666557435341,497.0486100542779,0
50.81138143728592,0.045430337104702956,631.3834010799957,495.8732954952235,0
50.837826460187614,0.03807665071201356,631.612756359529,498.8074163659066,0
50.85104530381282,0.049838452667470674,631.7274021885775,494.1144573856792,0
50.87772506755581,0.04630784800560574,631.9587933540872,495.5231686457633,0
50.890951246832294,0.04306964071867607,632.0735028045724,496.8152133532482,0
50.917631010575285,0.04836562740549772,632.3048939700823,494.7021146652064,0
50.93109193069307,0.041309598193343414,632.4216393065437,497.517470320856,0
50.957294877102186,0.04395751184273,632.6488950786639,496.4609527747507,0
50.97074846156868,0.04660550518614082,632.7655767936888,495.4044034307298,0
50.997435560962955,0.03866678496150817,632.9970315806354,498.57195280035825,0
51.01065440458816,0.04660550518614082,633.1116774096837,495.4044034307298,0
51.037092091838566,0.03866678496150817,633.3409690677803,498.57195280035825,0
51.05056034760764,0.04836562740549772,633.4577780256786,494.7021146652064,0
51.07675595836546,0.03807665071201356,633.6849701763621,498.8074163659066,0
51.09045895497583,0.04219220951179753,633.8038150202368,497.16530840479277,0
51.11689664222624,0.049838452667470674,634.0331066783335,494.1144573856792,0
51.13012282150273,0.04189455233126244,634.1478161288186,497.28407361982624,0
51.15656050875314,0.041309598193343414,634.3771077869152,497.517470320856,0
51.17002142887092,0.03513092049404341,634.4938531233768,499.98276272287666,0
51.196466451772615,0.035423397563002924,634.7232084029101,499.8660643723618,0
51.2099273718904,0.0389540819188921,634.8399537393717,498.45732131436205,0
51.23636505914081,0.04219220951179753,635.0692453974684,497.16530840479277,0
51.249583902766005,0.03659856564444079,635.1838912265167,499.3971723078681,0
51.276271002160286,0.03601361150652176,635.4153460134634,499.6305690088978,0
51.28948984578549,0.03659856564444079,635.5299918425117,499.3971723078681,0
51.3159275330359,0.04189455233126244,635.7592835006083,497.28407361982624,0
51.329388453153676,0.04807315033653821,635.8760288370698,494.8188130157212,0
51.356075552547956,0.04219220951179753,636.1074836240165,497.16530840479277,0
51.36929439617316,0.03983669323734622,636.2221294530648,498.10515939829884,0
51.39573208342357,0.03954421616838671,636.4514211111615,498.2218577488137,0
51.408950927048764,0.03954421616838671,636.5660669402098,498.2218577488137,0
51.435638026443044,0.03336561816311094,636.7975217271564,500.68711835291873,0
51.44909894656083,0.03954421616838671,636.9142670636179,498.2218577488137,0
51.475294557318655,0.03395057230102996,637.1414592143013,500.45372165188905,0
51.48876281308773,0.04512742011856805,637.2582681721997,495.99415937269134,0
51.51520050033813,0.04306964071867607,637.4875598302964,496.8152133532482,0
51.52866142045592,0.04248468658075705,637.6043051667579,497.0486100542779,0
51.555106443357616,0.04630784800560574,637.8336604462913,495.5231686457633,0
51.56832528698282,0.044542465980649024,637.9483062753396,496.227556073721,0
51.59476297423322,0.03866678496150817,638.1775979334362,498.57195280035825,0
51.608223894351006,0.03513092049404341,638.2943432698978,499.98276272287666,0
51.634903658094,0.043659854662194915,638.5257344354077,496.5797179897842,0
51.64812983737049,0.04189455233126244,638.6404438858928,497.28407361982624,0
51.6745675246209,0.04395751184273,638.8697355439895,496.4609527747507,0
51.6877863682461,0.03807665071201356,638.9843813730378,498.8074163659066,0
51.714473467640374,0.03659856564444079,639.2158361599844,499.3971723078681,0
51.727934387758154,0.04072464405542439,639.3325814964459,497.75086702188565,0
51.75437207500857,0.03513092049404341,639.5618731545426,499.98276272287666,0
51.767590918633765,0.04395751184273,639.6765189835909,496.4609527747507,0
51.794278018028045,0.03336561816311094,639.9079737705375,500.68711835291873,0
51.80749686165325,0.045430337104702956,640.0226195995858,495.8732954952235,0
51.833934548903656,0.03983669323734622,640.2519112576825,498.10515939829884,0
51.84739546902144,0.03189279290113799,640.368656594144,501.27477563244594,0
51.874082568415716,0.04160207526230293,640.6001113810906,497.4007719703411,0
51.88730141204092,0.04160207526230293,640.7147572101389,497.4007719703411,0
51.91373909929133,0.04719045932405985,640.9440488682357,495.1710067297001,0
51.92696527856782,0.0389540819188921,641.0587583187207,498.45732131436205,0
51.95340296581822,0.041309598193343414,641.2880499768174,497.517470320856,0
51.96710596242859,0.04512742011856805,641.4068948206921,495.99415937269134,0
51.993308908837705,0.051901491872962474,641.6341505928124,493.29130474268794,0
52.0067624933042,0.05160375499840315,641.7508323078371,493.41010175563713,0
52.00679183590936,0.05160439255059707,641.7510867935841,493.40984737231173,0
52.03322952315977,0.04366049221438883,641.9803784516808,496.57946360645883,0
52.046455702436255,0.04484084040740227,642.0950879021659,496.1085046774465,0
52.073135466179245,0.0454257945453213,642.3264790676758,495.8751079764168,0
52.08659638629703,0.04336801514542932,642.4432244041373,496.6961619569737,0
52.112799332706146,0.042480144021375385,642.6704801762575,497.0504225354712,0
52.139479096449136,0.03895471947108602,642.9018713417673,498.45706693103665,0
52.152940016566916,0.04571827161428081,643.0186166782289,495.75840962590195,0
52.179619780309906,0.04307027827086999,643.2500078437388,496.8149589699229,0
52.19260388309382,0.04336801514542932,643.3626177868107,496.6961619569737,0
52.2192836468368,0.046606142738334744,643.5940089523206,495.4041490474044,0
52.232502490462004,0.04366049221438883,643.7086547813689,496.57946360645883,0
52.259182254204994,0.041602712814496845,643.9400459468787,497.40051758701577,0
52.27240843348148,0.045128057670761966,644.0547553973638,495.99390498936594,0
52.298846120731895,0.041310235745537334,644.2840470554604,497.5172159375306,0
52.31230704084968,0.03983733078954014,644.400792391922,498.1049050149735,0
52.33898680459266,0.041310235745537334,644.6321835574319,497.5172159375306,0
52.35221298386916,0.04042228492745916,644.7468930079169,497.87150831394376,0
52.37865067111956,0.03542403511519684,644.9761846660136,499.86580998903645,0
52.392111591237345,0.03807728826420748,645.0929300024751,498.8071619825812,0
52.41855661413904,0.04807378788873212,645.3222852820086,494.8185586323959,0
52.43201753425683,0.03689694007119404,645.43903061847,499.2781209115936,0
52.458455221507236,0.047191096876253766,645.6683222765668,495.17075234637474,0
52.47167406513243,0.03219116732789123,645.782968105615,501.1557242361714,0
52.499080058353165,0.03513155804623733,646.0206577933645,499.9825083395513,0
52.51229890197837,0.03601424905871568,646.1353036224128,499.63031462557245,0
52.53850184838748,0.03689694007119404,646.362559394533,499.2781209115936,0
52.55196276850527,0.03983733078954014,646.4793047309946,498.1049050149735,0
52.57864253224826,0.037779551389648156,646.7106958965045,498.9259589955304,0
52.59210345236604,0.03954485372058062,646.827441232966,498.2216033654883,0
52.61854847526774,0.03807728826420748,647.0567965124994,498.8071619825812,0
52.63176731889294,0.034839080977277816,647.1714423415477,500.0992066900661,0
52.65820500614335,0.03689694007119404,647.4007339996444,499.2781209115936,0
52.67143118541984,0.04866392213822673,647.5154434501295,494.58309506684753,0
52.698110949162825,0.04395814939492392,647.7468346156394,496.46069839142535,0
52.71157186928061,0.04307027827086999,647.8635799521008,496.8149589699229,0
52.737767480038436,0.042480144021375385,648.0907721027843,497.0504225354712,0
52.7514704766488,0.041310235745537334,648.209616946659,497.5172159375306,0
52.777915499550495,0.03836450552756718,648.4389722261925,498.6925622945007,0
52.7911343431757,0.03689694007119404,648.5536180552408,499.2781209115936,0
52.817572030426106,0.03983733078954014,648.7829097133375,498.1049050149735,0
52.831032950543886,0.041602712814496845,648.899655049799,497.40051758701577,0
52.85747797344558,0.03601424905871568,649.1290103293325,499.63031462557245,0
52.87069681707079,0.03807728826420748,649.2436561583808,498.8071619825812,0
52.89737658081378,0.042480144021375385,649.4750473238906,497.0504225354712,0
52.91060276009027,0.03807728826420748,649.5897567743757,498.8071619825812,0
52.936798370848095,0.03718941714015355,649.8169489250591,499.1614225610787,0
52.950501367458465,0.03807728826420748,649.9357937689339,498.8071619825812,0
52.976946390360155,0.040135067664099466,650.1651490484674,497.9861080020243,0
52.99040731047794,0.036306726127675194,650.2818943849288,499.5136162750576,0
53.01708707422093,0.03601424905871568,650.5132855504387,499.63031462557245,0
53.03030591784613,0.03454142379674273,650.627931379487,500.21797190509966,0
53.056750940747825,0.034839080977277816,650.8572866590205,500.0992066900661,0
53.06996978437303,0.037779551389648156,650.9719324880688,498.9259589955304,0
53.09640747162343,0.038662242402126505,651.2012241461655,498.5737652815515,0
53.1101104682338,0.040135067664099466,651.3200689900402,497.9861080020243,0
53.13631341464292,0.050131567288624106,651.5473247621604,493.997504651839,0
53.1497743347607,0.04836626495769163,651.6640700986219,494.701860281881,0
53.17621202201111,0.041602712814496845,651.8933617567186,497.40051758701577,0
53.1894382012876,0.042480144021375385,652.0080712072037,497.0504225354712,0
53.216117965030584,0.041310235745537334,652.2394623727135,497.5172159375306,0
53.229578885148364,0.047191096876253766,652.356207709175,495.17075234637474,0
53.25601657239878,0.037779551389648156,652.5854993672717,498.9259589955304,0
53.26900067518269,0.03954485372058062,652.6981093103436,498.2216033654883,0
53.295922515418255,0.0454257945453213,652.9315999832667,495.8751079764168,0
53.30914135904346,0.037779551389648156,653.046245812315,498.9259589955304,0
53.33534430545257,0.03895471947108602,653.2735015844352,498.45706693103665,0
53.34904730206294,0.04366049221438883,653.3923464283099,496.57946360645883,0
53.37524291282077,0.04395814939492392,653.6195385789935,496.46069839142535,0
53.38894590943113,0.04336801514542932,653.7383834228682,496.6961619569737,0
53.41538359668154,0.03836450552756718,653.9676750809648,498.6925622945007,0
53.42860977595803,0.04366049221438883,654.0823845314499,496.57946360645883,0
53.45504746320843,0.03307377864634534,654.3116761895466,500.8035623201082,0
53.46850838332622,0.046606142738334744,654.428421526008,495.4041490474044,0
53.494953406227914,0.03718941714015355,654.6577768055415,499.1614225610787,0
53.5084143263457,0.042480144021375385,654.774522142003,497.0504225354712,0
53.534609937103525,0.046308405863775416,655.0017142926865,495.5229460603536,0
53.54831293371389,0.040135067664099466,655.1205591365613,497.9861080020243,0
53.574757956615585,0.03718941714015355,655.3499144160946,499.1614225610787,0
53.58797680024079,0.04484084040740227,655.4645602451429,496.1085046774465,0
53.614414487491196,0.041895189883456356,655.6938519032396,497.2838192365009,0
53.627875407608975,0.04395814939492392,655.8105972397011,496.46069839142535,0
53.654562507003256,0.04336801514542932,656.0420520266478,496.6961619569737,0
53.667539274135876,0.042480144021375385,656.1545983482829,497.0504225354712,0
53.69446111437144,0.037779551389648156,656.3880890212059,498.9259589955304,0
53.70744521715535,0.038662242402126505,656.5006989642778,498.5737652815515,0
53.73388290440577,0.046606142738334744,656.7299906223745,495.4041490474044,0
53.760804744641334,0.041895189883456356,656.9634812952976,497.2838192365009,0
53.77426566475911,0.040135067664099466,657.0802266317592,497.9861080020243,0
53.800468611168235,0.04571827161428081,657.3074824038794,495.75840962590195,0
53.8141716077786,0.046898619807294255,657.4263272477541,495.28745069688955,0
53.840609295029004,0.042480144021375385,657.6556189058507,497.0504225354712,0
53.853593397812915,0.03954485372058062,657.7682288489226,498.2216033654883,0
53.88003108506332,0.04571827161428081,657.9975205070192,495.75840962590195,0
53.8934920051811,0.045128057670761966,658.1142658434808,495.99390498936594,0
53.92017176892409,0.04366049221438883,658.3456570089907,496.57946360645883,0
53.93339794820058,0.045128057670761966,658.4603664594757,495.99390498936594,0
53.95983563545099,0.05131191548163755,658.6896581175724,493.5265457228266,0
53.97329655556878,0.053072037700994446,658.8064034540339,492.8242569573032,0
53.99949950197789,0.046308405863775416,659.0336592261541,495.5229460603536,0
54.01319516293697,0.042480144021375385,659.1524404485921,497.0504225354712,0
54.03964018583866,0.041895189883456356,659.3817957281256,497.2838192365009,0
54.05285902946387,0.0524818237574756,659.4964415571739,493.05975232076725,0
54.07930405236556,0.041895189883456356,659.7257968367073,497.2838192365009,0
54.09252289599077,0.04366049221438883,659.8404426657556,496.57946360645883,0
54.119202659733745,0.0454257945453213,660.0718338312655,495.8751079764168,0
54.132421503358955,0.04571827161428081,660.1864796603138,495.75840962590195,0
54.158866526260645,0.03954485372058062,660.4158349398472,498.2216033654883,0
54.1728042637123,0.04866392213822673,660.5367156696984,494.58309506684753,0
54.19900721012142,0.046898619807294255,660.7639714418186,495.28745069688955,0
54.212226053746626,0.04395814939492392,660.8786172708669,496.46069839142535,0
54.2389131531409,0.045128057670761966,661.1100720578136,495.99390498936594,0
54.25188992027352,0.03689694007119404,661.2226183794487,499.2781209115936,0
54.27856968401651,0.04336801514542932,661.4540095449586,496.6961619569737,0
54.29203060413429,0.042480144021375385,661.57075488142,497.0504225354712,0
54.318475627035994,0.036306726127675194,661.8001101609535,499.5136162750576,0
54.33169447066119,0.03983733078954014,661.9147559900018,498.1049050149735,0
54.35837423440418,0.04366049221438883,662.1461471555117,496.57946360645883,0
54.37183515452197,0.03954485372058062,662.2628924919733,498.2216033654883,0
54.39803810093108,0.04366049221438883,662.4901482640935,496.57946360645883,0
54.41149902104886,0.03601424905871568,662.6068936005549,499.63031462557245,0
54.43794404395056,0.036599203196634705,662.8362488800884,499.3969179245427,0
54.451404964068345,0.046606142738334744,662.9529942165499,495.4041490474044,0
54.477842651318745,0.042480144021375385,663.1822858746466,497.0504225354712,0
54.49106149494395,0.04395814939492392,663.2969317036949,496.46069839142535,0
54.517506517845646,0.03836450552756718,663.5262869832284,498.6925622945007,0
54.53096743796343,0.04866392213822673,663.6430323196898,494.58309506684753,0
54.55740512521384,0.05512981710088643,663.8723239777866,492.0032029767463,0
54.5711081218242,0.05131191548163755,663.9911688216613,493.5265457228266,0
54.59731106823332,0.05690037923741872,664.2184245937815,491.2967486842699,0
54.61052991185852,0.06367955140936447,664.3330704228298,488.59185898766356,0
54.637451752094094,0.06426976535288331,664.5665610957528,488.35636362419956,0
54.65067059571929,0.06720497595965384,664.6812069248011,487.1852145920981,0
54.676873542128405,0.05690037923741872,664.9084626969214,491.2967486842699,0
54.69033446224619,0.05779869027864804,665.0252080333829,490.9383225788194,0
54.71701422598918,0.05750095340408871,665.2565991988928,491.0571195917686,0
54.730233069614385,0.049839090219664595,665.3712450279411,494.1142030023538,0
54.75667809251608,0.051902129425156394,665.6006003074746,493.2910503593626,0
54.77013901263386,0.0524818237574756,665.717345643936,493.05975232076725,0
54.79634195904298,0.05218934668851609,665.9446014160563,493.17645067128205,0
54.81003762000205,0.0524818237574756,666.0633826384943,493.05975232076725,0
54.836482642903746,0.050131567288624106,666.2927379180277,493.997504651839,0
54.84970148652895,0.04836626495769163,666.407383747076,494.701860281881,0
54.87638125027194,0.04366049221438883,666.6387749125859,496.57946360645883,0
54.88936535305585,0.04042228492745916,666.7513848556578,497.87150831394376,0
54.91628719329142,0.04307027827086999,666.9848755285808,496.8149589699229,0
54.92950603691663,0.04307027827086999,667.0995213576291,496.8149589699229,0
54.95618580065961,0.037779551389648156,667.330912523139,498.9259589955304,0
54.9696467207774,0.03807728826420748,667.4476578596006,498.8071619825812,0
54.996091743679095,0.04336801514542932,667.6770131391339,496.6961619569737,0
55.009068510811716,0.047483573945213284,667.789559460769,495.0540539958599,0
55.03599035104728,0.05131191548163755,668.0230501336922,493.5265457228266,0
55.04897445383119,0.03689694007119404,668.135660076764,499.2781209115936,0
55.07589629406676,0.03983733078954014,668.3691507496872,498.1049050149735,0
55.088873061199386,0.03365873278426437,668.4816970713222,500.5701656190785,0
55.11556016059366,0.04219284706399145,668.7131518582688,497.16505402146737,0
55.12853692772628,0.04219284706399145,668.825698179904,497.16505402146737,0
55.15521669146927,0.041310235745537334,669.0570893454138,497.5172159375306,0
55.16867761158705,0.03954485372058062,669.1738346818754,498.2216033654883,0
55.19512263448875,0.049254136081745566,669.4031899614088,494.3475997033835,0
55.20834147811395,0.04571827161428081,669.5178357904571,495.75840962590195,0
55.23526331834952,0.04866392213822673,669.7513264633802,494.58309506684753,0
55.24824008548214,0.05512981710088643,669.8638727850154,492.0032029767463,0
55.27492718487642,0.062211985952991336,670.0953275719619,489.17741760475644,0
55.28790395200904,0.05131191548163755,670.207873893597,493.5265457228266,0
55.31458371575203,0.050131567288624106,670.4392650591069,493.997504651839,0
55.32780989502852,0.050131567288624106,670.553974509592,493.997504651839,0
55.35473173526409,0.04866392213822673,670.7874651825151,494.58309506684753,0
55.381169422514496,0.049254136081745566,671.0167568406117,494.3475997033835,0
55.3943882661397,0.04484084040740227,671.13140266966,496.1085046774465,0
55.42107536553397,0.05131191548163755,671.3628574566067,493.5265457228266,0
55.43453628565176,0.05690037923741872,671.4796027930682,491.2967486842699,0
55.460731896409584,0.05072170153811871,671.7067949437517,493.7620410862906,0
55.47419281652737,0.041310235745537334,671.8235402802131,497.5172159375306,0
55.50063783942907,0.03718941714015355,672.0528955597466,499.1614225610787,0
55.513856683054264,0.041895189883456356,672.1675413887949,497.2838192365009,0
55.540536446797255,0.037779551389648156,672.3989325543048,498.9259589955304,0
55.55376262607375,0.03807728826420748,672.5136420047899,498.8071619825812,0
55.580200313324156,0.03983733078954014,672.7429336628866,498.1049050149735,0
55.59341915694935,0.036306726127675194,672.8575794919349,499.5136162750576,0
55.62010625634363,0.045128057670761966,673.0890342788815,495.99390498936594,0
55.63380191730271,0.03160095338437239,673.2078155013195,501.3912195996354,0
55.66000486371182,0.034839080977277816,673.4350712734397,500.0992066900661,0
55.67322370733703,0.04336801514542932,673.549717102488,496.6961619569737,0
55.700145547572596,0.031010819134877785,673.783207775411,501.62668316518375,0
55.71312965035651,0.03836450552756718,673.8958177184829,498.6925622945007,0
55.739567337606914,0.041310235745537334,674.1251093765796,497.5172159375306,0
55.7530282577247,0.040135067664099466,674.2418547130411,497.9861080020243,0
55.779715357118974,0.03395120985322388,674.4733094999877,500.45346726856366,0
55.79293420074418,0.04807378788873212,674.5879553290362,494.8185586323959,0
55.819371887994585,0.03689694007119404,674.8172469871328,499.2781209115936,0
55.832832808112364,0.05218934668851609,674.9339923235943,493.17645067128205,0
55.859035754521486,0.041895189883456356,675.1612480957145,497.2838192365009,0
55.872738751131855,0.03160095338437239,675.2800929395893,501.3912195996354,0
55.899176438382256,0.04336801514542932,675.5093845976859,496.6961619569737,0
55.91239528200746,0.046898619807294255,675.6240304267342,495.28745069688955,0
55.93884030490916,0.041310235745537334,675.8533857062677,497.5172159375306,0
55.95205914853435,0.040725281607618305,675.968031535316,497.75061263856026,0
55.97873891227734,0.041310235745537334,676.1994227008258,497.5172159375306,0
55.99219983239513,0.036306726127675194,676.3161680372874,499.5136162750576,0
56.019121672630696,0.03895471947108602,676.5496587102105,498.45706693103665,0
56.032824669241066,0.03983733078954014,676.6685035540852,498.1049050149735,0
56.05902761565018,0.036599203196634705,676.8957593262054,499.3969179245427,0
56.07248853576796,0.03278130157738583,677.012504662667,500.92026067062307,0
56.09892622301837,0.04219284706399145,677.2417963207636,497.16505402146737,0
56.11215240229486,0.041310235745537334,677.3565057712486,497.5172159375306,0
56.138832166037844,0.041895189883456356,677.5878969367585,497.2838192365009,0
56.15205100966305,0.03807728826420748,677.7025427658068,498.8071619825812,0
56.178496032564745,0.03336625571530486,677.9318980453403,500.68686396959333,0
56.19195695268253,0.03895471947108602,678.0486433818019,498.45706693103665,0
56.218636716425515,0.04042228492745916,678.2800345473116,497.87150831394376,0
56.231855560050725,0.04807378788873212,678.39468037636,494.8185586323959,0
56.258300582952415,0.041602712814496845,678.6240356558934,497.40051758701577,0
56.27151942657762,0.037779551389648156,678.7386814849417,498.9259589955304,0
56.29819919032061,0.03718941714015355,678.9700726504516,499.1614225610787,0
56.31166011043839,0.036599203196634705,679.0868179869132,499.3969179245427,0
56.33833987418138,0.046606142738334744,679.318209152423,495.4041490474044,0
56.35132397696529,0.045128057670761966,679.4308190954949,495.99390498936594,0
56.37800374070828,0.0318934304533319,679.6622102610047,501.27452124912054,0
56.39098784349219,0.042480144021375385,679.7748202040766,497.0504225354712,0
56.41790968372776,0.041310235745537334,680.0083108769996,497.5172159375306,0
56.43112852735296,0.057208476335129196,680.1229567060481,491.17381794228345,0
56.45780829109595,0.05366217195048905,680.3543478715579,492.58879339175485,0
56.47078505822857,0.050131567288624106,680.466894193193,493.997504651839,0
56.49771423411543,0.0524818237574756,680.7004484875529,493.05975232076725,0
56.51069100124805,0.06162177200947249,680.812994809188,489.41291296822044,0
56.53737076499104,0.05160439255059707,681.0443859746978,493.40984737231173,0
56.550596944267525,0.055427474281421515,681.159095425183,491.8844377617128,0
56.577276708010515,0.05072170153811871,681.3904865906928,493.7620410862906,0
56.590495551635726,0.05218934668851609,681.5051324197411,493.17645067128205,0
56.61717531537871,0.055719951350381026,681.736523585251,491.76773941119797,0
56.63015941816262,0.047483573945213284,681.8491335283228,495.0540539958599,0
56.65708125839819,0.055719951350381026,682.082624201246,491.76773941119797,0
56.670058025530814,0.04836626495769163,682.1951705228811,494.701860281881,0
56.6967377892738,0.050131567288624106,682.4265616883908,493.997504651839,0
56.70996396855029,0.05395990882504838,682.541271138876,492.46999637880566,0
56.73664373229328,0.04366049221438883,682.7726623043859,496.57946360645883,0
56.7496204994259,0.03983733078954014,682.8852086260209,498.1049050149735,0
56.77654233966147,0.04395814939492392,683.1186992989441,496.46069839142535,0
56.78952644244538,0.04336801514542932,683.231309242016,496.6961619569737,0
56.81620620618837,0.03807728826420748,683.4627004075257,498.8071619825812,0
56.82942504981357,0.03807728826420748,683.5773462365742,498.8071619825812,0
56.85634689004914,0.04366049221438883,683.8108369094972,496.57946360645883,0
56.86933099283305,0.04336801514542932,683.9234468525691,496.6961619569737,0
56.89601075657604,0.03836450552756718,684.154838018079,498.6925622945007,0
56.909229600201236,0.03718941714015355,684.2694838471273,499.1614225610787,0
56.935916699595516,0.041310235745537334,684.5009386340739,497.5172159375306,0
56.9493776197133,0.03807728826420748,684.6176839705354,498.8071619825812,0
56.97581530696371,0.0454257945453213,684.8469756286321,495.8751079764168,0
57.002018253372825,0.03983733078954014,685.0742314007523,498.1049050149735,0
57.01572124998319,0.04366049221438883,685.193076244627,496.57946360645883,0
57.042158937233594,0.04395814939492392,685.4223679027236,496.46069839142535,0
57.0553777808588,0.04395814939492392,685.537013731772,496.46069839142535,0
57.081822803760495,0.037779551389648156,685.7663690113054,498.9259589955304,0
57.09504164738569,0.03807728826420748,685.8810148403537,498.8071619825812,0
57.12172141112868,0.042480144021375385,686.1124060058636,497.0504225354712,0
57.13518233124647,0.038662242402126505,686.2291513423252,498.5737652815515,0
57.161627354148166,0.0454257945453213,686.4585066218585,495.8751079764168,0
57.17484619777336,0.047483573945213284,686.573152450907,495.0540539958599,0
57.20152596151635,0.047483573945213284,686.8045436164167,495.0540539958599,0
57.21475214079285,0.04307027827086999,686.9192530669019,496.8149589699229,0
57.241189828043254,0.053072037700994446,687.1485447249985,492.8242569573032,0
57.25465074816104,0.042480144021375385,687.2652900614601,497.0504225354712,0
57.28133051190403,0.04484084040740227,687.4966812269699,496.1085046774465,0
57.29454935552923,0.03954485372058062,687.6113270560182,498.2216033654883,0
57.32099437843092,0.053072037700994446,687.8406823355516,492.8242569573032,0
57.33421322205613,0.046898619807294255,687.9553281646,495.28745069688955,0
57.36065824495782,0.049254136081745566,688.1846834441334,494.3475997033835,0
57.3743539059169,0.05042404435758362,688.3034646665714,493.8808063013241,0
57.40055685232601,0.047483573945213284,688.5307204386916,495.0540539958599,0
57.4140177724438,0.049839090219664595,688.6474657751531,494.1142030023538,0
57.440462795345496,0.047483573945213284,688.8768210546865,495.0540539958599,0
57.45368163897069,0.041895189883456356,688.9914668837348,497.2838192365009,0
57.48036140271368,0.050131567288624106,689.2228580492447,493.997504651839,0
57.49382232283146,0.046606142738334744,689.3396033857063,495.4041490474044,0
57.52026734573317,0.04307027827086999,689.5689586652396,496.8149589699229,0
57.533486189358364,0.05160439255059707,689.683604494288,493.40984737231173,0
57.56040802959393,0.04453792342126737,689.9170951672111,496.2293685549143,0
57.57338479672656,0.038662242402126505,690.0296414888462,498.5737652815515,0
57.60007189612083,0.05072170153811871,690.2610962757929,493.7620410862906,0
57.61329073974604,0.03365873278426437,690.3757421048412,500.5701656190785,0
57.639970503489025,0.046606142738334744,690.607133270351,495.4041490474044,0
57.65318934711423,0.047483573945213284,690.7217790993993,495.0540539958599,0
57.67987644650851,0.046898619807294255,690.953233886346,495.28745069688955,0
57.69285321364113,0.03718941714015355,691.0657802079811,499.1614225610787,0
57.71953297738411,0.040725281607618305,691.297171373491,497.75061263856026,0
57.732751821009316,0.041602712814496845,691.4118172025393,497.40051758701577,0
57.759438920403596,0.03689694007119404,691.6432719894859,499.2781209115936,0
57.7726577640288,0.034839080977277816,691.7579178185342,500.0992066900661,0
57.79933752777178,0.03836450552756718,691.9893089840441,498.6925622945007,0
57.812321630555694,0.046308405863775416,692.101918927116,495.5229460603536,0
57.83924347079127,0.04571827161428081,692.335409600039,495.75840962590195,0
57.85222023792389,0.037779551389648156,692.4479559216742,498.9259589955304,0
57.87890733731817,0.03718941714015355,692.6794107086208,499.1614225610787,0
57.892126180943364,0.04366049221438883,692.7940565376691,496.57946360645883,0
57.91904802117893,0.04453792342126737,693.0275472105922,496.2293685549143,0
57.93202478831156,0.03718941714015355,693.1400935322273,499.1614225610787,0
57.95870455205454,0.04219284706399145,693.3714846977372,497.16505402146737,0
57.97168865483845,0.04484084040740227,693.4840946408091,496.1085046774465,0
57.998610495074026,0.04807378788873212,693.7175853137321,494.8185586323959,0
58.01182933869922,0.041895189883456356,693.8322311427804,497.2838192365009,0
58.03827436160092,0.04571827161428081,694.0615864223139,495.75840962590195,0
58.05149320522612,0.03807728826420748,694.1762322513622,498.8071619825812,0
58.07817296896911,0.03983733078954014,694.4076234168721,498.1049050149735,0
58.09139181259432,0.038662242402126505,694.5222692459204,498.5737652815515,0
58.11807891198859,0.04219284706399145,694.753724032867,497.16505402146737,0
58.1312977556138,0.037779551389648156,694.8683698619153,498.9259589955304,0
58.1577354428642,0.047191096876253766,695.097661520012,495.17075234637474,0
58.17143843947457,0.040135067664099466,695.2165063638868,497.9861080020243,0
58.19788346237627,0.040725281607618305,695.4458616434201,497.75061263856026,0
58.211102306001465,0.04336801514542932,695.5605074724684,496.6961619569737,0
58.23753999325188,0.03807728826420748,695.7897991305651,498.8071619825812,0
58.250766172528365,0.03895471947108602,695.9045085810502,498.45706693103665,0
58.277445936271356,0.04395814939492392,696.1358997465601,496.46069839142535,0
58.290906856389135,0.03365873278426437,696.2526450830215,500.5701656190785,0
58.31734454363954,0.04042228492745916,696.4819367411183,497.87150831394376,0
58.330570722916036,0.03689694007119404,696.5966461916033,499.2781209115936,0
58.35725048665903,0.034839080977277816,696.8280373571132,500.0992066900661,0
58.37046933028422,0.047483573945213284,696.9426831861615,495.0540539958599,0
58.39690701753463,0.04366049221438883,697.1719748442582,496.57946360645883,0
58.41037527330371,0.03542403511519684,697.2887838021564,499.86580998903645,0
58.436812960554114,0.04042228492745916,697.5180754602532,497.87150831394376,0
58.4502738806719,0.041602712814496845,697.6348207967146,497.40051758701577,0
58.47671890357359,0.03718941714015355,697.8641760762481,499.1614225610787,0
58.4899377471988,0.046898619807294255,697.9788219052964,495.28745069688955,0
58.5163754344492,0.03689694007119404,698.2081135633931,499.2781209115936,0
58.53007843105957,0.037779551389648156,698.3269584072679,498.9259589955304,0
58.55628137746868,0.041602712814496845,698.554214179388,497.40051758701577,0
58.569742297586465,0.03542403511519684,698.6709595158495,499.86580998903645,0
58.59617998483687,0.03689694007119404,698.9002511739462,499.2781209115936,0
58.622859748579856,0.036599203196634705,699.1316423394561,499.3969179245427,0
58.63608592785636,0.04395814939492392,699.2463517899412,496.46069839142535,0
58.66252361510676,0.03689694007119404,699.4756434480378,499.2781209115936,0
58.67574245873196,0.03836450552756718,699.5902892770862,498.6925622945007,0
58.70218748163366,0.041895189883456356,699.8196445566196,497.2838192365009,0
58.71589047824403,0.03365873278426437,699.9384894004943,500.5701656190785,0
58.74232816549443,0.040725281607618305,700.167781058591,497.75061263856026,0
58.75554700911963,0.036306726127675194,700.2824268876393,499.5136162750576,0
58.78223410851391,0.031303296203837296,700.513881674586,501.5099848146689,0
58.795452952139115,0.040135067664099466,700.6285275036342,497.9861080020243,0
58.8221327158821,0.03336625571530486,700.8599186691441,500.68686396959333,0
58.8353515595073,0.03542403511519684,700.9745644981924,499.86580998903645,0
58.86203865890158,0.04484084040740227,701.2060192851391,496.1085046774465,0
58.8750154260342,0.038662242402126505,701.3185656067742,498.5737652815515,0
58.90193726626977,0.03307377864634534,701.5520562796972,500.8035623201082,0
58.91492136905368,0.040725281607618305,701.6646662227691,497.75061263856026,0
58.94160113279667,0.03542403511519684,701.896057388279,499.86580998903645,0
58.954819976421874,0.040725281607618305,702.0107032173273,497.75061263856026,0
58.98149974016486,0.03513155804623733,702.2420943828372,499.9825083395513,0
58.99471858379006,0.0454257945453213,702.3567402118855,495.8751079764168,0
59.02140568318434,0.04042228492745916,702.5881949988321,497.87150831394376,0
59.03438245031696,0.03718941714015355,702.7007413204673,499.1614225610787,0
59.06106221405995,0.036599203196634705,702.9321324859771,499.3969179245427,0
59.07453046982903,0.03513155804623733,703.0489414438754,499.9825083395513,0
59.10096815707943,0.03836450552756718,703.2782331019721,498.6925622945007,0
59.11418700070463,0.03895471947108602,703.3928789310204,498.45706693103665,0
59.140874100098905,0.03336625571530486,703.624333717967,500.68686396959333,0
59.154092943724116,0.0454257945453213,703.7389795470153,495.8751079764168,0
59.1807727074671,0.041602712814496845,703.9703707125252,497.40051758701577,0
59.19374947459973,0.03542403511519684,704.0829170341603,499.86580998903645,0
59.22043657399399,0.04042228492745916,704.314371821107,497.87150831394376,0
59.233655417619204,0.04366049221438883,704.4290176501553,496.57946360645883,0
59.26057725785477,0.040725281607618305,704.6625083230783,497.75061263856026,0
59.27355402498739,0.045128057670761966,704.7750546447135,495.99390498936594,0
59.30024112438167,0.041895189883456356,705.0065094316601,497.2838192365009,0
59.31321789151429,0.034839080977277816,705.1190557532952,500.0992066900661,0
59.34013973174986,0.041895189883456356,705.3525464262183,497.2838192365009,0
59.35335857537506,0.046898619807294255,705.4671922552666,495.28745069688955,0
59.38004567476934,0.0454257945453213,705.6986470422132,495.8751079764168,0
59.39326451839454,0.051902129425156394,705.8132928712615,493.2910503593626,0
59.41994428213753,0.041602712814496845,706.0446840367714,497.40051758701577,0
59.43316312576273,0.041602712814496845,706.1593298658198,497.40051758701577,0
59.45960814866443,0.040135067664099466,706.3886851453532,497.9861080020243,0
59.473069068782216,0.05042404435758362,706.5054304818148,493.8808063013241,0
59.49927201519133,0.049254136081745566,706.732686253935,494.3475997033835,0
59.5129676761504,0.055427474281421515,706.8514674763729,491.8844377617128,0
59.539889516385976,0.06249920321635103,707.084958149296,489.0628179166759,0
59.55311569566246,0.062211985952991336,707.199667599781,489.17741760475644,0
59.58003753589803,0.05601768822494036,707.4331582727041,491.6489423982488,0
59.59301430303066,0.05601768822494036,707.5457045943392,491.6489423982488,0
59.619459325932354,0.05484252014350249,707.7750598738727,492.1178344627425,0
59.63292024605013,0.046308405863775416,707.8918052103342,495.5229460603536,0
59.659115856807965,0.04836626495769163,708.1189973610176,494.701860281881,0
59.67281885341833,0.050131567288624106,708.2378422048923,493.997504651839,0
59.69926387632002,0.053072037700994446,708.4671974844258,492.8242569573032,0
59.71271746078652,0.05512981710088643,708.5838791994506,492.0032029767463,0
59.73892040719563,0.047483573945213284,708.8111349715708,495.0540539958599,0
59.752381327313415,0.049254136081745566,708.9278803080323,494.3475997033835,0
59.7790610910564,0.04836626495769163,709.1592714735422,494.701860281881,0
59.7922872703329,0.03454142379674273,709.2739809240272,500.21797190509966,0
59.8187249575833,0.04571827161428081,709.5032725821239,495.75840962590195,0
59.83195113685979,0.041895189883456356,709.617982032609,497.2838192365009,0
59.858630900602776,0.04336801514542932,709.8493731981189,496.6961619569737,0
59.87184974422799,0.041895189883456356,709.9640190271672,497.2838192365009,0
59.89829476712968,0.03718941714015355,710.1933743067007,499.1614225610787,0
59.91199042808876,0.03983733078954014,710.3121555291386,498.1049050149735,0
59.938193374497864,0.04219284706399145,710.5394113012588,497.16505402146737,0
59.95165429461566,0.034839080977277816,710.6561566377203,500.0992066900661,0
59.97833405835864,0.03454142379674273,710.8875478032302,500.21797190509966,0
59.99131816114255,0.041602712814496845,711.0001577463021,497.40051758701577,0
60.017755848392966,0.045128057670761966,711.2294494043988,495.99390498936594,0
60.03145884500332,0.041895189883456356,711.3482942482735,497.2838192365009,0
60.05789653225373,0.045128057670761966,711.5775859063701,495.99390498936594,0
60.07112271153022,0.040725281607618305,711.6922953568552,497.75061263856026,0
60.09756039878063,0.03983733078954014,711.9215870149519,498.1049050149735,0
60.11102131889841,0.046898619807294255,712.0383323514134,495.28745069688955,0
60.13746634180011,0.04042228492745916,712.2676876309469,497.87150831394376,0
60.1509272619179,0.03689694007119404,712.3844329674084,499.2781209115936,0
60.1773649491683,0.03983733078954014,712.613724625505,498.1049050149735,0
60.190583792793504,0.047191096876253766,712.7283704545533,495.17075234637474,0
60.21727089218778,0.04336801514542932,712.9598252415,496.6961619569737,0
60.24419273242335,0.04336801514542932,713.193315914423,496.6961619569737,0
60.25692742306339,0.041602712814496845,713.303762728645,497.40051758701577,0
60.28360718680638,0.04307027827086999,713.5351538941549,496.8149589699229,0
60.296833366082865,0.03895471947108602,713.6498633446399,498.45706693103665,0
60.323513129825855,0.03895471947108602,713.8812545101498,498.45706693103665,0
60.33673197345106,0.0454257945453213,713.9959003391981,495.8751079764168,0
60.36341907284534,0.04307027827086999,714.2273551261447,496.8149589699229,0
60.376872657311836,0.037779551389648156,714.3440368411696,498.9259589955304,0
60.403317680213526,0.040725281607618305,714.5733921207029,497.75061263856026,0
60.41629444734615,0.03895471947108602,714.685938442338,498.45706693103665,0
60.44321628758172,0.042480144021375385,714.9194291152611,497.0504225354712,0
60.45620039036563,0.041602712814496845,715.032039058333,497.40051758701577,0
60.4831222306012,0.041895189883456356,715.265529731256,497.2838192365009,0
60.496106333385114,0.03895471947108602,715.3781396743279,498.45706693103665,0
60.5227860971281,0.036599203196634705,715.6095308398378,499.3969179245427,0
60.53576286426072,0.03718941714015355,715.722077161473,499.1614225610787,0
60.5624426280037,0.04366049221438883,715.9534683269828,496.57946360645883,0
60.57590354812149,0.03895471947108602,716.0702136634443,498.45706693103665,0
60.602348571023185,0.04042228492745916,716.2995689429778,497.87150831394376,0
60.61556741464839,0.04219284706399145,716.4142147720261,497.16505402146737,0
60.642489254883955,0.040135067664099466,716.6477054449491,497.9861080020243,0
60.655473357667866,0.03601424905871568,716.760315388021,499.63031462557245,0
60.682153121410856,0.03689694007119404,716.9917065535309,499.2781209115936,0
60.69537196503606,0.04042228492745916,717.1063523825792,497.87150831394376,0
60.72181698793776,0.03513155804623733,717.3357076621127,499.9825083395513,0
60.73527790805554,0.038662242402126505,717.4524529985741,498.5737652815515,0
60.76195767179853,0.04336801514542932,717.683844164084,496.6961619569737,0
60.77541859191631,0.04042228492745916,717.8005895005456,497.87150831394376,0
60.80162153832543,0.03513155804623733,718.0278452726658,499.9825083395513,0
60.814840381950624,0.029835651053439917,718.1424911017141,502.0955752296775,0
60.8417622221862,0.03601424905871568,718.3759817746371,499.63031462557245,0
60.8549810658114,0.03836450552756718,718.4906276036855,498.6925622945007,0
60.8814187530618,0.03219116732789123,718.7199192617821,501.1557242361714,0
60.8946449323383,0.037779551389648156,718.8346287122672,498.9259589955304,0
60.9210826195887,0.03542403511519684,719.0639203703639,499.86580998903645,0
60.93454353970649,0.03336625571530486,719.1806657068254,500.68686396959333,0
60.960988562608186,0.03983733078954014,719.4100209863589,498.1049050149735,0
60.97468422356726,0.03689694007119404,719.5288022087968,499.2781209115936,0
61.00088716997638,0.031303296203837296,719.756057980917,501.5099848146689,0
61.01434809009416,0.03513155804623733,719.8728033173786,499.9825083395513,0
61.04102785383715,0.03454142379674273,720.1041944828884,500.21797190509966,0
61.05401195662106,0.037779551389648156,720.2168044259603,498.9259589955304,0
61.08044964387147,0.04484084040740227,720.446096084057,496.1085046774465,0
61.09391789964054,0.040725281607618305,720.5629050419552,497.75061263856026,0
61.120355586890945,0.03807728826420748,720.7921967000519,498.8071619825812,0
61.13381650700873,0.03278130157738583,720.9089420365135,500.92026067062307,0
61.16026152991043,0.041895189883456356,721.1382973160469,497.2838192365009,0
61.17371511437692,0.036306726127675194,721.2549790310717,499.5136162750576,0
61.200160137278615,0.03718941714015355,721.484334310605,499.1614225610787,0
61.2136210573964,0.03807728826420748,721.6010796470666,498.8071619825812,0
61.2400587446468,0.037779551389648156,721.8303713051632,498.9259589955304,0
61.2532849239233,0.046308405863775416,721.9450807556483,495.5229460603536,0
61.279964687666286,0.03895471947108602,722.1764719211582,498.45706693103665,0
61.29318353129149,0.03895471947108602,722.2911177502066,498.45706693103665,0
61.31962855419319,0.03954485372058062,722.52047302974,498.2216033654883,0
61.33284739781839,0.042480144021375385,722.6351188587882,497.0504225354712,0
61.35928508506879,0.040135067664099466,722.864410516885,497.9861080020243,0
61.373230158171744,0.04366049221438883,722.9853548681729,496.57946360645883,0
61.39943310458086,0.04042228492745916,723.2126106402931,497.87150831394376,0
61.41265194820606,0.03336625571530486,723.3272564693415,500.68686396959333,0
61.43933171194905,0.041895189883456356,723.5586476348512,497.2838192365009,0
61.45230847908167,0.03983733078954014,723.6711939564864,498.1049050149735,0
61.478995578475946,0.037779551389648156,723.902648743433,498.9259589955304,0
61.49245649859373,0.040725281607618305,724.0193940798946,497.75061263856026,0
61.51889418584414,0.04336801514542932,724.2486857379912,496.6961619569737,0
61.532120365120626,0.03983733078954014,724.3633951884763,498.1049050149735,0
61.558800128863616,0.042480144021375385,724.5947863539861,497.0504225354712,0
61.572261048981396,0.036599203196634705,724.7115316904477,499.3969179245427,0
61.59846399539052,0.03601424905871568,724.9387874625679,499.63031462557245,0
61.61191757985701,0.036599203196634705,725.0554691775927,499.3969179245427,0
61.63860467925129,0.030420605191358942,725.2869239645393,501.86217852864775,0
61.651823522876484,0.03689694007119404,725.4015697935877,499.2781209115936,0
61.6782612101269,0.040135067664099466,725.6308614516843,497.9861080020243,0
61.691487389403385,0.03954485372058062,725.7455709021693,498.2216033654883,0
61.71792507665379,0.03954485372058062,725.974862560266,498.2216033654883,0
61.73162807326416,0.03395120985322388,726.0937074041408,500.45346726856366,0
61.757831019673276,0.041895189883456356,726.320963176261,497.2838192365009,0
61.77152668063235,0.030133387927999248,726.439744398699,501.9767782167283,0
61.79772962704146,0.046308405863775416,726.6670001708192,495.5229460603536,0
61.81119054715925,0.03454142379674273,726.7837455072807,500.21797190509966,0
61.83787031090224,0.03454142379674273,727.0151366727906,500.21797190509966,0
61.86431533380393,0.04219284706399145,727.244491952324,497.16505402146737,0
61.87729210093655,0.040135067664099466,727.3570382739591,497.9861080020243,0
61.90445601766471,0.04836626495769163,727.5926284542954,494.701860281881,0
61.91744012044862,0.040725281607618305,727.7052383973672,497.75061263856026,0
61.94411988419161,0.041310235745537334,727.9366295628771,497.5172159375306,0
61.957338727816804,0.04571827161428081,728.0512753919255,495.75840962590195,0
61.9837837507185,0.04307027827086999,728.2806306714589,496.8149589699229,0
61.997002594343705,0.041310235745537334,728.3952765005072,497.5172159375306,0
62.023682358086695,0.04307027827086999,728.626667666017,496.8149589699229,0
62.037143278204475,0.04395814939492392,728.7434130024786,496.46069839142535,0
62.06334622461359,0.04453792342126737,728.9706687745988,496.2293685549143,0
62.07704922122395,0.03983733078954014,729.0895136184736,498.1049050149735,0
62.10372898496694,0.042480144021375385,729.3209047839835,497.0504225354712,0
62.11670575209956,0.04307027827086999,729.4334511056186,496.8149589699229,0
62.14315077500126,0.04366049221438883,729.662806385152,496.57946360645883,0
62.156369618626464,0.038662242402126505,729.7774522142003,498.5737652815515,0
62.183049382369454,0.04366049221438883,730.0088433797101,496.57946360645883,0
62.19651030248723,0.036306726127675194,730.1255887161717,499.5136162750576,0
62.22295532538893,0.04571827161428081,730.3549439957051,495.75840962590195,0
62.23641624550672,0.03718941714015355,730.4716893321666,499.1614225610787,0
62.262853932757125,0.04453792342126737,730.7009809902632,496.2293685549143,0
62.27607277638232,0.03718941714015355,730.8156268193117,499.1614225610787,0
62.3027598757766,0.04042228492745916,731.0470816062582,497.87150831394376,0
62.315978719401805,0.04366049221438883,731.1617274353066,496.57946360645883,0
62.34241640665221,0.03718941714015355,731.3910190934032,499.1614225610787,0
62.35588466242129,0.03836450552756718,731.5078280513015,498.6925622945007,0
62.38232234967169,0.041602712814496845,731.7371197093981,497.40051758701577,0
62.3955411932969,0.03454142379674273,731.8517655384466,500.21797190509966,0
62.42198621619859,0.03601424905871568,732.0811208179799,499.63031462557245,0
62.435923953650246,0.03601424905871568,732.2020015478311,499.63031462557245,0
62.46212690005937,0.034839080977277816,732.4292573199513,500.0992066900661,0
62.475345743684564,0.03542403511519684,732.5439031489997,499.86580998903645,0
62.502025507427554,0.03895471947108602,732.7752943145096,498.45706693103665,0
62.515009610211465,0.03954485372058062,732.8879042575813,498.2216033654883,0
62.541689373954455,0.034839080977277816,733.1192954230912,500.0992066900661,0
62.555150294072234,0.046606142738334744,733.2360407595528,495.4041490474044,0
62.581353240481356,0.03807728826420748,733.463296531673,498.8071619825812,0
62.594814160599135,0.041602712814496845,733.5800418681346,497.40051758701577,0
62.62149392434212,0.04366049221438883,733.8114330336444,496.57946360645883,0
62.63495484445991,0.041602712814496845,733.9281783701059,497.40051758701577,0
62.66115779086902,0.047191096876253766,734.1554341422261,495.17075234637474,0
62.674618710986806,0.03718941714015355,734.2721794786877,499.1614225610787,0
62.70105639823721,0.04453792342126737,734.5014711367843,496.2293685549143,0
62.714517318355,0.04336801514542932,734.6182164732459,496.6961619569737,0
62.74096234125669,0.03836450552756718,734.8475717527792,498.6925622945007,0
62.754181184881894,0.047483573945213284,734.9622175818276,495.0540539958599,0
62.7806188721323,0.04042228492745916,735.1915092399242,497.87150831394376,0
62.794321868742664,0.04219284706399145,735.310354083799,497.16505402146737,0
62.82052481515178,0.04571827161428081,735.5376098559192,495.75840962590195,0
62.83422781176215,0.04366049221438883,735.6564546997939,496.57946360645883,0
62.86043075817126,0.04366049221438883,735.8837104719141,496.57946360645883,0
62.873649601796465,0.045128057670761966,735.9983563009625,495.99390498936594,0
62.90057144203203,0.04836626495769163,736.2318469738856,494.701860281881,0
62.91354820916465,0.03895471947108602,736.3443932955207,498.45706693103665,0
62.93999323206635,0.04366049221438883,736.5737485750541,496.57946360645883,0
62.953454152184136,0.042480144021375385,736.6904939115157,497.0504225354712,0
62.98013391592712,0.04307027827086999,736.9218850770255,496.8149589699229,0
62.99335275955232,0.046308405863775416,737.0365309060738,495.5229460603536,0
63.01979778245402,0.04395814939492392,737.2658861856072,496.46069839142535,0
63.0332587025718,0.046606142738334744,737.3826315220688,495.4041490474044,0
63.060415283648666,0.04571827161428081,737.6181580809683,495.75840962590195,0
63.07364146292516,0.04219284706399145,737.7328675314534,497.16505402146737,0
63.10007915017556,0.040725281607618305,737.96215918955,497.75061263856026,0
63.11354007029335,0.046606142738334744,738.0789045260116,495.4041490474044,0
63.139985093195044,0.04307027827086999,738.3082598055449,496.8149589699229,0
63.15344601331283,0.04395814939492392,738.4250051420065,496.46069839142535,0
63.17988370056324,0.03689694007119404,738.6542968001032,499.2781209115936,0
63.193102544188434,0.041602712814496845,738.7689426291515,497.40051758701577,0
63.21954756709013,0.03542403511519684,738.9982979086849,499.86580998903645,0
63.23300848720792,0.04571827161428081,739.1150432451465,495.75840962590195,0
63.259446174458326,0.036306726127675194,739.3443349032431,499.5136162750576,0
63.272907094576105,0.03983733078954014,739.4610802397046,498.1049050149735,0
63.2993521174778,0.03718941714015355,739.690435519238,499.1614225610787,0
63.31281303759558,0.03718941714015355,739.8071808556996,499.1614225610787,0
63.33949280133857,0.040135067664099466,740.0385720212095,497.9861080020243,0
63.35247690412248,0.04219284706399145,740.1511819642814,497.16505402146737,0
63.37915666786547,0.049839090219664595,740.3825731297912,494.1142030023538,0
63.39237551149068,0.045128057670761966,740.4972189588395,495.99390498936594,0
63.41929735172625,0.04366049221438883,740.7307096317626,496.57946360645883,0
63.43228145451016,0.041895189883456356,740.8433195748345,497.2838192365009,0
63.45896121825315,0.0454257945453213,741.0747107403444,495.8751079764168,0
63.48564098199613,0.03954485372058062,741.3061019058542,498.2216033654883,0
63.49885982562134,0.04395814939492392,741.4207477349025,496.46069839142535,0
63.52530484852303,0.040725281607618305,741.6501030144359,497.75061263856026,0
63.538765768640815,0.047483573945213284,741.7668483508975,495.0540539958599,0
63.56496137939864,0.03807728826420748,741.9940405015809,498.8071619825812,0
63.578429635167716,0.040135067664099466,742.1108494594793,497.9861080020243,0
63.605109398910706,0.040725281607618305,742.3422406249891,497.75061263856026,0
63.6183282425359,0.04042228492745916,742.4568864540374,497.87150831394376,0
63.6447732654376,0.03689694007119404,742.6862417335708,499.2781209115936,0
63.6579921090628,0.03983733078954014,742.8008875626192,498.1049050149735,0
63.684671872805794,0.03365873278426437,743.032278728129,500.5701656190785,0
63.69813279292357,0.04484084040740227,743.1490240645905,496.1085046774465,0
63.72457048017398,0.03454142379674273,743.3783157226873,500.21797190509966,0
63.737796659450474,0.03601424905871568,743.4930251731723,499.63031462557245,0
63.764476423193464,0.041310235745537334,743.7244163386822,497.5172159375306,0
63.77769526681866,0.04395814939492392,743.8390621677305,496.46069839142535,0
63.80414028972036,0.03278130157738583,744.0684174472639,500.92026067062307,0
63.817601209838145,0.04219284706399145,744.1851627837254,497.16505402146737,0
63.84428097358113,0.03307377864634534,744.4165539492353,500.8035623201082,0
63.85749981720633,0.037779551389648156,744.5311997782836,498.9259589955304,0
63.88394484010803,0.03836450552756718,744.7605550578171,498.6925622945007,0
63.89716368373323,0.04453792342126737,744.8752008868654,496.2293685549143,0
63.92360137098364,0.040135067664099466,745.104492544962,497.9861080020243,0
63.93706229110142,0.047191096876253766,745.2212378814236,495.17075234637474,0
63.96350731400312,0.040135067664099466,745.4505931609569,497.9861080020243,0
63.9769682341209,0.03513155804623733,745.5673384974185,499.9825083395513,0
64.00340592137131,0.04307027827086999,745.7966301555152,496.8149589699229,0
64.0166321006478,0.04219284706399145,745.9113396060003,497.16505402146737,0
64.04331186439079,0.040135067664099466,746.1427307715102,497.9861080020243,0
64.05677278450858,0.03954485372058062,746.2594761079716,498.2216033654883,0
64.0829757309177,0.036306726127675194,746.4867318800918,499.5136162750576,0
64.09642931538419,0.041310235745537334,746.6034135951166,497.5172159375306,0
64.12311641477847,0.03983733078954014,746.8348683820633,498.1049050149735,0
64.13633525840366,0.040135067664099466,746.9495142111116,497.9861080020243,0
64.16277294565407,0.036306726127675194,747.1788058692083,499.5136162750576,0
64.17624120142315,0.037779551389648156,747.2956148271065,498.9259589955304,0
64.20267888867355,0.038662242402126505,747.5249064852032,498.5737652815515,0
64.21613980879133,0.041602712814496845,747.6416518216647,497.40051758701577,0
64.24258483169302,0.03895471947108602,747.8710071011982,498.45706693103665,0
64.25580367531823,0.045128057670761966,747.9856529302465,495.99390498936594,0
64.28224136256864,0.03219116732789123,748.2149445883431,501.1557242361714,0
64.29570228268642,0.03542403511519684,748.3316899248047,499.86580998903645,0
64.32214730558812,0.03365873278426437,748.5610452043381,500.5701656190785,0
64.3356082257059,0.03307377864634534,748.6777905407996,500.8035623201082,0
64.36204591295632,0.03895471947108602,748.9070821988963,498.45706693103665,0
64.37527209223279,0.034839080977277816,749.0217916493814,500.0992066900661,0
64.4019518559758,0.03513155804623733,749.2531828148913,499.9825083395513,0
64.41517069960099,0.037779551389648156,749.3678286439396,498.9259589955304,0
64.4416083868514,0.037779551389648156,749.5971203020362,498.9259589955304,0
64.4550693069692,0.041895189883456356,749.7138656384977,497.2838192365009,0
64.48175640636347,0.03307377864634534,749.9453204254444,500.8035623201082,0
64.49497524998867,0.041895189883456356,750.0599662544927,497.2838192365009,0
64.52141293723906,0.04042228492745916,750.2892579125894,497.87150831394376,0
64.53463911651556,0.03601424905871568,750.4039673630745,499.63031462557245,0
64.56131888025855,0.041310235745537334,750.6353585285843,497.5172159375306,0
64.57477980037633,0.04307027827086999,750.7521038650458,496.8149589699229,0
64.60145956411932,0.038662242402126505,750.9834950305557,498.5737652815515,0
64.61444366690324,0.029543173984480406,751.0961049736276,502.2122735801923,0
64.64112343064622,0.03542403511519684,751.3274961391375,499.86580998903645,0
64.65434227427141,0.03954485372058062,751.4421419681858,498.2216033654883,0
64.68102203801442,0.03718941714015355,751.6735331336956,499.1614225610787,0
64.6942482172909,0.04042228492745916,751.7882425841807,497.87150831394376,0
64.72068590454131,0.03395120985322388,752.0175342422774,500.45346726856366,0
64.73390474816651,0.03718941714015355,752.1321800713257,499.1614225610787,0
64.76082658840208,0.03513155804623733,752.3656707442487,499.9825083395513,0
64.77381069118599,0.030420605191358942,752.4782806873206,501.86217852864775,0
64.80049045492898,0.03513155804623733,752.7096718528305,499.9825083395513,0
64.81347455771288,0.03336625571530486,752.8222817959024,500.68686396959333,0
64.84039639794847,0.03307377864634534,753.0557724688255,500.8035623201082,0
64.85361524157366,0.037779551389648156,753.1704182978738,498.9259589955304,0
64.88029500531664,0.03336625571530486,753.4018094633836,500.68686396959333,0
64.89327177244927,0.03336625571530486,753.5143557850188,500.68686396959333,0
64.92019361268484,0.04042228492745916,753.7478464579418,497.87150831394376,0
64.93317771546876,0.036599203196634705,753.8604564010137,499.3969179245427,0
64.95985747921173,0.040135067664099466,754.0918475665236,497.9861080020243,0
64.97308365848824,0.03689694007119404,754.2065570170087,499.2781209115936,0
64.99976342223121,0.040135067664099466,754.4379481825185,497.9861080020243,0
65.01298226585641,0.036306726127675194,754.5525940115668,499.5136162750576,0
65.03966202959941,0.03365873278426437,754.7839851770767,500.5701656190785,0
65.05264613238333,0.03365873278426437,754.8965951201486,500.5701656190785,0
