x,y,pixel_x,pixel_y,gap_before
0.4103465621584053,0.019395089037137502,310.12679708770696,886.7199834020263,0
0.4103465621584053,0.009435596419505242,310.12679708770696,886.8637735766933,0
0.4103465621584053,-0.0006692580983401395,310.12679708770696,887.0096624137948,0
0.4103465621584053,-0.0106287507159724,310.12679708770696,887.1534525884618,0
0.4103465621584053,-0.02044288143339154,310.12679708770696,887.2951441006945,0
0.4103465621584053,-0.030547735951236922,310.12679708770696,887.441032937796,0
0.4103465621584053,-0.04050722856886919,310.12679708770696,887.584823112463,0
0.4103465621584053,-0.05032135928628833,310.12679708770696,887.7265146246958,0
0.4103465621584053,-0.06042621380413371,310.12679708770696,887.8724034617971,0
0.4103465621584053,-0.07038570642176598,310.12679708770696,888.0161936364642,0
0.4103465621584053,-0.0801998371391851,310.12679708770696,888.157885148697,0
0.4103465621584053,-0.09030469165703049,310.12679708770696,888.3037739857983,0
0.4103465621584053,-0.10026418427466276,310.12679708770696,888.4475641604654,0
0.4103465621584053,-0.11022367689229501,310.12679708770696,888.5913543351325,0
0.4103465621584053,-0.12018316950992727,310.12679708770696,888.7351445097995,0
0.4103465621584053,-0.13014266212755954,310.12679708770696,888.8789346844666,0
0.4103465621584053,-0.1401021547451918,310.12679708770696,889.0227248591337,0
0.4103465621584053,-0.15006164736282407,310.12679708770696,889.1665150338008,0
0.8758742920059845,-0.15006164736282407,310.2706451562298,889.1665150338008,0
0.8758742920059845,-0.16002113998045633,310.2706451562298,889.3103052084679,0
0.8758742920059845,-0.16998063259808857,310.2706451562298,889.4540953831349,0
0.8758742920059845,-0.17994012521572084,310.2706451562298,889.597885557802,0
0.8758742920059845,-0.1898996178333531,310.2706451562298,889.741675732469,0
0.8758742920059845,-0.20000006744513144,310.2706451562298,889.8875009737391,0
0.8758742920059845,-0.20981860306861763,310.2706451562298,890.0292560818032,0
0.8758742920059845,-0.2197780956862499,310.2706451562298,890.1730462564702,0
0.8758742920059845,-0.2298785452980282,310.2706451562298,890.3188714977402,0
0.8758742920059845,-0.2396970809215144,310.2706451562298,890.4606266058044,0
0.8758742920059845,-0.24965657353914666,310.2706451562298,890.6044167804714,0
0.8758742920059845,-0.25975702315092497,310.2706451562298,890.7502420217414,0
0.8758742920059845,-0.2695755587744112,310.2706451562298,890.8919971298055,0
0.8758742920059845,-0.27953505139204343,310.2706451562298,891.0357873044726,0
1.334607499480733,-0.27953505139204343,310.4123937173395,891.0357873044726,0
1.334607499480733,-0.2896355010038218,310.4123937173395,891.1816125457426,0
1.334607499480733,-0.29945403662730796,310.4123937173395,891.3233676538067,0
1.334607499480733,-0.30941352924494026,310.4123937173395,891.4671578284738,0
1.334607499480733,-0.31951397885671856,310.4123937173395,891.6129830697439,0
1.334607499480733,-0.3294734714743508,310.4123937173395,891.756773244411,0
1.334607499480733,-0.3394329640919831,310.4123937173395,891.900563419078,0
1.334607499480733,-0.34939245670961533,310.4123937173395,892.0443535937451,0
1.334607499480733,-0.3593519493272476,310.4123937173395,892.1881437684121,0
1.8001352293283122,-0.3593519493272476,310.5562417858624,892.1881437684121,0
1.8001352293283122,-0.36931144194487986,310.5562417858624,892.3319339430792,0
1.8001352293283122,-0.37927093456251215,310.5562417858624,892.4757241177463,0
1.8001352293283122,-0.3892304271801444,310.5562417858624,892.6195142924133,0
1.8001352293283122,-0.3991899197977766,310.5562417858624,892.7633044670804,0
1.8001352293283122,-0.4091494124154089,310.5562417858624,892.9070946417474,0
2.25897138411174,-0.41910890503304116,310.6980221576905,893.0508848164145,0
2.25897138411174,-0.42906839765067345,310.6980221576905,893.1946749910816,0
2.25897138411174,-0.4390278902683057,310.6980221576905,893.3384651657486,0
2.25897138411174,-0.448987382885938,310.6980221576905,893.4822553404157,0
2.25897138411174,-0.4589468755035702,310.6980221576905,893.6260455150828,0
2.7244991139593195,-0.46890636812120245,310.8418702262134,893.7698356897498,0
2.7244991139593195,-0.47886586073883475,310.8418702262134,893.9136258644169,0
2.7244991139593195,-0.488825353356467,310.8418702262134,894.0574160390839,0
2.7244991139593195,-0.4987848459740993,310.8418702262134,894.201206213751,0
2.7244991139593195,-0.5087443385917315,310.8418702262134,894.3449963884182,0
3.183232321434068,-0.5188491931095769,310.9836187873231,894.4908852255195,0
3.183232321434068,-0.5286633238269961,310.9836187873231,894.6325767377523,0
3.183232321434068,-0.5387681783448415,310.9836187873231,894.7784655748536,0
3.183232321434068,-0.5487276709624737,310.9836187873231,894.9222557495207,0
3.648760051281647,-0.5487276709624737,311.127466855846,894.9222557495207,0
3.648760051281647,-0.5585418016798929,311.127466855846,895.0639472617535,0
3.648760051281647,-0.5686466561977382,311.127466855846,895.2098360988548,0
3.648760051281647,-0.5786061488153704,311.127466855846,895.3536262735219,0
4.107596206065075,-0.5884202795327896,311.2692472276741,895.4953177857547,0
4.107596206065075,-0.598525134050635,311.2692472276741,895.641206622856,0
4.107596206065075,-0.6084846266682673,311.2692472276741,895.7849967975231,0
4.107596206065075,-0.6184441192858995,311.2692472276741,895.9287869721902,0
4.573123935912654,-0.6184441192858995,311.413095296197,895.9287869721902,0
4.573123935912654,-0.6284036119035318,311.413095296197,896.0725771468573,0
4.573123935912654,-0.6383631045211641,311.413095296197,896.2163673215243,0
4.573123935912654,-0.6483225971387963,311.413095296197,896.3601574961914,0
5.038651665760233,-0.6483225971387963,311.5569433647199,896.3601574961914,0
5.038651665760233,-0.6582820897564285,311.5569433647199,896.5039476708585,0
5.038651665760233,-0.6682415823740608,311.5569433647199,896.6477378455255,0
5.4973848732349815,-0.6682415823740608,311.6986919258296,896.6477378455255,0
5.4973848732349815,-0.6782010749916931,311.6986919258296,896.7915280201926,0
5.4973848732349815,-0.6881605676093253,311.6986919258296,896.9353181948596,0
5.95622102801841,-0.6981200602269576,311.8404722976577,897.0791083695267,0
5.95622102801841,-0.7080795528445899,311.8404722976577,897.2228985441938,0
5.95622102801841,-0.7180390454622221,311.8404722976577,897.3666887188608,0
6.4217487578659895,-0.7180390454622221,311.98432036618055,897.3666887188608,0
6.4217487578659895,-0.7279985380798544,311.98432036618055,897.5104788935279,0
6.4217487578659895,-0.7379580306974867,311.98432036618055,897.6542690681949,0
6.880481965340738,-0.747917523315119,312.1260689272903,897.798059242862,0
6.880481965340738,-0.7578770159327511,312.1260689272903,897.941849417529,0
7.346009695188317,-0.7679774655445295,312.26991699581316,898.0876746587992,0
7.346009695188317,-0.7777960011680157,312.26991699581316,898.2294297668632,0
7.811537425035896,-0.7877554937856479,312.4137650643361,898.3732199415302,0
7.811537425035896,-0.7978559433974263,312.4137650643361,898.5190451828004,0
7.811537425035896,-0.8076744790209125,312.4137650643361,898.6608002908644,0
8.270270632510645,-0.8076744790209125,312.55551362544577,898.6608002908644,0
8.270270632510645,-0.8176339716385448,312.55551362544577,898.8045904655315,0
8.270270632510645,-0.827734421250323,312.55551362544577,898.9504157068016,0
8.735798362358224,-0.827734421250323,312.6993616939687,898.9504157068016,0
8.735798362358224,-0.8375529568738093,312.6993616939687,899.0921708148657,0
8.735798362358224,-0.8475124494914416,312.6993616939687,899.2359609895327,0
9.194634517141653,-0.8475124494914416,312.84114206579676,899.2359609895327,0
9.194634517141653,-0.8576128991032198,312.84114206579676,899.3817862308027,0
9.194634517141653,-0.8675723917208521,312.84114206579676,899.5255764054698,0
9.66016224698923,-0.8675723917208521,312.9849901343197,899.5255764054698,0
9.66016224698923,-0.8775318843384844,312.9849901343197,899.6693665801369,0
9.66016224698923,-0.8874913769561167,312.9849901343197,899.8131567548039,0
10.11889545446398,-0.8874913769561167,313.12673869542937,899.8131567548039,0
10.11889545446398,-0.8974508695737489,313.12673869542937,899.956946929471,0
10.11889545446398,-0.9077010859918074,313.12673869542937,900.1049344290067,0
10.584423184311557,-0.9077010859918074,313.2705867639523,900.1049344290067,0
10.584423184311557,-0.9178059405096528,313.2705867639523,900.2508232661081,0
10.584423184311557,-0.927765433127285,313.2705867639523,900.3946134407752,0
11.049950914159139,-0.927765433127285,313.41443483247514,900.3946134407752,0
11.049950914159139,-0.9377249257449173,313.41443483247514,900.5384036154422,0
11.049950914159139,-0.9476844183625496,313.41443483247514,900.6821937901093,0
11.508787068942567,-0.9476844183625496,313.5562152043032,900.6821937901093,0
11.508787068942567,-0.9576439109801819,313.5562152043032,900.8259839647764,0
11.508787068942567,-0.967603403597814,313.5562152043032,900.9697741394434,0
11.967520276417314,-0.967603403597814,313.69796376541296,900.9697741394434,0
11.967520276417314,-0.9775628962154463,313.69796376541296,901.1135643141105,0
12.433048006264894,-0.9775628962154463,313.8418118339358,901.1135643141105,0
12.433048006264894,-0.9875223888330786,313.8418118339358,901.2573544887775,0
12.433048006264894,-0.9974818814507108,313.8418118339358,901.4011446634446,0
12.898575736112472,-0.9974818814507108,313.98565990245874,901.4011446634446,0
12.898575736112472,-1.0074413740683432,313.98565990245874,901.5449348381117,0
13.3574118908959,-1.0074413740683432,314.1274402742868,901.5449348381117,0
13.3574118908959,-1.0174008666859753,314.1274402742868,901.6887250127787,0
13.816145098370649,-1.0273603593036076,314.2691888353965,901.8325151874458,0
13.816145098370649,-1.0373198519212399,314.2691888353965,901.9763053621128,0
14.281672828218229,-1.0472793445388722,314.4130369039194,902.1200955367799,0
14.281672828218229,-1.0572388371565045,314.4130369039194,902.2638857114471,0
14.281672828218229,-1.0671983297741368,314.4130369039194,902.4076758861141,0
14.747200558065808,-1.0671983297741368,314.55688497244233,902.4076758861141,0
14.747200558065808,-1.0771534174857018,314.55688497244233,902.5514024649498,0
15.205933765540555,-1.087112910103334,314.698633533552,902.6951926396168,0
15.205933765540555,-1.0970724027209664,314.698633533552,902.8389828142839,0
15.671461495388135,-1.0970724027209664,314.84248160207494,902.8389828142839,0
15.671461495388135,-1.1070318953385987,314.84248160207494,902.982772988951,0
16.130297650171563,-1.116991387956231,314.984261973903,903.1265631636181,0
16.130297650171563,-1.1269508805738633,314.984261973903,903.2703533382852,0
16.130297650171563,-1.1369103731914953,314.984261973903,903.4141435129523,0
16.595825380019143,-1.1369103731914953,315.12811004242593,903.4141435129523,0
16.595825380019143,-1.1468698658091276,315.12811004242593,903.5579336876193,0
17.05455858749389,-1.15682935842676,315.2698586035356,903.7017238622864,0
17.05455858749389,-1.1669342129446054,315.2698586035356,903.8476126993877,0
17.52008631734147,-1.1669342129446054,315.4137066720585,903.8476126993877,0
17.52008631734147,-1.1767483436620245,315.4137066720585,903.9893042116205,0
17.52008631734147,-1.1867078362796568,315.4137066720585,904.1330943862876,0
17.9789224721249,-1.1867078362796568,315.55548704388656,904.1330943862876,0
17.9789224721249,-1.196812690797502,315.55548704388656,904.2789832233889,0
18.44445020197248,-1.2067721834151344,315.69933511240947,904.4227733980559,0
18.903183409447227,-1.2165863141325535,315.84108367351917,904.5644649102887,0
18.903183409447227,-1.226691168650399,315.84108367351917,904.7103537473902,0
19.368711139294806,-1.2366506612680312,315.9849317420421,904.8541439220572,0
19.368711139294806,-1.2466101538856635,315.9849317420421,904.9979340967243,0
19.827547294078233,-1.2565696465032956,316.12671211387016,905.1417242713914,0
20.293075023925812,-1.266529139120928,316.27056018239307,905.2855144460584,0
20.293075023925812,-1.2764886317385602,316.27056018239307,905.4293046207255,0
20.758602753773392,-1.2864481243561925,316.414408250916,905.5730947953925,0
20.758602753773392,-1.2964076169738248,316.414408250916,905.7168849700596,0
21.21733596124814,-1.2964076169738248,316.5561568120257,905.7168849700596,0
21.21733596124814,-1.306367109591457,316.5561568120257,905.8606751447267,0
21.67606916872289,-1.3163266022090894,316.69790537313537,906.0044653193937,0
21.67606916872289,-1.3262860948267214,316.69790537313537,906.1482554940608,0
22.141596898570466,-1.3262860948267214,316.8417534416583,906.1482554940608,0
22.141596898570466,-1.3362455874443537,316.8417534416583,906.2920456687278,0
22.607124628418045,-1.346205080061986,316.98560151018114,906.4358358433949,0
22.607124628418045,-1.3561645726796183,316.98560151018114,906.579626018062,0
23.065960783201476,-1.3661240652972506,317.1273818820092,906.723416192729,0
23.531488513049055,-1.376083557914883,317.27122995053213,906.8672063673961,0
23.531488513049055,-1.3860430505325152,317.27122995053213,907.0109965420631,0
23.990221720523802,-1.3960025431501473,317.4129785116418,907.1547867167302,0
24.455749450371382,-1.4059620357677796,317.55682658016474,907.2985768913973,0
24.455749450371382,-1.4159215283854119,317.55682658016474,907.4423670660643,0
24.914585605154812,-1.4159215283854119,317.6986069519928,907.4423670660643,0
24.914585605154812,-1.4260263829032573,317.6986069519928,907.5882559031658,0
25.380113335002388,-1.4359858755208896,317.84245502051573,907.7320460778328,0
25.380113335002388,-1.4458000062383087,317.84245502051573,907.8737375900656,0
25.845641064849968,-1.4458000062383087,317.98630308903864,907.8737375900656,0
25.845641064849968,-1.455904860756154,317.98630308903864,908.0196264271669,0
25.845641064849968,-1.4658643533737863,317.98630308903864,908.163416601834,0
26.30437427232472,-1.4658643533737863,318.12805165014834,908.163416601834,0
26.30437427232472,-1.4756784840912054,318.12805165014834,908.3051081140668,0
26.769902002172294,-1.4756784840912054,318.27189971867125,908.3051081140668,0
26.769902002172294,-1.4857833386090509,318.27189971867125,908.4509969511681,0
27.228738156955725,-1.4957428312266832,318.4136800904993,908.5947871258352,0
27.228738156955725,-1.5055569619441023,318.4136800904993,908.736478638068,0
27.694265886803304,-1.5055569619441023,318.5575281590222,908.736478638068,0
27.694265886803304,-1.5156618164619475,318.5575281590222,908.8823674751694,0
28.15299909427805,-1.5256213090795798,318.69927672013193,909.0261576498365,0
28.15299909427805,-1.535435439796999,318.69927672013193,909.1678491620692,0
28.61852682412563,-1.535435439796999,318.8431247886548,909.1678491620692,0
28.61852682412563,-1.5455402943148444,318.8431247886548,909.3137379991706,0
29.08405455397321,-1.5455402943148444,318.9869728571777,909.3137379991706,0
29.08405455397321,-1.5554997869324767,318.9869728571777,909.4575281738377,0
29.53609618638381,-1.5653139176498958,319.12665372159256,909.5992196860703,0
29.53609618638381,-1.5754187721677413,319.12665372159256,909.7451085231718,0
30.001623916231388,-1.5754187721677413,319.2705017901155,909.7451085231718,0
30.001623916231388,-1.5853782647853734,319.2705017901155,909.8888986978388,0
30.467151646078968,-1.5953377574030057,319.4143498586384,910.0326888725059,0
30.467151646078968,-1.605297250020638,319.4143498586384,910.176479047173,0
30.925884853553715,-1.605297250020638,319.5560984197481,910.176479047173,0
30.925884853553715,-1.6152567426382702,319.5560984197481,910.32026922184,0
31.391412583401294,-1.6152567426382702,319.699946488271,910.32026922184,0
31.391412583401294,-1.6252162352559025,319.699946488271,910.4640593965071,0
31.85694031324887,-1.6351757278735348,319.8437945567939,910.6078495711741,0
31.85694031324887,-1.6451352204911671,319.8437945567939,910.7516397458412,0
32.3157764680323,-1.6451352204911671,319.985574928622,910.7516397458412,0
32.3157764680323,-1.6552356701029454,319.985574928622,910.8974649871112,0
32.78130419787988,-1.6650542057264315,320.12942299714484,911.0392200951753,0
32.78130419787988,-1.6750136983440638,320.12942299714484,911.1830102698424,0
33.24003740535463,-1.6750136983440638,320.2711715582546,911.1830102698424,0
33.24003740535463,-1.684973190961696,320.2711715582546,911.3268004445094,0
33.705565135202214,-1.684973190961696,320.41501962677745,911.3268004445094,0
33.705565135202214,-1.6949326835793284,320.41501962677745,911.4705906191765,0
34.16440128998563,-1.7048921761969607,320.5567999986055,911.6143807938436,0
34.62992901983321,-1.714992625808739,320.70064806712844,911.7602060351137,0
34.62992901983321,-1.724806756526158,320.70064806712844,911.9018975473464,0
35.088662227307964,-1.724806756526158,320.84239662823813,911.9018975473464,0
35.088662227307964,-1.7347706540498573,320.84239662823813,912.0457513178449,0
35.55418995715554,-1.7347706540498573,320.98624469676105,912.0457513178449,0
35.55418995715554,-1.7448711036616358,320.98624469676105,912.1915765591149,0
36.012923164630294,-1.7548305962792679,321.12799325787074,912.3353667337819,0
36.47845089447787,-1.7646447269966872,321.27184132639366,912.4770582460146,0
36.47845089447787,-1.7747495815145324,321.27184132639366,912.6229470831161,0
36.943978624325446,-1.7747495815145324,321.41568939491657,912.6229470831161,0
36.943978624325446,-1.7847090741321647,321.41568939491657,912.7667372577831,0
37.40281477910887,-1.7945232048495838,321.55746976674465,912.9084287700159,0
37.86154798658362,-1.8046280593674293,321.69921832785434,913.0543176071172,0
37.86154798658362,-1.8145875519850616,321.69921832785434,913.1981077817843,0
38.32707571643121,-1.8145875519850616,321.84306639637725,913.1981077817843,0
38.32707571643121,-1.8245470446026937,321.84306639637725,913.3418979564514,0
38.78591187121464,-1.8245470446026937,321.98484676820533,913.3418979564514,0
38.78591187121464,-1.834506537220326,321.98484676820533,913.4856881311184,0
39.251439601062216,-1.8444660298379583,322.1286948367282,913.6294783057855,0
39.251439601062216,-1.8544255224555906,322.1286948367282,913.7732684804525,0
39.71017280853696,-1.8544255224555906,322.27044339783794,913.7732684804525,0
39.71017280853696,-1.8643850150732229,322.27044339783794,913.9170586551196,0
40.17570053838454,-1.8643850150732229,322.4142914663608,913.9170586551196,0
40.17570053838454,-1.8743445076908551,322.4142914663608,914.0608488297867,0
40.634536693167966,-1.8743445076908551,322.55607183818887,914.0608488297867,0
40.634536693167966,-1.8843040003084874,322.55607183818887,914.2046390044537,0
41.100064423015546,-1.8942634929261195,322.6999199067118,914.3484291791209,0
41.565592152863125,-1.9042229855437518,322.8437679752347,914.492219353788,0
41.565592152863125,-1.914182478161384,322.8437679752347,914.636009528455,0
42.02432536033787,-1.914182478161384,322.9855165363444,914.636009528455,0
42.02432536033787,-1.9241419707790164,322.9855165363444,914.7797997031221,0
42.489853090185456,-1.9341014633966487,323.1293646048673,914.9235898777891,0
42.948586297660206,-1.944060956014281,323.271113165977,915.0673800524562,0
43.414114027507786,-1.9540204486319133,323.4149612344999,915.2111702271233,0
43.414114027507786,-1.9639799412495456,323.4149612344999,915.3549604017903,0
43.87295018229121,-1.9639799412495456,323.556741606328,915.3549604017903,0
43.87295018229121,-1.9740847957673908,323.556741606328,915.5008492388916,0
44.33847791213879,-1.9740847957673908,323.70058967485085,915.5008492388916,0
44.33847791213879,-1.98389892648481,323.70058967485085,915.6425407511244,0
44.804005641986365,-1.98389892648481,323.84443774337376,915.6425407511244,0
44.804005641986365,-1.9938584191024422,323.84443774337376,915.7863309257915,0
45.262738849461115,-2.0038179117200743,323.98618630448345,915.9301211004586,0
45.72157500424454,-2.0137774043377066,324.12796667631153,916.0739112751256,0
46.18710273409212,-2.023736896955339,324.27181474483444,916.2177014497927,0
46.18710273409212,-2.0338417514731844,324.27181474483444,916.3635902868941,0
46.6526304639397,-2.0338417514731844,324.41566281335736,916.3635902868941,0
46.6526304639397,-2.0436558821906035,324.41566281335736,916.5052817991268,0
47.111363671414445,-2.0436558821906035,324.55741137446705,916.5052817991268,0
47.111363671414445,-2.053760736708449,324.55741137446705,916.6511706362282,0
47.57689140126203,-2.053760736708449,324.70125944298997,916.6511706362282,0
47.57689140126203,-2.0637202293260812,324.70125944298997,916.7949608108953,0
48.03572755604546,-2.0637202293260812,324.84303981481804,916.7949608108953,0
48.03572755604546,-2.0736797219437135,324.84303981481804,916.9387509855624,0
48.49446076352021,-2.0736797219437135,324.98478837592774,916.9387509855624,0
48.49446076352021,-2.083639214561346,324.98478837592774,917.0825411602294,0
48.95998849336779,-2.083639214561346,325.12863644445065,917.0825411602294,0
48.95998849336779,-2.093598707178978,325.12863644445065,917.2263313348965,0
49.42551622321537,-2.093598707178978,325.27248451297356,917.2263313348965,0
49.42551622321537,-2.1035581997966104,325.27248451297356,917.3701215095635,0
49.88424943069011,-2.1135176924142427,325.41423307408326,917.5139116842306,0
49.88424943069011,-2.123763503926234,325.41423307408326,917.661835587935,0
50.34977716053769,-2.123763503926234,325.5580811426061,917.661835587935,0
50.34977716053769,-2.133722996543866,325.5580811426061,917.8056257626021,0
50.80861331532112,-2.133722996543866,325.6998615144342,917.8056257626021,0
50.80861331532112,-2.1436824891614985,325.6998615144342,917.9494159372691,0
51.2741410451687,-2.1436824891614985,325.8437095829571,917.9494159372691,0
51.2741410451687,-2.153641981779131,325.8437095829571,918.0932061119362,0
51.73287425264345,-2.153641981779131,325.9854581440668,918.0932061119362,0
51.73287425264345,-2.163601474396763,325.9854581440668,918.2369962866032,0
52.198401982491035,-2.163601474396763,326.1293062125897,918.2369962866032,0
52.198401982491035,-2.1735609670143954,326.1293062125897,918.3807864612703,0
52.66392971233861,-2.1835204596320277,326.2731542811126,918.5245766359374,0
53.122765867122034,-2.19347995224966,326.4149346529407,918.6683668106044,0
53.581499074596785,-2.203439444867292,326.5566832140504,918.8121569852715,0
54.047026804444364,-2.203439444867292,326.7005312825733,918.8121569852715,0
54.047026804444364,-2.213398937484924,326.7005312825733,918.9559471599385,0
54.512554534291944,-2.2233584301025564,326.8443793510962,919.0997373346056,0
54.97139068907537,-2.2233584301025564,326.9861597229243,919.0997373346056,0
54.97139068907537,-2.2333179227201887,326.9861597229243,919.2435275092727,0
55.43691841892295,-2.2333179227201887,327.13000779144716,919.2435275092727,0
55.43691841892295,-2.243277415337821,327.13000779144716,919.3873176839398,0
55.895651626397694,-2.243277415337821,327.27175635255685,919.3873176839398,0
55.895651626397694,-2.2532369079554533,327.27175635255685,919.5311078586069,0
56.35448778118113,-2.2532369079554533,327.413536724385,919.5311078586069,0
56.35448778118113,-2.2631964005730856,327.413536724385,919.674898033274,0
56.82001551102871,-2.273155893190718,327.55738479290784,919.818688207941,0
57.28554324087629,-2.2832607477085634,327.70123286143075,919.9645770450423,0
57.74427644835104,-2.2930748784259825,327.84298142254045,920.1062685572751,0
57.74427644835104,-2.3030343710436147,327.84298142254045,920.2500587319422,0
58.20980417819861,-2.3030343710436147,327.98682949106336,920.2500587319422,0
58.20980417819861,-2.31313922556146,327.98682949106336,920.3959475690435,0
58.66853738567336,-2.31313922556146,328.12857805217305,920.3959475690435,0
58.66853738567336,-2.323098718179092,328.12857805217305,920.5397377437106,0
59.13406511552094,-2.323098718179092,328.27242612069597,920.5397377437106,0
59.13406511552094,-2.3329128488965116,328.27242612069597,920.6814292559434,0
59.59290127030437,-2.3329128488965116,328.41420649252404,920.6814292559434,0
59.59290127030437,-2.3430177034143567,328.41420649252404,920.8273180930448,0
60.058429000151946,-2.3430177034143567,328.55805456104696,920.8273180930448,0
60.058429000151946,-2.352977196031989,328.55805456104696,920.9711082677119,0
60.51716220762669,-2.352977196031989,328.69980312215665,920.9711082677119,0
60.51716220762669,-2.362791326749408,328.69980312215665,921.1127997799446,0
60.98268993747427,-2.3728961812672535,328.84365119067957,921.258688617046,0
61.4415260922577,-2.3728961812672535,328.98543156250764,921.258688617046,0
61.4415260922577,-2.382855673884886,328.98543156250764,921.4024787917131,0
61.920539919542264,-2.382855673884886,329.13344683513856,921.4024787917131,0
61.920539919542264,-2.392669804602305,329.13344683513856,921.5441703039457,0
62.386067649389844,-2.392669804602305,329.27729490366147,921.5441703039457,0
62.386067649389844,-2.4027746591201504,329.27729490366147,921.6900591410472,0
62.84480085686459,-2.4027746591201504,329.41904346477116,921.6900591410472,0
62.84480085686459,-2.4127341517377827,329.41904346477116,921.8338493157142,0
63.30363701164803,-2.422693644355415,329.56082383659924,921.9776394903813,0
63.7691647414956,-2.4326531369730473,329.70467190512215,922.1214296650484,0
64.22789794897035,-2.4426126295906796,329.84642046623185,922.2652198397154,0
64.69342567881793,-2.452572122208312,329.9902685347547,922.4090100143825,0
65.15895340866551,-2.452572122208312,330.1341166032776,922.4090100143825,0
65.15895340866551,-2.4625316148259437,330.1341166032776,922.5528001890495,0
65.61768661614026,-2.472491107443576,330.2758651643873,922.6965903637166,0
66.08321434598784,-2.4824506000612083,330.4197132329102,922.8403805383837,0
66.54205050077127,-2.4824506000612083,330.5614936047383,922.8403805383837,0
66.54205050077127,-2.4924100926788406,330.5614936047383,922.9841707130507,0
67.00757823061885,-2.4924100926788406,330.7053416732612,922.9841707130507,0
67.00757823061885,-2.502369585296473,330.7053416732612,923.1279608877178,0
67.46631143809358,-2.502369585296473,330.8470902343709,923.1279608877178,0
67.46631143809358,-2.5124744398143184,330.8470902343709,923.2738497248192,0
67.93183916794116,-2.5124744398143184,330.9909383028938,923.2738497248192,0
67.93183916794116,-2.5222885705317375,330.9909383028938,923.4155412370519,0
68.39067532272459,-2.5222885705317375,331.1327186747219,923.4155412370519,0
68.39067532272459,-2.53224806314937,331.1327186747219,923.559331411719,0
68.85620305257217,-2.53224806314937,331.2765667432448,923.559331411719,0
68.85620305257217,-2.5423485127611483,331.2765667432448,923.7051566529891,0
69.31493626004692,-2.5423485127611483,331.4183153043545,923.7051566529891,0
69.31493626004692,-2.5521670483846344,331.4183153043545,923.8469117610532,0
69.7804639898945,-2.5521670483846344,331.56216337287736,923.8469117610532,0
69.7804639898945,-2.5621265410022667,331.56216337287736,923.9907019357203,0
70.24599171974208,-2.5621265410022667,331.7060114414003,923.9907019357203,0
70.24599171974208,-2.5722269906140447,331.7060114414003,924.1365271769903,0
70.7048278745255,-2.5722269906140447,331.84779181322835,924.1365271769903,0
70.7048278745255,-2.5820455262375313,331.84779181322835,924.2782822850544,0
71.16356108200026,-2.5820455262375313,331.98954037433805,924.2782822850544,0
71.16356108200026,-2.5920050188551635,331.98954037433805,924.4220724597214,0
71.62908881184784,-2.5920050188551635,332.13338844286096,924.4220724597214,0
71.62908881184784,-2.6021054684669416,332.13338844286096,924.5678977009915,0
72.09461654169542,-2.6021054684669416,332.2772365113839,924.5678977009915,0
72.09461654169542,-2.6119240040904277,332.2772365113839,924.7096528090556,0
72.55334974917017,-2.6119240040904277,332.41898507249357,924.7096528090556,0
73.01887747901775,-2.62188349670806,332.5628331410165,924.8534429837226,0
73.01887747901775,-2.6319839463198385,332.5628331410165,924.9992682249926,0
73.47771363380117,-2.6319839463198385,332.70461351284456,924.9992682249926,0
73.47771363380117,-2.6418024819433246,332.70461351284456,925.1410233330568,0
73.93644684127592,-2.6418024819433246,332.84636207395425,925.1410233330568,0
73.93644684127592,-2.651761974560957,332.84636207395425,925.2848135077238,0
74.4019745711235,-2.651761974560957,332.99021014247717,925.2848135077238,0
74.4019745711235,-2.6618624241727353,332.99021014247717,925.4306387489938,0
74.86750230097108,-2.6618624241727353,333.134058211,925.4306387489938,0
75.32633845575451,-2.6718219167903676,333.27583858282816,925.5744289236609,0
75.79186618560209,-2.681781409408,333.419686651351,925.718219098328,0
76.25059939307684,-2.681781409408,333.5614352124607,925.718219098328,0
76.25059939307684,-2.691740902025632,333.5614352124607,925.862009272995,0
76.71612712292442,-2.691740902025632,333.7052832809836,925.862009272995,0
76.71612712292442,-2.701700394643264,333.7052832809836,926.0057994476621,0
77.17496327770785,-2.701700394643264,333.8470636528117,926.0057994476621,0
77.17496327770785,-2.7116598872608964,333.8470636528117,926.1495896223292,0
77.64049100755543,-2.7116598872608964,333.9909117213346,926.1495896223292,0
78.106018737403,-2.7216193798785286,334.1347597898575,926.2933797969963,0
78.56475194487774,-2.731578872496161,334.2765083509672,926.4371699716634,0
79.02348515235249,-2.7415383651137932,334.4182569120769,926.5809601463304,0
79.02348515235249,-2.7514978577314255,334.4182569120769,926.7247503209975,0
79.48901288220007,-2.7514978577314255,334.5621049805998,926.7247503209975,0
79.95454061204765,-2.7514978577314255,334.70595304912274,926.7247503209975,0
79.95454061204765,-2.761457350349058,334.70595304912274,926.8685404956645,0
80.41337676683108,-2.761457350349058,334.8477334209508,926.8685404956645,0
80.41337676683108,-2.77141684296669,334.8477334209508,927.0123306703316,0
80.87890449667866,-2.77141684296669,334.9915814894737,927.0123306703316,0
80.87890449667866,-2.7813763355843224,334.9915814894737,927.1561208449987,0
81.33763770415341,-2.7813763355843224,335.13333005058337,927.1561208449987,0
81.33763770415341,-2.7913358282019547,335.13333005058337,927.2999110196657,0
81.79647385893685,-2.7913358282019547,335.27511042241144,927.2999110196657,0
81.79647385893685,-2.801295320819587,335.27511042241144,927.4437011943328,0
82.26200158878443,-2.801295320819587,335.41895849093436,927.4437011943328,0
82.26200158878443,-2.8112548134372193,335.41895849093436,927.5874913689998,0
82.72752931863201,-2.8112548134372193,335.5628065594573,927.5874913689998,0
82.72752931863201,-2.8212143060548516,335.5628065594573,927.7312815436669,0
83.18626252610676,-2.8212143060548516,335.70455512056697,927.7312815436669,0
83.65179025595432,-2.8313191605726966,335.8484031890899,927.8771703807683,0
84.11062641073775,-2.8313191605726966,335.99018356091796,927.8771703807683,0
84.11062641073775,-2.8411332912901157,335.99018356091796,928.018861893001,0
84.57615414058533,-2.8411332912901157,336.13403162944087,928.018861893001,0
84.57615414058533,-2.851092783907748,336.13403162944087,928.1626520676681,0
85.03488734806008,-2.851092783907748,336.27578019055056,928.1626520676681,0
85.03488734806008,-2.8611976384255935,336.27578019055056,928.3085409047695,0
85.50041507790766,-2.8611976384255935,336.4196282590735,928.3085409047695,0
85.50041507790766,-2.8710117691430126,336.4196282590735,928.4502324170022,0
85.96594280775524,-2.8710117691430126,336.56347632759633,928.4502324170022,0
86.42467601522999,-2.880971261760645,336.705224888706,928.5940225916693,0
86.88351217001342,-2.880971261760645,336.84700526053416,928.5940225916693,0
86.88351217001342,-2.8910761162784904,336.84700526053416,928.7399114287707,0
87.349039899861,-2.8910761162784904,336.990853329057,928.7399114287707,0
87.349039899861,-2.9008902469959095,336.990853329057,928.8816029410034,0
87.81456762970858,-2.9008902469959095,337.13470139757993,928.8816029410034,0
87.81456762970858,-2.9108497396135418,337.13470139757993,929.0253931156705,0
88.27330083718333,-2.9108497396135418,337.2764499586896,929.0253931156705,0
88.27330083718333,-2.9209545941313872,337.2764499586896,929.1712819527719,0
88.7388285670309,-2.9209545941313872,337.42029802721254,929.1712819527719,0
89.19766472181432,-2.9309140867490195,337.5620783990406,929.315072127439,0
89.6631924516619,-2.9309140867490195,337.70592646756353,929.315072127439,0
89.6631924516619,-2.940873579366652,337.70592646756353,929.458862302106,0
90.12192565913665,-2.940873579366652,337.8476750286732,929.458862302106,0
90.12192565913665,-2.950833071984284,337.8476750286732,929.6026524767731,0
90.58745338898423,-2.950833071984284,337.99152309719614,929.6026524767731,0
91.04628954376767,-2.960792564601916,338.1333034690242,929.7464426514401,0
91.51181727361525,-2.9707520572195483,338.27715153754707,929.8902328261072,0
91.97055048109,-2.9807115498371806,338.4189000986568,930.0340230007743,0
92.43607821093758,-2.9807115498371806,338.5627481671797,930.0340230007743,0
92.43607821093758,-2.990671042454813,338.5627481671797,930.1778131754413,0
92.89481141841233,-2.990671042454813,338.70449672828937,930.1778131754413,0
92.89481141841233,-3.000630535072445,338.70449672828937,930.3216033501084,0
93.36033914825991,-3.000630535072445,338.8483447968123,930.3216033501084,0
93.81917530304334,-3.0105900276900774,338.99012516864036,930.4653935247755,0
94.2847030328909,-3.0105900276900774,339.1339732371633,930.4653935247755,0
94.2847030328909,-3.0205495203077097,339.1339732371633,930.6091836994426,0
94.74343624036565,-3.0205495203077097,339.27572179827297,930.6091836994426,0
94.74343624036565,-3.030509012925342,339.27572179827297,930.7529738741097,0
95.20896397021323,-3.030509012925342,339.4195698667959,930.7529738741097,0
95.67449170006081,-3.0404685055429743,339.5634179353188,930.8967640487767,0
96.13332785484424,-3.0404685055429743,339.7051983071469,930.8967640487767,0
96.13332785484424,-3.0504279981606066,339.7051983071469,931.0405542234438,0
96.59885558469182,-3.0504279981606066,339.8490463756698,931.0405542234438,0
96.59885558469182,-3.060387490778239,339.8490463756698,931.1843443981109,0
97.05758879216657,-3.060387490778239,339.9907949367795,931.1843443981109,0
97.52311652201415,-3.070346983395871,340.13464300530234,931.3281345727779,0
97.98195267679758,-3.070346983395871,340.2764233771304,931.3281345727779,0
97.98195267679758,-3.0803064760135035,340.2764233771304,931.471924747445,0
98.44748040664516,-3.090265968631136,340.4202714456533,931.615714922112,0
98.9062136141199,-3.090265968631136,340.562020006763,931.615714922112,0
98.9062136141199,-3.1002254612487676,340.562020006763,931.7595050967791,0
99.37174134396749,-3.1002254612487676,340.70586807528593,931.7595050967791,0
99.37174134396749,-3.1101849538664,340.70586807528593,931.9032952714462,0
99.83057749875091,-3.1101849538664,340.847648447114,931.9032952714462,0
100.29610522859849,-3.1101849538664,340.9914965156369,931.9032952714462,0
100.29610522859849,-3.120144446484032,340.9914965156369,932.0470854461132,0
100.76153001113738,-3.120144446484032,341.13531277344146,932.0470854461132,0
100.76153001113738,-3.1301039391016645,341.13531277344146,932.1908756207803,0
101.22036616592082,-3.1301039391016645,341.27709314526953,932.1908756207803,0
101.22036616592082,-3.14020879361951,341.27709314526953,932.3367644578817,0
101.67909937339557,-3.14020879361951,341.4188417063792,932.3367644578817,0
102.14462710324315,-3.150022924336929,341.56268977490214,932.4784559701144,0
102.60346325802658,-3.150022924336929,341.7044701467302,932.4784559701144,0
102.60346325802658,-3.1599824169545614,341.7044701467302,932.6222461447815,0
103.06899098787416,-3.1599824169545614,341.8483182152531,932.6222461447815,0
103.06899098787416,-3.17008286656634,341.8483182152531,932.7680713860515,0
103.53451871772174,-3.17008286656634,341.992166283776,932.7680713860515,0
103.99325192519649,-3.180046764090039,342.1339148448857,932.91192515655,0
104.45208807997992,-3.180046764090039,342.27569521671376,932.91192515655,0
104.45208807997992,-3.1900018518016044,342.27569521671376,933.0556517353857,0
104.9176158098275,-3.1900018518016044,342.41954328523667,933.0556517353857,0
105.38314353967506,-3.1900018518016044,342.5633913537596,933.0556517353857,0
105.38314353967506,-3.1999657493253038,342.5633913537596,933.1995055058841,0
105.84187674714981,-3.1999657493253038,342.7051399148693,933.1995055058841,0
105.84187674714981,-3.2099208370368686,342.7051399148693,933.3432320847198,0
106.30740447699739,-3.2099208370368686,342.8489879833922,933.3432320847198,0
106.76613768447214,-3.219739372660355,342.9907365445019,933.4849871927838,0
107.23166541431972,-3.219739372660355,343.1345846130248,933.4849871927838,0
107.23166541431972,-3.229839822272133,343.1345846130248,933.630812434054,0
107.69050156910315,-3.229839822272133,343.2763649848529,933.630812434054,0
107.69050156910315,-3.2397993148897655,343.2763649848529,933.774602608721,0
108.15602929895073,-3.2397993148897655,343.4202130533758,933.774602608721,0
108.6215570287983,-3.2397993148897655,343.56406112189865,933.774602608721,0
108.6215570287983,-3.2497588075073978,343.56406112189865,933.9183927833881,0
109.08029023627306,-3.2497588075073978,343.70580968300834,933.9183927833881,0
109.08029023627306,-3.25971830012503,343.70580968300834,934.0621829580551,0
109.5391263910565,-3.25971830012503,343.8475900548364,934.0621829580551,0
110.00465412090408,-3.2696777927426623,343.99143812335933,934.2059731327222,0
110.46338732837881,-3.2796372853602946,344.133186684469,934.3497633073893,0
110.9289150582264,-3.2796372853602946,344.27703475299194,934.3497633073893,0
111.39444278807397,-3.289596777977927,344.42088282151485,934.4935534820563,0
111.8532789428574,-3.289596777977927,344.5626631933429,934.4935534820563,0
111.8532789428574,-3.2995562705955592,344.5626631933429,934.6373436567234,0
112.31201215033215,-3.2995562705955592,344.7044117544526,934.6373436567234,0
112.31201215033215,-3.3095157632131915,344.7044117544526,934.7811338313904,0
112.77753988017973,-3.3095157632131915,344.84825982297554,934.7811338313904,0
113.24306761002731,-3.3095157632131915,344.99210789149845,934.7811338313904,0
113.24306761002731,-3.319475255830824,344.99210789149845,934.9249240060575,0
113.70190376481074,-3.319475255830824,345.1338882633265,934.9249240060575,0
114.16743149465832,-3.319475255830824,345.2777363318494,934.9249240060575,0
114.16743149465832,-3.329434748448456,345.2777363318494,935.0687141807246,0
114.62616470213307,-3.329434748448456,345.4194848929591,935.0687141807246,0
114.62616470213307,-3.3398303267667275,345.4194848929591,935.2188003426946,0
115.09169243198065,-3.3398303267667275,345.563332961482,935.2188003426946,0
115.55042563945538,-3.34978981938436,345.7050815225917,935.3625905173617,0
116.01595336930296,-3.34978981938436,345.8489295911146,935.3625905173617,0
116.01595336930296,-3.359749312001992,345.8489295911146,935.5063806920288,0
116.47478952408639,-3.359749312001992,345.9907099629427,935.5063806920288,0
116.94031725393397,-3.3697088046196244,346.1345580314656,935.6501708666958,0
117.39905046140872,-3.3697088046196244,346.2763065925753,935.6501708666958,0
117.39905046140872,-3.3796682972372567,346.2763065925753,935.7939610413629,0
117.8645781912563,-3.3796682972372567,346.4201546610982,935.7939610413629,0
117.8645781912563,-3.389627789854889,346.4201546610982,935.9377512160299,0
118.33010592110388,-3.389627789854889,346.5640027296211,935.9377512160299,0
118.78894207588732,-3.389627789854889,346.7057831014492,935.9377512160299,0
118.78894207588732,-3.3995872824725213,346.7057831014492,936.081541390697,0
119.2544698057349,-3.3995872824725213,346.84963116997204,936.081541390697,0
119.71320301320965,-3.409546775090153,346.9913797310818,936.2253315653641,0
120.17873074305723,-3.409546775090153,347.13522779960465,936.2253315653641,0
120.17873074305723,-3.4195062677077854,347.13522779960465,936.3691217400311,0
120.63746395053197,-3.4195062677077854,347.27697636071434,936.3691217400311,0
121.10299168037955,-3.4195062677077854,347.42082442923726,936.3691217400311,0
121.10299168037955,-3.4294657603254177,347.42082442923726,936.5129119146982,0
121.56851941022713,-3.4294657603254177,347.56467249776017,936.5129119146982,0
122.02735556501055,-3.43942525294305,347.70645286958825,936.6567020893652,0
122.49288329485813,-3.43942525294305,347.85030093811116,936.6567020893652,0
122.49288329485813,-3.4493847455606823,347.85030093811116,936.8004922640323,0
122.95161650233288,-3.4493847455606823,347.99204949922085,936.8004922640323,0
123.41045265711631,-3.4593442381783146,348.13382987104893,936.9442824386995,0
123.87598038696389,-3.4593442381783146,348.27767793957184,936.9442824386995,0
123.87598038696389,-3.469303730795947,348.27767793957184,937.0880726133665,0
124.34150811681147,-3.469303730795947,348.4215260080947,937.0880726133665,0
124.80024132428622,-3.469303730795947,348.56327456920445,937.0880726133665,0
124.80024132428622,-3.479263223413579,348.56327456920445,937.2318627880336,0
125.26576905413381,-3.479263223413579,348.7071226377273,937.2318627880336,0
125.72460520891724,-3.4892227160312115,348.8489030095554,937.3756529627007,0
126.1901329387648,-3.4892227160312115,348.9927510780783,937.3756529627007,0
126.1901329387648,-3.4991822086488438,348.9927510780783,937.5194431373677,0
126.64886614623954,-3.4991822086488438,349.134499639188,937.5194431373677,0
127.11439387608714,-3.4991822086488438,349.2783477077109,937.5194431373677,0
127.11439387608714,-3.509137296360409,349.2783477077109,937.6631697162034,0
127.57323003087056,-3.509137296360409,349.420128079539,937.6631697162034,0
128.03875776071814,-3.519242150878254,349.5639761480619,937.8090585533048,0
128.4974909681929,-3.519242150878254,349.7057247091716,937.8090585533048,0
128.4974909681929,-3.5290562815956736,349.7057247091716,937.9507500655376,0
128.96301869804046,-3.5290562815956736,349.8495727776945,937.9507500655376,0
129.42854642788802,-3.5290562815956736,349.9934208462174,937.9507500655376,0
129.42854642788802,-3.5391611361135187,349.9934208462174,938.0966389026389,0
129.88727963536277,-3.5391611361135187,350.1351694073271,938.0966389026389,0
129.88727963536277,-3.549120628731151,350.1351694073271,938.240429077306,0
130.3461157901462,-3.549120628731151,350.2769497791552,938.240429077306,0
130.8116435199938,-3.549120628731151,350.42079784767805,938.240429077306,0
130.8116435199938,-3.5590801213487833,350.42079784767805,938.384219251973,0
131.27037672746854,-3.5590801213487833,350.5625464087878,938.384219251973,0
131.7359044573161,-3.5590801213487833,350.70639447731065,938.384219251973,0
131.7359044573161,-3.5690396139664156,350.70639447731065,938.5280094266401,0
132.2014321871637,-3.5690396139664156,350.85024254583357,938.5280094266401,0
132.66695991701127,-3.5690396139664156,350.9940906143565,938.5280094266401,0
132.66695991701127,-3.578999106584048,350.9940906143565,938.6717996013072,0
133.12579607179472,-3.578999106584048,351.13587098618456,938.6717996013072,0
133.58452927926947,-3.58895859920168,351.27761954729425,938.8155897759742,0
134.05005700911704,-3.58895859920168,351.42146761581716,938.8155897759742,0
134.52907083640162,-3.58895859920168,351.5694828884481,938.8155897759742,0
134.52907083640162,-3.5989180918193124,351.5694828884481,938.9593799506413,0
134.99459856624918,-3.5989180918193124,351.713330956971,938.9593799506413,0
134.99459856624918,-3.6088775844369447,351.713330956971,939.1031701253083,0
135.4534347210326,-3.6088775844369447,351.85511132879907,939.1031701253083,0
135.91216792850736,-3.6088775844369447,351.99685988990876,939.1031701253083,0
135.91216792850736,-3.618837077054577,351.99685988990876,939.2469602999755,0
136.37769565835495,-3.618837077054577,352.1407079584317,939.2469602999755,0
136.84322338820252,-3.6287965696722093,352.2845560269546,939.3907504746426,0
137.30195659567727,-3.6287965696722093,352.4263045880643,939.3907504746426,0
137.76748432552486,-3.6287965696722093,352.57015265658714,939.3907504746426,0
137.76748432552486,-3.6387560622898416,352.57015265658714,939.5345406493096,0
138.2263204803083,-3.6387560622898416,352.7119330284152,939.5345406493096,0
138.2263204803083,-3.6487155549074735,352.7119330284152,939.6783308239767,0
138.69184821015585,-3.6487155549074735,352.85578109693813,939.6783308239767,0
139.1505814176306,-3.6487155549074735,352.9975296580478,939.6783308239767,0
139.1505814176306,-3.6586750475251058,352.9975296580478,939.8221209986438,0
139.6161091474782,-3.6586750475251058,353.14137772657074,939.8221209986438,0
140.08163687732574,-3.668634540142738,353.28522579509365,939.9659111733108,0
140.54047303210916,-3.668634540142738,353.42700616692173,939.9659111733108,0
140.9992062395839,-3.668634540142738,353.5687547280314,939.9659111733108,0
140.9992062395839,-3.6785940327603703,353.5687547280314,940.1097013479779,0
141.4647339694315,-3.6785940327603703,353.71260279655434,940.1097013479779,0
141.93026169927907,-3.6785940327603703,353.85645086507725,940.1097013479779,0
141.93026169927907,-3.6885535253780026,353.85645086507725,940.2534915226449,0
142.38909785406253,-3.6885535253780026,353.9982312369053,940.2534915226449,0
142.8546255839101,-3.6885535253780026,354.1420793054282,940.2534915226449,0
142.8546255839101,-3.698513017995635,354.1420793054282,940.397281697312,0
143.31335879138484,-3.698513017995635,354.2838278665379,940.397281697312,0
143.31335879138484,-3.708472510613267,354.2838278665379,940.541071871979,0
143.77888652123244,-3.708472510613267,354.4276759350608,940.541071871979,0
144.23772267601586,-3.708472510613267,354.56945630688887,940.541071871979,0
144.23772267601586,-3.7184320032308995,354.56945630688887,940.6848620466461,0
144.70314745855475,-3.7184320032308995,354.7132725646934,940.6848620466461,0
145.16198361333818,-3.7184320032308995,354.8550529365215,940.6848620466461,0
145.62751134318577,-3.7184320032308995,354.9989010050444,940.6848620466461,0
145.62751134318577,-3.728391495848532,354.9989010050444,940.8286522213132,0
146.08624455066052,-3.728391495848532,355.1406495661541,940.8286522213132,0
146.5517722805081,-3.728391495848532,355.284497634677,940.8286522213132,0
147.01060843529152,-3.7384963503663773,355.4262780065051,940.9745410584146,0
147.4761361651391,-3.7384963503663773,355.570126075028,940.9745410584146,0
147.4761361651391,-3.7483104810837964,355.570126075028,941.1162325706473,0
147.94166389498668,-3.7483104810837964,355.71397414355084,941.1162325706473,0
148.40039710246143,-3.7483104810837964,355.8557227046606,941.1162325706473,0
148.40039710246143,-3.7582699737014287,355.8557227046606,941.2600227453144,0
148.85923325724485,-3.7582699737014287,355.99750307648867,941.2600227453144,0
149.32476098709245,-3.7582699737014287,356.1413511450115,941.2600227453144,0
149.32476098709245,-3.7683748282192737,356.1413511450115,941.4059115824158,0
149.79028871694,-3.7683748282192737,356.28519921353444,941.4059115824158,0
150.24902192441476,-3.7683748282192737,356.42694777464413,941.4059115824158,0
150.24902192441476,-3.778334320836906,356.42694777464413,941.5497017570829,0
150.71454965426233,-3.778334320836906,356.57079584316705,941.5497017570829,0
151.17328286173708,-3.778334320836906,356.71254440427674,941.5497017570829,0
151.17328286173708,-3.7881484515543256,356.71254440427674,941.6913932693155,0
151.63881059158464,-3.7881484515543256,356.85639247279966,941.6913932693155,0
152.0976467463681,-3.7881484515543256,356.99817284462773,941.6913932693155,0
152.0976467463681,-3.7982533060721706,356.99817284462773,941.837282106417,0
152.56317447621566,-3.7982533060721706,357.14202091315065,941.837282106417,0
153.02190768369042,-3.7982533060721706,357.28376947426034,941.837282106417,0
153.487435413538,-3.808212798689803,357.42761754278325,941.981072281084,0
153.94627156832144,-3.808212798689803,357.56939791461133,941.981072281084,0
154.411799298169,-3.818026929407222,357.7132459831342,942.1227637933167,0
154.8773270280166,-3.818026929407222,357.8570940516571,942.1227637933167,0
154.8773270280166,-3.8281317839250675,357.8570940516571,942.2686526304182,0
155.33606023549135,-3.8281317839250675,357.9988426127668,942.2686526304182,0
155.79489639027477,-3.8281317839250675,358.14062298459487,942.2686526304182,0
155.79489639027477,-3.8380912765426998,358.14062298459487,942.4124428050852,0
156.26042412012234,-3.8380912765426998,358.2844710531178,942.4124428050852,0
156.7191573275971,-3.8380912765426998,358.4262196142275,942.4124428050852,0
156.7191573275971,-3.847905407260119,358.4262196142275,942.554134317318,0
157.18468505744468,-3.847905407260119,358.5700676827504,942.554134317318,0
157.65021278729225,-3.847905407260119,358.7139157512733,942.554134317318,0
158.10904894207567,-3.847905407260119,358.8556961231014,942.554134317318,0
158.10904894207567,-3.8580102617779644,358.8556961231014,942.7000231544193,0
158.56778214955042,-3.8580102617779644,358.9974446842111,942.7000231544193,0
159.03330987939802,-3.8580102617779644,359.141292752734,942.7000231544193,0
159.49883760924558,-3.8580102617779644,359.28514082125685,942.7000231544193,0
159.49883760924558,-3.8679697543955966,359.28514082125685,942.8438133290864,0
159.95757081672033,-3.8679697543955966,359.4268893823666,942.8438133290864,0
160.42309854656793,-3.8679697543955966,359.57073745088945,942.8438133290864,0
160.42309854656793,-3.877929247013229,359.57073745088945,942.9876035037535,0
160.88193470135135,-3.877929247013229,359.71251782271753,942.9876035037535,0
161.34746243119895,-3.877929247013229,359.85636589124044,942.9876035037535,0
161.80619563867367,-3.8878887396308612,359.99811445235014,943.1313936784205,0
162.27172336852124,-3.8878887396308612,360.14196252087305,943.1313936784205,0
162.73725109836883,-3.8878887396308612,360.28581058939596,943.1313936784205,0
163.19608725315226,-3.8978482322484935,360.42759096122404,943.2751838530876,0
163.654820460627,-3.8978482322484935,360.56933952233373,943.2751838530876,0
164.12034819047457,-3.9078077248661254,360.71318759085665,943.4189740277546,0
164.57908139794932,-3.9078077248661254,360.85493615196634,943.4189740277546,0
165.04460912779692,-3.9078077248661254,360.99878422048926,943.4189740277546,0
165.51013685764448,-3.9078077248661254,361.1426322890121,943.4189740277546,0
165.51013685764448,-3.9177672174837577,361.1426322890121,943.5627642024217,0
165.9689730124279,-3.9177672174837577,361.2844126608402,943.5627642024217,0
166.42770621990266,-3.9177672174837577,361.4261612219499,943.5627642024217,0
166.42770621990266,-3.92772671010139,361.4261612219499,943.7065543770889,0
166.89323394975025,-3.92772671010139,361.5700092904728,943.7065543770889,0
167.35876167959782,-3.92772671010139,361.7138573589957,943.7065543770889,0
167.81759783438125,-3.9376862027190223,361.8556377308238,943.8503445517559,0
168.28312556422884,-3.9376862027190223,361.9994857993467,943.8503445517559,0
168.7418587717036,-3.9376862027190223,362.1412343604564,943.8503445517559,0
169.20738650155116,-3.9476456953366545,362.2850824289793,943.994134726423,0
169.6662226563346,-3.9476456953366545,362.4268628008074,943.994134726423,0
170.13175038618218,-3.9476456953366545,362.5707108693303,943.994134726423,0
170.13175038618218,-3.957605187954287,362.5707108693303,944.1379249010901,0
170.59727811602977,-3.957605187954287,362.71455893785316,944.1379249010901,0
171.05601132350452,-3.957605187954287,362.85630749896285,944.1379249010901,0
171.05601132350452,-3.967564680571919,362.85630749896285,944.2817150757571,0
171.51484747828795,-3.967564680571919,362.9980878707909,944.2817150757571,0
171.9803752081355,-3.967564680571919,363.14193593931384,944.2817150757571,0
171.9803752081355,-3.9775241731895514,363.14193593931384,944.4255052504242,0
172.44590293798308,-3.9775241731895514,363.28578400783675,944.4255052504242,0
172.90463614545783,-3.9775241731895514,363.42753256894645,944.4255052504242,0
173.3701638753054,-3.9775241731895514,363.57138063746936,944.4255052504242,0
173.3701638753054,-3.9874836658071837,363.57138063746936,944.5692954250912,0
173.82889708278014,-3.9874836658071837,363.71312919857905,944.5692954250912,0
174.29442481262774,-3.9874836658071837,363.85697726710197,944.5692954250912,0
174.29442481262774,-3.997443158424816,363.85697726710197,944.7130855997583,0
174.75326096741117,-3.997443158424816,363.99875763893004,944.7130855997583,0
175.21878869725873,-3.997443158424816,364.14260570745296,944.7130855997583,0
175.67752190473348,-3.997443158424816,364.28435426856265,944.7130855997583,0
175.67752190473348,-4.007402651042448,364.28435426856265,944.8568757744254,0
176.14304963458108,-4.007402651042448,364.4282023370855,944.8568757744254,0
176.6018857893645,-4.007402651042448,364.56998270891364,944.8568757744254,0
177.06741351921207,-4.007402651042448,364.7138307774365,944.8568757744254,0
177.06741351921207,-4.017362143660081,364.7138307774365,945.0006659490924,0
177.52614672668682,-4.017362143660081,364.8555793385462,945.0006659490924,0
177.9916744565344,-4.017362143660081,364.9994274070691,945.0006659490924,0
178.45720218638198,-4.027462593271859,365.143275475592,945.1464911903624,0
178.91593539385673,-4.027462593271859,365.2850240367017,945.1464911903624,0
179.37477154864018,-4.027462593271859,365.4268044085298,945.1464911903624,0
179.37477154864018,-4.037281128895345,365.4268044085298,945.2882462984265,0
179.84029927848775,-4.037281128895345,365.5706524770527,945.2882462984265,0
180.30582700833534,-4.037281128895345,365.7145005455756,945.2882462984265,0
180.7645602158101,-4.037281128895345,365.8562491066853,945.2882462984265,0
180.7645602158101,-4.0472406215129775,365.8562491066853,945.4320364730936,0
181.23008794565766,-4.0472406215129775,366.0000971752082,945.4320364730936,0
181.68892410044108,-4.0472406215129775,366.1418775470363,945.4320364730936,0
182.14765730791584,-4.0472406215129775,366.283626108146,945.4320364730936,0
182.6131850377634,-4.057341071124756,366.42747417666885,945.5778617143636,0
182.615243983937,-4.057288212251951,366.4281103910365,945.5770985643876,0
183.07397719141176,-4.057288212251951,366.5698589521462,945.5770985643876,0
183.53950492125932,-4.057288212251951,366.7137070206691,945.5770985643876,0
183.53950492125932,-4.067247704869583,366.7137070206691,945.7208887390547,0
184.00503265110692,-4.067247704869583,366.85755508919203,945.7208887390547,0
184.46386880589034,-4.067247704869583,366.9993354610201,945.7208887390547,0
184.92260201336506,-4.0772071974872155,367.1410840221298,945.8646789137217,0
185.38812974321263,-4.0772071974872155,367.2849320906527,945.8646789137217,0
185.84696589799606,-4.0772071974872155,367.4267124624808,945.8646789137217,0
186.31249362784365,-4.087166690104848,367.57056053100365,946.0084690883888,0
186.77802135769122,-4.087166690104848,367.71440859952656,946.0084690883888,0
187.23675456516597,-4.087166690104848,367.85615716063626,946.0084690883888,0
187.23675456516597,-4.09712618272248,367.85615716063626,946.1522592630558,0
187.70228229501356,-4.09712618272248,368.00000522915917,946.1522592630558,0
188.161118449797,-4.09712618272248,368.14178560098725,946.1522592630558,0
188.62664617964458,-4.09712618272248,368.28563366951016,946.1522592630558,0
188.62664617964458,-4.107085675340112,368.28563366951016,946.2960494377229,0
189.08537938711933,-4.107085675340112,368.42738223061986,946.2960494377229,0
189.5509071169669,-4.107085675340112,368.57123029914277,946.2960494377229,0
190.0164348468145,-4.107085675340112,368.7150783676657,946.2960494377229,0
190.0164348468145,-4.117045167957745,368.7150783676657,946.43983961239,0
190.47516805428924,-4.117045167957745,368.8568269287754,946.43983961239,0
190.9406957841368,-4.117045167957745,369.00067499729823,946.43983961239,0
191.39953193892023,-4.117045167957745,369.1424553691263,946.43983961239,0
191.39953193892023,-4.127004660575377,369.1424553691263,946.583629787057,0
191.86505966876783,-4.127004660575377,369.2863034376492,946.583629787057,0
192.32379287624258,-4.127004660575377,369.4280519987589,946.583629787057,0
192.78932060609014,-4.127004660575377,369.57190006728183,946.583629787057,0
193.25484833593774,-4.127004660575377,369.71574813580474,946.583629787057,0
193.25484833593774,-4.136964153193009,369.71574813580474,946.7274199617241,0
193.71368449072116,-4.136964153193009,369.8575285076328,946.7274199617241,0
194.17241769819591,-4.136964153193009,369.9992770687425,946.7274199617241,0
194.17241769819591,-4.1469236458106415,369.9992770687425,946.8712101363911,0
194.63794542804348,-4.1469236458106415,370.14312513726543,946.8712101363911,0
195.10347315789107,-4.1469236458106415,370.28697320578834,946.8712101363911,0
195.5623093126745,-4.1469236458106415,370.4287535776164,946.8712101363911,0
196.02783704252207,-4.1469236458106415,370.5726016461393,946.8712101363911,0
196.02783704252207,-4.156883138428274,370.5726016461393,947.0150003110582,0
196.4865702499968,-4.156883138428274,370.714350207249,947.0150003110582,0
196.95209797984438,-4.156883138428274,370.8581982757719,947.0150003110582,0
197.41083118731913,-4.166842631045905,370.9999468368816,947.1587904857253,0
197.87635891716673,-4.166842631045905,371.1437949054045,947.1587904857253,0
198.33519507195015,-4.166842631045905,371.28557527723257,947.1587904857253,0
198.80072280179772,-4.166842631045905,371.4294233457555,947.1587904857253,0
198.80072280179772,-4.1768021236635375,371.4294233457555,947.3025806603923,0
199.25945600927247,-4.1768021236635375,371.5711719068652,947.3025806603923,0
199.72498373912006,-4.1768021236635375,371.7150199753881,947.3025806603923,0
200.1838198939035,-4.1768021236635375,371.85680034721616,947.3025806603923,0
200.64934762375105,-4.18676161628117,372.0006484157391,947.4463708350594,0
201.1080808312258,-4.18676161628117,372.1423969768488,947.4463708350594,0
201.5736085610734,-4.18676161628117,372.2862450453717,947.4463708350594,0
202.03244471585683,-4.18676161628117,372.42802541719976,947.4463708350594,0
202.4979724457044,-4.196721108898802,372.5718734857226,947.5901610097264,0
202.95670565317914,-4.196721108898802,372.7136220468323,947.5901610097264,0
203.42223338302674,-4.196721108898802,372.8574701153552,947.5901610097264,0
203.42223338302674,-4.206680601516434,372.8574701153552,947.7339511843935,0
203.8809665905015,-4.206680601516434,372.9992186764649,947.7339511843935,0
204.34649432034905,-4.206680601516434,373.14306674498783,947.7339511843935,0
204.81202205019665,-4.206680601516434,373.28691481351075,947.7339511843935,0
204.81202205019665,-4.216640094134067,373.28691481351075,947.8777413590606,0
205.27085820498007,-4.216640094134067,373.4286951853388,947.8777413590606,0
205.73638593482764,-4.216640094134067,373.57254325386174,947.8777413590606,0
205.73638593482764,-4.226599586751699,373.57254325386174,948.0215315337276,0
206.19511914230236,-4.226599586751699,373.71429181497143,948.0215315337276,0
206.66064687214995,-4.226599586751699,373.85813988349435,948.0215315337276,0
207.13296912437036,-4.226599586751699,374.0040874594304,948.0215315337276,0
207.59849685421796,-4.226599586751699,374.14793552795334,948.0215315337276,0
207.59849685421796,-4.236559079369331,374.14793552795334,948.1653217083947,0
208.0572300616927,-4.236559079369331,374.28968408906303,948.1653217083947,0
208.52275779154027,-4.236559079369331,374.43353215758594,948.1653217083947,0
208.9815939463237,-4.246663933887177,374.575312529414,948.3112105454961,0
209.4471216761713,-4.246663933887177,374.71916059793693,948.3112105454961,0
209.90585488364604,-4.246663933887177,374.8609091590466,948.3112105454961,0
210.3713826134936,-4.246663933887177,375.0047572275695,948.3112105454961,0
210.83021876827704,-4.246663933887177,375.1465375993976,948.3112105454961,0
210.83021876827704,-4.256478064604596,375.1465375993976,948.4529020577288,0
211.29574649812463,-4.256478064604596,375.2903856679205,948.4529020577288,0
211.75447970559938,-4.256478064604596,375.43213422903017,948.4529020577288,0
212.22000743544695,-4.256478064604596,375.5759822975531,948.4529020577288,0
212.22000743544695,-4.266582919122442,375.5759822975531,948.5987908948302,0
212.68553516529454,-4.266582919122442,375.719830366076,948.5987908948302,0
213.1442683727693,-4.266582919122442,375.8615789271857,948.5987908948302,0
213.60979610261685,-4.266582919122442,376.0054269957086,948.5987908948302,0
213.60979610261685,-4.276542411740074,376.0054269957086,948.7425810694973,0
214.06863225740028,-4.276542411740074,376.1472073675367,948.7425810694973,0
214.52736546487503,-4.276542411740074,376.2889559286464,948.7425810694973,0
214.99289319472263,-4.276542411740074,376.4328039971693,948.7425810694973,0
215.45842092457022,-4.276542411740074,376.5766520656922,948.7425810694973,0
215.91725707935365,-4.276542411740074,376.7184324375203,948.7425810694973,0
216.3827848092012,-4.2865019043577055,376.86228050604313,948.8863712441644,0
216.84151801667596,-4.2865019043577055,377.0040290671528,948.8863712441644,0
216.84151801667596,-4.296461396975338,377.0040290671528,949.0301614188314,0
217.30704574652353,-4.296461396975338,377.14787713567574,949.0301614188314,0
217.76588190130695,-4.296461396975338,377.2896575075038,949.0301614188314,0
218.23140963115452,-4.296461396975338,377.43350557602673,949.0301614188314,0
218.6969373610021,-4.30642088959297,377.57735364454965,949.1739515934985,0
219.15567056847686,-4.30642088959297,377.71910220565934,949.1739515934985,0
219.61440377595162,-4.30642088959297,377.86085076676903,949.1739515934985,0
220.07993150579918,-4.30642088959297,378.00469883529195,949.1739515934985,0
220.07993150579918,-4.31623502031039,378.00469883529195,949.3156431057313,0
220.54545923564677,-4.31623502031039,378.14854690381486,949.3156431057313,0
221.0042953904302,-4.31623502031039,378.29032727564294,949.3156431057313,0
221.46982312027777,-4.31623502031039,378.4341753441658,949.3156431057313,0
221.46982312027777,-4.326339874828235,378.4341753441658,949.4615319428326,0
221.92855632775252,-4.326339874828235,378.5759239052755,949.4615319428326,0
222.3940840576001,-4.326339874828235,378.7197719737984,949.4615319428326,0
222.85292021238354,-4.326339874828235,378.8615523456265,949.4615319428326,0
223.3184479422311,-4.336299367445867,379.0054004141494,949.6053221174997,0
223.77718114970585,-4.336299367445867,379.1471489752591,949.6053221174997,0
224.24270887955345,-4.336299367445867,379.290997043782,949.6053221174997,0
224.24270887955345,-4.346258860063499,379.290997043782,949.7491122921667,0
224.70154503433687,-4.346258860063499,379.4327774156101,949.7491122921667,0
225.16707276418447,-4.346258860063499,379.576625484133,949.7491122921667,0
225.62580597165922,-4.346258860063499,379.7183740452427,949.7491122921667,0
225.62580597165922,-4.356218352681132,379.7183740452427,949.8929024668339,0
226.09133370150678,-4.356218352681132,379.8622221137656,949.8929024668339,0
226.55686143135438,-4.356218352681132,380.00607018228845,949.8929024668339,0
227.01559463882913,-4.356218352681132,380.1478187433982,949.8929024668339,0
227.47443079361256,-4.366177845298764,380.2895991152263,950.036692641501,0
227.93995852346012,-4.366177845298764,380.43344718374914,950.036692641501,0
228.40548625330769,-4.366177845298764,380.57729525227205,950.036692641501,0
228.86421946078244,-4.366177845298764,380.71904381338175,950.036692641501,0
228.86421946078244,-4.376137337916396,380.71904381338175,950.180482816168,0
229.32974719063,-4.376137337916396,380.86289188190466,950.180482816168,0
229.78858334541343,-4.376137337916396,381.00467225373274,950.180482816168,0
230.25411107526102,-4.376137337916396,381.14852032225565,950.180482816168,0
230.71284428273577,-4.376137337916396,381.29026888336534,950.180482816168,0
231.17837201258334,-4.386096830534028,381.43411695188826,950.3242729908351,0
231.63720816736677,-4.386096830534028,381.57589732371633,950.3242729908351,0
232.10273589721436,-4.386096830534028,381.71974539223925,950.3242729908351,0
232.5614691046891,-4.386096830534028,381.86149395334894,950.3242729908351,0
232.5614691046891,-4.396051918245594,381.86149395334894,950.4679995696707,0
233.02699683453667,-4.396051918245594,382.0053420218718,950.4679995696707,0
233.49252456438427,-4.396051918245594,382.1491900903947,950.4679995696707,0
233.95125777185902,-4.396051918245594,382.2909386515044,950.4679995696707,0
233.95125777185902,-4.406011410863226,382.2909386515044,950.6117897443378,0
234.41009392664245,-4.396051918245594,382.4327190233325,950.4679995696707,0
234.87562165649004,-4.406011410863226,382.5765670918554,950.6117897443378,0
235.3343548639648,-4.406011410863226,382.7183156529651,950.6117897443378,0
235.79988259381236,-4.406011410863226,382.862163721488,950.6117897443378,0
236.26541032365995,-4.406011410863226,383.0060117900109,950.6117897443378,0
236.72424647844338,-4.415970903480858,383.147792161839,950.7555799190048,0
237.18977420829094,-4.415970903480858,383.2916402303619,950.7555799190048,0
237.6485074157657,-4.415970903480858,383.4333887914716,950.7555799190048,0
237.6485074157657,-4.42593039609849,383.4333887914716,950.899370093672,0
238.1140351456133,-4.42593039609849,383.57723685999446,950.899370093672,0
238.5728713003967,-4.42593039609849,383.71901723182253,950.899370093672,0
239.03839903024425,-4.42593039609849,383.86286530034545,950.899370093672,0
239.497132237719,-4.42593039609849,384.00461386145514,950.899370093672,0
239.497132237719,-4.435889888716122,384.00461386145514,951.0431602683391,0
239.9626599675666,-4.435889888716122,384.14846192997805,951.0431602683391,0
240.42139317504135,-4.435889888716122,384.29021049108775,951.0431602683391,0
240.8869209048889,-4.435889888716122,384.43405855961066,951.0431602683391,0
241.3524486347365,-4.445849381333755,384.5779066281336,951.1869504430061,0
241.81128478951993,-4.445849381333755,384.71968699996165,951.1869504430061,0
242.27001799699468,-4.445849381333755,384.86143556107135,951.1869504430061,0
242.73554572684225,-4.455808873951387,385.00528362959426,951.3307406176732,0
243.1943818816257,-4.455808873951387,385.14706400142234,951.3307406176732,0
243.65990961147327,-4.455808873951387,385.29091206994525,951.3307406176732,0
244.12543734132086,-4.455808873951387,385.4347601384681,951.3307406176732,0
244.5841705487956,-4.465768366569019,385.5765086995778,951.4745307923403,0
245.04300670357904,-4.465768366569019,385.7182890714059,951.4745307923403,0
245.5085344334266,-4.465768366569019,385.8621371399288,951.4745307923403,0
245.9740621632742,-4.475727859186652,386.0059852084517,951.6183209670073,0
246.43279537074895,-4.475727859186652,386.1477337695614,951.6183209670073,0
246.8983231005965,-4.475727859186652,386.2915818380843,951.6183209670073,0
247.35705630807126,-4.475727859186652,386.433330399194,951.6183209670073,0
247.35705630807126,-4.485687351804284,386.433330399194,951.7621111416744,0
247.82258403791886,-4.485687351804284,386.5771784677169,951.7621111416744,0
248.28142019270229,-4.485687351804284,386.718958839545,951.7621111416744,0
248.74694792254985,-4.485687351804284,386.8628069080679,951.7621111416744,0
248.74694792254985,-4.49579220632213,386.8628069080679,951.9079999787757,0
249.21247565239744,-4.49579220632213,387.00665497659077,951.9079999787757,0
249.67120885987217,-4.49579220632213,387.14840353770046,951.9079999787757,0
250.13004501465556,-4.49579220632213,387.29018390952854,951.9079999787757,0
250.59557274450316,-4.49579220632213,387.43403197805145,951.9079999787757,0
250.59557274450316,-4.5056063370395485,387.43403197805145,952.0496914910085,0
251.06110047435075,-4.5056063370395485,387.57788004657436,952.0496914910085,0
251.5198336818255,-4.5056063370395485,387.71962860768406,952.0496914910085,0
251.9853614116731,-4.5056063370395485,387.863476676207,952.0496914910085,0
251.9853614116731,-4.515565829657181,387.863476676207,952.1934816656756,0
252.44419756645652,-4.515565829657181,388.00525704803505,952.1934816656756,0
252.90293077393127,-4.515565829657181,388.14700560914474,952.1934816656756,0
253.36845850377887,-4.515565829657181,388.29085367766766,952.1934816656756,0
253.8339862336264,-4.525670684175026,388.43470174619057,952.339370502777,0
254.29271944110116,-4.525670684175026,388.57645030730026,952.339370502777,0
254.75824717094875,-4.525670684175026,388.7202983758231,952.339370502777,0
255.21708332573218,-4.525670684175026,388.86207874765125,952.339370502777,0
255.21708332573218,-4.535484814892445,388.86207874765125,952.4810620150097,0
255.68261105557977,-4.535484814892445,389.0059268161741,952.4810620150097,0
256.1413442630545,-4.535484814892445,389.1476753772838,952.4810620150097,0
256.6068719929021,-4.535484814892445,389.2915234458067,952.4810620150097,0
256.6068719929021,-4.545444307510078,389.2915234458067,952.6248521896767,0
257.06570814768554,-4.545444307510078,389.4333038176348,952.6248521896767,0
257.53123587753305,-4.545444307510078,389.5771518861577,952.6248521896767,0
257.98996908500783,-4.555839885828349,389.7189004472674,952.7749383516468,0
258.4554968148554,-4.555839885828349,389.8627485157903,952.7749383516468,0
258.921024544703,-4.555839885828349,390.00659658431323,952.7749383516468,0
259.3798606994864,-4.555839885828349,390.1483769561413,952.7749383516468,0
259.84538842933404,-4.555839885828349,390.2922250246642,952.7749383516468,0
260.30412163680876,-4.565654016545769,390.4339735857739,952.9166298638795,0
260.7629577915922,-4.565654016545769,390.575753957602,952.9166298638795,0
261.2284855214398,-4.565654016545769,390.71960202612485,952.9166298638795,0
261.2284855214398,-4.575613509163401,390.71960202612485,953.0604200385466,0
261.69391030397867,-4.575613509163401,390.8634182839294,953.0604200385466,0
262.15274645876207,-4.575613509163401,391.00519865575745,953.0604200385466,0
262.6182741886097,-4.575613509163401,391.14904672428037,953.0604200385466,0
263.0770073960844,-4.585718363681246,391.29079528539006,953.206308875648,0
263.54253512593203,-4.585718363681246,391.434643353913,953.206308875648,0
264.00137128071543,-4.585718363681246,391.57642372574105,953.206308875648,0
264.00137128071543,-4.5955324943986655,391.57642372574105,953.3480003878807,0
264.46689901056305,-4.5955324943986655,391.72027179426397,953.3480003878807,0
264.9256322180378,-4.5955324943986655,391.86202035537366,953.3480003878807,0
265.3911599478853,-4.5955324943986655,392.0058684238966,953.3480003878807,0
265.84999610266874,-4.605491987016298,392.14764879572465,953.4917905625477,0
266.3155238325163,-4.605491987016298,392.2914968642475,953.4917905625477,0
266.7810515623639,-4.605491987016298,392.4353449327704,953.4917905625477,0
267.23978476983865,-4.605491987016298,392.5770934938801,953.4917905625477,0
267.7053124996863,-4.605491987016298,392.720941562403,953.4917905625477,0
267.7053124996863,-4.615596841534143,392.720941562403,953.6376793996492,0
268.164045707161,-4.615596841534143,392.8626901235127,953.6376793996492,0
268.62957343700856,-4.615596841534143,393.00653819203563,953.6376793996492,0
269.08840959179196,-4.625556334151775,393.1483185638637,953.7814695743162,0
269.5539373216396,-4.625556334151775,393.2921666323866,953.7814695743162,0
270.0126705291143,-4.625556334151775,393.4339151934963,953.7814695743162,0
270.4781982589619,-4.625556334151775,393.57776326201923,953.7814695743162,0
270.9370344137453,-4.635370464869195,393.7195436338473,953.923161086549,0
271.40256214359295,-4.635370464869195,393.86339170237017,953.923161086549,0
271.8680898734405,-4.635370464869195,394.0072397708931,953.923161086549,0
271.8680898734405,-4.64547531938704,394.0072397708931,954.0690499236504,0
272.3268230809153,-4.64547531938704,394.1489883320028,954.0690499236504,0
272.7856592356987,-4.64547531938704,394.29076870383085,954.0690499236504,0
273.25118696554625,-4.64547531938704,394.43461677235376,954.0690499236504,0
273.25118696554625,-4.655434812004672,394.43461677235376,954.2128400983174,0
273.709920173021,-4.655434812004672,394.57636533346346,954.2128400983174,0
274.1754479028686,-4.655434812004672,394.72021340198637,954.2128400983174,0
274.64097563271616,-4.655434812004672,394.8640614705093,954.2128400983174,0
275.0998117874996,-4.655434812004672,395.00584184233736,954.2128400983174,0
275.0998117874996,-4.665394304622304,395.00584184233736,954.3566302729845,0
275.55854499497434,-4.665394304622304,395.14759040344705,954.3566302729845,0
276.0240727248219,-4.665394304622304,395.29143847196997,954.3566302729845,0
276.48960045466947,-4.665394304622304,395.4352865404929,954.3566302729845,0
276.9483336621442,-4.675353797239937,395.5770351016026,954.5004204476515,0
277.4138613919918,-4.675353797239937,395.72088317012543,954.5004204476515,0
277.8726975467752,-4.675353797239937,395.8626635419535,954.5004204476515,0
278.33822527662284,-4.675353797239937,396.0065116104764,954.5004204476515,0
278.33822527662284,-4.685313289857569,396.0065116104764,954.6442106223186,0
278.79695848409756,-4.685313289857569,396.1482601715861,954.6442106223186,0
279.2624862139452,-4.685313289857569,396.29210824010903,954.6442106223186,0
279.73480846616553,-4.685313289857569,396.43805581604516,954.6442106223186,0
280.20033619601315,-4.695272782475201,396.581903884568,954.7880007969857,0
280.6590694034879,-4.695272782475201,396.7236524456777,954.7880007969857,0
281.1245971333355,-4.7052322750928335,396.86750051420063,954.9317909716528,0
281.5834332881189,-4.7052322750928335,397.0092808860287,954.9317909716528,0
282.0489610179665,-4.7052322750928335,397.1531289545516,954.9317909716528,0
282.514488747814,-4.7052322750928335,397.29697702307453,954.9317909716528,0
282.514488747814,-4.715191767710466,397.29697702307453,955.0755811463199,0
282.9732219552888,-4.715191767710466,397.4387255841842,955.0755811463199,0
283.43195516276353,-4.715191767710466,397.5804741452939,955.0755811463199,0
283.89748289261115,-4.715191767710466,397.72432221381683,955.0755811463199,0
283.89748289261115,-4.725151260328098,397.72432221381683,955.219371320987,0
284.3630106224587,-4.725151260328098,397.86817028233975,955.219371320987,0
284.8218467772422,-4.725151260328098,398.0099506541678,955.219371320987,0
285.28737450708974,-4.725151260328098,398.1537987226907,955.219371320987,0
285.7461077145645,-4.725151260328098,398.29554728380043,955.219371320987,0
286.2049438693479,-4.73511075294573,398.4373276556285,955.363161495654,0
286.6704715991955,-4.73511075294573,398.58117572415136,955.363161495654,0
287.13599932904305,-4.73511075294573,398.7250237926743,955.363161495654,0
287.13599932904305,-4.745070245563363,398.7250237926743,955.5069516703211,0
287.59473253651777,-4.745070245563363,398.866772353784,955.5069516703211,0
288.0602602663654,-4.745070245563363,399.0106204223069,955.5069516703211,0
288.5190964211488,-4.745070245563363,399.15240079413496,955.5069516703211,0
288.9846241509964,-4.745070245563363,399.2962488626579,955.5069516703211,0
289.44335735847113,-4.755029738180995,399.43799742376757,955.6507418449881,0
289.90888508831875,-4.755029738180995,399.5818454922905,955.6507418449881,0
290.3676182957935,-4.755029738180995,399.7235940534002,955.6507418449881,0
290.8332489729497,-4.755029738180995,399.8674739326415,955.6507418449881,0
291.29198218042444,-4.755029738180995,400.00922249375117,955.6507418449881,0
291.29198218042444,-4.76498482589256,400.00922249375117,955.7944684238238,0
291.75750991027206,-4.76498482589256,400.153070562274,955.7944684238238,0
292.2230376401196,-4.76498482589256,400.29691863079694,955.7944684238238,0
292.6817708475944,-4.76498482589256,400.43866719190663,955.7944684238238,0
292.6817708475944,-4.774948723416259,400.43866719190663,955.9383221943223,0
293.147298577442,-4.774948723416259,400.58251526042955,955.9383221943223,0
293.6061347322254,-4.774948723416259,400.7242956322576,955.9383221943223,0
294.07166246207294,-4.774948723416259,400.86814370078054,955.9383221943223,0
294.5303956695477,-4.785049173028037,401.00989226189023,956.0841474355923,0
294.9959233993953,-4.785049173028037,401.15374033041314,956.0841474355923,0
295.4614511292429,-4.785049173028037,401.29758839893606,956.0841474355923,0
295.9202872840263,-4.785049173028037,401.43936877076413,956.0841474355923,0
296.3790204915011,-4.794863303745457,401.5811173318738,956.2258389478251,0
296.84454822134865,-4.794863303745457,401.7249654003967,956.2258389478251,0
297.3100759511962,-4.794863303745457,401.8688134689196,956.2258389478251,0
297.76880915867093,-4.794863303745457,402.0105620300293,956.2258389478251,0
298.22764531345433,-4.804822796363089,402.15234240185737,956.3696291224921,0
298.69317304330195,-4.804822796363089,402.2961904703803,956.3696291224921,0
299.1519062507767,-4.804822796363089,402.43793903149,956.3696291224921,0
299.6174339806243,-4.804822796363089,402.5817871000129,956.3696291224921,0
300.08296171047186,-4.814927650880934,402.7256351685358,956.5155179595935,0
300.5417978652553,-4.814927650880934,402.8674155403639,956.5155179595935,0
301.0073255951029,-4.814927650880934,403.0112636088868,956.5155179595935,0
301.47285332495045,-4.814927650880934,403.15511167740965,956.5155179595935,0
301.47285332495045,-4.8247417815983535,403.15511167740965,956.6572094718263,0
301.9315865324252,-4.8247417815983535,403.29686023851934,956.6572094718263,0
302.3971142622728,-4.8247417815983535,403.44070830704226,956.6572094718263,0
302.3971142622728,-4.834701274215986,403.44070830704226,956.8009996464933,0
302.8559504170562,-4.834701274215986,403.58248867887033,956.8009996464933,0
303.3214781469038,-4.834701274215986,403.72633674739325,956.8009996464933,0
303.78021135437854,-4.834701274215986,403.86808530850294,956.8009996464933,0
304.239047509162,-4.834701274215986,404.009865680331,956.8009996464933,0
304.239047509162,-4.844806128733831,404.009865680331,956.9468884835946,0
304.70457523900956,-4.844806128733831,404.15371374885393,956.9468884835946,0
305.1701029688571,-4.844806128733831,404.29756181737685,956.9468884835946,0
305.62883617633184,-4.844806128733831,404.43931037848654,956.9468884835946,0
306.09436390617947,-4.854765621351463,404.58315844700945,957.0906786582617,0
306.5530971136542,-4.854765621351463,404.72490700811915,957.0906786582617,0
307.0186248435018,-4.854765621351463,404.86875507664206,957.0906786582617,0
307.4774609982852,-4.854765621351463,405.01053544847014,957.0906786582617,0
307.94298872813283,-4.864579752068883,405.154383516993,957.2323701704945,0
308.40172193560755,-4.864579752068883,405.2961320781027,957.2323701704945,0
308.8672496654551,-4.864579752068883,405.4399801466256,957.2323701704945,0
309.3260858202386,-4.864579752068883,405.5817605184537,957.2323701704945,0
309.3260858202386,-4.874684606586728,405.5817605184537,957.378259007596,0
309.7916135500861,-4.874684606586728,405.7256085869766,957.378259007596,0
310.25034675756086,-4.874684606586728,405.8673571480863,957.378259007596,0
310.7158744874084,-4.874684606586728,406.0112052166092,957.378259007596,0
311.18140221725605,-4.88464409920436,406.1550532851321,957.522049182263,0
311.6401354247308,-4.88464409920436,406.2968018462418,957.522049182263,0
312.0989715795142,-4.88464409920436,406.4385822180699,957.522049182263,0
312.5644993093618,-4.88464409920436,406.5824302865928,957.522049182263,0
312.5644993093618,-4.894458229921779,406.5824302865928,957.6637406944957,0
313.03002703920936,-4.894458229921779,406.72627835511565,957.6637406944957,0
313.4887602466841,-4.894458229921779,406.86802691622535,957.6637406944957,0
313.9542879765317,-4.894458229921779,407.01187498474826,957.6637406944957,0
314.4131241313151,-4.894458229921779,407.15365535657634,957.6637406944957,0
314.4131241313151,-4.904563084439625,407.15365535657634,957.8096295315971,0
314.8786518611627,-4.904563084439625,407.29750342509925,957.8096295315971,0
315.33738506863745,-4.904563084439625,407.43925198620894,957.8096295315971,0
315.80291279848507,-4.914522577057257,407.58310005473186,957.9534197062642,0
316.2684405283326,-4.914522577057257,407.7269481232548,957.9534197062642,0
316.72727668311603,-4.914522577057257,407.86872849508285,957.9534197062642,0
317.1928044129636,-4.914522577057257,408.01257656360576,957.9534197062642,0
317.1928044129636,-4.924482069674889,408.01257656360576,958.0972098809312,0
317.6515376204384,-4.924482069674889,408.15432512471546,958.0972098809312,0
318.1103737752218,-4.924482069674889,408.29610549654353,958.0972098809312,0
318.5759015050694,-4.924482069674889,408.4399535650664,958.0972098809312,0
318.5759015050694,-4.9344415622925215,408.4399535650664,958.2410000555983,0
319.04142923491696,-4.9344415622925215,408.5838016335893,958.2410000555983,0
319.5001624423917,-4.9344415622925215,408.725550194699,958.2410000555983,0
319.9656901722393,-4.9344415622925215,408.8693982632219,958.2410000555983,0
320.424423379714,-4.9344415622925215,409.0111468243316,958.2410000555983,0
320.8899511095616,-4.944401054910154,409.1549948928545,958.3847902302654,0
321.348787264345,-4.944401054910154,409.2967752646826,958.3847902302654,0
321.8143149941926,-4.944401054910154,409.4406233332055,958.3847902302654,0
321.8143149941926,-4.954360547527786,409.4406233332055,958.5285804049324,0
322.27304820166734,-4.954360547527786,409.5823718943152,958.5285804049324,0
322.73857593151496,-4.954360547527786,409.7262199628381,958.5285804049324,0
323.19741208629836,-4.954360547527786,409.8680003346662,958.5285804049324,0
323.662939816146,-4.964320040145418,410.0118484031891,958.6723705795995,0
324.1284675459935,-4.964320040145418,410.15569647171196,958.6723705795995,0
324.58720075346827,-4.964320040145418,410.29744503282166,958.6723705795995,0
325.05272848331583,-4.964320040145418,410.44129310134457,958.6723705795995,0
325.05272848331583,-4.974279532763051,410.44129310134457,958.8161607542665,0
325.5114616907906,-4.974279532763051,410.58304166245426,958.8161607542665,0
325.9769894206382,-4.974279532763051,410.7268897309772,958.8161607542665,0
326.43582557542163,-4.974279532763051,410.86867010280525,958.8161607542665,0
326.43582557542163,-4.984239025380683,410.86867010280525,958.9599509289336,0
326.9013533052692,-4.984239025380683,411.01251817132817,958.9599509289336,0
327.360086512744,-4.984239025380683,411.15426673243786,958.9599509289336,0
327.82561424259154,-4.984239025380683,411.2981148009608,958.9599509289336,0
328.284450397375,-4.984239025380683,411.43989517278885,958.9599509289336,0
328.284450397375,-4.994198517998315,411.43989517278885,959.1037411036007,0
328.7499781272225,-4.994198517998315,411.58374324131177,959.1037411036007,0
329.2155058570701,-4.994198517998315,411.7275913098346,959.1037411036007,0
329.67423906454485,-4.994198517998315,411.8693398709443,959.1037411036007,0
330.13307521932825,-5.004158010615947,412.0111202427724,959.2475312782677,0
330.59860294917587,-5.004158010615947,412.1549683112953,959.2475312782677,0
331.0573361566506,-5.004158010615947,412.296716872405,959.2475312782677,0
331.0573361566506,-5.014117503233579,412.296716872405,959.3913214529348,0
331.5228638864982,-5.014117503233579,412.4405649409279,959.3913214529348,0
331.9883916163457,-5.014117503233579,412.5844130094508,959.3913214529348,0
332.4472277711292,-5.014117503233579,412.7261933812789,959.3913214529348,0
332.9059609786039,-5.024076995851211,412.8679419423886,959.5351116276019,0
333.3714887084515,-5.024076995851211,413.0117900109115,959.5351116276019,0
333.8370164382991,-5.024076995851211,413.1556380794344,959.5351116276019,0
334.29574964577387,-5.024076995851211,413.2973866405441,959.5351116276019,0
334.29574964577387,-5.0340364884688436,413.2973866405441,959.6789018022689,0
334.76127737562143,-5.0340364884688436,413.441234709067,959.6789018022689,0
335.2201135304049,-5.0340364884688436,413.5830150808951,959.6789018022689,0
335.68564126025245,-5.0340364884688436,413.72686314941797,959.6789018022689,0
336.14437446772723,-5.0340364884688436,413.86861171052766,959.6789018022689,0
336.14437446772723,-5.043995981086476,413.86861171052766,959.822691976936,0
336.60990219757474,-5.043995981086476,414.0124597790506,959.822691976936,0
337.07542992742236,-5.043995981086476,414.1563078475735,959.822691976936,0
337.53426608220576,-5.043995981086476,414.29808821940156,959.822691976936,0
337.53426608220576,-5.053955473704108,414.29808821940156,959.966482151603,0
337.99299928968054,-5.053955473704108,414.43983678051126,959.966482151603,0
338.4585270195281,-5.053955473704108,414.58368484903417,959.966482151603,0
338.9172602270029,-5.053955473704108,414.72543341014386,959.966482151603,0
338.9172602270029,-5.06391496632174,414.72543341014386,960.1102723262701,0
339.38278795685045,-5.06391496632174,414.8692814786668,960.1102723262701,0
339.848315686698,-5.06391496632174,415.0131295471897,960.1102723262701,0
340.3071518414814,-5.06391496632174,415.15490991901777,960.1102723262701,0
340.3071518414814,-5.073874458939373,415.15490991901777,960.2540625009372,0
340.76588504895614,-5.073874458939373,415.29665848012746,960.2540625009372,0
341.23141277880376,-5.073874458939373,415.4405065486503,960.2540625009372,0
341.6969405086513,-5.073874458939373,415.58435461717323,960.2540625009372,0
342.1557766634348,-5.083833951557005,415.7261349890013,960.3978526756043,0
342.62130439328234,-5.083833951557005,415.8699830575242,960.3978526756043,0
343.0800376007571,-5.083833951557005,416.0117316186339,960.3978526756043,0
343.54556533060463,-5.093793444174637,416.15557968715683,960.5416428502714,0
344.0044014853881,-5.093793444174637,416.2973600589849,960.5416428502714,0
344.46992921523565,-5.10375293679227,416.4412081275078,960.6854330249384,0
344.9354569450833,-5.10375293679227,416.58505619603073,960.6854330249384,0
345.394190152558,-5.10375293679227,416.7268047571404,960.6854330249384,0
345.85302630734145,-5.1138577913101155,416.8685851289685,960.8313218620398,0
346.318554037189,-5.1138577913101155,417.01243319749136,960.8313218620398,0
346.78408176703664,-5.1138577913101155,417.1562812660143,960.8313218620398,0
347.24281497451136,-5.1138577913101155,417.29802982712397,960.8313218620398,0
347.7083427043589,-5.123671922027534,417.4418778956469,960.9730133742726,0
348.16707591183365,-5.123671922027534,417.5836264567566,960.9730133742726,0
348.6259120666171,-5.123671922027534,417.72540682858465,960.9730133742726,0
348.6259120666171,-5.133776776545379,417.72540682858465,961.1189022113739,0
349.09143979646467,-5.133776776545379,417.86925489710757,961.1189022113739,0
349.5569675263123,-5.133776776545379,418.0131029656305,961.1189022113739,0
350.015700733787,-5.133776776545379,418.1548515267402,961.1189022113739,0
350.015700733787,-5.1437362691630115,418.1548515267402,961.262692386041,0
350.48122846363464,-5.1437362691630115,418.2986995952631,961.262692386041,0
350.94006461841803,-5.1437362691630115,418.44047996709116,961.262692386041,0
350.94006461841803,-5.153695761780644,418.44047996709116,961.406482560708,0
351.4055923482656,-5.153695761780644,418.584328035614,961.406482560708,0
351.8643255557403,-5.153695761780644,418.7260765967238,961.406482560708,0
352.3433393830249,-5.153695761780644,418.8740918693547,961.406482560708,0
352.80886711287246,-5.153695761780644,419.0179399378776,961.406482560708,0
352.80886711287246,-5.163655254398276,419.0179399378776,961.5502727353751,0
353.26770326765586,-5.163655254398276,419.1597203097057,961.5502727353751,0
353.7332309975035,-5.163655254398276,419.30356837822853,961.5502727353751,0
354.19875872735105,-5.163655254398276,419.44741644675145,961.5502727353751,0
354.19875872735105,-5.173614747015908,419.44741644675145,961.6940629100422,0
354.6574919348258,-5.173614747015908,419.58916500786114,961.6940629100422,0
355.11622514230055,-5.173614747015908,419.73091356897083,961.6940629100422,0
355.11622514230055,-5.183428877733328,419.73091356897083,961.8357544222749,0
355.5817528721482,-5.183428877733328,419.87476163749375,961.8357544222749,0
356.04728060199574,-5.183428877733328,420.01860970601666,961.8357544222749,0
356.5061167567792,-5.183428877733328,420.16039007784474,961.8357544222749,0
356.5061167567792,-5.193533732251173,420.16039007784474,961.9816432593764,0
356.9716444866267,-5.193533732251173,420.30423814636765,961.9816432593764,0
357.4303776941015,-5.193533732251173,420.44598670747735,961.9816432593764,0
357.89590542394905,-5.193533732251173,420.58983477600026,961.9816432593764,0
357.89590542394905,-5.203493224868805,420.58983477600026,962.1254334340434,0
358.3547415787325,-5.203493224868805,420.73161514782834,962.1254334340434,0
358.82026930858007,-5.203493224868805,420.87546321635125,962.1254334340434,0
359.2857970384277,-5.213452717486438,421.0193112848741,962.2692236087105,0
359.7445302459024,-5.213452717486438,421.1610598459838,962.2692236087105,0
360.20336640068587,-5.213452717486438,421.3028402178119,962.2692236087105,0
360.67558570559754,-5.22341221010407,421.4487559830296,962.4130137833776,0
361.12762733800815,-5.22341221010407,421.5884368474445,962.4130137833776,0
361.5931550678557,-5.22341221010407,421.7322849159674,962.4130137833776,0
362.05868279770334,-5.233371702721702,421.8761329844903,962.5568039580446,0
362.51751895248674,-5.233371702721702,422.0179133563184,962.5568039580446,0
362.98294373502563,-5.233371702721702,422.1617296141229,962.5568039580446,0
363.4417798898091,-5.2433311953393344,422.303509985951,962.7005941327117,0
363.90730761965665,-5.2433311953393344,422.4473580544739,962.7005941327117,0
364.3660408271314,-5.2433311953393344,422.5891066155836,962.7005941327117,0
364.3660408271314,-5.253290687956967,422.5891066155836,962.8443843073787,0
364.83156855697894,-5.253290687956967,422.73295468410646,962.8443843073787,0
365.29709628682656,-5.253290687956967,422.8768027526294,962.8443843073787,0
365.75593244160996,-5.253290687956967,423.01858312445745,962.8443843073787,0
365.75593244160996,-5.263250180574599,423.01858312445745,962.9881744820458,0
366.2214601714576,-5.263250180574599,423.16243119298036,962.9881744820458,0
366.6801933789323,-5.263250180574599,423.30417975409006,962.9881744820458,0
367.1457211087799,-5.263250180574599,423.44802782261297,962.9881744820458,0
367.1457211087799,-5.273209673192231,423.44802782261297,963.1319646567129,0
367.6045572635633,-5.273209673192231,423.58980819444105,963.1319646567129,0
368.0700849934109,-5.273209673192231,423.73365626296396,963.1319646567129,0
368.0700849934109,-5.283169165809864,423.73365626296396,963.2757548313799,0
368.5288182008856,-5.283169165809864,423.87540482407366,963.2757548313799,0
368.99434593073323,-5.283169165809864,424.01925289259657,963.2757548313799,0
369.45307913820795,-5.283169165809864,424.16100145370626,963.2757548313799,0
369.9186068680556,-5.293128658427496,424.3048495222291,963.419545006047,0
370.377443022839,-5.293128658427496,424.4466298940572,963.419545006047,0
370.8429707526866,-5.303088151045128,424.5904779625801,963.563335180714,0
371.3017039601613,-5.303088151045128,424.7322265236898,963.563335180714,0
371.7672316900089,-5.303088151045128,424.8760745922127,963.563335180714,0
371.7672316900089,-5.3130476436627605,424.8760745922127,963.7071253553811,0
372.2260678447923,-5.3130476436627605,425.0178549640408,963.7071253553811,0
372.6915955746399,-5.3130476436627605,425.1617030325637,963.7071253553811,0
373.15712330448747,-5.3130476436627605,425.3055511010866,963.7071253553811,0
373.15712330448747,-5.323007136280393,425.3055511010866,963.8509155300482,0
373.6158565119622,-5.323007136280393,425.4472996621963,963.8509155300482,0
374.0813842418098,-5.332966628898025,425.59114773071923,963.9947057047152,0
374.5402203965932,-5.332966628898025,425.7329281025473,963.9947057047152,0
375.00574812644084,-5.332966628898025,425.87677617107016,963.9947057047152,0
375.00574812644084,-5.342926121515657,425.87677617107016,964.1384958793823,0
375.46448133391556,-5.342926121515657,426.0185247321799,964.1384958793823,0
375.9300090637631,-5.35288561413329,426.16237280070277,964.2822860540493,0
376.3888452185465,-5.35288561413329,426.30415317253085,964.2822860540493,0
376.85437294839414,-5.35288561413329,426.44800124105376,964.2822860540493,0
377.31310615586887,-5.35288561413329,426.58974980216345,964.2822860540493,0
377.31310615586887,-5.362845106750922,426.58974980216345,964.4260762287164,0
377.7786338857165,-5.362845106750922,426.73359787068637,964.4260762287164,0
378.24416161556405,-5.372804599368554,426.8774459392093,964.5698664033835,0
378.70289482303883,-5.372804599368554,427.019194500319,964.5698664033835,0
379.16842255288634,-5.372804599368554,427.1630425688419,964.5698664033835,0
379.16842255288634,-5.3827640919861865,427.1630425688419,964.7136565780505,0
379.6272587076698,-5.3827640919861865,427.30482294066996,964.7136565780505,0
380.09278643751736,-5.3827640919861865,427.4486710091929,964.7136565780505,0
380.09278643751736,-5.392723584603819,427.4486710091929,964.8574467527177,0
380.55151964499214,-5.392723584603819,427.5904195703026,964.8574467527177,0
381.0170473748397,-5.392723584603819,427.73426763882543,964.8574467527177,0
381.47588352962316,-5.40268307722145,427.8760480106535,965.0012369273848,0
381.9414112594707,-5.40268307722145,428.0198960791764,965.0012369273848,0
382.4001444669455,-5.4126425698390825,428.1616446402861,965.1450271020518,0
382.86567219679307,-5.4126425698390825,428.305492708809,965.1450271020518,0
383.33119992664064,-5.4126425698390825,428.44934077733194,965.1450271020518,0
383.33119992664064,-5.422602062456715,428.44934077733194,965.2888172767189,0
383.78993313411536,-5.422602062456715,428.59108933844163,965.2888172767189,0
384.24876928889876,-5.422602062456715,428.7328697102697,965.2888172767189,0
384.7142970187464,-5.432702512068493,428.8767177787926,965.4346425179889,0
385.1730302262211,-5.432702512068493,429.0184663399023,965.4346425179889,0
385.6385579560687,-5.432702512068493,429.16231440842523,965.4346425179889,0
385.6385579560687,-5.442521047691979,429.16231440842523,965.576397626053,0
386.1040856859163,-5.442521047691979,429.3061624769481,965.576397626053,0
386.56292184069974,-5.452621497303758,429.44794284877617,965.722222867323,0
387.02844957054725,-5.452621497303758,429.5917909172991,965.722222867323,0
387.48718277802203,-5.452621497303758,429.7335394784088,965.722222867323,0
387.48718277802203,-5.46258098992139,429.7335394784088,965.8660130419901,0
387.9527105078696,-5.46258098992139,429.8773875469317,965.8660130419901,0
388.41154666265305,-5.46258098992139,430.01916791875976,965.8660130419901,0
388.41154666265305,-5.4725404825390225,430.01916791875976,966.0098032166571,0
388.8770743925006,-5.4725404825390225,430.1630159872827,966.0098032166571,0
389.3358075999754,-5.4725404825390225,430.30476454839237,966.0098032166571,0
389.3358075999754,-5.482499975156655,430.30476454839237,966.1535933913242,0
389.80133532982296,-5.482499975156655,430.4486126169153,966.1535933913242,0
390.2601714846064,-5.482499975156655,430.59039298874336,966.1535933913242,0
390.2601714846064,-5.492459467774287,430.59039298874336,966.2973835659913,0
390.7256992144539,-5.492459467774287,430.7342410572663,966.2973835659913,0
391.19122694430155,-5.492459467774287,430.87808912578913,966.2973835659913,0
391.19122694430155,-5.502418960391919,430.87808912578913,966.4411737406583,0
391.64996015177627,-5.502418960391919,431.0198376868989,966.4411737406583,0
392.10869335925105,-5.512378453009552,431.1615862480086,966.5849639153254,0
392.5742210890986,-5.512378453009552,431.30543431653143,966.5849639153254,0
393.03305724388207,-5.522337945627184,431.4472146883595,966.7287540899924,0
393.49858497372963,-5.522337945627184,431.5910627568824,966.7287540899924,0
393.49858497372963,-5.532297438244816,431.5910627568824,966.8725442646595,0
393.96411270357726,-5.532297438244816,431.73491082540534,966.8725442646595,0
394.422845911052,-5.532297438244816,431.87665938651503,966.8725442646595,0
394.8816820658354,-5.5422569308624485,432.0184397583431,967.0163344393266,0
395.34720979568294,-5.5422569308624485,432.162287826866,967.0163344393266,0
395.8127375255305,-5.552216423480081,432.30613589538893,967.1601246139937,0
396.2714707330053,-5.562175916097713,432.4478844564986,967.3039147886608,0
396.73699846285285,-5.562175916097713,432.59173252502154,967.3039147886608,0
397.19573167032763,-5.562175916097713,432.73348108613123,967.3039147886608,0
397.19573167032763,-5.572135408715345,432.73348108613123,967.4477049633279,0
397.6612594001752,-5.572135408715345,432.8773291546541,967.4477049633279,0
398.12009555495865,-5.572135408715345,433.01910952648217,967.4477049633279,0
398.12009555495865,-5.582094901332978,433.01910952648217,967.5914951379949,0
398.58562328480616,-5.582094901332978,433.1629575950051,967.5914951379949,0
399.0511510146538,-5.582094901332978,433.306805663528,967.5914951379949,0
399.0511510146538,-5.59205439395061,433.306805663528,967.735285312662,0
399.5098842221285,-5.59205439395061,433.4485542246377,967.735285312662,0
399.96872037691196,-5.602013886568242,433.59033459646577,967.879075487329,0
400.4342481067595,-5.602013886568242,433.7341826649887,967.879075487329,0
400.4342481067595,-5.611973379185875,433.7341826649887,968.0228656619961,0
400.89977583660715,-5.611973379185875,433.8780307335116,968.0228656619961,0
400.89977583660715,-5.621932871803507,433.8780307335116,968.1666558366632,0
401.35850904408187,-5.621932871803507,434.0197792946213,968.1666558366632,0
401.8240367739295,-5.621932871803507,434.1636273631442,968.1666558366632,0
401.8240367739295,-5.631892364421139,434.1636273631442,968.3104460113302,0
402.2827699814042,-5.631892364421139,434.3053759242539,968.3104460113302,0
402.74160613618767,-5.631892364421139,434.44715629608197,968.3104460113302,0
402.74160613618767,-5.641851857038771,434.44715629608197,968.4542361859973,0
403.2071338660352,-5.641851857038771,434.5910043646048,968.4542361859973,0
403.6726615958828,-5.651811349656403,434.73485243312774,968.5980263606643,0
404.1314977506662,-5.651811349656403,434.8766328049558,968.5980263606643,0
404.1314977506662,-5.661916204174249,434.8766328049558,968.7439151977658,0
404.5970254805138,-5.661916204174249,435.02048087347873,968.7439151977658,0
405.05575868798854,-5.661916204174249,435.1622294345884,968.7439151977658,0
405.05575868798854,-5.671875696791881,435.1622294345884,968.8877053724328,0
405.5212864178361,-5.671875696791881,435.30607750311134,968.8877053724328,0
405.5212864178361,-5.6816898275093,435.30607750311134,969.0293968846655,0
405.9800196253109,-5.6816898275093,435.44782606422103,969.0293968846655,0
406.4455473551584,-5.6816898275093,435.59167413274395,969.0293968846655,0
406.4455473551584,-5.691649320126932,435.59167413274395,969.1731870593326,0
406.911075085006,-5.691649320126932,435.73552220126686,969.1731870593326,0
407.3699112397894,-5.701754174644778,435.87730257309494,969.319075896434,0
407.8286444472642,-5.701754174644778,436.01905113420463,969.319075896434,0
407.8286444472642,-5.711568305362197,436.01905113420463,969.4607674086667,0
408.29417217711176,-5.711568305362197,436.16289920272754,969.4607674086667,0
408.7596999069594,-5.711568305362197,436.3067472712504,969.4607674086667,0
408.7596999069594,-5.7216731598800425,436.3067472712504,969.6066562457681,0
409.2185360617428,-5.7216731598800425,436.4485276430785,969.6066562457681,0
409.2185360617428,-5.731632652497675,436.4485276430785,969.7504464204352,0
409.6840637915904,-5.731632652497675,436.5923757116014,969.7504464204352,0
410.1427969990651,-5.741592145115307,436.7341242727111,969.8942365951023,0
410.6015302065399,-5.741592145115307,436.8758728338208,969.8942365951023,0
410.6015302065399,-5.751551637732939,436.8758728338208,970.0380267697693,0
411.0670579363874,-5.751551637732939,437.0197209023437,970.0380267697693,0
411.53258566623504,-5.761511130350571,437.1635689708666,970.1818169444364,0
411.99142182101843,-5.761511130350571,437.3053493426947,970.1818169444364,0
412.45694955086606,-5.771756941862563,437.4491974112176,970.3297408481408,0
412.9156827583408,-5.771756941862563,437.5909459723273,970.3297408481408,0
412.9156827583408,-5.781861796380408,437.5909459723273,970.4756296852422,0
413.3812104881884,-5.781861796380408,437.7347940408502,970.4756296852422,0
413.3812104881884,-5.79182128899804,437.7347940408502,970.6194198599093,0
413.8400466429718,-5.79182128899804,437.8765744126783,970.6194198599093,0
414.30557437281936,-5.79182128899804,438.02042248120114,970.6194198599093,0
414.30557437281936,-5.80163541971546,438.02042248120114,970.761111372142,0
414.7643075802941,-5.80163541971546,438.16217104231083,970.761111372142,0
414.7643075802941,-5.811740274233305,438.16217104231083,970.9070002092434,0
415.2298353101417,-5.811740274233305,438.30601911083374,970.9070002092434,0
415.6886714649251,-5.821699766850937,438.4477994826618,971.0507903839105,0
416.1541991947727,-5.821699766850937,438.59164755118474,971.0507903839105,0
416.6196239773116,-5.831513897568357,438.73546380898927,971.1924818961431,0
417.078460132095,-5.831513897568357,438.87724418081734,971.1924818961431,0
417.078460132095,-5.841618752086202,438.87724418081734,971.3383707332446,0
417.5372962868785,-5.841618752086202,439.0190245526454,971.3383707332446,0
418.002824016726,-5.851578244703834,439.16287262116833,971.4821609079116,0
418.4683517465736,-5.851578244703834,439.30672068969125,971.4821609079116,0
418.4683517465736,-5.861537737321466,439.30672068969125,971.6259510825787,0
418.9270849540483,-5.861537737321466,439.44846925080094,971.6259510825787,0
419.39261268389595,-5.871497229939099,439.5923173193238,971.7697412572458,0
419.85134589137067,-5.871497229939099,439.73406588043355,971.7697412572458,0
419.85134589137067,-5.881456722556731,439.73406588043355,971.9135314319128,0
420.3168736212183,-5.881456722556731,439.8779139489564,971.9135314319128,0
420.3168736212183,-5.891416215174363,439.8779139489564,972.0573216065799,0
420.7757097760017,-5.891416215174363,440.0196943207845,972.0573216065799,0
421.2412375058493,-5.9013757077919955,440.1635423893074,972.2011117812469,0
421.7067652356968,-5.9013757077919955,440.3073904578303,972.2011117812469,0
421.7067652356968,-5.911335200409628,440.3073904578303,972.344901955914,0
422.1654984431716,-5.911335200409628,440.44913901894,972.344901955914,0
422.1654984431716,-5.92129469302726,440.44913901894,972.4886921305811,0
422.624334597955,-5.92129469302726,440.5909193907681,972.4886921305811,0
423.0898623278026,-5.92129469302726,440.734767459291,972.4886921305811,0
423.0898623278026,-5.931254185644892,440.734767459291,972.6324823052481,0
423.54859553527734,-5.931254185644892,440.8765160204007,972.6324823052481,0
424.01412326512497,-5.941213678262525,441.0203640889236,972.7762724799152,0
424.47965099497253,-5.941213678262525,441.1642121574465,972.7762724799152,0
424.95197324719294,-5.95131853278037,441.3101597333826,972.9221613170166,0
425.4175009770405,-5.961132663497788,441.4540078019055,973.0638528292493,0
425.8830287068881,-5.961132663497788,441.5978558704284,973.0638528292493,0
425.8830287068881,-5.971092156115421,441.5978558704284,973.2076430039164,0
426.34176191436285,-5.971092156115421,441.7396044315381,973.2076430039164,0
426.34176191436285,-5.981197010633267,441.7396044315381,973.3535318410178,0
426.8072896442104,-5.981197010633267,441.88345250006097,973.3535318410178,0
427.272817374058,-5.981197010633267,442.0273005685839,973.3535318410178,0
427.272817374058,-5.991011141350685,442.0273005685839,973.4952233532506,0
427.7315505815327,-5.991011141350685,442.1690491296936,973.4952233532506,0
427.7315505815327,-6.0009706339683175,442.1690491296936,973.6390135279177,0
428.1970783113803,-6.0009706339683175,442.3128971982165,973.6390135279177,0
428.6559144661637,-6.0110754884861635,442.45467757004457,973.784902365019,0
429.12144219601134,-6.020889619203582,442.5985256385675,973.9265938772518,0
429.58017540348607,-6.020889619203582,442.7402741996772,973.9265938772518,0
429.58017540348607,-6.030849111821214,442.7402741996772,974.0703840519188,0
430.0457031333337,-6.030849111821214,442.8841222682001,974.0703840519188,0
430.5045392881171,-6.04095396633906,443.02590264002816,974.2162728890202,0
430.97006701796465,-6.04095396633906,443.1697507085511,974.2162728890202,0
430.97006701796465,-6.050913458956693,443.1697507085511,974.3600630636872,0
431.4288002254394,-6.050913458956693,443.31149926966077,974.3600630636872,0
431.894327955287,-6.060727589674111,443.4553473381837,974.50175457592,0
432.35985568513456,-6.070832444191956,443.59919540670654,974.6476434130213,0
432.81858889260934,-6.070832444191956,443.74094396781624,974.6476434130213,0
433.2841166224569,-6.080791936809589,443.88479203633915,974.7914335876884,0
433.74295277724036,-6.090606067527008,444.0265724081672,974.9331250999212,0
434.20178893202376,-6.090606067527008,444.1683527799953,974.9331250999212,0
434.20178893202376,-6.100710922044853,444.1683527799953,975.0790139370226,0
434.6673166618713,-6.100710922044853,444.3122008485182,975.0790139370226,0
435.12604986934605,-6.100710922044853,444.4539494096279,975.0790139370226,0
435.12604986934605,-6.1106704146624855,444.4539494096279,975.2228041116897,0
435.59157759919367,-6.1106704146624855,444.5977974781508,975.2228041116897,0
435.59157759919367,-6.120484545379905,444.5977974781508,975.3644956239224,0
436.0503108066684,-6.120484545379905,444.7395460392605,975.3644956239224,0
436.0503108066684,-6.13058939989775,444.7395460392605,975.5103844610238,0
436.515838536516,-6.13058939989775,444.88339410778343,975.5103844610238,0
436.9813662663636,-6.13058939989775,445.02724217630634,975.5103844610238,0
436.9813662663636,-6.140548892515382,445.02724217630634,975.6541746356909,0
437.44689399621114,-6.140548892515382,445.1710902448292,975.6541746356909,0
437.9057301509946,-6.150508385133015,445.3128706166573,975.7979648103579,0
438.3644633584693,-6.150508385133015,445.454619177767,975.7979648103579,0
438.3644633584693,-6.160467877750647,445.454619177767,975.941754985025,0
438.8299910883169,-6.160467877750647,445.5984672462899,975.941754985025,0
438.8299910883169,-6.170427370368279,445.5984672462899,976.0855451596921,0
439.2888272431003,-6.170427370368279,445.74024761811796,976.0855451596921,0
439.7543549729479,-6.170427370368279,445.8840956866409,976.0855451596921,0
439.7543549729479,-6.1803868629859116,445.8840956866409,976.2293353343591,0
440.2198827027955,-6.1803868629859116,446.0279437551638,976.2293353343591,0
440.2198827027955,-6.190341950697477,446.0279437551638,976.3730619131949,0
440.67861591027025,-6.190341950697477,446.1696923162735,976.3730619131949,0
441.137349117745,-6.200305848221176,446.3114408773832,976.5169156836932,0
441.6028768475926,-6.200305848221176,446.4552889459061,976.5169156836932,0
441.6028768475926,-6.210406297832955,446.4552889459061,976.6627409249633,0
442.0684045774401,-6.210406297832955,446.599137014429,976.6627409249633,0
442.52724073222356,-6.220220428550373,446.7409173862571,976.804432437196,0
442.9927684620711,-6.220220428550373,446.88476545477994,976.804432437196,0
442.9927684620711,-6.230179921168006,446.88476545477994,976.9482226118631,0
443.4515016695459,-6.230179921168006,447.0265140158897,976.9482226118631,0
443.91702939939347,-6.230179921168006,447.17036208441255,976.9482226118631,0
443.91702939939347,-6.2402847756858515,447.17036208441255,977.0941114489644,0
444.3758655541769,-6.2402847756858515,447.3121424562406,977.0941114489644,0
444.8393343378509,-6.240209892282711,447.45535431039593,977.0930303198317,0
444.8393343378509,-6.250169384900343,447.45535431039593,977.2368204944987,0
444.8413932840245,-6.2402847756858515,447.45599052476354,977.0941114489644,0
445.3048620676985,-6.250169384900343,447.5992023789188,977.2368204944987,0
445.7635952751732,-6.2601288775179755,447.7409509400285,977.3806106691658,0
446.2291230050208,-6.2601288775179755,447.8847990085514,977.3806106691658,0
446.2291230050208,-6.270088370135608,447.8847990085514,977.5244008438328,0
446.6879591598042,-6.270088370135608,448.0265793803795,977.5244008438328,0
447.1534868896518,-6.270088370135608,448.1704274489024,977.5244008438328,0
447.1534868896518,-6.28004786275324,448.1704274489024,977.6681910184999,0
447.6122200971265,-6.28004786275324,448.3121760100121,977.6681910184999,0
448.07774782697413,-6.290007355370872,448.456024078535,977.811981193167,0
448.53658398175753,-6.290007355370872,448.59780445036307,977.811981193167,0
448.53658398175753,-6.299966847988505,448.59780445036307,977.955771367834,0
449.00211171160515,-6.299966847988505,448.741652518886,977.955771367834,0
449.4676394414527,-6.299966847988505,448.8855005874089,977.955771367834,0
449.4676394414527,-6.309926340606137,448.8855005874089,978.0995615425011,0
449.9263726489275,-6.309926340606137,449.0272491485186,978.0995615425011,0
449.9263726489275,-6.319885833223769,449.0272491485186,978.2433517171681,0
450.39190037877506,-6.319885833223769,449.17109721704145,978.2433517171681,0
450.8507365335585,-6.319885833223769,449.3128775888695,978.2433517171681,0
450.8507365335585,-6.329845325841402,449.3128775888695,978.3871418918352,0
451.30946974103324,-6.329845325841402,449.4546261499792,978.3871418918352,0
451.7749974708808,-6.339804818459034,449.59847421850213,978.5309320665024,0
452.24052520072837,-6.339804818459034,449.74232228702505,978.5309320665024,0
452.69925840820315,-6.339804818459034,449.88407084813474,978.5309320665024,0
452.69925840820315,-6.349764311076666,449.88407084813474,978.6747222411694,0
453.1647861380507,-6.349764311076666,450.02791891665765,978.6747222411694,0
453.62362229283417,-6.349764311076666,450.16969928848573,978.6747222411694,0
453.62362229283417,-6.3597238036942985,450.16969928848573,978.8185124158365,0
454.08915002268174,-6.3597238036942985,450.31354735700864,978.8185124158365,0
454.5478832301565,-6.3597238036942985,450.45529591811834,978.8185124158365,0
454.5478832301565,-6.369683296311931,450.45529591811834,978.9623025905036,0
455.013410960004,-6.369683296311931,450.59914398664125,978.9623025905036,0
455.4722471147875,-6.369683296311931,450.74092435846933,978.9623025905036,0
455.4722471147875,-6.379642788929563,450.74092435846933,979.1060927651706,0
455.93777484463504,-6.379642788929563,450.8847724269922,979.1060927651706,0
456.3965080521098,-6.389602281547195,451.02652098810194,979.2498829398377,0
456.8620357819574,-6.389602281547195,451.1703690566248,979.2498829398377,0
457.32756351180495,-6.389602281547195,451.3142171251477,979.2498829398377,0
457.32756351180495,-6.399561774164828,451.3142171251477,979.3936731145047,0
457.7863996665884,-6.399561774164828,451.4559974969758,979.3936731145047,0
458.24513287406313,-6.40952126678246,451.5977460580855,979.5374632891718,0
458.71066060391075,-6.40952126678246,451.7415941266084,979.5374632891718,0
459.17618833375826,-6.40952126678246,451.8854421951313,979.5374632891718,0
459.17618833375826,-6.419480759400092,451.8854421951313,979.6812534638389,0
459.63492154123304,-6.419480759400092,452.027190756241,979.6812534638389,0
460.1004492710806,-6.429585613917937,452.1710388247639,979.8271423009402,0
460.55928542586406,-6.429585613917937,452.312819196592,979.8271423009402,0
461.0180186333388,-6.429585613917937,452.4545677577017,979.8271423009402,0
461.0180186333388,-6.4395451065355696,452.4545677577017,979.9709324756074,0
461.4835463631864,-6.4395451065355696,452.5984158262246,979.9709324756074,0
461.94907409303397,-6.4395451065355696,452.74226389474745,979.9709324756074,0
461.94907409303397,-6.449359237252989,452.74226389474745,980.11262398784,0
462.4079102478174,-6.449359237252989,452.88404426657553,980.11262398784,0
462.87343797766493,-6.459464091770834,453.02789233509844,980.2585128249415,0
463.3321711851397,-6.459464091770834,453.16964089620814,980.2585128249415,0
463.7976989149873,-6.459464091770834,453.31348896473105,980.2585128249415,0
463.7976989149873,-6.469278222488253,453.31348896473105,980.4002043371742,0
464.25653506977073,-6.469278222488253,453.4552693365591,980.4002043371742,0
464.7220627996183,-6.469278222488253,453.59911740508204,980.4002043371742,0
464.7220627996183,-6.479237715105885,453.59911740508204,980.5439945118412,0
465.1875905294659,-6.479237715105885,453.74296547360495,980.5439945118412,0
465.64632373694064,-6.479237715105885,453.88471403471465,980.5439945118412,0
465.64632373694064,-6.489342569623731,453.88471403471465,980.6898833489427,0
466.1050569444154,-6.489342569623731,454.02646259582434,980.6898833489427,0
466.57058467426293,-6.489342569623731,454.17031066434726,980.6898833489427,0
467.03611240411055,-6.499302062241363,454.3141587328701,980.8336735236097,0
467.49494855889395,-6.499302062241363,454.4559391046982,980.8336735236097,0
467.9604762887415,-6.499302062241363,454.5997871732211,980.8336735236097,0
467.9604762887415,-6.509116192958782,454.5997871732211,980.9753650358424,0
468.4192094962163,-6.509116192958782,454.7415357343308,980.9753650358424,0
468.8780456509997,-6.509116192958782,454.8833161061589,980.9753650358424,0
469.3435733808473,-6.519221047476628,455.0271641746818,981.1212538729438,0
469.8091011106949,-6.519221047476628,455.1710122432047,981.1212538729438,0
470.27462884054245,-6.519221047476628,455.3148603117276,981.1212538729438,0
470.27462884054245,-6.52918054009426,455.3148603117276,981.2650440476109,0
470.73336204801717,-6.52918054009426,455.4566088728373,981.2650440476109,0
471.1921982028006,-6.52918054009426,455.5983892446654,981.2650440476109,0
471.6577259326482,-6.538994670811679,455.7422373131883,981.4067355598436,0
472.11645914012297,-6.538994670811679,455.883985874298,981.4067355598436,0
472.58198686997054,-6.538994670811679,456.02783394282085,981.4067355598436,0
473.04751459981816,-6.538994670811679,456.17168201134376,981.4067355598436,0
473.5062478072929,-6.549099525329525,456.31343057245346,981.552624396945,0
473.96508396207633,-6.549099525329525,456.45521094428153,981.552624396945,0
474.43061169192384,-6.549099525329525,456.59905901280445,981.552624396945,0
474.43061169192384,-6.559059017947157,456.59905901280445,981.6964145716121,0
474.89613942177147,-6.559059017947157,456.74290708132736,981.6964145716121,0
475.3548726292462,-6.559059017947157,456.88465564243705,981.6964145716121,0
475.8204003590938,-6.569018510564789,457.02850371095997,981.8402047462791,0
476.27244199150437,-6.569018510564789,457.1681845753748,981.8402047462791,0
476.737969721352,-6.569018510564789,457.31203264389774,981.8402047462791,0
477.1968058761354,-6.569018510564789,457.4538130157258,981.8402047462791,0
477.1968058761354,-6.578973598276354,457.4538130157258,981.9839313251149,0
477.662333605983,-6.578973598276354,457.5976610842487,981.9839313251149,0
478.1278613358306,-6.578973598276354,457.74150915277164,981.9839313251149,0
478.5865945433053,-6.578973598276354,457.88325771388133,981.9839313251149,0
479.05212227315286,-6.5889330908939865,458.0271057824042,982.127721499782,0
479.51095842793626,-6.5889330908939865,458.16888615423227,982.127721499782,0
479.9764861577839,-6.5889330908939865,458.3127342227552,982.127721499782,0
480.4352193652586,-6.5889330908939865,458.4544827838649,982.127721499782,0
480.9007470951062,-6.598892583511619,458.5983308523878,982.271511674449,0
481.35948030258095,-6.598892583511619,458.7400794134975,982.271511674449,0
481.82500803242857,-6.598892583511619,458.8839274820204,982.271511674449,0
481.82500803242857,-6.608852076129251,458.8839274820204,982.4153018491161,0
482.28384418721197,-6.608852076129251,459.0257078538485,982.4153018491161,0
482.74937191705953,-6.608852076129251,459.1695559223714,982.4153018491161,0
483.20810512453426,-6.608852076129251,459.3113044834811,982.4153018491161,0
483.6736328543819,-6.608852076129251,459.455152552004,982.4153018491161,0
483.6736328543819,-6.618811568746883,459.455152552004,982.5590920237831,0
484.1324690091653,-6.618811568746883,459.59693292383207,982.5590920237831,0
484.5979967390129,-6.618811568746883,459.740780992355,982.5590920237831,0
485.0567299464876,-6.618811568746883,459.8825295534647,982.5590920237831,0
485.52225767633524,-6.618811568746883,460.02637762198754,982.5590920237831,0
485.52225767633524,-6.628771061364516,460.02637762198754,982.7028821984502,0
485.9877854061828,-6.618811568746883,460.17022569051045,982.5590920237831,0
485.9877854061828,-6.628771061364516,460.17022569051045,982.7028821984502,0
486.4465186136576,-6.628771061364516,460.31197425162014,982.7028821984502,0
486.9120463435051,-6.628771061364516,460.45582232014306,982.7028821984502,0
487.37088249828855,-6.628771061364516,460.59760269197113,982.7028821984502,0
487.8364102281361,-6.628771061364516,460.74145076049405,982.7028821984502,0
488.29514343561084,-6.628771061364516,460.88319932160374,982.7028821984502,0
488.29514343561084,-6.638730553982148,460.88319932160374,982.8466723731173,0
488.76067116545846,-6.628771061364516,461.02704739012665,982.7028821984502,0
488.76067116545846,-6.638730553982148,461.02704739012665,982.8466723731173,0
489.21950732024186,-6.628771061364516,461.16882776195473,982.7028821984502,0
489.21950732024186,-6.638730553982148,461.16882776195473,982.8466723731173,0
489.6850350500895,-6.638730553982148,461.31267583047764,982.8466723731173,0
490.1437682575642,-6.638730553982148,461.45442439158734,982.8466723731173,0
490.60929598741177,-6.638730553982148,461.5982724601102,982.8466723731173,0
491.07482371725933,-6.638730553982148,461.7421205286331,982.8466723731173,0
491.07482371725933,-6.64869004659978,461.7421205286331,982.9904625477843,0
491.5336598720428,-6.64869004659978,461.8839009004612,982.9904625477843,0
491.9923930795175,-6.64869004659978,462.0256494615709,982.9904625477843,0
492.45792080936513,-6.64869004659978,462.1694975300938,982.9904625477843,0
492.91675696414853,-6.64869004659978,462.31127790192187,982.9904625477843,0
492.91675696414853,-6.6586495392174125,462.31127790192187,983.1342527224514,0
493.38228469399616,-6.6586495392174125,462.4551259704448,983.1342527224514,0
493.84781242384366,-6.6586495392174125,462.5989740389677,983.1342527224514,0
494.30654563131844,-6.6586495392174125,462.7407226000774,983.1342527224514,0
494.76527883879317,-6.6586495392174125,462.8824711611871,983.1342527224514,0
495.2308065686408,-6.6586495392174125,463.02631922971,983.1342527224514,0
495.69633429848835,-6.6586495392174125,463.17016729823285,983.1342527224514,0
496.1551704532718,-6.6586495392174125,463.311947670061,983.1342527224514,0
496.6206981831194,-6.6586495392174125,463.45579573858384,983.1342527224514,0
497.07943139059415,-6.6586495392174125,463.59754429969354,983.1342527224514,0
497.07943139059415,-6.668609031835045,463.59754429969354,983.2780428971184,0
497.55844521787867,-6.668609031835045,463.7455595723245,983.2780428971184,0
498.0239729477263,-6.668609031835045,463.88940764084737,983.2780428971184,0
498.48950067757386,-6.668609031835045,464.0332557093703,983.2780428971184,0
498.9483368323573,-6.668609031835045,464.17503608119836,983.2780428971184,0
499.40707003983204,-6.668609031835045,464.31678464230805,983.2780428971184,0
499.87259776967954,-6.668609031835045,464.46063271083096,983.2780428971184,0
500.33812549952717,-6.668609031835045,464.6044807793539,983.2780428971184,0
500.33812549952717,-6.678568524452677,464.6044807793539,983.4218330717855,0
500.7969616543106,-6.668609031835045,464.74626115118195,983.2780428971184,0
501.2624893841582,-6.668609031835045,464.89010921970487,983.2780428971184,0
501.72122259163285,-6.678568524452677,465.03185778081456,983.4218330717855,0
502.18675032148053,-6.678568524452677,465.1757058493375,983.4218330717855,0
502.6454835289552,-6.678568524452677,465.31745441044717,983.4218330717855,0
503.1110112588029,-6.678568524452677,465.46130247897,983.4218330717855,0
503.5698474135862,-6.678568524452677,465.60308285079816,983.4218330717855,0
504.0353751434339,-6.678568524452677,465.746930919321,983.4218330717855,0
504.49410835090856,-6.678568524452677,465.8886794804307,983.4218330717855,0
504.49410835090856,-6.688528017070309,465.8886794804307,983.5656232464526,0
504.95963608075624,-6.688528017070309,466.0325275489536,983.5656232464526,0
505.4184722355396,-6.688528017070309,466.1743079207817,983.5656232464526,0
505.88399996538715,-6.688528017070309,466.3181559893046,983.5656232464526,0
506.34952769523477,-6.688528017070309,466.4620040578275,983.5656232464526,0
506.8082609027095,-6.688528017070309,466.6037526189372,983.5656232464526,0
507.26709705749295,-6.688528017070309,466.7455329907653,983.5656232464526,0
507.7326247873405,-6.688528017070309,466.8893810592882,983.5656232464526,0
508.19815251718813,-6.688528017070309,467.03322912781107,983.5656232464526,0
508.65688572466286,-6.688528017070309,467.1749776889208,983.5656232464526,0
508.65688572466286,-6.698487509687941,467.1749776889208,983.7094134211196,0
509.12241345451037,-6.698487509687941,467.3188257574437,983.7094134211196,0
509.5811466619852,-6.698487509687941,467.46057431855337,983.7094134211196,0
510.0466743918327,-6.698487509687941,467.6044223870763,983.7094134211196,0
510.50551054661616,-6.698487509687941,467.74620275890436,983.7094134211196,0
510.97103827646373,-6.698487509687941,467.8900508274273,983.7094134211196,0
511.43656600631135,-6.698487509687941,468.0338988959502,983.7094134211196,0
511.8952992137861,-6.698487509687941,468.1756474570599,983.7094134211196,0
512.3541353685696,-6.698487509687941,468.31742782888796,983.7094134211196,0
512.8196630984171,-6.698487509687941,468.46127589741087,983.7094134211196,0
513.2851908282646,-6.698487509687941,468.6051239659338,983.7094134211196,0
513.7439240357394,-6.698487509687941,468.7468725270435,983.7094134211196,0
513.7439240357394,-6.708447002305573,468.7468725270435,983.8532035957867,0
514.2027601905228,-6.708447002305573,468.88865289887156,983.8532035957867,0
514.6682879203704,-6.708447002305573,469.0325009673944,983.8532035957867,0
515.1270211278452,-6.708447002305573,469.17424952850416,983.8532035957867,0
515.5925488576928,-6.708447002305573,469.318097597027,983.8532035957867,0
516.0580765875403,-6.708447002305573,469.46194566554993,983.8532035957867,0
516.5168097950151,-6.708447002305573,469.6036942266596,983.8532035957867,0
516.9823375248627,-6.708447002305573,469.74754229518254,983.8532035957867,0
517.441173679646,-6.708447002305573,469.8893226670106,983.8532035957867,0
517.9067014094937,-6.708447002305573,470.03317073553353,983.8532035957867,0
517.9067014094937,-6.718406494923205,470.03317073553353,983.9969937704539,0
518.3654346169684,-6.718406494923205,470.1749192966432,983.9969937704539,0
518.830962346816,-6.718406494923205,470.31876736516614,983.9969937704539,0
519.2897985015994,-6.718406494923205,470.4605477369942,983.9969937704539,0
519.755326231447,-6.718406494923205,470.6043958055171,983.9969937704539,0
520.2140594389217,-6.718406494923205,470.7461443666268,983.9969937704539,0
520.6795871687693,-6.718406494923205,470.8899924351497,983.9969937704539,0
521.145114898617,-6.718406494923205,471.0338405036726,983.9969937704539,0
521.6039510534004,-6.718406494923205,471.17562087550067,983.9969937704539,0
522.069478783248,-6.718406494923205,471.3194689440236,983.9969937704539,0
522.5282119907226,-6.718406494923205,471.4612175051333,983.9969937704539,0
522.5282119907226,-6.728365987540838,471.4612175051333,984.1407839451209,0
522.9937397205703,-6.718406494923205,471.6050655736562,983.9969937704539,0
522.9937397205703,-6.728365987540838,471.6050655736562,984.1407839451209,0
523.4525758753537,-6.718406494923205,471.74684594548427,983.9969937704539,0
523.4525758753537,-6.728365987540838,471.74684594548427,984.1407839451209,0
523.9180006578927,-6.728365987540838,471.8906622032888,984.1407839451209,0
524.376836812676,-6.728365987540838,472.0324425751169,984.1407839451209,0
524.8423645425236,-6.728365987540838,472.1762906436398,984.1407839451209,0
525.3010977499983,-6.728365987540838,472.3180392047495,984.1407839451209,0
525.7666254798459,-6.728365987540838,472.46188727327234,984.1407839451209,0
526.2254616346294,-6.728365987540838,472.6036676451004,984.1407839451209,0
526.6909893644769,-6.728365987540838,472.74751571362333,984.1407839451209,0
527.1565170943245,-6.728365987540838,472.89136378214624,984.1407839451209,0
527.6152503017993,-6.728365987540838,473.03311234325594,984.1407839451209,0
528.0740864565827,-6.728365987540838,473.174892715084,984.1407839451209,0
528.5396141864303,-6.728365987540838,473.3187407836069,984.1407839451209,0
528.5396141864303,-6.73832548015847,473.3187407836069,984.284574119788,0
529.0051419162778,-6.73832548015847,473.46258885212984,984.284574119788,0
529.4638751237526,-6.73832548015847,473.60433741323953,984.284574119788,0
529.9294028536001,-6.73832548015847,473.74818548176245,984.284574119788,0
530.388136061075,-6.73832548015847,473.88993404287214,984.284574119788,0
530.8536637909225,-6.73832548015847,474.033782111395,984.284574119788,0
531.3124999457059,-6.73832548015847,474.1755624832231,984.284574119788,0
531.7780276755535,-6.73832548015847,474.319410551746,984.284574119788,0
532.243555405401,-6.748430334676316,474.4632586202689,984.4304629568893,0
532.7022886128758,-6.748430334676316,474.6050071813786,984.4304629568893,0
533.1678163427233,-6.748430334676316,474.7488552499015,984.4304629568893,0
533.6266524975068,-6.748430334676316,474.8906356217296,984.4304629568893,0
534.0921802273543,-6.748430334676316,475.0344836902525,984.4304629568893,0
534.5509134348292,-6.748430334676316,475.1762322513622,984.4304629568893,0
535.0164411646767,-6.748430334676316,475.3200803198851,984.4304629568893,0
535.4752773194602,-6.748430334676316,475.4618606917132,984.4304629568893,0
535.9340105269349,-6.748430334676316,475.6036092528229,984.4304629568893,0
536.3995382567824,-6.748430334676316,475.7474573213458,984.4304629568893,0
536.86506598663,-6.748430334676316,475.89130538986865,984.4304629568893,0
537.3239021414134,-6.748430334676316,476.0330857616967,984.4304629568893,0
537.7894298712611,-6.748430334676316,476.17693383021964,984.4304629568893,0
537.7894298712611,-6.758389827293948,476.17693383021964,984.5742531315564,0
538.2548546538,-6.748430334676316,476.32075008802417,984.4304629568893,0
538.7136908085835,-6.758389827293948,476.46253045985225,984.5742531315564,0
539.1724240160581,-6.758389827293948,476.60427902096194,984.5742531315564,0
539.6379517459056,-6.758389827293948,476.74812708948485,984.5742531315564,0
540.1034794757534,-6.758389827293948,476.89197515800777,984.5742531315564,0
540.5623156305367,-6.758389827293948,477.03375552983584,984.5742531315564,0
541.0278433603844,-6.758389827293948,477.1776035983587,984.5742531315564,0
541.0278433603844,-6.768203958011367,477.1776035983587,984.7159446437892,0
541.4865765678591,-6.768203958011367,477.31935215946845,984.7159446437892,0
541.9521042977067,-6.768203958011367,477.4632002279913,984.7159446437892,0
542.4109404524901,-6.768203958011367,477.6049805998194,984.7159446437892,0
542.8764681823377,-6.768203958011367,477.7488286683423,984.7159446437892,0
543.3352013898124,-6.768203958011367,477.890577229452,984.7159446437892,0
543.8007291196599,-6.768203958011367,478.0344252979749,984.7159446437892,0
544.2594623271348,-6.768203958011367,478.1761738590846,984.7159446437892,0
544.2594623271348,-6.778308812529213,478.1761738590846,984.8618334808905,0
544.7249900569823,-6.778308812529213,478.3200219276075,984.8618334808905,0
545.1905177868299,-6.778308812529213,478.4638699961304,984.8618334808905,0
545.6493539416133,-6.778308812529213,478.6056503679585,984.8618334808905,0
546.1080871490881,-6.778308812529213,478.7473989290682,984.8618334808905,0
546.5736148789356,-6.778308812529213,478.8912469975911,984.8618334808905,0
547.0324510337191,-6.778308812529213,479.0330273694192,984.8618334808905,0
547.4979787635666,-6.778308812529213,479.17687543794204,984.8618334808905,0
547.9635064934142,-6.778308812529213,479.32072350646496,984.8618334808905,0
547.9635064934142,-6.788268305146845,479.32072350646496,985.0056236555575,0
548.422239700889,-6.778308812529213,479.46247206757465,984.8618334808905,0
548.422239700889,-6.788268305146845,479.46247206757465,985.0056236555575,0
548.8877674307365,-6.778308812529213,479.60632013609757,984.8618334808905,0
549.34660358552,-6.788268305146845,479.74810050792564,985.0056236555575,0
549.8121313153675,-6.788268305146845,479.89194857644856,985.0056236555575,0
550.2708645228423,-6.778308812529213,480.03369713755825,984.8618334808905,0
550.2708645228423,-6.788268305146845,480.03369713755825,985.0056236555575,0
550.7363922526899,-6.788268305146845,480.17754520608116,985.0056236555575,0
551.1952284074733,-6.788268305146845,480.31932557790924,985.0056236555575,0
551.660756137321,-6.788268305146845,480.46317364643215,985.0056236555575,0
552.1194893447956,-6.788268305146845,480.60492220754185,985.0056236555575,0
552.5850170746432,-6.788268305146845,480.7487702760647,985.0056236555575,0
552.5850170746432,-6.798227797764477,480.7487702760647,985.1494138302246,0
553.0505448044908,-6.798227797764477,480.8926183445876,985.1494138302246,0
553.5092780119655,-6.788268305146845,481.0343669056973,985.0056236555575,0
553.5092780119655,-6.798227797764477,481.0343669056973,985.1494138302246,0
553.9681141667489,-6.788268305146845,481.1761472775254,985.0056236555575,0
554.4336418965966,-6.788268305146845,481.3199953460483,985.0056236555575,0
554.4336418965966,-6.798227797764477,481.3199953460483,985.1494138302246,0
554.8923751040713,-6.798227797764477,481.461743907158,985.1494138302246,0
555.3579028339188,-6.798227797764477,481.6055919756809,985.1494138302246,0
555.8234305637665,-6.798227797764477,481.7494400442038,985.1494138302246,0
556.2822667185499,-6.798227797764477,481.8912204160319,985.1494138302246,0
556.7409999260246,-6.798227797764477,482.0329689771416,985.1494138302246,0
557.2065276558722,-6.798227797764477,482.1768170456645,985.1494138302246,0
557.6720553857199,-6.798227797764477,482.3206651141874,985.1494138302246,0
558.1307885931946,-6.798227797764477,482.4624136752971,985.1494138302246,0
558.1307885931946,-6.80818729038211,482.4624136752971,985.2932040048918,0
558.5963163230421,-6.80818729038211,482.60626174381997,985.2932040048918,0
559.0551524778256,-6.80818729038211,482.74804211564805,985.2932040048918,0
559.5206802076731,-6.80818729038211,482.89189018417096,985.2932040048918,0
559.9794134151479,-6.80818729038211,483.03363874528065,985.2932040048918,0
560.4449411449955,-6.80818729038211,483.17748681380357,985.2932040048918,0
560.9104688748431,-6.80818729038211,483.3213348823265,985.2932040048918,0
561.3693050296265,-6.80818729038211,483.46311525415456,985.2932040048918,0
561.3693050296265,-6.818146782999741,483.46311525415456,985.4369941795588,0
561.8280382371013,-6.818146782999741,483.60486381526425,985.4369941795588,0
562.2935659669488,-6.80818729038211,483.74871188378717,985.2932040048918,0
562.2935659669488,-6.818146782999741,483.74871188378717,985.4369941795588,0
562.7590936967963,-6.818146782999741,483.8925599523101,985.4369941795588,0
563.2179298515798,-6.818146782999741,484.03434032413816,985.4369941795588,0
563.6834575814273,-6.818146782999741,484.178188392661,985.4369941795588,0
564.1421907889021,-6.818146782999741,484.3199369537707,985.4369941795588,0
564.6010269436855,-6.818146782999741,484.46171732559884,985.4369941795588,0
565.0665546735331,-6.818146782999741,484.6055653941217,985.4369941795588,0
565.5320824033807,-6.818146782999741,484.7494134626446,985.4369941795588,0
565.9908156108555,-6.818146782999741,484.8911620237543,985.4369941795588,0
565.9908156108555,-6.828106275617373,484.8911620237543,985.5807843542259,0
566.456343340703,-6.828106275617373,485.0350100922772,985.5807843542259,0
566.9150765481777,-6.828106275617373,485.1767586533869,985.5807843542259,0
567.3806042780254,-6.828106275617373,485.3206067219098,985.5807843542259,0
567.8394404328087,-6.828106275617373,485.4623870937379,985.5807843542259,0
568.3049681626565,-6.828106275617373,485.6062351622608,985.5807843542259,0
568.770495892504,-6.828106275617373,485.7500832307837,985.5807843542259,0
569.2292290999787,-6.828106275617373,485.8918317918934,985.5807843542259,0
569.6880652547621,-6.828106275617373,486.0336121637215,985.5807843542259,0
569.6880652547621,-6.838065768235006,486.0336121637215,985.724574528893,0
570.1535929846098,-6.828106275617373,486.17746023224436,985.5807843542259,0
570.1535929846098,-6.838065768235006,486.17746023224436,985.724574528893,0
570.6326068118943,-6.828106275617373,486.3254755048753,985.5807843542259,0
570.6326068118943,-6.838065768235006,486.3254755048753,985.724574528893,0
571.0981345417418,-6.838065768235006,486.4693235733982,985.724574528893,0
571.5568677492166,-6.838065768235006,486.6110721345079,985.724574528893,0
572.0223954790642,-6.838065768235006,486.7549202030308,985.724574528893,0
572.4812316338475,-6.838065768235006,486.89670057485887,985.724574528893,0
572.9467593636953,-6.838065768235006,487.0405486433818,985.724574528893,0
573.4054925711699,-6.838065768235006,487.1822972044915,985.724574528893,0
573.8710203010176,-6.838065768235006,487.3261452730144,985.724574528893,0
574.3297535084922,-6.848025260852638,487.4678938341241,985.86836470356,0
574.7952812383398,-6.848025260852638,487.611741902647,985.86836470356,0
575.2608089681875,-6.848025260852638,487.7555899711699,985.86836470356,0
575.7196451229707,-6.848025260852638,487.897370342998,985.86836470356,0
576.1783783304456,-6.848025260852638,488.0391189041077,985.86836470356,0
576.6439060602931,-6.848025260852638,488.1829669726306,985.86836470356,0
577.1027422150767,-6.848025260852638,488.3247473444587,985.86836470356,0
577.5682699449242,-6.848025260852638,488.46859541298153,985.86836470356,0
578.0337976747718,-6.848025260852638,488.61244348150444,985.86836470356,0
578.4925308822465,-6.848025260852638,488.75419204261414,985.86836470356,0
578.4925308822465,-6.85798475347027,488.75419204261414,986.0121548782271,0
578.9580586120942,-6.85798475347027,488.89804011113705,986.0121548782271,0
579.4168947668775,-6.85798475347027,489.0398204829651,986.0121548782271,0
579.8824224967251,-6.85798475347027,489.18366855148804,986.0121548782271,0
580.3411557041999,-6.85798475347027,489.32541711259773,986.0121548782271,0
580.8066834340474,-6.85798475347027,489.46926518112065,986.0121548782271,0
581.2655195888309,-6.85798475347027,489.6110455529487,986.0121548782271,0
581.7310473186784,-6.85798475347027,489.75489362147164,986.0121548782271,0
582.1897805261532,-6.85798475347027,489.89664218258133,986.0121548782271,0
582.6553082560008,-6.85798475347027,490.0404902511042,986.0121548782271,0
583.1208359858483,-6.85798475347027,490.1843383196271,986.0121548782271,0
583.5795691933231,-6.85798475347027,490.3260868807368,986.0121548782271,0
583.5795691933231,-6.8679442460879025,490.3260868807368,986.1559450528941,0
584.0450969231706,-6.8679442460879025,490.4699349492597,986.1559450528941,0
584.5039330779541,-6.8679442460879025,490.6117153210878,986.1559450528941,0
584.9694608078016,-6.8679442460879025,490.7555633896107,986.1559450528941,0
585.4281940152764,-6.8679442460879025,490.8973119507204,986.1559450528941,0
585.893721745124,-6.8679442460879025,491.0411600192433,986.1559450528941,0
586.3525578999074,-6.8679442460879025,491.1829403910714,986.1559450528941,0
586.3525578999074,-6.877903738705535,491.1829403910714,986.2997352275612,0
586.818085629755,-6.877903738705535,491.3267884595943,986.2997352275612,0
587.2768188372298,-6.8679442460879025,491.468537020704,986.1559450528941,0
587.2768188372298,-6.877903738705535,491.468537020704,986.2997352275612,0
587.7423465670773,-6.8679442460879025,491.61238508922685,986.1559450528941,0
588.2078742969248,-6.8679442460879025,491.75623315774976,986.1559450528941,0
588.6666075043997,-6.8679442460879025,491.89798171885946,986.1559450528941,0
589.125443659183,-6.8679442460879025,492.03976209068753,986.1559450528941,0
589.125443659183,-6.877903738705535,492.03976209068753,986.2997352275612,0
589.5909713890308,-6.877903738705535,492.18361015921045,986.2997352275612,0
590.0497045965054,-6.877903738705535,492.32535872032014,986.2997352275612,0
590.515232326353,-6.877903738705535,492.46920678884305,986.2997352275612,0
590.9807600562006,-6.877903738705535,492.61305485736597,986.2997352275612,0
591.439596210984,-6.877903738705535,492.75483522919404,986.2997352275612,0
591.8983294184587,-6.877903738705535,492.89658379030374,986.2997352275612,0
592.3706516706792,-6.877903738705535,493.0425313662398,986.2997352275612,0
592.829384878154,-6.877903738705535,493.1842799273495,986.2997352275612,0
592.829384878154,-6.887863231323167,493.1842799273495,986.4435254022283,0
593.2882210329374,-6.887863231323167,493.32606029917764,986.4435254022283,0
593.753748762785,-6.887863231323167,493.4699083677005,986.4435254022283,0
594.2124819702597,-6.887863231323167,493.6116569288102,986.4435254022283,0
594.6780097001072,-6.887863231323167,493.7555049973331,986.4435254022283,0
595.1368458548907,-6.887863231323167,493.8972853691612,986.4435254022283,0
595.6023735847382,-6.887863231323167,494.0411334376841,986.4435254022283,0
596.0679013145859,-6.887863231323167,494.184981506207,986.4435254022283,0
596.0679013145859,-6.897822723940799,494.184981506207,986.5873155768953,0
596.5266345220606,-6.897822723940799,494.3267300673167,986.5873155768953,0
596.9921622519082,-6.897822723940799,494.4705781358396,986.5873155768953,0
597.4508954593829,-6.897822723940799,494.6123266969493,986.5873155768953,0
597.9164231892305,-6.897822723940799,494.7561747654722,986.5873155768953,0
598.3752593440139,-6.897822723940799,494.8979551373003,986.5873155768953,0
598.8407870738614,-6.897822723940799,495.04180320582316,986.5873155768953,0
599.2995202813363,-6.897822723940799,495.18355176693285,986.5873155768953,0
599.2995202813363,-6.907782216558432,495.18355176693285,986.7311057515624,0
599.7650480111838,-6.907782216558432,495.32739983545576,986.7311057515624,0
600.2238841659673,-6.907782216558432,495.46918020728384,986.7311057515624,0
600.6894118958148,-6.907782216558432,495.61302827580676,986.7311057515624,0
601.1481451032896,-6.907782216558432,495.75477683691645,986.7311057515624,0
601.6136728331371,-6.907782216558432,495.89862490543936,986.7311057515624,0
602.0792005629847,-6.907782216558432,496.0424729739623,986.7311057515624,0
602.5379337704595,-6.907782216558432,496.18422153507197,986.7311057515624,0
603.003461500307,-6.907782216558432,496.3280696035949,986.7311057515624,0
603.4622976550905,-6.907782216558432,496.46984997542296,986.7311057515624,0
603.927825384938,-6.907782216558432,496.6136980439458,986.7311057515624,0
604.3865585924128,-6.917741709176064,496.7554466050555,986.8748959262294,0
604.8520863222604,-6.917741709176064,496.8992946735784,986.8748959262294,0
605.3109224770438,-6.917741709176064,497.0410750454065,986.8748959262294,0
605.7764502068915,-6.917741709176064,497.1849231139294,986.8748959262294,0
606.2351834143662,-6.917741709176064,497.3266716750391,986.8748959262294,0
606.7007111442138,-6.917741709176064,497.470519743562,986.8748959262294,0
607.1662388740613,-6.917741709176064,497.61436781208494,986.8748959262294,0
607.6250750288448,-6.917741709176064,497.756148183913,986.8748959262294,0
607.6250750288448,-6.927701201793696,497.756148183913,987.0186861008965,0
608.0838082363194,-6.927701201793696,497.8978967450227,987.0186861008965,0
608.5493359661671,-6.927701201793696,498.0417448135456,987.0186861008965,0
609.0081721209505,-6.927701201793696,498.1835251853737,987.0186861008965,0
609.4736998507981,-6.927701201793696,498.3273732538966,987.0186861008965,0
609.9392275806457,-6.927701201793696,498.47122132241947,987.0186861008965,0
610.3979607881204,-6.927701201793696,498.61296988352916,987.0186861008965,0
610.863488517968,-6.927701201793696,498.7568179520521,987.0186861008965,0
610.863488517968,-6.937660694411329,498.7568179520521,987.1624762755636,0
611.3222217254427,-6.937660694411329,498.89856651316177,987.1624762755636,0
611.7877494552904,-6.937660694411329,499.0424145816847,987.1624762755636,0
612.2465856100737,-6.937660694411329,499.18419495351276,987.1624762755636,0
612.7121133399214,-6.937660694411329,499.3280430220357,987.1624762755636,0
613.1708465473961,-6.937660694411329,499.46979158314537,987.1624762755636,0
613.1708465473961,-6.947620187028961,499.46979158314537,987.3062664502306,0
613.6363742772436,-6.947620187028961,499.6136396516683,987.3062664502306,0
614.0952104320271,-6.947620187028961,499.75542002349636,987.3062664502306,0
614.5607381618746,-6.947620187028961,499.89926809201927,987.3062664502306,0
615.0262658917222,-6.947620187028961,500.0431161605421,987.3062664502306,0
615.484999099197,-6.947620187028961,500.1848647216518,987.3062664502306,0
615.9437323066718,-6.947620187028961,500.3266132827615,987.3062664502306,0
616.4092600365193,-6.947620187028961,500.4704613512844,987.3062664502306,0
616.8747877663669,-6.947620187028961,500.61430941980734,987.3062664502306,0
617.3336239211503,-6.947620187028961,500.7560897916354,987.3062664502306,0
617.7991516509978,-6.947620187028961,500.89993786015833,987.3062664502306,0
617.7991516509978,-6.957579679646593,500.89993786015833,987.4500566248977,0
618.2578848584726,-6.957579679646593,501.041686421268,987.4500566248977,0
618.716721013256,-6.957579679646593,501.1834667930961,987.4500566248977,0
619.1822487431036,-6.957579679646593,501.327314861619,987.4500566248977,0
619.6477764729513,-6.957579679646593,501.47116293014193,987.4500566248977,0
620.106509680426,-6.957579679646593,501.6129114912516,987.4500566248977,0
620.5720374102735,-6.957579679646593,501.7567595597745,987.4500566248977,0
621.030873565057,-6.957579679646593,501.8985399316026,987.4500566248977,0
621.4964012949046,-6.957579679646593,502.04238800012547,987.4500566248977,0
621.9551345023792,-6.957579679646593,502.18413656123516,987.4500566248977,0
621.9551345023792,-6.9675391722642255,502.18413656123516,987.5938467995647,0
622.420662232227,-6.9675391722642255,502.3279846297581,987.5938467995647,0
622.8861899620745,-6.9675391722642255,502.471832698281,987.5938467995647,0
623.345026116858,-6.9675391722642255,502.61361307010907,987.5938467995647,0
623.8037593243326,-6.9675391722642255,502.75536163121876,987.5938467995647,0
624.2692870541803,-6.9675391722642255,502.8992096997417,987.5938467995647,0
624.7348147840278,-6.9675391722642255,503.0430577682646,987.5938467995647,0
625.1935479915027,-6.977498664881858,503.1848063293743,987.7376369742318,0
625.6590757213502,-6.977498664881858,503.3286543978972,987.7376369742318,0
626.1179118761336,-6.977498664881858,503.4704347697253,987.7376369742318,0
626.5766450836084,-6.977498664881858,503.61218333083497,987.7376369742318,0
627.0421728134559,-6.977498664881858,503.7560313993578,987.7376369742318,0
627.5077005433035,-6.977498664881858,503.89987946788074,987.7376369742318,0
627.9665366980869,-6.977498664881858,504.0416598397088,987.7376369742318,0
628.4320644279345,-6.977498664881858,504.1855079082317,987.7376369742318,0
628.8907976354092,-6.977498664881858,504.3272564693414,987.7376369742318,0
629.3563253652568,-6.987744476393849,504.47110453786433,987.8855608779362,0
629.8150585727316,-6.987744476393849,504.612853098974,987.8855608779362,0
630.2805863025791,-6.987744476393849,504.75670116749694,987.8855608779362,0
630.7394224573626,-6.987744476393849,504.898481539325,987.8855608779362,0
630.7394224573626,-6.997849330911695,504.898481539325,988.0314497150376,0
631.2049501872101,-6.987744476393849,505.04232960784793,987.8855608779362,0
631.2049501872101,-6.997849330911695,505.04232960784793,988.0314497150376,0
631.6636833946849,-6.987744476393849,505.1840781689576,987.8855608779362,0
631.6636833946849,-6.997849330911695,505.1840781689576,988.0314497150376,0
632.1292111245325,-6.997849330911695,505.3279262374805,988.0314497150376,0
632.59473885438,-6.997849330911695,505.4717743060034,988.0314497150376,0
633.0535750091635,-6.997849330911695,505.6135546778315,988.0314497150376,0
633.519102739011,-6.997849330911695,505.7574027463544,988.0314497150376,0
633.9778359464858,-6.997849330911695,505.8991513074641,988.0314497150376,0
634.4433636763333,-6.997849330911695,506.042999375987,988.0314497150376,0
634.9021998311168,-6.997849330911695,506.18477974781507,988.0314497150376,0
634.9021998311168,-7.007663461629114,506.18477974781507,988.1731412272703,0
635.3677275609643,-7.007663461629114,506.328627816338,988.1731412272703,0
635.8264607684392,-7.007663461629114,506.4703763774477,988.1731412272703,0
636.2919884982867,-7.007663461629114,506.6142244459706,988.1731412272703,0
636.7508246530703,-7.007663461629114,506.75600481779867,988.1731412272703,0
637.2163523829178,-7.007663461629114,506.8998528863215,988.1731412272703,0
637.2163523829178,-7.017622954246746,506.8998528863215,988.3169314019374,0
637.6818801127653,-7.017622954246746,507.04370095484444,988.3169314019374,0
638.14061332024,-7.017622954246746,507.18544951595413,988.3169314019374,0
638.5993465277148,-7.017622954246746,507.3271980770638,988.3169314019374,0
639.0648742575625,-7.017622954246746,507.47104614558674,988.3169314019374,0
639.5237104123457,-7.017622954246746,507.6128265174148,988.3169314019374,0
639.9892381421935,-7.017622954246746,507.75667458593773,988.3169314019374,0
640.454765872041,-7.017622954246746,507.90052265446064,988.3169314019374,0
640.9134990795156,-7.017622954246746,508.04227121557034,988.3169314019374,0
640.9134990795156,-7.027727808764591,508.04227121557034,988.4628202390388,0
641.3723352342992,-7.027727808764591,508.1840515873984,988.4628202390388,0
641.8378629641467,-7.027727808764591,508.3278996559213,988.4628202390388,0
642.3033906939943,-7.027727808764591,508.47174772444424,988.4628202390388,0
642.7621239014691,-7.027727808764591,508.61349628555394,988.4628202390388,0
643.2411377287535,-7.027727808764591,508.76151155818485,988.4628202390388,0
643.2411377287535,-7.0375419394820105,508.76151155818485,988.6045117512715,0
643.699973883537,-7.0375419394820105,508.9032919300129,988.6045117512715,0
644.1587070910117,-7.0375419394820105,509.0450404911226,988.6045117512715,0
644.6242348208594,-7.0375419394820105,509.18888855964553,988.6045117512715,0
645.089762550707,-7.0375419394820105,509.33273662816845,988.6045117512715,0
645.089762550707,-7.047501432099643,509.33273662816845,988.7483019259386,0
645.5552902805546,-7.047501432099643,509.4765846966913,988.7483019259386,0
646.0140234880292,-7.047501432099643,509.618333257801,988.7483019259386,0
646.4728596428128,-7.047501432099643,509.7601136296291,988.7483019259386,0
646.9383873726603,-7.047501432099643,509.903961698152,988.7483019259386,0
647.397120580135,-7.047501432099643,510.0457102592617,988.7483019259386,0
647.397120580135,-7.057606286617488,510.0457102592617,988.89419076304,0
647.8626483099827,-7.057606286617488,510.1895583277846,988.89419076304,0
648.3281760398302,-7.057606286617488,510.3334063963075,988.89419076304,0
648.7870121946137,-7.057606286617488,510.4751867681356,988.89419076304,0
649.2457454020883,-7.057606286617488,510.6169353292453,988.89419076304,0
649.711273131936,-7.057606286617488,510.7607833977682,988.89419076304,0
649.711273131936,-7.067420417334907,510.7607833977682,989.0358822752728,0
650.1768008617835,-7.067420417334907,510.9046314662911,989.0358822752728,0
650.6356370165669,-7.067420417334907,511.0464118381192,989.0358822752728,0
651.1011647464145,-7.067420417334907,511.19025990664204,989.0358822752728,0
651.5598979538893,-7.067420417334907,511.33200846775173,989.0358822752728,0
651.5598979538893,-7.077525271852752,511.33200846775173,989.1817711123741,0
652.0187341086727,-7.077525271852752,511.47378883957987,989.1817711123741,0
652.4842618385203,-7.077525271852752,511.6176369081027,989.1817711123741,0
652.9497895683679,-7.077525271852752,511.76148497662564,989.1817711123741,0
653.4085227758426,-7.087484764470385,511.90323353773533,989.3255612870412,0
653.8740505056902,-7.087484764470385,512.0470816062582,989.3255612870412,0
654.332783713165,-7.087484764470385,512.188830167368,989.3255612870412,0
654.7983114430125,-7.087484764470385,512.3326782358909,989.3255612870412,0
654.7983114430125,-7.097298895187804,512.3326782358909,989.467252799274,0
655.257147597796,-7.097298895187804,512.4744586077189,989.467252799274,0
655.7226753276435,-7.097298895187804,512.6183066762418,989.467252799274,0
656.1814085351183,-7.097298895187804,512.7600552373515,989.467252799274,0
656.6469362649658,-7.097298895187804,512.9039033058745,989.467252799274,0
657.1057724197493,-7.097298895187804,513.0456836777025,989.467252799274,0
657.5713001495968,-7.107403749705649,513.1895317462254,989.6131416363753,0
658.0368278794444,-7.107403749705649,513.3333798147484,989.6131416363753,0
658.4955610869192,-7.107403749705649,513.475128375858,989.6131416363753,0
658.9610888167667,-7.107403749705649,513.6189764443809,989.6131416363753,0
659.4198220242415,-7.1173632423232815,513.7607250054906,989.7569318110424,0
659.8853497540891,-7.1173632423232815,513.9045730740135,989.7569318110424,0
660.3441859088725,-7.1173632423232815,514.0463534458415,989.7569318110424,0
660.80971363872,-7.1173632423232815,514.1902015143645,989.7569318110424,0
660.80971363872,-7.127322734940914,514.1902015143645,989.9007219857094,0
661.2684468461949,-7.127322734940914,514.3319500754742,989.9007219857094,0
661.7339745760424,-7.127322734940914,514.475798143997,989.9007219857094,0
662.192810730826,-7.127322734940914,514.6175785158251,989.9007219857094,0
662.6583384606735,-7.137282227558546,514.7614265843481,990.0445121603765,0
663.123866190521,-7.137282227558546,514.905274652871,990.0445121603765,0
663.5825993979958,-7.137282227558546,515.0470232139807,990.0445121603765,0
664.0414355527791,-7.147241720176178,515.1888035858087,990.1883023350435,0
664.5068603353182,-7.147241720176178,515.3326198436133,990.1883023350435,0
664.9656964901015,-7.157201212793811,515.4744002154414,990.3320925097107,0
665.4312242199492,-7.157201212793811,515.6182482839642,990.3320925097107,0
665.8967519497967,-7.157201212793811,515.7620963524871,990.3320925097107,0
666.3555881045801,-7.157201212793811,515.9038767243152,990.3320925097107,0
666.8211158344277,-7.167160705411443,516.0477247928382,990.4758826843778,0
667.2798490419024,-7.167160705411443,516.1894733539478,990.4758826843778,0
667.7453767717501,-7.167160705411443,516.3333214224707,990.4758826843778,0
668.2041099792248,-7.177120198029075,516.4750699835804,990.6196728590448,0
668.6696377090724,-7.177120198029075,516.6189180521034,990.6196728590448,0
669.1284738638558,-7.177120198029075,516.7606984239314,990.6196728590448,0
669.5940015937033,-7.177120198029075,516.9045464924543,990.6196728590448,0
669.5940015937033,-7.187079690646708,516.9045464924543,990.7634630337119,0
670.0527348011781,-7.187079690646708,517.046295053564,990.7634630337119,0
670.5182625310257,-7.187079690646708,517.190143122087,990.7634630337119,0
670.9837902608733,-7.19703918326434,517.3339911906098,990.907253208379,0
671.4426264156567,-7.19703918326434,517.4757715624379,990.907253208379,0
671.9013596231315,-7.19703918326434,517.6175201235476,990.907253208379,0
672.366887352979,-7.206998675881972,517.7613681920704,991.051043383046,0
672.8256205604538,-7.206998675881972,517.9031167531801,991.051043383046,0
673.2911482903013,-7.206998675881972,518.0469648217031,991.051043383046,0
673.2911482903013,-7.2169581684996045,518.0469648217031,991.1948335577131,0
673.7566760201489,-7.2169581684996045,518.190812890226,991.1948335577131,0
674.2155121749323,-7.2169581684996045,518.332593262054,991.1948335577131,0
674.6810399047799,-7.2169581684996045,518.476441330577,991.1948335577131,0
674.6810399047799,-7.226917661117237,518.476441330577,991.3386237323801,0
675.1397731122547,-7.226917661117237,518.6181898916867,991.3386237323801,0
675.6053008421022,-7.226917661117237,518.7620379602096,991.3386237323801,0
676.0641369968857,-7.226917661117237,518.9038183320376,991.3386237323801,0
676.0641369968857,-7.236877153734869,518.9038183320376,991.4824139070472,0
676.5296647267332,-7.236877153734869,519.0476664005605,991.4824139070472,0
676.988397934208,-7.236877153734869,519.1894149616702,991.4824139070472,0
677.4539256640556,-7.246836646352501,519.3332630301932,991.6262040817143,0
677.9127618188389,-7.246836646352501,519.4750434020212,991.6262040817143,0
678.3782895486867,-7.256796138970134,519.6188914705441,991.7699942563813,0
678.8437143312254,-7.256796138970134,519.7627077283487,991.7699942563813,0
679.302550486009,-7.256796138970134,519.9044881001768,991.7699942563813,0
679.302550486009,-7.266755631587766,519.9044881001768,991.9137844310484,0
679.7613866407924,-7.266755631587766,520.0462684720048,991.9137844310484,0
680.22691437064,-7.266755631587766,520.1901165405277,991.9137844310484,0
680.22691437064,-7.276715124205398,520.1901165405277,992.0575746057154,0
680.6924421004875,-7.276715124205398,520.3339646090507,992.0575746057154,0
681.1511753079624,-7.276715124205398,520.4757131701604,992.0575746057154,0
681.6167030378099,-7.276715124205398,520.6195612386832,992.0575746057154,0
681.6167030378099,-7.286819978723243,520.6195612386832,992.2034634428169,0
682.0754362452845,-7.286819978723243,520.7613097997929,992.2034634428169,0
682.5342724000681,-7.286819978723243,520.903090171621,992.2034634428169,0
682.9998001299156,-7.286819978723243,521.0469382401438,992.2034634428169,0
682.9998001299156,-7.296634109440662,521.0469382401438,992.3451549550496,0
683.4653278597632,-7.296634109440662,521.1907863086668,992.3451549550496,0
683.9308555896107,-7.296634109440662,521.3346343771897,992.3451549550496,0
684.3895887970856,-7.306593602058294,521.4763829382994,992.4889451297166,0
684.8551165269331,-7.306593602058294,521.6202310068223,992.4889451297166,0
685.3139526817165,-7.306593602058294,521.7620113786504,992.4889451297166,0
685.3139526817165,-7.31669845657614,521.7620113786504,992.6348339668181,0
685.7726858891913,-7.31669845657614,521.9037599397601,992.6348339668181,0
686.2382136190388,-7.31669845657614,522.047608008283,992.6348339668181,0
686.2382136190388,-7.326512587293559,522.047608008283,992.7765254790507,0
686.6969468265136,-7.326512587293559,522.1893565693927,992.7765254790507,0
687.1624745563612,-7.326512587293559,522.3332046379156,992.7765254790507,0
687.6213107111446,-7.336472079911191,522.4749850097437,992.9203156537178,0
688.0868384409922,-7.336472079911191,522.6188330782666,992.9203156537178,0
688.5523661708397,-7.346576934429037,522.7626811467894,993.0662044908192,0
689.0112023256232,-7.346576934429037,522.9044615186175,993.0662044908192,0
689.476627108162,-7.346576934429037,523.0482777764221,993.0662044908192,0
689.476627108162,-7.356536427046669,523.0482777764221,993.2099946654863,0
689.9421548380097,-7.356536427046669,523.1921258449449,993.2099946654863,0
690.400990992793,-7.356536427046669,523.333906216773,993.2099946654863,0
690.8597242002679,-7.366350557764088,523.4756547778827,993.3516861777191,0
691.3252519301154,-7.366350557764088,523.6195028464057,993.3516861777191,0
691.790779659963,-7.376455412281934,523.7633509149285,993.4975750148204,0
692.2496158147464,-7.376455412281934,523.9051312867566,993.4975750148204,0
692.715143544594,-7.376455412281934,524.0489793552795,993.4975750148204,0
692.715143544594,-7.386414904899566,524.0489793552795,993.6413651894875,0
693.1738767520687,-7.386414904899566,524.1907279163892,993.6413651894875,0
693.6327129068521,-7.386414904899566,524.3325082882172,993.6413651894875,0
693.6327129068521,-7.3963743975171985,524.3325082882172,993.7851553641545,0
694.0982406366998,-7.3963743975171985,524.4763563567402,993.7851553641545,0
694.5637683665473,-7.3963743975171985,524.6202044252631,993.7851553641545,0
694.5637683665473,-7.406333890134831,524.6202044252631,993.9289455388216,0
695.0225015740222,-7.406333890134831,524.7619529863728,993.9289455388216,0
695.4880293038697,-7.406333890134831,524.9058010548957,993.9289455388216,0
695.4880293038697,-7.416293382752462,524.9058010548957,994.0727357134887,0
695.9467625113444,-7.416293382752462,525.0475496160054,994.0727357134887,0
696.412290241192,-7.416293382752462,525.1913976845283,994.0727357134887,0
696.8711263959754,-7.4262528753700945,525.3331780563564,994.2165258881557,0
697.336654125823,-7.4262528753700945,525.4770261248793,994.2165258881557,0
697.7953873332978,-7.436212367987727,525.618774685989,994.3603160628228,0
698.2609150631454,-7.436212367987727,525.7626227545119,994.3603160628228,0
698.2609150631454,-7.446171860605359,525.7626227545119,994.5041062374899,0
698.7197512179288,-7.446171860605359,525.90440312634,994.5041062374899,0
699.1852789477764,-7.446171860605359,526.0482511948628,994.5041062374899,0
699.1852789477764,-7.456131353222991,526.0482511948628,994.6478964121569,0
699.6508066776239,-7.456131353222991,526.1920992633858,994.6478964121569,0
700.1095398850987,-7.456131353222991,526.3338478244955,994.6478964121569,0
700.1095398850987,-7.466090845840624,526.3338478244955,994.7916865868241,0
700.5750676149463,-7.466090845840624,526.4776958930183,994.7916865868241,0
701.033800822421,-7.466090845840624,526.619444454128,994.7916865868241,0
701.033800822421,-7.476050338458256,526.619444454128,994.9354767614911,0
701.4993285522686,-7.476050338458256,526.763292522651,994.9354767614911,0
701.958164707052,-7.476050338458256,526.9050728944791,994.9354767614911,0
701.958164707052,-7.486009831075888,526.9050728944791,995.0792669361582,0
702.4236924368996,-7.486009831075888,527.0489209630019,995.0792669361582,0
702.8892201667471,-7.486009831075888,527.1927690315248,995.0792669361582,0
702.8892201667471,-7.4959693236935205,527.1927690315248,995.2230571108253,0
703.3480563215306,-7.4959693236935205,527.334549403353,995.2230571108253,0
703.8067895290053,-7.4959693236935205,527.4762979644627,995.2230571108253,0
703.8067895290053,-7.505928816311153,527.4762979644627,995.3668472854923,0
704.2723172588528,-7.505928816311153,527.6201460329855,995.3668472854923,0
704.7310504663277,-7.505928816311153,527.7618945940952,995.3668472854923,0
704.7310504663277,-7.515888308928785,527.7618945940952,995.5106374601594,0
705.1965781961752,-7.515888308928785,527.9057426626181,995.5106374601594,0
705.6621059260228,-7.515888308928785,528.049590731141,995.5106374601594,0
705.6621059260228,-7.525847801546417,528.049590731141,995.6544276348264,0
706.1209420808062,-7.525847801546417,528.1913711029691,995.6544276348264,0
706.579675288281,-7.525847801546417,528.3331196640788,995.6544276348264,0
706.579675288281,-7.53580729416405,528.3331196640788,995.7982178094935,0
707.0452030181285,-7.53580729416405,528.4769677326017,995.7982178094935,0
707.5107307479761,-7.545766786781682,528.6208158011246,995.9420079841606,0
707.9695669027595,-7.545766786781682,528.7625961729527,995.9420079841606,0
707.9695669027595,-7.555726279399314,528.7625961729527,996.0857981588276,0
708.4350946326072,-7.555726279399314,528.9064442414756,996.0857981588276,0
708.8938278400819,-7.555726279399314,529.0481928025853,996.0857981588276,0
708.8938278400819,-7.565685772016947,529.0481928025853,996.2295883334947,0
709.3593555699294,-7.565685772016947,529.1920408711081,996.2295883334947,0
709.8180887774042,-7.565685772016947,529.3337894322178,996.2295883334947,0
709.8180887774042,-7.575645264634579,529.3337894322178,996.3733785081617,0
710.2836165072518,-7.575645264634579,529.4776375007408,996.3733785081617,0
710.7491442370995,-7.575645264634579,529.6214855692637,996.3733785081617,0
710.7491442370995,-7.585745714246357,529.6214855692637,996.5192037494318,0
711.2079803918829,-7.585745714246357,529.7632659410917,996.5192037494318,0
711.6667135993576,-7.5955642498698435,529.9050145022014,996.6609588574959,0
712.1322413292052,-7.5955642498698435,530.0488625707244,996.6609588574959,0
712.1322413292052,-7.605523742487476,530.0488625707244,996.8047490321629,0
712.5977690590527,-7.605523742487476,530.1927106392473,996.8047490321629,0
713.0566052138362,-7.605523742487476,530.3344910110753,996.8047490321629,0
713.5221329436837,-7.615624192099254,530.4783390795983,996.950574273433,0
713.9808661511585,-7.615624192099254,530.620087640708,996.950574273433,0
713.9808661511585,-7.62544272772274,530.620087640708,997.092329381497,0
714.4395993586332,-7.62544272772274,530.7618362018177,997.092329381497,0
714.9051270884809,-7.635543177334519,530.9056842703405,997.2381546227672,0
715.3685958721549,-7.635485913555646,531.0488961244959,997.2373278769596,0
715.3685958721549,-7.645445406173279,531.0488961244959,997.3811180516267,0
715.3706548183284,-7.635543177334519,531.0495323388634,997.2381546227672,0
715.8476096994394,-7.645445406173279,531.1969113971268,997.3811180516267,0
716.3131374292869,-7.645445406173279,531.3407594656496,997.3811180516267,0
716.3131374292869,-7.655404898790911,531.3407594656496,997.5249082262939,0
716.7718706367617,-7.655404898790911,531.4825080267593,997.5249082262939,0
717.2373983666092,-7.665364391408543,531.6263560952823,997.6686984009609,0
717.6962345213927,-7.665364391408543,531.7681364671104,997.6686984009609,0
718.1617622512402,-7.665364391408543,531.9119845356332,997.6686984009609,0
718.1617622512402,-7.6753238840261755,531.9119845356332,997.812488575628,0
718.620495458715,-7.6753238840261755,532.0537330967429,997.812488575628,0
718.620495458715,-7.685283376643808,532.0537330967429,997.956278750295,0
719.0860231885626,-7.685283376643808,532.1975811652658,997.956278750295,0
719.544859343346,-7.685283376643808,532.3393615370939,997.956278750295,0
719.544859343346,-7.69524286926144,532.3393615370939,998.1000689249621,0
720.0103870731937,-7.69524286926144,532.4832096056168,998.1000689249621,0
720.4691202806683,-7.705202361879072,532.6249581667265,998.2438590996292,0
720.934648010516,-7.705202361879072,532.7688062352494,998.2438590996292,0
720.934648010516,-7.715307216396917,532.7688062352494,998.3897479367305,0
721.4001757403636,-7.715307216396917,532.9126543037723,998.3897479367305,0
721.859011895147,-7.715307216396917,533.0544346756004,998.3897479367305,0
721.859011895147,-7.725121347114337,533.0544346756004,998.5314394489633,0
722.3245396249946,-7.725121347114337,533.1982827441233,998.5314394489633,0
722.3245396249946,-7.735080839731969,533.1982827441233,998.6752296236303,0
722.7832728324693,-7.735080839731969,533.340031305233,998.6752296236303,0
723.2421089872527,-7.745185694249814,533.481811677061,998.8211184607317,0
723.7075337697916,-7.745185694249814,533.6256279348656,998.8211184607317,0
724.1730614996392,-7.745185694249814,533.7694760033885,998.8211184607317,0
724.1730614996392,-7.754999824967234,533.7694760033885,998.9628099729645,0
724.631794707114,-7.754999824967234,533.9112245644982,998.9628099729645,0
725.0973224369616,-7.764959317584866,534.055072633021,999.1066001476315,0
725.5562615390536,-7.764959317584866,534.1968848155675,999.1066001476315,0
725.5562615390536,-7.775064172102711,534.1968848155675,999.252488984733,0
726.0217892689011,-7.775064172102711,534.3407328840905,999.252488984733,0
726.480522476376,-7.775064172102711,534.4824814452002,999.252488984733,0
726.480522476376,-7.7850236647203435,534.4824814452002,999.3962791594,0
726.9460502062235,-7.7850236647203435,534.626329513723,999.3962791594,0
727.4047834136983,-7.794837795437763,534.7680780748327,999.5379706716327,0
727.8703111435458,-7.804942649955608,534.9119261433557,999.6838595087341,0
728.3290443510207,-7.804942649955608,535.0536747044654,999.6838595087341,0
728.3290443510207,-7.81490214257324,535.0536747044654,999.8276496834012,0
728.7945720808682,-7.81490214257324,535.1975227729882,999.8276496834012,0
729.2600998107158,-7.81490214257324,535.3413708415111,999.8276496834012,0
729.2600998107158,-7.824861635190873,535.3413708415111,999.9714398580683,0
729.7190389128078,-7.824861635190873,535.4831830240576,999.9714398580683,0
729.7190389128078,-7.834821127808505,535.4831830240576,1000.1152300327353,0
730.1777721202827,-7.834821127808505,535.6249315851672,1000.1152300327353,0
730.6432998501302,-7.834821127808505,535.7687796536902,1000.1152300327353,0
730.6432998501302,-7.844780620426137,535.7687796536902,1000.2590202074024,0
731.1088275799777,-7.844780620426137,535.9126277222131,1000.2590202074024,0
731.5675607874525,-7.844780620426137,536.0543762833228,1000.2590202074024,0
731.5675607874525,-7.8547401130437695,536.0543762833228,1000.4028103820694,0
732.0330885173001,-7.8547401130437695,536.1982243518457,1000.4028103820694,0
732.4918217247749,-7.864699605661402,536.3399729129554,1000.5466005567365,0
732.9573494546224,-7.864699605661402,536.4838209814783,1000.5466005567365,0
732.9573494546224,-7.874659098279034,536.4838209814783,1000.6903907314036,0
733.4160826620972,-7.874659098279034,536.625569542588,1000.6903907314036,0
733.4160826620972,-7.884618590896666,536.625569542588,1000.8341809060706,0
733.8816103919447,-7.884618590896666,536.769417611111,1000.8341809060706,0
734.3471381217923,-7.884618590896666,536.9132656796338,1000.8341809060706,0
734.3471381217923,-7.894578083514299,536.9132656796338,1000.9779710807377,0
734.8060772238845,-7.894578083514299,537.0550778621803,1000.9779710807377,0
735.2648104313591,-7.894578083514299,537.19682642329,1000.9779710807377,0
735.2648104313591,-7.904537576131931,537.19682642329,1001.1217612554047,0
735.7303381612068,-7.904537576131931,537.3406744918128,1001.1217612554047,0
735.7303381612068,-7.914497068749563,537.3406744918128,1001.2655514300718,0
736.1890713686815,-7.914497068749563,537.4824230529225,1001.2655514300718,0
736.6545990985292,-7.914497068749563,537.6262711214455,1001.2655514300718,0
736.6545990985292,-7.924456561367196,537.6262711214455,1001.4093416047389,0
737.1201268283767,-7.924456561367196,537.7701191899683,1001.4093416047389,0
737.5788600358513,-7.934416053984828,537.911867751078,1001.5531317794059,0
738.0375932433262,-7.934416053984828,538.0536163121877,1001.5531317794059,0
738.0375932433262,-7.94437554660246,538.0536163121877,1001.696921954073,0
738.5031209731737,-7.94437554660246,538.1974643807107,1001.696921954073,0
738.5031209731737,-7.954335039220092,538.1974643807107,1001.84071212874,0
738.9686487030214,-7.954335039220092,538.3413124492336,1001.84071212874,0
739.4275878051134,-7.964294531837725,538.48312463178,1001.9845023034072,0
739.8931155349611,-7.964294531837725,538.626972700303,1001.9845023034072,0
739.8931155349611,-7.97424961954929,538.626972700303,1002.1282288822429,0
740.3518487424358,-7.97424961954929,538.7687212614127,1002.1282288822429,0
740.8105819499106,-7.984209112166922,538.9104698225224,1002.2720190569099,0
741.2761096797581,-7.984209112166922,539.0543178910452,1002.2720190569099,0
741.2761096797581,-7.994168604784554,539.0543178910452,1002.415809231577,0
741.7416374096057,-7.994168604784554,539.1981659595681,1002.415809231577,0
742.2071651394533,-8.004128097402186,539.3420140280911,1002.559599406244,0
742.665898346928,-8.004128097402186,539.4837625892008,1002.559599406244,0
742.665898346928,-8.014087590019818,539.4837625892008,1002.7033895809111,0
743.1314260767756,-8.014087590019818,539.6276106577236,1002.7033895809111,0
743.5903651788677,-8.014087590019818,539.7694228402701,1002.7033895809111,0
743.5903651788677,-8.02404708263745,539.7694228402701,1002.8471797555782,0
744.0490983863425,-8.02404708263745,539.9111714013798,1002.8471797555782,0
744.51462611619,-8.034151937155297,540.0550194699027,1002.9930685926796,0
744.9801538460375,-8.034151937155297,540.1988675384256,1002.9930685926796,0
744.9801538460375,-8.04411142977293,540.1988675384256,1003.1368587673467,0
745.4388870535123,-8.04411142977293,540.3406160995353,1003.1368587673467,0
745.8976202609871,-8.053925560490347,540.482364660645,1003.2785502795795,0
746.3631479908347,-8.053925560490347,540.6262127291678,1003.2785502795795,0
746.3631479908347,-8.064030415008194,540.6262127291678,1003.4244391166808,0
746.8286757206822,-8.064030415008194,540.7700607976908,1003.4244391166808,0
746.8286757206822,-8.073989907625826,540.7700607976908,1003.5682292913478,0
747.287408928157,-8.073989907625826,540.9118093588005,1003.5682292913478,0
747.7529366580046,-8.073989907625826,541.0556574273234,1003.5682292913478,0
747.7529366580046,-8.083804038343244,541.0556574273234,1003.7099208035806,0
748.2184643878522,-8.083804038343244,541.1995054958463,1003.7099208035806,0
748.6774034899443,-8.093908892861089,541.3413176783928,1003.855809640682,0
749.1429312197918,-8.093908892861089,541.4851657469156,1003.855809640682,0
749.1429312197918,-8.103868385478721,541.4851657469156,1003.999599815349,0
749.6016644272667,-8.103868385478721,541.6269143080253,1003.999599815349,0
749.6016644272667,-8.11368251619614,541.6269143080253,1004.1412913275818,0
750.0671921571142,-8.11368251619614,541.7707623765483,1004.1412913275818,0
750.5259253645889,-8.11368251619614,541.912510937658,1004.1412913275818,0
750.5259253645889,-8.123787370713986,541.912510937658,1004.2871801646833,0
750.9914530944365,-8.123787370713986,542.0563590061809,1004.2871801646833,0
750.9914530944365,-8.133746863331618,542.0563590061809,1004.4309703393503,0
751.4501863019113,-8.133746863331618,542.1981075672905,1004.4309703393503,0
751.9157140317589,-8.14370635594925,542.3419556358134,1004.5747605140174,0
752.3744472392336,-8.14370635594925,542.4837041969231,1004.5747605140174,0
752.3744472392336,-8.153665848566883,542.4837041969231,1004.7185506886844,0
752.8399749690811,-8.153665848566883,542.6275522654461,1004.7185506886844,0
753.3055026989288,-8.163625341184515,542.7714003339689,1004.8623408633515,0
753.7644418010209,-8.173584833802147,542.9132125165154,1005.0061310380186,0
754.2231750084956,-8.173584833802147,543.0549610776251,1005.0061310380186,0
754.2231750084956,-8.18354432641978,543.0549610776251,1005.1499212126856,0
754.6887027383432,-8.18354432641978,543.198809146148,1005.1499212126856,0
755.1474359458178,-8.18354432641978,543.3405577072577,1005.1499212126856,0
755.1474359458178,-8.193503819037412,543.3405577072577,1005.2937113873527,0
755.6129636756656,-8.203894992449618,543.4844057757806,1005.4437339534913,0
756.0716968831402,-8.203894992449618,543.6261543368903,1005.4437339534913,0
756.0716968831402,-8.21385448506725,543.6261543368903,1005.5875241281584,0
756.5372246129879,-8.21385448506725,543.7700024054133,1005.5875241281584,0
756.9961637150799,-8.21385448506725,543.9118145879597,1005.5875241281584,0
756.9961637150799,-8.223813977684882,543.9118145879597,1005.7313143028255,0
757.4616914449275,-8.223813977684882,544.0556626564826,1005.7313143028255,0
757.4616914449275,-8.233773470302514,544.0556626564826,1005.8751044774925,0
757.9272191747751,-8.233773470302514,544.1995107250054,1005.8751044774925,0
758.3859523822498,-8.243732962920147,544.3412592861151,1006.0188946521596,0
758.8514801120974,-8.243732962920147,544.4851073546381,1006.0188946521596,0
758.8514801120974,-8.253692455537779,544.4851073546381,1006.1626848268266,0
759.3102133195722,-8.253692455537779,544.6268559157478,1006.1626848268266,0
759.7757410494198,-8.263651948155411,544.7707039842707,1006.3064750014938,0
760.2344742568945,-8.263651948155411,544.9124525453803,1006.3064750014938,0
760.2344742568945,-8.273611440773042,544.9124525453803,1006.4502651761609,0
760.700001986742,-8.273611440773042,545.0563006139033,1006.4502651761609,0
761.1655297165897,-8.283570933390674,545.2001486824262,1006.594055350828,0
761.6242629240644,-8.293530426008306,545.3418972435359,1006.737845525495,0
762.0832020261565,-8.293530426008306,545.4837094260823,1006.737845525495,0
762.0832020261565,-8.303489918625939,545.4837094260823,1006.8816357001621,0
762.548729756004,-8.303489918625939,545.6275574946052,1006.8816357001621,0
763.0142574858518,-8.313449411243571,545.7714055631282,1007.0254258748291,0
763.4729906933264,-8.323408903861203,545.9131541242378,1007.1692160494962,0
763.938518423174,-8.323408903861203,546.0570021927607,1007.1692160494962,0
763.938518423174,-8.333368396478836,546.0570021927607,1007.3130062241632,0
764.3972516306487,-8.333368396478836,546.1987507538704,1007.3130062241632,0
764.3972516306487,-8.343327889096468,546.1987507538704,1007.4567963988303,0
764.8627793604963,-8.343327889096468,546.3425988223934,1007.4567963988303,0
764.8627793604963,-8.353432743614315,546.3425988223934,1007.6026852359316,0
765.3215125679711,-8.353432743614315,546.4843473835031,1007.6026852359316,0
765.7870402978186,-8.363246874331733,546.6281954520259,1007.7443767481644,0
766.2525680276663,-8.363246874331733,546.7720435205489,1007.7443767481644,0
766.2525680276663,-8.373206366949365,546.7720435205489,1007.8881669228315,0
766.7113012351409,-8.373206366949365,546.9137920816586,1007.8881669228315,0
766.7113012351409,-8.383311221467212,546.9137920816586,1008.0340557599329,0
767.1702403372332,-8.383311221467212,547.055604264205,1008.0340557599329,0
767.6357680670807,-8.383311221467212,547.1994523327279,1008.0340557599329,0
767.6357680670807,-8.393270714084842,547.1994523327279,1008.1778459346,0
768.0945012745555,-8.393270714084842,547.3412008938376,1008.1778459346,0
768.0945012745555,-8.403084844802262,547.3412008938376,1008.3195374468327,0
768.560029004403,-8.403084844802262,547.4850489623605,1008.3195374468327,0
768.560029004403,-8.413189699320107,547.4850489623605,1008.4654262839341,0
769.0255567342506,-8.413189699320107,547.6288970308834,1008.4654262839341,0
769.4842899417254,-8.413189699320107,547.7706455919931,1008.4654262839341,0
769.4842899417254,-8.423149191937739,547.7706455919931,1008.6092164586012,0
769.9430231492,-8.423149191937739,547.9123941531028,1008.6092164586012,0
769.9430231492,-8.432963322655159,547.9123941531028,1008.7509079708339,0
770.4085508790477,-8.432963322655159,548.0562422216257,1008.7509079708339,0
770.4085508790477,-8.443068177173004,548.0562422216257,1008.8967968079353,0
770.8740786088953,-8.443068177173004,548.2000902901486,1008.8967968079353,0
771.3330177109874,-8.443068177173004,548.3419024726951,1008.8967968079353,0
771.3330177109874,-8.453027669790636,548.3419024726951,1009.0405869826023,0
771.7985454408349,-8.453027669790636,548.485750541218,1009.0405869826023,0
771.7985454408349,-8.462987162408268,548.485750541218,1009.1843771572694,0
772.2572786483096,-8.462987162408268,548.6274991023276,1009.1843771572694,0
772.2572786483096,-8.4729466550259,548.6274991023276,1009.3281673319365,0
772.7228063781573,-8.4729466550259,548.7713471708506,1009.3281673319365,0
772.7228063781573,-8.482906147643533,548.7713471708506,1009.4719575066035,0
773.181539585632,-8.482906147643533,548.9130957319603,1009.4719575066035,0
773.6470673154796,-8.492865640261165,549.0569438004832,1009.6157476812706,0
774.1125950453271,-8.492865640261165,549.200791869006,1009.6157476812706,0
774.1125950453271,-8.502825132878797,549.200791869006,1009.7595378559377,0
774.571328252802,-8.502825132878797,549.3425404301157,1009.7595378559377,0
774.571328252802,-8.51278462549643,549.3425404301157,1009.9033280306047,0
775.0300614602767,-8.51278462549643,549.4842889912254,1009.9033280306047,0
775.4955891901243,-8.522744118114062,549.6281370597484,1010.0471182052718,0
775.9545282922163,-8.532703610731694,549.7699492422948,1010.1909083799388,0
776.4200560220639,-8.532703610731694,549.9137973108177,1010.1909083799388,0
776.4200560220639,-8.542663103349327,549.9137973108177,1010.3346985546059,0
776.8855837519116,-8.542663103349327,550.0576453793407,1010.3346985546059,0
776.8855837519116,-8.552622595966959,550.0576453793407,1010.478488729273,0
777.3443169593862,-8.552622595966959,550.1993939404504,1010.478488729273,0
777.3443169593862,-8.562582088584591,550.1993939404504,1010.62227890394,0
777.803050166861,-8.562582088584591,550.3411425015601,1010.62227890394,0
778.2685778967085,-8.562582088584591,550.4849905700829,1010.62227890394,0
778.2685778967085,-8.572541581202223,550.4849905700829,1010.7660690786072,0
778.7341056265562,-8.582646435720068,550.6288386386058,1010.9119579157085,0
779.1928388340309,-8.582646435720068,550.7705871997155,1010.9119579157085,0
779.1928388340309,-8.592460566437488,550.7705871997155,1011.0536494279413,0
779.6583665638784,-8.592460566437488,550.9144352682384,1011.0536494279413,0
779.6583665638784,-8.60242005905512,550.9144352682384,1011.1974396026084,0
780.1170997713532,-8.60242005905512,551.0561838293481,1011.1974396026084,0
780.5828333958182,-8.612524913572965,551.2000955193078,1011.3433284397097,0
781.041566603293,-8.622339044290385,551.3418440804174,1011.4850199519425,0
781.5070943331405,-8.632298536908017,551.4856921489404,1011.6288101266096,0
781.9658275406152,-8.632298536908017,551.6274407100501,1011.6288101266096,0
781.9658275406152,-8.642403391425862,551.6274407100501,1011.7746989637109,0
782.4313552704629,-8.642403391425862,551.771288778573,1011.7746989637109,0
782.4313552704629,-8.652217522143282,551.771288778573,1011.9163904759437,0
782.8900884779376,-8.652217522143282,551.9130373396827,1011.9163904759437,0
782.8900884779376,-8.662177014760914,551.9130373396827,1012.0601806506107,0
783.3556162077851,-8.662177014760914,552.0568854082056,1012.0601806506107,0
783.3556162077851,-8.672281869278759,552.0568854082056,1012.2060694877122,0
783.8211439376327,-8.672281869278759,552.2007334767285,1012.2060694877122,0
784.2798771451075,-8.682095999996179,552.3424820378382,1012.3477609999449,0
784.745404874955,-8.682095999996179,552.486330106361,1012.3477609999449,0
784.745404874955,-8.692055492613811,552.486330106361,1012.4915511746119,0
785.2043439770472,-8.692055492613811,552.6281422889075,1012.4915511746119,0
785.2043439770472,-8.702160347131656,552.6281422889075,1012.6374400117134,0
785.6630771845219,-8.702160347131656,552.7698908500172,1012.6374400117134,0
785.6630771845219,-8.712119839749288,552.7698908500172,1012.7812301863804,0
786.1286049143696,-8.712119839749288,552.9137389185402,1012.7812301863804,0
786.1286049143696,-8.72207933236692,552.9137389185402,1012.9250203610475,0
786.5941326442171,-8.72207933236692,553.057586987063,1012.9250203610475,0
786.5941326442171,-8.732034420078486,553.057586987063,1013.0687469398832,0
787.0528658516919,-8.732034420078486,553.1993355481727,1013.0687469398832,0
787.0528658516919,-8.741993912696119,553.1993355481727,1013.2125371145503,0
787.5183935815394,-8.741993912696119,553.3431836166957,1013.2125371145503,0
787.5183935815394,-8.75195340531375,553.3431836166957,1013.3563272892173,0
787.977126789014,-8.75195340531375,553.4849321778054,1013.3563272892173,0
788.4562435636075,-8.761912897931383,553.6329792611547,1013.5001174638844,0
788.9149767710821,-8.771872390549015,553.7747278222644,1013.6439076385515,0
789.3805045009296,-8.781831883166648,553.9185758907872,1013.7876978132185,0
789.3805045009296,-8.79179137578428,553.9185758907872,1013.9314879878856,0
789.8392377084044,-8.79179137578428,554.0603244518969,1013.9314879878856,0
790.304765438252,-8.801750868401912,554.2041725204199,1014.0752781625526,0
790.7634986457268,-8.811710361019545,554.3459210815296,1014.2190683372197,0
791.2290263755743,-8.811710361019545,554.4897691500524,1014.2190683372197,0
791.2290263755743,-8.821669853637177,554.4897691500524,1014.3628585118868,0
791.694554105422,-8.821669853637177,554.6336172185754,1014.3628585118868,0
791.694554105422,-8.83162934625481,554.6336172185754,1014.5066486865538,0
792.1534932075141,-8.83162934625481,554.7754294011219,1014.5066486865538,0
792.1534932075141,-8.841588838872442,554.7754294011219,1014.6504388612209,0
792.6122264149889,-8.841588838872442,554.9171779622316,1014.6504388612209,0
792.6122264149889,-8.851548331490074,554.9171779622316,1014.794229035888,0
793.0777541448364,-8.851548331490074,555.0610260307544,1014.794229035888,0
793.0777541448364,-8.861507824107706,555.0610260307544,1014.938019210555,0
793.5364873523112,-8.861507824107706,555.2027745918641,1014.938019210555,0
793.5364873523112,-8.871467316725338,555.2027745918641,1015.0818093852221,0
794.0020150821588,-8.871467316725338,555.346622660387,1015.0818093852221,0
794.0020150821588,-8.88142680934297,555.346622660387,1015.2255995598891,0
794.4675428120063,-8.88142680934297,555.4904707289099,1015.2255995598891,0
794.4675428120063,-8.891386301960603,555.4904707289099,1015.3693897345562,0
794.9262760194811,-8.891386301960603,555.6322192900196,1015.3693897345562,0
794.9262760194811,-8.901491156478448,555.6322192900196,1015.5152785716576,0
795.3850092269557,-8.911305287195868,555.7739678511293,1015.6569700838903,0
795.8505369568035,-8.911305287195868,555.9178159196522,1015.6569700838903,0
795.8505369568035,-8.921264779813498,555.9178159196522,1015.8007602585574,0
796.316064686651,-8.931369634331345,556.0616639881752,1015.9466490956588,0
796.7750037887431,-8.941183765048763,556.2034761707216,1016.0883406078916,0
797.2405315185906,-8.951143257666395,556.3473242392445,1016.2321307825587,0
797.6992647260654,-8.961248112184242,556.4890728003542,1016.37801961966,0
798.1579979335402,-8.971207604801874,556.6308213614639,1016.521809794327,0
798.6235256633877,-8.981021735519292,556.7746694299868,1016.6635013065599,0
798.6235256633877,-8.991126590037139,556.7746694299868,1016.8093901436612,0
799.0890533932353,-8.991126590037139,556.9185174985097,1016.8093901436612,0
799.0890533932353,-9.001086082654771,556.9185174985097,1016.9531803183282,0
799.5545811230828,-9.001086082654771,557.0623655670325,1016.9531803183282,0
799.5545811230828,-9.011045575272403,557.0623655670325,1017.0969704929953,0
800.0133143305577,-9.011045575272403,557.2041141281422,1017.0969704929953,0
800.0133143305577,-9.021005067890036,557.2041141281422,1017.2407606676624,0
800.4722534326497,-9.030964560507666,557.3459263106887,1017.3845508423294,0
800.9377811624972,-9.040924053125298,557.4897743792117,1017.5283410169966,0
800.9377811624972,-9.05088354574293,557.4897743792117,1017.6721311916637,0
801.396514369972,-9.05088354574293,557.6315229403214,1017.6721311916637,0
801.8620420998196,-9.060843038360563,557.7753710088442,1017.8159213663307,0
801.8620420998196,-9.070802530978195,557.7753710088442,1017.9597115409978,0
802.3275698296673,-9.070802530978195,557.9192190773672,1017.9597115409978,0
802.3275698296673,-9.080762023595828,557.9192190773672,1018.1035017156648,0
802.7863030371419,-9.09072151621346,558.0609676384769,1018.2472918903319,0
803.2450362446167,-9.100681008831092,558.2027161995866,1018.391082064999,0
803.7105639744643,-9.110640501448724,558.3465642681094,1018.534872239666,0
804.176091704312,-9.120599994066357,558.4904123366323,1018.6786624143331,0
804.176091704312,-9.130559486683989,558.4904123366323,1018.8224525890001,0
804.6348249117866,-9.130559486683989,558.632160897742,1018.8224525890001,0
804.6348249117866,-9.140518979301621,558.632160897742,1018.9662427636672,0
805.1003526416341,-9.150478471919254,558.776008966265,1019.1100329383343,0
805.5592917437264,-9.160437964536886,558.9178211488114,1019.2538231130013,0
806.0248194735739,-9.170397457154518,559.0616692173343,1019.3976132876684,0
806.0248194735739,-9.18035694977215,559.0616692173343,1019.5414034623354,0
806.4835526810486,-9.18035694977215,559.203417778444,1019.5414034623354,0
806.4835526810486,-9.190316442389783,559.203417778444,1019.6851936370025,0
806.9490804108962,-9.200275935007415,559.3472658469669,1019.8289838116696,0
806.9490804108962,-9.210235427625047,559.3472658469669,1019.9727739863366,0
807.4146081407439,-9.210235427625047,559.4911139154898,1019.9727739863366,0
807.4146081407439,-9.22019492024268,559.4911139154898,1020.1165641610037,0
807.8733413482186,-9.22019492024268,559.6328624765995,1020.1165641610037,0
807.8733413482186,-9.230299774760525,559.6328624765995,1020.2624529981051,0
808.3320745556933,-9.240259267378157,559.7746110377092,1020.4062431727722,0
808.3320745556933,-9.25021875999579,559.7746110377092,1020.5500333474392,0
808.7976022855408,-9.25021875999579,559.9184591062321,1020.5500333474392,0
808.7976022855408,-9.260178252613422,559.9184591062321,1020.6938235221063,0
809.2631300153884,-9.270137745231054,560.062307174755,1020.8376136967734,0
809.7218632228632,-9.280097237848686,560.2040557358647,1020.9814038714404,0
809.7218632228632,-9.290056730466318,560.2040557358647,1021.1251940461075,0
810.1873909527108,-9.290056730466318,560.3479038043876,1021.1251940461075,0
810.1873909527108,-9.30001622308395,560.3479038043876,1021.2689842207745,0
810.6463300548029,-9.309975715701583,560.489715986934,1021.4127743954416,0
810.6463300548029,-9.319935208319215,560.489715986934,1021.5565645701087,0
811.1050632622776,-9.319935208319215,560.6314645480437,1021.5565645701087,0
811.1050632622776,-9.329894700936848,560.6314645480437,1021.7003547447757,0
811.5705909921253,-9.33985419355448,560.7753126165667,1021.8441449194429,0
811.5705909921253,-9.349813686172112,560.7753126165667,1021.98793509411,0
812.0361187219728,-9.349813686172112,560.9191606850895,1021.98793509411,0
812.0361187219728,-9.359773178789744,560.9191606850895,1022.131725268777,0
812.4948519294476,-9.369732671407377,561.0609092461992,1022.2755154434441,0
812.4948519294476,-9.379687759118942,561.0609092461992,1022.4192420222797,0
812.9603796592951,-9.379687759118942,561.2047573147222,1022.4192420222797,0
812.9603796592951,-9.389651656642641,561.2047573147222,1022.5630957927782,0
813.4191128667699,-9.399606744354207,561.3465058758319,1022.7068223716138,0
813.4191128667699,-9.409570641877906,561.3465058758319,1022.8506761421123,0
813.8846405966175,-9.409570641877906,561.4903539443548,1022.8506761421123,0
813.8846405966175,-9.419816453389897,561.4903539443548,1022.9986000458167,0
813.8846405966175,-9.42977594600753,561.4903539443548,1023.1423902204838,0
814.3435796987095,-9.42977594600753,561.6321661269012,1023.1423902204838,0
814.3435796987095,-9.439735438625162,561.6321661269012,1023.2861803951508,0
814.3435796987095,-9.449694931242794,561.6321661269012,1023.4299705698179,0
814.8091074285571,-9.449694931242794,561.7760141954241,1023.4299705698179,0
814.8091074285571,-9.459654423860426,561.7760141954241,1023.573760744485,0
815.2678406360319,-9.469613916478059,561.9177627565339,1023.717550919152,0
815.7333683658795,-9.479573409095691,562.0616108250567,1023.8613410938191,0
815.7333683658795,-9.489532901713323,562.0616108250567,1024.0051312684861,0
816.1921015733542,-9.499492394330955,562.2033593861664,1024.1489214431533,0
816.1921015733542,-9.509451886948588,562.2033593861664,1024.2927116178203,0
816.6576293032017,-9.51941137956622,562.3472074546893,1024.4365017924874,0
816.6576293032017,-9.529516234084065,562.3472074546893,1024.5823906295886,0
817.1231570330494,-9.539330364801485,562.4910555232123,1024.7240821418216,0
817.5818902405241,-9.54943521931933,562.632804084322,1024.8699709789228,0
817.5818902405241,-9.559394711936962,562.632804084322,1025.01376115359,0
818.0406234479989,-9.559394711936962,562.7745526454316,1025.01376115359,0
818.0406234479989,-9.569208842654382,562.7745526454316,1025.1554526658226,0
818.5061511778464,-9.579313697172227,562.9184007139545,1025.301341502924,0
818.5061511778464,-9.589273189789859,562.9184007139545,1025.4451316775912,0
818.9650902799385,-9.589273189789859,563.060212896501,1025.4451316775912,0
818.9650902799385,-9.599232682407491,563.060212896501,1025.5889218522582,0
819.4306180097861,-9.609192175025123,563.2040609650239,1025.7327120269254,0
819.4306180097861,-9.619151667642756,563.2040609650239,1025.8765022015923,0
819.8961457396337,-9.629111160260388,563.3479090335468,1026.0202923762595,0
819.8961457396337,-9.63907065287802,563.3479090335468,1026.1640825509264,0
820.3548789471084,-9.649030145495653,563.4896575946565,1026.3078727255936,0
820.3548789471084,-9.658989638113285,563.4896575946565,1026.4516629002605,0
820.8204066769559,-9.668949130730917,563.6335056631793,1026.5954530749277,0
821.2791398844308,-9.67890862334855,563.775254224289,1026.7392432495947,0
821.2791398844308,-9.688868115966182,563.775254224289,1026.8830334242618,0
821.2791398844308,-9.698827608583814,563.775254224289,1027.0268235989288,0
821.7446676142783,-9.698827608583814,563.919102292812,1027.0268235989288,0
821.7446676142783,-9.708787101201446,563.919102292812,1027.170613773596,0
821.7446676142783,-9.718746593819079,563.919102292812,1027.314403948263,0
822.2034008217531,-9.718746593819079,564.0608508539217,1027.314403948263,0
822.2034008217531,-9.728706086436711,564.0608508539217,1027.45819412293,0
822.2034008217531,-9.738665579054343,564.0608508539217,1027.601984297597,0
822.6689285516006,-9.738665579054343,564.2046989224445,1027.601984297597,0
822.6689285516006,-9.748625071671976,564.2046989224445,1027.7457744722642,0
822.6689285516006,-9.75858015938354,564.2046989224445,1027.8895010510998,0
823.1276617590755,-9.76854405690724,564.3464474835542,1028.0333548215983,0
823.5933953835404,-9.778499144618804,564.490359173514,1028.177081400434,0
823.5933953835404,-9.788603999136651,564.490359173514,1028.3229702375354,0
823.5933953835404,-9.798418129854069,564.490359173514,1028.464661749768,0
824.0521285910152,-9.798418129854069,564.6321077346237,1028.464661749768,0
824.0521285910152,-9.808377622471701,564.6321077346237,1028.6084519244353,0
824.0521285910152,-9.818482476989548,564.6321077346237,1028.7543407615367,0
824.5176563208627,-9.82844196960718,564.7759558031465,1028.8981309362036,0
824.5176563208627,-9.838256100324598,564.7759558031465,1029.0398224484363,0
824.9831840507103,-9.848360954842445,564.9198038716695,1029.1857112855378,0
825.4419172581851,-9.858320447460077,565.0615524327792,1029.329501460205,0
825.4419172581851,-9.868279940077707,565.0615524327792,1029.4732916348719,0
825.4419172581851,-9.87823943269534,565.0615524327792,1029.617081809539,0
825.9006504656597,-9.87823943269534,565.2033009938889,1029.617081809539,0
825.9006504656597,-9.888198925312972,565.2033009938889,1029.760871984206,0
825.9006504656597,-9.898158417930604,565.2033009938889,1029.9046621588732,0
826.3661781955074,-9.908117910548237,565.3471490624117,1030.0484523335401,0
826.3661781955074,-9.918077403165869,565.3471490624117,1030.1922425082073,0
826.831705925355,-9.928036895783501,565.4909971309346,1030.3360326828742,0
826.831705925355,-9.937996388401134,565.4909971309346,1030.4798228575414,0
827.2904391328298,-9.947955881018766,565.6327456920443,1030.6236130322084,0
827.2904391328298,-9.957915373636398,565.6327456920443,1030.7674032068755,0
827.7559668626773,-9.96787486625403,565.7765937605673,1030.9111933815427,0
827.7559668626773,-9.977834358871663,565.7765937605673,1031.0549835562097,0
828.2149059647693,-9.987793851489295,565.9184059431137,1031.1987737308768,0
828.2149059647693,-9.997753344106927,565.9184059431137,1031.3425639055438,0
828.680433694617,-10.00771283672456,566.0622540116366,1031.486354080211,0
828.680433694617,-10.017672329342192,566.0622540116366,1031.630144254878,0
829.1391669020917,-10.027631821959824,566.2040025727463,1031.773934429545,0
829.1391669020917,-10.037591314577456,566.2040025727463,1031.917724604212,0
829.6046946319393,-10.037591314577456,566.3478506412692,1031.917724604212,0
829.6046946319393,-10.047550807195089,566.3478506412692,1032.0615147788792,0
829.6046946319393,-10.057655661712934,566.3478506412692,1032.2074036159806,0
830.063427839414,-10.067469792430353,566.4895992023789,1032.3490951282133,0
830.063427839414,-10.077429285047986,566.4895992023789,1032.4928853028803,0
830.5289555692616,-10.08753413956583,566.6334472709018,1032.6387741399817,0
830.5289555692616,-10.09734827028325,566.6334472709018,1032.7804656522144,0
830.9876887767364,-10.107307762900883,566.7751958320115,1032.9242558268816,0
831.453216506584,-10.117412617418728,566.9190439005345,1033.070144663983,0
831.453216506584,-10.12737211003636,566.9190439005345,1033.21393483865,0
831.453216506584,-10.137331602653992,566.9190439005345,1033.3577250133171,0
831.9119497140587,-10.137331602653992,567.0607924616442,1033.3577250133171,0
831.9119497140587,-10.147291095271624,567.0607924616442,1033.501515187984,0
831.9119497140587,-10.157250587889257,567.0607924616442,1033.6453053626512,0
832.3774774439062,-10.167210080506889,567.204640530167,1033.7890955373182,0
832.3774774439062,-10.177169573124521,567.204640530167,1033.9328857119854,0
832.8430051737539,-10.187129065742154,567.3484885986899,1034.0766758866523,0
833.3019442758459,-10.197088558359786,567.4903007812363,1034.2204660613195,0
833.3019442758459,-10.207048050977418,567.4903007812363,1034.3642562359864,0
833.7606774833207,-10.21700754359505,567.632049342346,1034.5080464106536,0
833.7606774833207,-10.226967036212683,567.632049342346,1034.6518365853206,0
834.2262052131682,-10.236926528830315,567.775897410869,1034.7956267599877,0
834.2262052131682,-10.246886021447947,567.775897410869,1034.9394169346547,0
834.2262052131682,-10.25684551406558,567.775897410869,1035.0832071093218,0
834.691732943016,-10.25684551406558,567.9197454793918,1035.0832071093218,0
834.691732943016,-10.266805006683212,567.9197454793918,1035.226997283989,0
835.1504661504906,-10.276764499300844,568.0614940405015,1035.370787458656,0
835.1504661504906,-10.286723991918477,568.0614940405015,1035.5145776333231,0
835.6159938803381,-10.296683484536109,568.2053421090245,1035.65836780799,0
835.6159938803381,-10.306642977153741,568.2053421090245,1035.8021579826573,0
836.0747270878129,-10.306642977153741,568.3470906701342,1035.8021579826573,0
836.0747270878129,-10.31674342676552,568.3470906701342,1035.9479832239272,0
836.0747270878129,-10.326561962389006,568.3470906701342,1036.0897383319914,0
836.5334602952877,-10.326561962389006,568.4888392312439,1036.0897383319914,0
836.5334602952877,-10.336521455006638,568.4888392312439,1036.2335285066583,0
836.9991939197527,-10.336521455006638,568.6327509212035,1036.2335285066583,0
836.9991939197527,-10.34648094762427,568.6327509212035,1036.3773186813255,0
836.9991939197527,-10.356581397236049,568.6327509212035,1036.5231439225954,0
837.4645157549828,-10.356581397236049,568.7765353682896,1036.5231439225954,0
837.4645157549828,-10.366399932859535,568.7765353682896,1036.6648990306596,0
837.9302493794478,-10.376500382471313,568.9204470582494,1036.8107242719295,0
837.9302493794478,-10.3863189180948,568.9204470582494,1036.9524793799937,0
838.3889825869226,-10.396278410712432,569.062195619359,1037.0962695546607,0
838.8477157943973,-10.40637886032421,569.2039441804687,1037.2420947959308,0
838.8477157943973,-10.416338352941843,569.2039441804687,1037.3858849705978,0
839.3132435242449,-10.416338352941843,569.3477922489916,1037.3858849705978,0
839.3132435242449,-10.42615248365926,569.3477922489916,1037.5275764828307,0
839.3132435242449,-10.436257338177107,569.3477922489916,1037.6734653199321,0
839.7719767317196,-10.436257338177107,569.4895408101013,1037.6734653199321,0
839.7719767317196,-10.44621683079474,569.4895408101013,1037.817255494599,0
840.2375044615671,-10.44621683079474,569.6333888786243,1037.817255494599,0
840.2375044615671,-10.456176323412372,569.6333888786243,1037.9610456692662,0
840.7030321914148,-10.466135816030004,569.7772369471471,1038.1048358439332,0
840.7030321914148,-10.476095308647636,569.7772369471471,1038.2486260186004,0
841.1617653988895,-10.486054801265269,569.9189855082568,1038.3924161932673,0
841.1617653988895,-10.4960142938829,569.9189855082568,1038.5362063679345,0
841.6207045009816,-10.505973786500531,570.0607976908033,1038.6799965426014,0
842.0862322308292,-10.515933279118164,570.2046457593262,1038.8237867172686,0
842.0862322308292,-10.525892771735796,570.2046457593262,1038.9675768919356,0
842.5517599606768,-10.525892771735796,570.3484938278491,1038.9675768919356,0
842.5517599606768,-10.535852264353428,570.3484938278491,1039.1113670666027,0
842.5517599606768,-10.54581175697106,570.3484938278491,1039.2551572412697,0
843.0104931681516,-10.54581175697106,570.4902423889588,1039.2551572412697,0
843.0104931681516,-10.555771249588693,570.4902423889588,1039.3989474159368,0
843.4760208979991,-10.555771249588693,570.6340904574816,1039.3989474159368,0
843.4760208979991,-10.565730742206325,570.6340904574816,1039.5427375906038,0
843.9347541054738,-10.575690234823957,570.7758390185913,1039.686527765271,0
843.9347541054738,-10.58564972744159,570.7758390185913,1039.830317939938,0
844.4002818353215,-10.58564972744159,570.9196870871143,1039.830317939938,0
844.4002818353215,-10.595609220059222,570.9196870871143,1039.974108114605,0
844.8590150427962,-10.595609220059222,571.061435648224,1039.974108114605,0
844.8590150427962,-10.605568712676854,571.061435648224,1040.117898289272,0
845.3245427726438,-10.615528205294487,571.2052837167469,1040.2616884639392,0
845.3245427726438,-10.625487697912119,571.2052837167469,1040.4054786386062,0
845.7832759801184,-10.625487697912119,571.3470322778566,1040.4054786386062,0
845.7832759801184,-10.635878871324325,571.3470322778566,1040.555501204745,0
846.2488037099662,-10.635878871324325,571.4908803463795,1040.555501204745,0
846.2488037099662,-10.645838363941957,571.4908803463795,1040.699291379412,0
846.2488037099662,-10.65579785655959,571.4908803463795,1040.8430815540792,0
846.7077428120582,-10.65579785655959,571.632692528926,1040.8430815540792,0
846.7077428120582,-10.665757349177222,571.632692528926,1040.986871728746,0
847.1732705419057,-10.675716841794854,571.7765405974488,1041.1306619034133,0
847.6320037493805,-10.685676334412486,571.9182891585585,1041.2744520780802,0
847.6320037493805,-10.695635827030118,571.9182891585585,1041.4182422527474,0
848.0975314792281,-10.695635827030118,572.0621372270815,1041.4182422527474,0
848.0975314792281,-10.705740681547963,572.0621372270815,1041.5641310898488,0
848.5630592090757,-10.715554812265381,572.2059852956044,1041.7058226020815,0
848.5630592090757,-10.725659666783228,572.2059852956044,1041.851711439183,0
849.0285869389232,-10.73561915940086,572.3498333641272,1041.99550161385,0
849.487320146398,-10.745433290118278,572.4915819252369,1042.1371931260826,0
849.487320146398,-10.755538144636125,572.4915819252369,1042.283081963184,0
849.9460533538728,-10.755538144636125,572.6333304863466,1042.283081963184,0
849.9460533538728,-10.765497637253757,572.6333304863466,1042.4268721378512,0
850.4115810837204,-10.77545712987139,572.7771785548696,1042.5706623125182,0
850.8703142911951,-10.785416622489022,572.9189271159793,1042.7144524871853,0
850.8703142911951,-10.795376115106654,572.9189271159793,1042.8582426618523,0
851.33604791566,-10.795376115106654,573.0628388059389,1042.8582426618523,0
851.33604791566,-10.805335607724286,573.0628388059389,1043.0020328365194,0
851.7947811231347,-10.815295100341919,573.2045873670486,1043.1458230111864,0
852.2603088529823,-10.82525459295955,573.3484354355716,1043.2896131858536,0
852.2603088529823,-10.835214085577181,573.3484354355716,1043.4334033605205,0
852.7190420604571,-10.835214085577181,573.4901839966813,1043.4334033605205,0
852.7190420604571,-10.845173578194814,573.4901839966813,1043.5771935351877,0
853.1845697903046,-10.855133070812446,573.6340320652041,1043.7209837098546,0
853.6500975201523,-10.865092563430078,573.777880133727,1043.8647738845218,0
853.6500975201523,-10.87505205604771,573.777880133727,1044.008564059189,0
854.108830727627,-10.87505205604771,573.9196286948367,1044.008564059189,0
854.108830727627,-10.885011548665343,573.9196286948367,1044.152354233856,0
854.5743584574745,-10.894971041282975,574.0634767633596,1044.296144408523,0
854.5743584574745,-10.904930533900608,574.0634767633596,1044.43993458319,0
855.0330916649493,-10.904930533900608,574.2052253244693,1044.43993458319,0
855.0330916649493,-10.91489002651824,574.2052253244693,1044.5837247578572,0
855.4986193947968,-10.91489002651824,574.3490733929922,1044.5837247578572,0
855.4986193947968,-10.924994881036087,574.3490733929922,1044.7296135949584,0
855.9575584968891,-10.934809011753504,574.4908855755386,1044.8713051071913,0
855.9575584968891,-10.944768504371137,574.4908855755386,1045.0150952818583,0
856.4230862267366,-10.944768504371137,574.6347336440616,1045.0150952818583,0
856.4230862267366,-10.954873358888982,574.6347336440616,1045.1609841189597,0
856.8818194342114,-10.954873358888982,574.7764822051713,1045.1609841189597,0
856.8818194342114,-10.964687489606401,574.7764822051713,1045.3026756311924,0
857.3473471640589,-10.974646982224034,574.9203302736942,1045.4464658058596,0
857.3473471640589,-10.984751836741879,574.9203302736942,1045.592354642961,0
857.8060803715338,-10.984751836741879,575.0620788348039,1045.592354642961,0
857.8060803715338,-10.994565967459298,575.0620788348039,1045.7340461551937,0
858.2716081013813,-10.994565967459298,575.2059269033268,1045.7340461551937,0
858.2716081013813,-11.00452546007693,575.2059269033268,1045.8778363298607,0
858.7371358312288,-11.014630314594775,575.3497749718497,1046.023725166962,0
858.7371358312288,-11.024444445312195,575.3497749718497,1046.1654166791948,0
859.1958690387036,-11.024444445312195,575.4915235329594,1046.1654166791948,0
859.1958690387036,-11.034403937929827,575.4915235329594,1046.309206853862,0
859.6613967685512,-11.034403937929827,575.6353716014822,1046.309206853862,0
859.6613967685512,-11.044508792447672,575.6353716014822,1046.4550956909634,0
860.120129976026,-11.054468285065305,575.7771201625919,1046.5988858656303,0
860.120129976026,-11.064427777682937,575.7771201625919,1046.7426760402975,0
860.579069078118,-11.064427777682937,575.9189323451384,1046.7426760402975,0
860.579069078118,-11.07438727030057,575.9189323451384,1046.8864662149645,0
861.0647744804667,-11.084346762918202,576.0690153144642,1047.0302563896316,0
861.5235076879414,-11.094306255535834,576.2107638755739,1047.1740465642986,0
861.5235076879414,-11.104265748153466,576.2107638755739,1047.3178367389658,0
861.9890354177891,-11.114225240771098,576.3546119440967,1047.4616269136327,0
861.9890354177891,-11.12418473338873,576.3546119440967,1047.6054170882999,0
862.4477686252638,-11.12418473338873,576.4963605052064,1047.6054170882999,0
862.4477686252638,-11.134144226006363,576.4963605052064,1047.7492072629668,0
862.9132963551114,-11.134144226006363,576.6402085737294,1047.7492072629668,0
862.9132963551114,-11.144103718623995,576.6402085737294,1047.892997437634,0
863.3722354572035,-11.154063211241628,576.7820207562759,1048.036787612301,0
863.3722354572035,-11.164018298953193,576.7820207562759,1048.1805141911368,0
863.8377631870511,-11.164018298953193,576.9258688247987,1048.1805141911368,0
863.8377631870511,-11.173982196476892,576.9258688247987,1048.324367961635,0
864.3032909168986,-11.173982196476892,577.0697168933217,1048.324367961635,0
864.3032909168986,-11.183937284188458,577.0697168933217,1048.468094540471,0
864.7620241243734,-11.193901181712157,577.2114654544314,1048.6119483109694,0
864.7620241243734,-11.203856269423722,577.2114654544314,1048.755674889805,0
865.2207573318481,-11.203856269423722,577.3532140155411,1048.755674889805,0
865.2207573318481,-11.213961123941568,577.3532140155411,1048.9015637269065,0
865.6862850616958,-11.223775254658987,577.4970620840639,1049.0432552391392,0
866.1518127915433,-11.233739152182686,577.6409101525868,1049.1871090096377,0
866.1518127915433,-11.243839601794464,577.6409101525868,1049.3329342509076,0
866.6105459990181,-11.243839601794464,577.7826587136965,1049.3329342509076,0
866.6105459990181,-11.253653732511884,577.7826587136965,1049.4746257631405,0
867.0760737288656,-11.263613225129516,577.9265067822195,1049.6184159378074,0
867.0760737288656,-11.273718079647361,577.9265067822195,1049.7643047749089,0
867.5350128309578,-11.273718079647361,578.0683189647659,1049.7643047749089,0
867.5350128309578,-11.28353221036478,578.0683189647659,1049.9059962871415,0
868.000334666188,-11.293491702982413,578.212103411852,1050.0497864618087,0
868.000334666188,-11.303596557500258,578.212103411852,1050.19567529891,0
868.45927376828,-11.303596557500258,578.3539155943985,1050.19567529891,0
868.45927376828,-11.31355605011789,578.3539155943985,1050.339465473577,0
868.9248014981276,-11.323515542735523,578.4977636629214,1050.483255648244,0
869.3903292279753,-11.333475035353155,578.6416117314443,1050.6270458229112,0
869.3903292279753,-11.343434527970787,578.6416117314443,1050.7708359975784,0
869.84906243545,-11.343434527970787,578.783360292554,1050.7708359975784,0
869.84906243545,-11.35339402058842,578.783360292554,1050.9146261722453,0
870.3077956429247,-11.363353513206052,578.9251088536637,1051.0584163469125,0
870.3077956429247,-11.373313005823684,578.9251088536637,1051.2022065215795,0
870.7733233727723,-11.373313005823684,579.0689569221867,1051.2022065215795,0
870.7733233727723,-11.383272498441317,579.0689569221867,1051.3459966962466,0
871.23885110262,-11.393231991058949,579.2128049907095,1051.4897868709136,0
871.23885110262,-11.403191483676581,579.2128049907095,1051.6335770455808,0
871.6975843100946,-11.413150976294213,579.3545535518192,1051.7773672202477,0
871.6975843100946,-11.423110468911846,579.3545535518192,1051.9211573949149,0
872.1631120399422,-11.423110468911846,579.4984016203421,1051.9211573949149,0
872.1631120399422,-11.433069961529478,579.4984016203421,1052.0649475695818,0
872.6220511420343,-11.433069961529478,579.6402138028885,1052.0649475695818,0
872.6220511420343,-11.44302945414711,579.6402138028885,1052.208737744249,0
873.080784349509,-11.452988946764743,579.7819623639982,1052.352527918916,0
873.080784349509,-11.462948439382373,579.7819623639982,1052.496318093583,0
873.5463120793567,-11.472907932000005,579.9258104325212,1052.64010826825,0
873.5463120793567,-11.482867424617638,579.9258104325212,1052.7838984429172,0
874.0118398092043,-11.482867424617638,580.069658501044,1052.7838984429172,0
874.0118398092043,-11.49282691723527,580.069658501044,1052.9276886175842,0
874.4705730166789,-11.502786409852902,580.2114070621537,1053.0714787922514,0
874.4705730166789,-11.512745902470535,580.2114070621537,1053.2152689669183,0
874.9361007465264,-11.512745902470535,580.3552551306767,1053.2152689669183,0
874.9361007465264,-11.522705395088167,580.3552551306767,1053.3590591415855,0
875.3948339540013,-11.5326648877058,580.4970036917864,1053.5028493162524,0
875.8603616838489,-11.542624380323431,580.6408517603093,1053.6466394909196,0
875.8603616838489,-11.552583872941064,580.6408517603093,1053.7904296655868,0
876.3190948913236,-11.56268872745891,580.782600321419,1053.936318502688,0
876.3190948913236,-11.572648220076543,580.782600321419,1054.0801086773552,0
876.7846226211711,-11.572648220076543,580.9264483899419,1054.0801086773552,0
876.7846226211711,-11.58246235079396,580.9264483899419,1054.2218001895878,0
877.2435617232634,-11.592567205311806,581.0682605724884,1054.3676890266893,0
877.2435617232634,-11.602526697929438,581.0682605724884,1054.5114792013562,0
877.7090894531109,-11.602526697929438,581.2121086410112,1054.5114792013562,0
877.7090894531109,-11.61248619054707,581.2121086410112,1054.6552693760234,0
878.1678226605857,-11.622445683164703,581.3538572021209,1054.7990595506903,0
878.1678226605857,-11.632405175782335,581.3538572021209,1054.9428497253575,0
878.6333503904332,-11.632405175782335,581.4977052706438,1054.9428497253575,0
878.6333503904332,-11.642364668399967,581.4977052706438,1055.0866399000247,0
879.0988781202808,-11.6523241610176,581.6415533391668,1055.2304300746916,0
879.5576113277556,-11.662283653635232,581.7833019002765,1055.3742202493588,0
879.5576113277556,-11.672243146252864,581.7833019002765,1055.5180104240258,0
880.0163445352302,-11.682202638870496,581.9250504613861,1055.661800598693,0
880.0163445352302,-11.692162131488129,581.9250504613861,1055.8055907733599,0
880.4818722650779,-11.692162131488129,582.068898529909,1055.8055907733599,0
880.4818722650779,-11.70212162410576,582.068898529909,1055.949380948027,0
880.9473999949255,-11.70212162410576,582.212746598432,1055.949380948027,0
880.9473999949255,-11.712081116723393,582.212746598432,1056.093171122694,0
880.9473999949255,-11.722040609341025,582.212746598432,1056.2369612973612,0
881.4061332024003,-11.722040609341025,582.3544951595417,1056.2369612973612,0
881.4061332024003,-11.732000101958658,582.3544951595417,1056.3807514720281,0
881.8718668268651,-11.74195959457629,582.4984068495013,1056.5245416466953,0
881.8718668268651,-11.751919087193922,582.4984068495013,1056.6683318213622,0
882.3306000343399,-11.751919087193922,582.640155410611,1056.6683318213622,0
882.3306000343399,-11.761878579811555,582.640155410611,1056.8121219960294,0
882.7961277641875,-11.771838072429187,582.7840034791338,1056.9559121706964,0
882.7961277641875,-11.78179756504682,582.7840034791338,1057.0997023453635,0
883.2548609716622,-11.791757057664451,582.9257520402435,1057.2434925200305,0
883.2548609716622,-11.801716550282084,582.9257520402435,1057.3872826946977,0
883.7203887015098,-11.801716550282084,583.0696001087665,1057.3872826946977,0
883.7203887015098,-11.811676042899716,583.0696001087665,1057.5310728693646,0
884.1791219089845,-11.811676042899716,583.2113486698762,1057.5310728693646,0
884.1791219089845,-11.821635535517348,583.2113486698762,1057.6748630440318,0
884.6446496388321,-11.831735985129127,583.3551967383991,1057.820688285302,0
884.6446496388321,-11.84169547774676,583.3551967383991,1057.9644784599689,0
885.1033828463069,-11.851800332264604,583.4969452995088,1058.1103672970703,0
885.1033828463069,-11.86190518678245,583.4969452995088,1058.2562561341717,0
885.5689105761545,-11.871719317499869,583.6407933680317,1058.3979476464044,0
886.0278496782465,-11.881678810117501,583.7826055505782,1058.5417378210714,0
886.0278496782465,-11.891638302735133,583.7826055505782,1058.6855279957385,0
886.4933774080941,-11.901743157252978,583.926453619101,1058.83141683284,0
886.4933774080941,-11.911557287970398,583.926453619101,1058.9731083450727,0
886.9589051379418,-11.911557287970398,584.070301687624,1058.9731083450727,0
886.9589051379418,-11.921662142488243,584.070301687624,1059.118997182174,0
886.9589051379418,-11.931621635105875,584.070301687624,1059.262787356841,0
887.4176383454164,-11.931621635105875,584.2120502487337,1059.262787356841,0
887.4176383454164,-11.941581127723508,584.2120502487337,1059.4065775315082,0
887.8763715528912,-11.941581127723508,584.3537988098434,1059.4065775315082,0
887.8763715528912,-11.95154062034114,584.3537988098434,1059.5503677061752,0
887.8763715528912,-11.961500112958772,584.3537988098434,1059.6941578808423,0
888.3418992827387,-11.961500112958772,584.4976468783663,1059.6941578808423,0
888.3418992827387,-11.971459605576404,584.4976468783663,1059.8379480555093,0
888.8074270125865,-11.981419098194037,584.6414949468891,1059.9817382301765,0
888.8074270125865,-11.991378590811669,584.6414949468891,1060.1255284048434,0
889.2661602200611,-12.001338083429301,584.7832435079988,1060.2693185795106,0
889.7316879499087,-12.011297576046934,584.9270915765218,1060.4131087541778,0
889.7316879499087,-12.021257068664566,584.9270915765218,1060.5568989288447,0
890.1904211573834,-12.031216561282198,585.0688401376315,1060.7006891035119,0
890.1904211573834,-12.04117605389983,585.0688401376315,1060.8444792781788,0
890.655948887231,-12.04117605389983,585.2126882061543,1060.8444792781788,0
890.655948887231,-12.051135546517463,585.2126882061543,1060.988269452846,0
891.1148879893232,-12.051135546517463,585.3545003887008,1060.988269452846,0
891.1148879893232,-12.061095039135095,585.3545003887008,1061.132059627513,0
891.1148879893232,-12.071054531752727,585.3545003887008,1061.2758498021801,0
891.5804157191707,-12.071054531752727,585.4983484572238,1061.2758498021801,0
891.5804157191707,-12.08101402437036,585.4983484572238,1061.419639976847,0
891.5804157191707,-12.090973516987992,585.4983484572238,1061.5634301515142,0
892.0459434490183,-12.090973516987992,585.6421965257466,1061.5634301515142,0
892.0459434490183,-12.100933009605624,585.6421965257466,1061.7072203261812,0
892.0459434490183,-12.110892502223257,585.6421965257466,1061.8510105008484,0
892.5046766564931,-12.110892502223257,585.7839450868563,1061.8510105008484,0
892.5046766564931,-12.120851994840889,585.7839450868563,1061.9948006755153,0
892.9634098639679,-12.120851994840889,585.925693647966,1061.9948006755153,0
892.9634098639679,-12.130952444452667,585.925693647966,1062.1406259167854,0
892.9634098639679,-12.140770980076153,585.925693647966,1062.2823810248494,0
893.4289375938154,-12.140770980076153,586.069541716489,1062.2823810248494,0
893.4289375938154,-12.150730472693786,586.069541716489,1062.4261711995166,0
893.8876708012901,-12.160830922305564,586.2112902775987,1062.5719964407867,0
893.8876708012901,-12.17064945792905,586.2112902775987,1062.7137515488507,0
894.3531985311377,-12.17064945792905,586.3551383461215,1062.7137515488507,0
894.3531985311377,-12.180749907540829,586.3551383461215,1062.8595767901209,0
894.3531985311377,-12.190709400158461,586.3551383461215,1063.0033669647878,0
894.8187262609853,-12.190709400158461,586.4989864146444,1063.0033669647878,0
894.8187262609853,-12.200668892776093,586.4989864146444,1063.147157139455,0
894.8187262609853,-12.210628385393726,586.4989864146444,1063.290947314122,0
895.2776653630774,-12.210628385393726,586.6407985971908,1063.290947314122,0
895.2776653630774,-12.220587878011358,586.6407985971908,1063.434737488789,0
895.2776653630774,-12.23054737062899,586.6407985971908,1063.578527663456,0
895.7363985705521,-12.23054737062899,586.7825471583005,1063.578527663456,0
895.7363985705521,-12.240506863246623,586.7825471583005,1063.7223178381232,0
896.2019263003997,-12.240506863246623,586.9263952268235,1063.7223178381232,0
896.2019263003997,-12.250466355864255,586.9263952268235,1063.8661080127902,0
896.6674540302473,-12.260425848481887,587.0702432953464,1064.0098981874573,0
896.6674540302473,-12.27038534109952,587.0702432953464,1064.1536883621243,0
897.1261872377221,-12.280344833717152,587.211991856456,1064.2974785367915,0
897.1261872377221,-12.290304326334784,587.211991856456,1064.4412687114584,0
897.5902737052481,-12.300237389516013,587.3553945749217,1064.5846773111375,0
897.5902737052481,-12.310196882133646,587.3553945749217,1064.7284674858045,0
897.5917149675696,-12.290304326334784,587.355839924979,1064.4412687114584,0
897.5917149675696,-12.300263818952414,587.355839924979,1064.5850588861256,0
898.0490069127228,-12.310196882133646,587.4971431360314,1064.7284674858045,0
898.0490069127228,-12.320156374751278,587.4971431360314,1064.8722576604716,0
898.5145346425704,-12.330261229269123,587.6409912045542,1065.018146497573,0
898.5145346425704,-12.340075359986542,587.6409912045542,1065.1598380098058,0
898.980062372418,-12.350034852604175,587.7848392730772,1065.303628184473,0
898.980062372418,-12.36013970712202,587.7848392730772,1065.4495170215741,0
899.4387955798928,-12.36013970712202,587.9265878341869,1065.4495170215741,0
899.4387955798928,-12.36995383783944,587.9265878341869,1065.591208533807,0
899.4387955798928,-12.379913330457072,587.9265878341869,1065.734998708474,0
899.8977346819848,-12.379913330457072,588.0684000167333,1065.734998708474,0
899.8977346819848,-12.390018184974917,588.0684000167333,1065.8808875455754,0
900.3632624118325,-12.399832315692336,588.2122480852562,1066.0225790578081,0
900.3632624118325,-12.409791808309969,588.2122480852562,1066.1663692324753,0
900.8219956193072,-12.419896662827814,588.3539966463659,1066.3122580695765,0
901.2875233491548,-12.429856155445446,588.4978447148887,1066.4560482442437,0
901.2875233491548,-12.439815648063078,588.4978447148887,1066.5998384189106,0
901.7530510790024,-12.44977514068071,588.6416927834117,1066.7436285935778,0
901.7530510790024,-12.459734633298343,588.6416927834117,1066.887418768245,0
902.211784286477,-12.469694125915975,588.7834413445214,1067.031208942912,0
902.211784286477,-12.479649213627539,588.7834413445214,1067.1749355217476,0
902.6705174939519,-12.48961311115124,588.9251899056311,1067.318789292246,0
902.6705174939519,-12.499568198862804,588.9251899056311,1067.4625158710817,0
903.1360452237994,-12.499568198862804,589.069037974154,1067.4625158710817,0
903.1360452237994,-12.509532096386504,589.069037974154,1067.6063696415802,0
903.6015729536471,-12.519487184098068,589.2128860426769,1067.750096220416,0
903.6015729536471,-12.529451081621769,589.2128860426769,1067.8939499909143,0
904.0605120557391,-12.539406169333333,589.3546982252234,1068.0376765697501,0
904.0605120557391,-12.549370066857033,589.3546982252234,1068.1815303402484,0
904.5260397855867,-12.549370066857033,589.4985462937462,1068.1815303402484,0
904.5260397855867,-12.559325154568597,589.4985462937462,1068.3252569190843,0
904.5260397855867,-12.569289052092298,589.4985462937462,1068.4691106895825,0
904.9847729930615,-12.569289052092298,589.6402948548559,1068.4691106895825,0
904.9847729930615,-12.579244139803862,589.6402948548559,1068.6128372684184,0
905.450300722909,-12.589208037327563,589.7841429233789,1068.7566910389166,0
905.450300722909,-12.599163125039126,589.7841429233789,1068.9004176177525,0
905.9090339303838,-12.609127022562825,589.9258914844886,1069.0442713882508,0
906.3745616602314,-12.619082110274391,590.0697395530115,1069.1879979670866,0
906.3745616602314,-12.62904600779809,590.0697395530115,1069.3318517375849,0
906.3745616602314,-12.639001095509656,590.0697395530115,1069.4755783164208,0
906.840089390079,-12.639001095509656,590.2135876215343,1069.4755783164208,0
906.840089390079,-12.6491059500275,590.2135876215343,1069.6214671535222,0
907.2988225975537,-12.65892008074492,590.355336182644,1069.7631586657549,0
907.2988225975537,-12.66888397826862,590.355336182644,1069.9070124362534,0
907.7575558050285,-12.66888397826862,590.4970847437537,1069.9070124362534,0
907.7575558050285,-12.678988832786466,590.4970847437537,1070.0529012733546,0
907.7575558050285,-12.68894392049803,590.4970847437537,1070.1966278521904,0
908.223083534876,-12.68894392049803,590.6409328122767,1070.1966278521904,0
908.223083534876,-12.69875805121545,590.6409328122767,1070.3383193644231,0
908.223083534876,-12.708862905733294,590.6409328122767,1070.4842082015246,0
908.6886112647236,-12.708862905733294,590.7847808807995,1070.4842082015246,0
908.6886112647236,-12.718826803256993,590.7847808807995,1070.6280619720228,0
908.6886112647236,-12.728781890968559,590.7847808807995,1070.7717885508587,0
909.1475503668157,-12.728781890968559,590.926593063346,1070.7717885508587,0
909.1475503668157,-12.738745788492258,590.926593063346,1070.915642321357,0
909.6130780966632,-12.748700876203824,591.070441131869,1071.0593689001928,0
909.6130780966632,-12.758664773727523,591.070441131869,1071.2032226706913,0
910.071811304138,-12.768619861439088,591.2121896929787,1071.346949249527,0
910.071811304138,-12.778583758962787,591.2121896929787,1071.4908030200254,0
910.5373390339856,-12.778583758962787,591.3560377615015,1071.4908030200254,0
910.5373390339856,-12.788538846674353,591.3560377615015,1071.634529598861,0
910.5373390339856,-12.798502744198052,591.3560377615015,1071.7783833693595,0
910.9960722414604,-12.798502744198052,591.4977863226112,1071.7783833693595,0
910.9960722414604,-12.808457831909617,591.4977863226112,1071.9221099481952,0
911.4615999713079,-12.818421729433316,591.6416343911342,1072.0659637186936,0
911.4615999713079,-12.828376817144882,591.6416343911342,1072.2096902975293,0
911.9271277011554,-12.83834071466858,591.785482459657,1072.3535440680278,0
911.9271277011554,-12.848295802380147,591.785482459657,1072.4972706468634,0
912.3858609086303,-12.858259699903845,591.9272310207667,1072.6411244173619,0
912.3858609086303,-12.868214787615411,591.9272310207667,1072.7848509961975,0
912.844594116105,-12.87817868513911,592.0689795818764,1072.928704766696,0
913.3169163683255,-12.888133772850676,592.2149271578126,1073.0724313455316,0
913.3169163683255,-12.898097670374375,592.2149271578126,1073.2162851160301,0
913.7690609480446,-12.90805275808594,592.3546398329457,1073.3600116948658,0
913.7690609480446,-12.918157612603785,592.3546398329457,1073.5059005319672,0
914.2345886778924,-12.927971743321205,592.4984879014687,1073.6475920441999,0
914.7001164077399,-12.937935640844904,592.6423359699916,1073.7914458146984,0
914.7001164077399,-12.948031685550616,592.6423359699916,1073.937207460137,0
915.1588496152146,-12.957854626080168,592.7840845311013,1074.0790261640325,0
915.1588496152146,-12.967809713791734,592.7840845311013,1074.2227527428681,0
915.6243773450622,-12.97791456830958,592.9279325996242,1074.3686415799696,0
915.6243773450622,-12.987728699026999,592.9279325996242,1074.5103330922022,0
916.0831105525369,-12.997833553544844,593.0696811607339,1074.6562219293037,0
916.5486382823846,-13.00778864125641,593.2135292292568,1074.7999485081396,0
916.5486382823846,-13.017752538780108,593.2135292292568,1074.9438022786378,0
917.0073714898592,-13.027707626491674,593.3552777903665,1075.0875288574737,0
917.0073714898592,-13.037671524015373,593.3552777903665,1075.231382627972,0
917.4728992197068,-13.047626611726939,593.4991258588893,1075.3751092068078,0
917.9384269495544,-13.057590509250637,593.6429739274123,1075.518962977306,0
917.9384269495544,-13.067545596962203,593.6429739274123,1075.662689556142,0
918.3973660516466,-13.077941175280474,593.7847861099588,1075.8127757181119,0
918.3973660516466,-13.08789626299204,593.7847861099588,1075.9565022969475,0
918.8628937814941,-13.097860160515738,593.9286341784816,1076.100356067446,0
918.8628937814941,-13.107815248227304,593.9286341784816,1076.2440826462816,0
919.3216269889689,-13.117779145751003,594.0703827395913,1076.3879364167801,0
919.3216269889689,-13.127734233462569,594.0703827395913,1076.531662995616,0
919.7871547188164,-13.127734233462569,594.2142308081143,1076.531662995616,0
919.7871547188164,-13.137698130986267,594.2142308081143,1076.6755167661142,0
920.2458879262912,-13.147653218697833,594.355979369224,1076.81924334495,0
920.2458879262912,-13.157617116221532,594.355979369224,1076.9630971154484,0
920.2458879262912,-13.167572203933098,594.355979369224,1077.1068236942842,0
920.7114156561388,-13.167572203933098,594.4998274377468,1077.1068236942842,0
920.7114156561388,-13.177536101456797,594.4998274377468,1077.2506774647825,0
920.7114156561388,-13.187491189168362,594.4998274377468,1077.3944040436184,0
921.1701488636135,-13.187491189168362,594.6415759988565,1077.3944040436184,0
921.1701488636135,-13.197455086692061,594.6415759988565,1077.5382578141166,0
921.6356765934611,-13.197455086692061,594.7854240673795,1077.5382578141166,0
921.6356765934611,-13.207410174403627,594.7854240673795,1077.6819843929525,0
921.6356765934611,-13.217374071927326,594.7854240673795,1077.8258381634507,0
922.0944098009359,-13.217374071927326,594.9271726284892,1077.8258381634507,0
922.0944098009359,-13.227329159638892,594.9271726284892,1077.9695647422866,0
922.5599375307835,-13.23729305716259,595.071020697012,1078.1134185127848,0
922.5599375307835,-13.247248144874156,595.071020697012,1078.2571450916207,0
923.025465260631,-13.257212042397855,595.2148687655349,1078.400998862119,0
923.484404362723,-13.26716713010942,595.3566809480814,1078.5447254409548,0
923.484404362723,-13.277271984627266,595.3566809480814,1078.6906142780563,0
923.9431375701979,-13.287086115344684,595.498429509191,1078.832305790289,0
923.9431375701979,-13.29719096986253,595.498429509191,1078.9781946273904,0
924.4086653000454,-13.30715486738623,595.642277577714,1079.1220483978886,0
924.4086653000454,-13.316968998103649,595.642277577714,1079.2637399101216,0
924.8673985075202,-13.316968998103649,595.7840261388237,1079.2637399101216,0
924.8673985075202,-13.327073852621494,595.7840261388237,1079.4096287472228,0
925.3329262373677,-13.33702894033306,595.9278742073466,1079.5533553260586,0
925.3329262373677,-13.346843071050477,595.9278742073466,1079.6950468382913,0
925.7984539672154,-13.356947925568324,596.0717222758695,1079.8409356753928,0
926.2571871746901,-13.366911823092023,596.2134708369792,1079.9847894458912,0
926.2571871746901,-13.376866910803589,596.2134708369792,1080.1285160247269,0
926.7227149045376,-13.386830808327288,596.3573189055021,1080.2723697952254,0
926.7227149045376,-13.396785896038852,596.3573189055021,1080.416096374061,0
927.1814481120124,-13.406749793562552,596.4990674666118,1080.5599501445595,0
927.1814481120124,-13.416704881274116,596.4990674666118,1080.7036767233951,0
927.64697584186,-13.426668778797817,596.6429155351348,1080.8475304938936,0
928.1059149439521,-13.43662386650938,596.7847277176812,1080.9912570727292,0
928.1059149439521,-13.446587764033081,596.7847277176812,1081.1351108432277,0
928.5714426737997,-13.456542851744645,596.9285757862041,1081.2788374220634,0
928.5714426737997,-13.466506749268346,596.9285757862041,1081.4226911925618,0
929.0301758812744,-13.47646183697991,597.0703243473138,1081.5664177713975,0
929.0301758812744,-13.48642573450361,597.0703243473138,1081.710271541896,0
929.4957036111219,-13.496380822215174,597.2141724158366,1081.8539981207316,0
929.9544368185968,-13.506344719738875,597.3559209769463,1081.99785189123,0
929.9544368185968,-13.516299807450439,597.3559209769463,1082.1415784700657,0
930.4199645484443,-13.526404661968284,597.4997690454693,1082.2874673071672,0
930.4199645484443,-13.536218792685704,597.4997690454693,1082.4291588193998,0
930.8854922782918,-13.546182690209404,597.6436171139921,1082.5730125898983,0
931.3442254857666,-13.55628754472725,597.7853656751018,1082.7189014269998,0
931.3442254857666,-13.566242632438813,597.7853656751018,1082.8626280058354,0
931.8031645878588,-13.576056763156233,597.9271778576483,1083.004319518068,0
931.8031645878588,-13.586161617674078,597.9271778576483,1083.1502083551695,0
932.2686923177064,-13.596125515197778,598.0710259261713,1083.294062125668,0
932.2686923177064,-13.605939645915196,598.0710259261713,1083.4357536379007,0
932.727425525181,-13.616044500433043,598.212774487281,1083.5816424750021,0
933.1929532550287,-13.625999588144607,598.3566225558038,1083.7253690538378,0
933.1929532550287,-13.635963485668308,598.3566225558038,1083.8692228243362,0
933.6718641350046,-13.645918573379872,598.5046060177164,1084.012949403172,0
933.6718641350046,-13.655882470903572,598.5046060177164,1084.1568031736704,0
934.1305973424793,-13.66569660162099,598.646354578826,1084.298494685903,0
934.1305973424793,-13.675801456138835,598.646354578826,1084.4443835230045,0
934.5895364445714,-13.6857565438504,598.7881667613725,1084.5881101018401,0
935.0550641744189,-13.6957204413741,598.9320148298955,1084.7319638723386,0
935.0550641744189,-13.705675529085665,598.9320148298955,1084.8756904511743,0
935.5205919042667,-13.715630616797231,599.0758628984183,1085.0194170300101,0
935.5205919042667,-13.72559451432093,599.0758628984183,1085.1632708005084,0
935.9793251117413,-13.735558411844629,599.217611459528,1085.3071245710069,0
936.444852841589,-13.745513499556195,599.3614595280509,1085.4508511498427,0
936.444852841589,-13.75561835407404,599.3614595280509,1085.596739986944,0
936.9035860490636,-13.75561835407404,599.5032080891606,1085.596739986944,0
936.9035860490636,-13.765432484791459,599.5032080891606,1085.7384314991768,0
936.9035860490636,-13.775387572503025,599.5032080891606,1085.8821580780125,0
937.3691137789112,-13.775387572503025,599.6470561576836,1085.8821580780125,0
937.3691137789112,-13.78549242702087,599.6470561576836,1086.028046915114,0
937.3691137789112,-13.79530655773829,599.6470561576836,1086.1697384273466,0
937.827846986386,-13.79530655773829,599.7888047187932,1086.1697384273466,0
937.827846986386,-13.805270455261988,599.7888047187932,1086.313592197845,0
938.2933747162335,-13.805270455261988,599.9326527873161,1086.313592197845,0
938.2933747162335,-13.815375309779833,599.9326527873161,1086.4594810349463,0
938.2933747162335,-13.825189440497253,599.9326527873161,1086.6011725471792,0
938.7589024460812,-13.825189440497253,600.0765008558391,1086.6011725471792,0
938.7589024460812,-13.835144528208819,600.0765008558391,1086.7448991260148,0
939.2178415481733,-13.845249382726664,600.2183130383855,1086.8907879631163,0
939.2178415481733,-13.855063513444083,600.2183130383855,1087.032479475349,0
939.6765747556481,-13.865027410967782,600.3600615994952,1087.1763332458474,0
940.1421024854956,-13.875132265485627,600.5039096680181,1087.3222220829489,0
940.1421024854956,-13.885087353197193,600.5039096680181,1087.4659486617845,0
940.6008356929703,-13.894901483914612,600.6456582291278,1087.6076401740172,0
940.6008356929703,-13.905006338432457,600.6456582291278,1087.7535290111186,0
941.0663634228179,-13.914970235956156,600.7895062976507,1087.8973827816171,0
941.5250966302926,-13.924925323667722,600.9312548587604,1088.0411093604528,0
941.5250966302926,-13.93488922119142,600.9312548587604,1088.1849631309512,0
941.9906243601403,-13.944844308902987,601.0751029272833,1088.3286897097869,0
941.9906243601403,-13.954808206426685,601.0751029272833,1088.4725434802854,0
942.4493575676149,-13.954808206426685,601.216851488393,1088.4725434802854,0
942.4493575676149,-13.964763294138251,601.216851488393,1088.616270059121,0
942.9148852974625,-13.97472719166195,601.3606995569158,1088.7601238296195,0
942.9148852974625,-13.984682279373516,601.3606995569158,1088.9038504084551,0
943.3804130273102,-13.984682279373516,601.5045476254388,1088.9038504084551,0
943.3804130273102,-13.994646176897215,601.5045476254388,1089.0477041789536,0
943.8393521294023,-14.00460126460878,601.6463598079853,1089.1914307577892,0
943.8393521294023,-14.01456516213248,601.6463598079853,1089.3352845282877,0
944.3048798592498,-14.024520249844045,601.7902078765081,1089.4790111071234,0
944.7636130667245,-14.034484147367744,601.9319564376178,1089.6228648776219,0
944.7636130667245,-14.044439235079308,601.9319564376178,1089.7665914564575,0
945.2291407965722,-14.054403132603008,602.0758045061408,1089.910445226956,0
945.2291407965722,-14.064358220314572,602.0758045061408,1090.0541718057916,0
945.6878740040469,-14.074463074832419,602.2175530672505,1090.200060642893,0
945.6878740040469,-14.084277205549837,602.2175530672505,1090.3417521551257,0
946.1534017338945,-14.084277205549837,602.3614011357733,1090.3417521551257,0
946.1534017338945,-14.094241103073538,602.3614011357733,1090.4856059256242,0
946.618929463742,-14.094241103073538,602.5052492042962,1090.4856059256242,0
946.618929463742,-14.104345957591383,602.5052492042962,1090.6314947627257,0
946.618929463742,-14.114160088308802,602.5052492042962,1090.7731862749583,0
947.0776626712169,-14.114160088308802,602.646997765406,1090.7731862749583,0
947.0776626712169,-14.124115176020366,602.646997765406,1090.9169128537942,0
947.5366017733089,-14.134220030538213,602.7888099479525,1091.0628016908954,0
947.5366017733089,-14.14403416125563,602.7888099479525,1091.2044932031283,0
948.0019236085392,-14.153998058779331,602.9325943950386,1091.3483469736266,0
948.4674513383867,-14.164102913297176,603.0764424635614,1091.494235810728,0
948.4674513383867,-14.17405800100874,603.0764424635614,1091.6379623895637,0
948.9263904404788,-14.17405800100874,603.2182546461079,1091.6379623895637,0
948.9263904404788,-14.18387213172616,603.2182546461079,1091.7796539017966,0
949.3919181703264,-14.193976986244005,603.3621027146309,1091.925542738898,0
949.3919181703264,-14.203940883767705,603.3621027146309,1092.0693965093963,0
949.8506513778011,-14.21389597147927,603.5038512757405,1092.2131230882321,0
950.3093845852759,-14.22385986900297,603.6455998368502,1092.3569768587304,0
950.3093845852759,-14.233814956714534,603.6455998368502,1092.5007034375662,0
950.7749123151234,-14.243778854238235,603.7894479053731,1092.6445572080645,0
950.7749123151234,-14.253733941949799,603.7894479053731,1092.7882837869004,0
951.2404400449711,-14.253733941949799,603.9332959738961,1092.7882837869004,0
951.2404400449711,-14.2636978394735,603.9332959738961,1092.9321375573986,0
951.6991732524458,-14.273652927185063,604.0750445350058,1093.0758641362345,0
952.1647009822933,-14.283616824708764,604.2188926035286,1093.2197179067327,0
952.1647009822933,-14.293862636220755,604.2188926035286,1093.3676418104371,0
952.6236400843854,-14.303817723932319,604.3607047860751,1093.511368389273,0
952.6236400843854,-14.31378162145602,604.3607047860751,1093.6552221597713,0
953.0891678142331,-14.31378162145602,604.5045528545979,1093.6552221597713,0
953.0891678142331,-14.323736709167584,604.5045528545979,1093.7989487386071,0
953.5479010217078,-14.333700606691284,604.6463014157076,1093.9428025091054,0
953.5479010217078,-14.343655694402848,604.6463014157076,1094.0865290879412,0
954.0134287515554,-14.343655694402848,604.7901494842306,1094.0865290879412,0
954.0134287515554,-14.353619591926549,604.7901494842306,1094.2303828584395,0
954.4721619590301,-14.363574679638113,604.9318980453403,1094.3741094372754,0
954.4721619590301,-14.373538577161813,604.9318980453403,1094.5179632077736,0
954.9376896888778,-14.383493664873377,605.0757461138631,1094.6616897866095,0
955.3964228963525,-14.393457562397076,605.2174946749728,1094.805543557108,0
955.3964228963525,-14.403412650108642,605.2174946749728,1094.9492701359436,0
955.8619506262,-14.403412650108642,605.3613427434958,1094.9492701359436,0
955.8619506262,-14.41337654763234,605.3613427434958,1095.093123906442,0
955.8619506262,-14.423331635343906,605.3613427434958,1095.2368504852777,0
956.3274783560475,-14.423331635343906,605.5051908120187,1095.2368504852777,0
956.3274783560475,-14.433295532867605,605.5051908120187,1095.3807042557762,0
956.7862115635224,-14.443250620579171,605.6469393731284,1095.5244308346118,0
957.2451506656145,-14.453355475097016,605.7887515556748,1095.6703196717133,0
957.2451506656145,-14.463169605814436,605.7887515556748,1095.812011183946,0
957.7106783954621,-14.463169605814436,605.9325996241978,1095.812011183946,0
957.7106783954621,-14.47327446033228,605.9325996241978,1095.9579000210474,0
957.7106783954621,-14.483238357855981,605.9325996241978,1096.101753791546,0
958.1694116029367,-14.483238357855981,606.0743481853075,1096.101753791546,0
958.1694116029367,-14.4930524885734,606.0743481853075,1096.2434453037786,0
958.6349393327845,-14.503157343091244,606.2181962538303,1096.38933414088,0
959.100467062632,-14.51311243080281,606.3620443223532,1096.5330607197156,0
959.100467062632,-14.523076328326509,606.3620443223532,1096.6769144902141,0
959.5592002701068,-14.523076328326509,606.5037928834629,1096.6769144902141,0
959.5592002701068,-14.533031416038074,606.5037928834629,1096.8206410690498,0
960.0247279999543,-14.542995313561773,606.6476409519859,1096.9644948395483,0
960.483461207429,-14.552950401273339,606.7893895130956,1097.108221418384,0
960.483461207429,-14.562914298797038,606.7893895130956,1097.2520751888824,0
960.9489889372767,-14.562914298797038,606.9332375816184,1097.2520751888824,0
960.9489889372767,-14.572869386508604,606.9332375816184,1097.395801767718,0
961.4077221447513,-14.582833284032303,607.0749861427281,1097.5396555382165,0
961.4077221447513,-14.592788371743868,607.0749861427281,1097.6833821170521,0
961.8734557692163,-14.592788371743868,607.2188978326878,1097.6833821170521,0
961.8734557692163,-14.602752269267567,607.2188978326878,1097.8272358875506,0
962.332188976691,-14.612707356979133,607.3606463937975,1097.9709624663863,0
962.332188976691,-14.622671254502832,607.3606463937975,1098.1148162368847,0
962.7977167065387,-14.622671254502832,607.5044944623204,1098.1148162368847,0
962.7977167065387,-14.632626342214397,607.5044944623204,1098.2585428157204,0
963.2564499140134,-14.642590239738096,607.6462430234301,1098.4023965862189,0
963.7219776438609,-14.652545327449662,607.7900910919531,1098.5461231650545,0
964.1875053737085,-14.66250922497336,607.9339391604759,1098.689976935553,0
964.1875053737085,-14.672464312684927,607.9339391604759,1098.8337035143886,0
964.6462385811833,-14.682428210208625,608.0756877215856,1098.977557284887,0
964.6462385811833,-14.692383297920191,608.0756877215856,1099.1212838637227,0
965.1049717886581,-14.702488152438036,608.2174362826953,1099.2671727008242,0
965.5704995185056,-14.702488152438036,608.3612843512182,1099.2671727008242,0
965.5704995185056,-14.712302283155456,608.3612843512182,1099.4088642130569,0
966.0360272483532,-14.722266180679155,608.5051324197411,1099.5527179835553,0
966.0360272483532,-14.732362225384867,608.5051324197411,1099.6984796289942,0
966.4949663504453,-14.74218516591442,608.6469446022876,1099.8402983328895,0
966.960494080293,-14.752281210620131,608.7907926708104,1099.9860599783283,0
967.4192272877676,-14.76224510814383,608.9325412319201,1100.1299137488265,0
967.4192272877676,-14.77205923886125,608.9325412319201,1100.2716052610594,0
967.8847550176151,-14.782164093379095,609.0763893004431,1100.4174940981607,0
967.8847550176151,-14.79211918109066,609.0763893004431,1100.5612206769965,0
968.34348822509,-14.79211918109066,609.2181378615528,1100.5612206769965,0
968.34348822509,-14.80208307861436,609.2181378615528,1100.7050744474948,0
968.8090159549375,-14.80208307861436,609.3619859300757,1100.7050744474948,0
968.8090159549375,-14.812038166325925,609.3619859300757,1100.8488010263306,0
969.2745436847852,-14.822002063849624,609.5058339985985,1100.992654796829,0
969.7332768922598,-14.83195715156119,609.6475825597082,1101.1363813756648,0
969.7332768922598,-14.841921049084888,609.6475825597082,1101.280235146163,0
970.1920100997346,-14.841921049084888,609.789331120818,1101.280235146163,0
970.1920100997346,-14.851876136796454,609.789331120818,1101.423961724999,0
970.6575378295822,-14.861840034320153,609.9331791893409,1101.5678154954974,0
971.1164769316744,-14.871795122031717,610.0749913718873,1101.711542074333,0
971.1164769316744,-14.881759019555417,610.0749913718873,1101.8553958448315,0
971.5820046615219,-14.881759019555417,610.2188394404102,1101.8553958448315,0
971.5820046615219,-14.891714107266981,610.2188394404102,1101.9991224236671,0
972.0475323913694,-14.901678004790682,610.3626875089332,1102.1429761941656,0
972.5062655988443,-14.911633092502246,610.5044360700429,1102.2867027730013,0
972.5062655988443,-14.921596990025947,610.5044360700429,1102.4305565434997,0
972.9649988063189,-14.921596990025947,610.6461846311526,1102.4305565434997,0
972.9649988063189,-14.93155207773751,610.6461846311526,1102.5742831223354,0
973.4305265361666,-14.941515975261211,610.7900326996754,1102.7181368928339,0
973.4305265361666,-14.951471062972775,610.7900326996754,1102.8618634716695,0
973.8960542660141,-14.951471062972775,610.9338807681984,1102.8618634716695,0
973.8960542660141,-14.961434960496476,610.9338807681984,1103.005717242168,0
974.354787473489,-14.961434960496476,611.0756293293081,1103.005717242168,0
974.354787473489,-14.97139004820804,611.0756293293081,1103.1494438210036,0
974.8203152033365,-14.97139004820804,611.2194773978309,1103.1494438210036,0
974.8203152033365,-14.98135394573174,611.2194773978309,1103.293297591502,0
975.2792543054286,-14.991458800249585,611.3612895803774,1103.4391864286035,0
975.7379875129033,-15.001272930967005,611.5030381414871,1103.5808779408362,0
975.7379875129033,-15.011228018678569,611.5030381414871,1103.7246045196719,0
976.2035152427509,-15.011228018678569,611.6468862100099,1103.7246045196719,0
976.2035152427509,-15.021332873196414,611.6468862100099,1103.8704933567733,0
976.6690429725985,-15.031296770720115,611.7907342785329,1104.0143471272718,0
976.6690429725985,-15.041110901437532,611.7907342785329,1104.1560386395045,0
977.1277761800732,-15.041110901437532,611.9324828396426,1104.1560386395045,0
977.1277761800732,-15.05121575595538,611.9324828396426,1104.301927476606,0
977.5933039099208,-15.05121575595538,612.0763309081655,1104.301927476606,0
977.5933039099208,-15.061170843666943,612.0763309081655,1104.4456540554415,0
978.0520371173956,-15.061170843666943,612.2180794692752,1104.4456540554415,0
978.0520371173956,-15.071134741190644,612.2180794692752,1104.58950782594,0
978.5175648472432,-15.081089828902208,612.3619275377981,1104.7332344047757,0
978.5175648472432,-15.091053726425908,612.3619275377981,1104.8770881752741,0
978.9762980547179,-15.091053726425908,612.5036760989078,1104.8770881752741,0
978.9762980547179,-15.101008814137472,612.5036760989078,1105.0208147541098,0
979.4418257845654,-15.110972711661173,612.6475241674307,1105.1646685246083,0
979.9007648866576,-15.110972711661173,612.7893363499771,1105.1646685246083,0
979.9007648866576,-15.120927799372737,612.7893363499771,1105.308395103444,0
980.3662926165051,-15.130891696896438,612.9331844185001,1105.4522488739424,0
980.3662926165051,-15.140846784608001,612.9331844185001,1105.595975452778,0
980.8250258239799,-15.140846784608001,613.0749329796098,1105.595975452778,0
980.8250258239799,-15.1508106821317,613.0749329796098,1105.7398292232765,0
981.2905535538274,-15.1508106821317,613.2187810481327,1105.7398292232765,0
981.756081283675,-15.160765769843266,613.3626291166555,1105.8835558021121,0
982.2148144911498,-15.160765769843266,613.5043776777652,1105.8835558021121,0
982.2148144911498,-15.170729667366965,613.5043776777652,1106.0274095726106,0
982.6803422209973,-15.170729667366965,613.6482257462882,1106.0274095726106,0
982.6803422209973,-15.18068475507853,613.6482257462882,1106.1711361514463,0
983.1390754284721,-15.18068475507853,613.7899743073979,1106.1711361514463,0
983.1390754284721,-15.19064865260223,613.7899743073979,1106.3149899219447,0
983.1390754284721,-15.200603740313795,613.7899743073979,1106.4587165007804,0
983.6046031583196,-15.200603740313795,613.9338223759207,1106.4587165007804,0
983.6046031583196,-15.210567637837494,613.9338223759207,1106.6025702712789,0
984.0633363657945,-15.22052272554906,614.0755709370304,1106.7462968501145,0
984.0633363657945,-15.230486623072759,614.0755709370304,1106.890150620613,0
984.528864095642,-15.240441710784324,614.2194190055534,1107.0338771994489,0
984.9878031977341,-15.240441710784324,614.3612311880999,1107.0338771994489,0
984.9878031977341,-15.250405608308023,614.3612311880999,1107.177730969947,0
985.4533309275816,-15.250405608308023,614.5050792566227,1107.177730969947,0
985.4533309275816,-15.260501653013735,614.5050792566227,1107.323492615386,0
985.9120641350565,-15.270324593543288,614.6468278177324,1107.4653113192812,0
986.377591864904,-15.280279681254854,614.7906758862553,1107.609037898117,0
986.377591864904,-15.290384535772699,614.7906758862553,1107.7549267352183,0
986.8431195947516,-15.290384535772699,614.9345239547782,1107.7549267352183,0
986.8431195947516,-15.300198666490118,614.9345239547782,1107.8966182474512,0
987.3018528022263,-15.300198666490118,615.0762725158879,1107.8966182474512,0
987.3018528022263,-15.310303521007963,615.0762725158879,1108.0425070845524,0
987.7605860097011,-15.310303521007963,615.2180210769976,1108.0425070845524,0
987.7605860097011,-15.320258608719529,615.2180210769976,1108.1862336633883,0
988.2261137395487,-15.320258608719529,615.3618691455205,1108.1862336633883,0
988.2261137395487,-15.330222506243228,615.3618691455205,1108.3300874338868,0
988.6850528416408,-15.340177593954794,615.5036813280669,1108.4738140127224,0
988.6850528416408,-15.350141491478492,615.5036813280669,1108.617667783221,0
989.1505805714884,-15.350141491478492,615.6475293965899,1108.617667783221,0
989.1505805714884,-15.359955622195912,615.6475293965899,1108.7593592954536,0
989.616108301336,-15.370060476713757,615.7913774651128,1108.905248132555,0
990.0748415088108,-15.380015564425323,615.9331260262225,1109.0489747113907,0
990.0748415088108,-15.389979461949022,615.9331260262225,1109.1928284818891,0
990.5403692386583,-15.389979461949022,616.0769740947454,1109.1928284818891,0
990.5403692386583,-15.399934549660587,616.0769740947454,1109.3365550607248,0
990.999102446133,-15.409898447184286,616.2187226558551,1109.4804088312233,0
990.999102446133,-15.419853534895852,616.2187226558551,1109.624135410059,0
991.4646301759807,-15.419853534895852,616.362570724378,1109.624135410059,0
991.4646301759807,-15.42981743241955,616.362570724378,1109.7679891805574,0
991.9233633834554,-15.42981743241955,616.5043192854877,1109.7679891805574,0
991.9233633834554,-15.439772520131116,616.5043192854877,1109.911715759393,0
992.388891113303,-15.449736417654815,616.6481673540105,1110.0555695298915,0
992.388891113303,-15.459691505366381,616.6481673540105,1110.1992961087271,0
992.8476243207776,-15.459691505366381,616.7899159151202,1110.1992961087271,0
992.8476243207776,-15.46965540289008,616.7899159151202,1110.3431498792256,0
993.3131520506253,-15.46965540289008,616.9337639836432,1110.3431498792256,0
993.3131520506253,-15.479610490601646,616.9337639836432,1110.4868764580613,0
993.7720911527174,-15.489574388125344,617.0755761661896,1110.6307302285597,0
993.7720911527174,-15.49952947583691,617.0755761661896,1110.7744568073954,0
994.237618882565,-15.49952947583691,617.2194242347125,1110.7744568073954,0
994.237618882565,-15.50992505415518,617.2194242347125,1110.9245429693656,0
994.7031466124125,-15.50992505415518,617.3632723032355,1110.9245429693656,0
994.7031466124125,-15.519880141866746,617.3632723032355,1111.0682695482012,0
995.1618798198872,-15.519880141866746,617.5050208643452,1111.0682695482012,0
995.1618798198872,-15.529844039390445,617.5050208643452,1111.2121233186997,0
995.6274075497349,-15.539807936914144,617.648868932868,1111.355977089198,0
995.6274075497349,-15.54976302462571,617.648868932868,1111.4997036680338,0
996.0861407572096,-15.54976302462571,617.7906174939777,1111.4997036680338,0
996.0861407572096,-15.559718112337276,617.7906174939777,1111.6434302468695,0
996.5448739646844,-15.559718112337276,617.9323660550874,1111.6434302468695,0
996.5448739646844,-15.569682009860975,617.9323660550874,1111.787284017368,0
997.0104016945319,-15.569682009860975,618.0762141236104,1111.787284017368,0
997.0104016945319,-15.57963709757254,618.0762141236104,1111.9310105962036,0
997.4759294243796,-15.589741952090385,618.2200621921332,1112.076899433305,0
997.4759294243796,-15.599556082807805,618.2200621921332,1112.2185909455377,0
997.9346626318543,-15.599556082807805,618.3618107532429,1112.2185909455377,0
997.9346626318543,-15.609519980331504,618.3618107532429,1112.3624447160362,0
998.3936017339464,-15.609519980331504,618.5036229357894,1112.3624447160362,0
998.3936017339464,-15.619624834849349,618.5036229357894,1112.5083335531376,0
998.8591294637939,-15.619624834849349,618.6474710043123,1112.5083335531376,0
998.8591294637939,-15.629438965566768,618.6474710043123,1112.6500250653703,0
999.3246571936415,-15.639394053278334,618.7913190728352,1112.793751644206,0
999.3246571936415,-15.649498907796179,618.7913190728352,1112.9396404813074,0
999.7833904011163,-15.649498907796179,618.9330676339449,1112.9396404813074,0
999.7833904011163,-15.659313038513599,618.9330676339449,1113.08133199354,0
1000.248918130964,-15.659313038513599,619.0769157024678,1113.08133199354,0
1000.248918130964,-15.669417893031444,619.0769157024678,1113.2272208306415,0
1000.7076513384385,-15.669417893031444,619.2186642635775,1113.2272208306415,0
1000.7076513384385,-15.679381790555142,619.2186642635775,1113.37107460114,0
