x,y,pixel_x,pixel_y,gap_before
-0.051166222650683116,0.019395089037137502,309.9841896372009,886.7199834020263,0
-0.051166222650683116,0.009435596419505242,309.9841896372009,886.8637735766933,0
-0.051166222650683116,-0.0006692580983401395,309.9841896372009,887.0096624137948,0
-0.051166222650683116,-0.0106287507159724,309.9841896372009,887.1534525884618,0
-0.051166222650683116,-0.02044288143339154,309.9841896372009,887.2951441006945,0
-0.051166222650683116,-0.030547735951236922,309.9841896372009,887.441032937796,0
-0.051166222650683116,-0.04050722856886919,309.9841896372009,887.584823112463,0
-0.051166222650683116,-0.05032135928628833,309.9841896372009,887.7265146246958,0
-0.051166222650683116,-0.06042621380413371,309.9841896372009,887.8724034617971,0
-0.051166222650683116,-0.07038570642176598,309.9841896372009,888.0161936364642,0
-0.051166222650683116,-0.0801998371391851,309.9841896372009,888.157885148697,0
-0.051166222650683116,-0.09030469165703049,309.9841896372009,888.3037739857983,0
-0.051166222650683116,-0.10026418427466276,309.9841896372009,888.4475641604654,0
-0.051166222650683116,-0.11022367689229501,309.9841896372009,888.5913543351325,0
-0.051166222650683116,-0.12018316950992727,309.9841896372009,888.7351445097995,0
0.40756698482406545,-0.12018316950992727,310.1259381983106,888.7351445097995,0
0.40756698482406545,-0.13014266212755954,310.1259381983106,888.8789346844666,0
0.40756698482406545,-0.1401021547451918,310.1259381983106,889.0227248591337,0
0.40756698482406545,-0.15006164736282407,310.1259381983106,889.1665150338008,0
0.40756698482406545,-0.16002113998045633,310.1259381983106,889.3103052084679,0
0.40756698482406545,-0.16998063259808857,310.1259381983106,889.4540953831349,0
0.40756698482406545,-0.17994012521572084,310.1259381983106,889.597885557802,0
0.40756698482406545,-0.1898996178333531,310.1259381983106,889.741675732469,0
0.40756698482406545,-0.20000006744513144,310.1259381983106,889.8875009737391,0
0.40756698482406545,-0.20981860306861763,310.1259381983106,890.0292560818032,0
0.40756698482406545,-0.2197780956862499,310.1259381983106,890.1730462564702,0
0.40756698482406545,-0.2298785452980282,310.1259381983106,890.3188714977402,0
0.40756698482406545,-0.2396970809215144,310.1259381983106,890.4606266058044,0
0.40756698482406545,-0.24965657353914666,310.1259381983106,890.6044167804714,0
0.40756698482406545,-0.25975702315092497,310.1259381983106,890.7502420217414,0
0.8730947146716447,-0.2695755587744112,310.26978626683353,890.8919971298055,0
0.8730947146716447,-0.27953505139204343,310.26978626683353,891.0357873044726,0
0.8730947146716447,-0.2896355010038218,310.26978626683353,891.1816125457426,0
0.8730947146716447,-0.29945403662730796,310.26978626683353,891.3233676538067,0
0.8730947146716447,-0.30941352924494026,310.26978626683353,891.4671578284738,0
0.8730947146716447,-0.31951397885671856,310.26978626683353,891.6129830697439,0
0.8730947146716447,-0.3294734714743508,310.26978626683353,891.756773244411,0
0.8730947146716447,-0.3394329640919831,310.26978626683353,891.900563419078,0
1.338622444519224,-0.3394329640919831,310.41363433535645,891.900563419078,0
1.338622444519224,-0.34939245670961533,310.41363433535645,892.0443535937451,0
1.338622444519224,-0.3593519493272476,310.41363433535645,892.1881437684121,0
1.338622444519224,-0.36931144194487986,310.41363433535645,892.3319339430792,0
1.338622444519224,-0.37927093456251215,310.41363433535645,892.4757241177463,0
1.338622444519224,-0.3892304271801444,310.41363433535645,892.6195142924133,0
1.7974585993026517,-0.3892304271801444,310.5554147071845,892.6195142924133,0
1.7974585993026517,-0.3991899197977766,310.5554147071845,892.7633044670804,0
1.7974585993026517,-0.4091494124154089,310.5554147071845,892.9070946417474,0
1.7974585993026517,-0.41910890503304116,310.5554147071845,893.0508848164145,0
1.7974585993026517,-0.42906839765067345,310.5554147071845,893.1946749910816,0
1.7974585993026517,-0.4390278902683057,310.5554147071845,893.3384651657486,0
1.7974585993026517,-0.448987382885938,310.5554147071845,893.4822553404157,0
2.262986329150231,-0.448987382885938,310.6992627757074,893.4822553404157,0
2.262986329150231,-0.4589468755035702,310.6992627757074,893.6260455150828,0
2.262986329150231,-0.46890636812120245,310.6992627757074,893.7698356897498,0
2.262986329150231,-0.47886586073883475,310.6992627757074,893.9136258644169,0
2.262986329150231,-0.488825353356467,310.6992627757074,894.0574160390839,0
2.72171953662498,-0.488825353356467,310.84101133681713,894.0574160390839,0
2.72171953662498,-0.4987848459740993,310.84101133681713,894.201206213751,0
2.72171953662498,-0.5087443385917315,310.84101133681713,894.3449963884182,0
2.72171953662498,-0.5188491931095769,310.84101133681713,894.4908852255195,0
2.72171953662498,-0.5286633238269961,310.84101133681713,894.6325767377523,0
3.1805556914084074,-0.5286633238269961,310.9827917086452,894.6325767377523,0
3.1805556914084074,-0.5387681783448415,310.9827917086452,894.7784655748536,0
3.1805556914084074,-0.5487276709624737,310.9827917086452,894.9222557495207,0
3.1805556914084074,-0.5585418016798929,310.9827917086452,895.0639472617535,0
3.646083421255987,-0.5686466561977382,311.12663977716807,895.2098360988548,0
3.646083421255987,-0.5786061488153704,311.12663977716807,895.3536262735219,0
3.646083421255987,-0.5884202795327896,311.12663977716807,895.4953177857547,0
3.646083421255987,-0.598525134050635,311.12663977716807,895.641206622856,0
4.111611151103566,-0.598525134050635,311.270487845691,895.641206622856,0
4.111611151103566,-0.6084846266682673,311.270487845691,895.7849967975231,0
4.111611151103566,-0.6184441192858995,311.270487845691,895.9287869721902,0
4.570344358578314,-0.6284036119035318,311.4122364068007,896.0725771468573,0
4.570344358578314,-0.6383631045211641,311.4122364068007,896.2163673215243,0
4.570344358578314,-0.6483225971387963,311.4122364068007,896.3601574961914,0
5.035872088425894,-0.6483225971387963,311.5560844753236,896.3601574961914,0
5.035872088425894,-0.6582820897564285,311.5560844753236,896.5039476708585,0
5.035872088425894,-0.6682415823740608,311.5560844753236,896.6477378455255,0
5.494708243209321,-0.6782010749916931,311.69786484715166,896.7915280201926,0
5.494708243209321,-0.6881605676093253,311.69786484715166,896.9353181948596,0
5.494708243209321,-0.6981200602269576,311.69786484715166,897.0791083695267,0
5.960235973056901,-0.6981200602269576,311.8417129156746,897.0791083695267,0
5.960235973056901,-0.7080795528445899,311.8417129156746,897.2228985441938,0
5.960235973056901,-0.7180390454622221,311.8417129156746,897.3666887188608,0
6.41896918053165,-0.7180390454622221,311.98346147678427,897.3666887188608,0
6.41896918053165,-0.7279985380798544,311.98346147678427,897.5104788935279,0
6.41896918053165,-0.7379580306974867,311.98346147678427,897.6542690681949,0
6.884496910379228,-0.747917523315119,312.1273095453072,897.798059242862,0
6.884496910379228,-0.7578770159327511,312.1273095453072,897.941849417529,0
7.3432301178539765,-0.7679774655445295,312.2690581064169,898.0876746587992,0
7.3432301178539765,-0.7777960011680157,312.2690581064169,898.2294297668632,0
7.3432301178539765,-0.7877554937856479,312.2690581064169,898.3732199415302,0
7.808757847701556,-0.7877554937856479,312.4129061749398,898.3732199415302,0
7.808757847701556,-0.7978559433974263,312.4129061749398,898.5190451828004,0
8.267594002484984,-0.8076744790209125,312.55468654676787,898.6608002908644,0
8.267594002484984,-0.8176339716385448,312.55468654676787,898.8045904655315,0
8.733121732332563,-0.827734421250323,312.6985346152907,898.9504157068016,0
8.733121732332563,-0.8375529568738093,312.6985346152907,899.0921708148657,0
9.198649462180143,-0.8475124494914416,312.84238268381364,899.2359609895327,0
9.198649462180143,-0.8576128991032198,312.84238268381364,899.3817862308027,0
9.657382669654892,-0.8675723917208521,312.98413124492333,899.5255764054698,0
9.657382669654892,-0.8775318843384844,312.98413124492333,899.6693665801369,0
10.12291039950247,-0.8775318843384844,313.12797931344625,899.6693665801369,0
10.12291039950247,-0.8874913769561167,313.12797931344625,899.8131567548039,0
10.12291039950247,-0.8974508695737489,313.12797931344625,899.956946929471,0
10.581746554285898,-0.9077010859918074,313.2697596852743,900.1049344290067,0
10.581746554285898,-0.9178059405096528,313.2697596852743,900.2508232661081,0
11.047274284133477,-0.9178059405096528,313.41360775379724,900.2508232661081,0
11.047274284133477,-0.927765433127285,313.41360775379724,900.3946134407752,0
11.047274284133477,-0.9377249257449173,313.41360775379724,900.5384036154422,0
11.506007491608226,-0.9377249257449173,313.55535631490693,900.5384036154422,0
11.506007491608226,-0.9476844183625496,313.55535631490693,900.6821937901093,0
11.506007491608226,-0.9576439109801819,313.55535631490693,900.8259839647764,0
11.971535221455806,-0.9576439109801819,313.69920438342984,900.8259839647764,0
11.971535221455806,-0.967603403597814,313.69920438342984,900.9697741394434,0
11.971535221455806,-0.9775628962154463,313.69920438342984,901.1135643141105,0
12.430371376239233,-0.9775628962154463,313.8409847552579,901.1135643141105,0
12.430371376239233,-0.9875223888330786,313.8409847552579,901.2573544887775,0
12.895899106086812,-0.9875223888330786,313.98483282378083,901.2573544887775,0
12.895899106086812,-0.9974818814507108,313.98483282378083,901.4011446634446,0
13.354632313561561,-1.0074413740683432,314.1265813848905,901.5449348381117,0
13.354632313561561,-1.0174008666859753,314.1265813848905,901.6887250127787,0
13.354632313561561,-1.0273603593036076,314.1265813848905,901.8325151874458,0
13.82016004340914,-1.0273603593036076,314.2704294534134,901.8325151874458,0
13.82016004340914,-1.0373198519212399,314.2704294534134,901.9763053621128,0
14.285687773256718,-1.0373198519212399,314.4142775219363,901.9763053621128,0
14.285687773256718,-1.0472793445388722,314.4142775219363,902.1200955367799,0
14.285687773256718,-1.0572388371565045,314.4142775219363,902.2638857114471,0
14.744420980731467,-1.0572388371565045,314.556026083046,902.2638857114471,0
14.744420980731467,-1.0671983297741368,314.556026083046,902.4076758861141,0
15.209948710579049,-1.0771534174857018,314.6998741515689,902.5514024649498,0
15.209948710579049,-1.087112910103334,314.6998741515689,902.6951926396168,0
15.668784865362474,-1.087112910103334,314.841654523397,902.6951926396168,0
15.668784865362474,-1.0970724027209664,314.841654523397,902.8389828142839,0
15.668784865362474,-1.1070318953385987,314.841654523397,902.982772988951,0
16.127518072837223,-1.116991387956231,314.9834030845067,903.1265631636181,0
16.127518072837223,-1.1269508805738633,314.9834030845067,903.2703533382852,0
16.593045802684802,-1.1369103731914953,315.1272511530296,903.4141435129523,0
17.05857353253238,-1.1468698658091276,315.2710992215525,903.5579336876193,0
17.05857353253238,-1.15682935842676,315.2710992215525,903.7017238622864,0
17.51740968731581,-1.15682935842676,315.4128795933806,903.7017238622864,0
17.51740968731581,-1.1669342129446054,315.4128795933806,903.8476126993877,0
17.51740968731581,-1.1767483436620245,315.4128795933806,903.9893042116205,0
17.97614289479056,-1.1767483436620245,315.5546281544903,903.9893042116205,0
17.97614289479056,-1.1867078362796568,315.5546281544903,904.1330943862876,0
18.441670624638135,-1.196812690797502,315.6984762230132,904.2789832233889,0
18.441670624638135,-1.2067721834151344,315.6984762230132,904.4227733980559,0
18.907198354485715,-1.2067721834151344,315.8423242915361,904.4227733980559,0
18.907198354485715,-1.2165863141325535,315.8423242915361,904.5644649102887,0
18.907198354485715,-1.226691168650399,315.8423242915361,904.7103537473902,0
19.366034509269145,-1.226691168650399,315.9841046633642,904.7103537473902,0
19.366034509269145,-1.2366506612680312,315.9841046633642,904.8541439220572,0
19.831562239116725,-1.2466101538856635,316.12795273188704,904.9979340967243,0
19.831562239116725,-1.2565696465032956,316.12795273188704,905.1417242713914,0
20.29029544659147,-1.2565696465032956,316.26970129299673,905.1417242713914,0
20.29029544659147,-1.266529139120928,316.26970129299673,905.2855144460584,0
20.75582317643905,-1.266529139120928,316.41354936151964,905.2855144460584,0
20.75582317643905,-1.2764886317385602,316.41354936151964,905.4293046207255,0
20.75582317643905,-1.2864481243561925,316.41354936151964,905.5730947953925,0
21.2145563839138,-1.2864481243561925,316.55529792262934,905.5730947953925,0
21.2145563839138,-1.2964076169738248,316.55529792262934,905.7168849700596,0
21.68008411376138,-1.306367109591457,316.69914599115225,905.8606751447267,0
21.68008411376138,-1.3163266022090894,316.69914599115225,906.0044653193937,0
22.14561184360896,-1.3163266022090894,316.84299405967516,906.0044653193937,0
22.14561184360896,-1.3262860948267214,316.84299405967516,906.1482554940608,0
22.604447998392384,-1.3362455874443537,316.98477443150324,906.2920456687278,0
23.063181205867135,-1.346205080061986,317.12652299261293,906.4358358433949,0
23.063181205867135,-1.3561645726796183,317.12652299261293,906.579626018062,0
23.528708935714715,-1.3661240652972506,317.27037106113585,906.723416192729,0
23.528708935714715,-1.376083557914883,317.27037106113585,906.8672063673961,0
23.98754509049814,-1.376083557914883,317.4121514329639,906.8672063673961,0
23.98754509049814,-1.3860430505325152,317.4121514329639,907.0109965420631,0
24.45307282034572,-1.3960025431501473,317.55599950148684,907.1547867167302,0
24.45307282034572,-1.4059620357677796,317.55599950148684,907.2985768913973,0
24.9186005501933,-1.4059620357677796,317.6998475700097,907.2985768913973,0
24.9186005501933,-1.4159215283854119,317.6998475700097,907.4423670660643,0
25.377333757668048,-1.4159215283854119,317.8415961311194,907.4423670660643,0
25.377333757668048,-1.4260263829032573,317.8415961311194,907.5882559031658,0
25.842861487515627,-1.4359858755208896,317.9854441996423,907.7320460778328,0
25.842861487515627,-1.4458000062383087,317.9854441996423,907.8737375900656,0
26.301697642299057,-1.4458000062383087,318.1272245714704,907.8737375900656,0
26.301697642299057,-1.455904860756154,318.1272245714704,908.0196264271669,0
26.767225372146633,-1.4658643533737863,318.2710726399933,908.163416601834,0
26.767225372146633,-1.4756784840912054,318.2710726399933,908.3051081140668,0
27.225958579621384,-1.4756784840912054,318.412821201103,908.3051081140668,0
27.225958579621384,-1.4857833386090509,318.412821201103,908.4509969511681,0
27.691486309468964,-1.4957428312266832,318.5566692696259,908.5947871258352,0
27.691486309468964,-1.5055569619441023,318.5566692696259,908.736478638068,0
28.157014039316543,-1.5055569619441023,318.7005173381488,908.736478638068,0
28.157014039316543,-1.5156618164619475,318.7005173381488,908.8823674751694,0
28.615747246791294,-1.5156618164619475,318.8422658992585,908.8823674751694,0
28.615747246791294,-1.5256213090795798,318.8422658992585,909.0261576498365,0
29.08127497663887,-1.535435439796999,318.9861139677814,909.1678491620692,0
29.540111131422297,-1.5455402943148444,319.1278943396095,909.3137379991706,0
29.540111131422297,-1.5554997869324767,319.1278943396095,909.4575281738377,0
30.005638861269876,-1.5554997869324767,319.27174240813235,909.4575281738377,0
30.005638861269876,-1.5653139176498958,319.27174240813235,909.5992196860703,0
30.464372068744623,-1.5754187721677413,319.4134909692421,909.7451085231718,0
30.464372068744623,-1.5853782647853734,319.4134909692421,909.8888986978388,0
30.929899798592206,-1.5853782647853734,319.55733903776496,909.8888986978388,0
30.929899798592206,-1.5953377574030057,319.55733903776496,910.0326888725059,0
31.388735953375637,-1.605297250020638,319.69911940959304,910.176479047173,0
31.388735953375637,-1.6152567426382702,319.69911940959304,910.32026922184,0
31.854263683223216,-1.6152567426382702,319.84296747811595,910.32026922184,0
31.854263683223216,-1.6252162352559025,319.84296747811595,910.4640593965071,0
32.31299689069796,-1.6252162352559025,319.98471603922565,910.4640593965071,0
32.31299689069796,-1.6351757278735348,319.98471603922565,910.6078495711741,0
32.77852462054554,-1.6451352204911671,320.12856410774856,910.7516397458412,0
32.77852462054554,-1.6552356701029454,320.12856410774856,910.8974649871112,0
33.24405235039312,-1.6552356701029454,320.2724121762715,910.8974649871112,0
33.24405235039312,-1.6650542057264315,320.2724121762715,911.0392200951753,0
33.702888505176546,-1.6650542057264315,320.41419254809955,911.0392200951753,0
33.702888505176546,-1.6750136983440638,320.41419254809955,911.1830102698424,0
34.161621712651296,-1.684973190961696,320.55594110920924,911.3268004445094,0
34.161621712651296,-1.6949326835793284,320.55594110920924,911.4705906191765,0
34.627149442498876,-1.6949326835793284,320.69978917773216,911.4705906191765,0
34.627149442498876,-1.7048921761969607,320.69978917773216,911.6143807938436,0
35.0859855972823,-1.7048921761969607,320.84156954956023,911.6143807938436,0
35.0859855972823,-1.714992625808739,320.84156954956023,911.7602060351137,0
35.5514103798212,-1.724806756526158,320.98538580736476,911.9018975473464,0
35.5514103798212,-1.7347706540498573,320.98538580736476,912.0457513178449,0
36.01693810966878,-1.7347706540498573,321.1292338758876,912.0457513178449,0
36.01693810966878,-1.7448711036616358,321.1292338758876,912.1915765591149,0
36.47577426445221,-1.7448711036616358,321.2710142477157,912.1915765591149,0
36.47577426445221,-1.7548305962792679,321.2710142477157,912.3353667337819,0
36.94130199429979,-1.7548305962792679,321.4148623162386,912.3353667337819,0
36.94130199429979,-1.7646447269966872,321.4148623162386,912.4770582460146,0
37.40003520177454,-1.7747495815145324,321.5566108773483,912.6229470831161,0
37.40003520177454,-1.7847090741321647,321.5566108773483,912.7667372577831,0
37.865562931622115,-1.7847090741321647,321.7004589458712,912.7667372577831,0
37.865562931622115,-1.7945232048495838,321.7004589458712,912.9084287700159,0
38.32439908640554,-1.7945232048495838,321.8422393176993,912.9084287700159,0
38.32439908640554,-1.8046280593674293,321.8422393176993,913.0543176071172,0
38.78992681625312,-1.8145875519850616,321.9860873862222,913.1981077817843,0
38.78992681625312,-1.8245470446026937,321.9860873862222,913.3418979564514,0
39.24866002372787,-1.8245470446026937,322.1278359473319,913.3418979564514,0
39.24866002372787,-1.834506537220326,322.1278359473319,913.4856881311184,0
39.71418775357545,-1.834506537220326,322.2716840158548,913.4856881311184,0
39.71418775357545,-1.8444660298379583,322.2716840158548,913.6294783057855,0
40.17302390835888,-1.8544255224555906,322.4134643876829,913.7732684804525,0
40.17302390835888,-1.8643850150732229,322.4134643876829,913.9170586551196,0
40.638551638206465,-1.8643850150732229,322.5573124562058,913.9170586551196,0
40.638551638206465,-1.8743445076908551,322.5573124562058,914.0608488297867,0
41.10407936805404,-1.8743445076908551,322.70116052472866,914.0608488297867,0
41.10407936805404,-1.8843040003084874,322.70116052472866,914.2046390044537,0
41.56281257552879,-1.8843040003084874,322.84290908583836,914.2046390044537,0
41.56281257552879,-1.8942634929261195,322.84290908583836,914.3484291791209,0
42.02834030537637,-1.9042229855437518,322.98675715436127,914.492219353788,0
42.48707351285112,-1.914182478161384,323.12850571547096,914.636009528455,0
42.48707351285112,-1.9241419707790164,323.12850571547096,914.7797997031221,0
42.95260124269869,-1.9241419707790164,323.2723537839939,914.7797997031221,0
42.95260124269869,-1.9341014633966487,323.2723537839939,914.9235898777891,0
43.41143739748212,-1.9341014633966487,323.41413415582196,914.9235898777891,0
43.41143739748212,-1.944060956014281,323.41413415582196,915.0673800524562,0
43.8769651273297,-1.944060956014281,323.55798222434487,915.0673800524562,0
43.8769651273297,-1.9540204486319133,323.55798222434487,915.2111702271233,0
44.33569833480445,-1.9639799412495456,323.69973078545456,915.3549604017903,0
44.80122606465203,-1.9740847957673908,323.8435788539775,915.5008492388916,0
44.80122606465203,-1.98389892648481,323.8435788539775,915.6425407511244,0
45.26006221943546,-1.98389892648481,323.98535922580555,915.6425407511244,0
45.26006221943546,-1.9938584191024422,323.98535922580555,915.7863309257915,0
45.72558994928304,-1.9938584191024422,324.12920729432847,915.7863309257915,0
45.72558994928304,-2.0038179117200743,324.12920729432847,915.9301211004586,0
46.19111767913061,-2.0038179117200743,324.2730553628513,915.9301211004586,0
46.19111767913061,-2.0137774043377066,324.2730553628513,916.0739112751256,0
46.649850886605364,-2.023736896955339,324.414803923961,916.2177014497927,0
47.10868704138879,-2.0338417514731844,324.55658429578915,916.3635902868941,0
47.57421477123637,-2.0436558821906035,324.700432364312,916.5052817991268,0
48.03294797871112,-2.053760736708449,324.8421809254217,916.6511706362282,0
48.03294797871112,-2.0637202293260812,324.8421809254217,916.7949608108953,0
48.4984757085587,-2.0637202293260812,324.9860289939446,916.7949608108953,0
48.4984757085587,-2.0736797219437135,324.9860289939446,916.9387509855624,0
48.96400343840627,-2.0736797219437135,325.12987706246753,916.9387509855624,0
48.96400343840627,-2.083639214561346,325.12987706246753,917.0825411602294,0
49.4228395931897,-2.083639214561346,325.2716574342956,917.0825411602294,0
49.4228395931897,-2.093598707178978,325.2716574342956,917.2263313348965,0
49.8882643757286,-2.1035581997966104,325.41547369210014,917.3701215095635,0
49.8882643757286,-2.1135176924142427,325.41547369210014,917.5139116842306,0
50.34710053051204,-2.1135176924142427,325.5572540639282,917.5139116842306,0
50.34710053051204,-2.123763503926234,325.5572540639282,917.661835587935,0
50.81262826035962,-2.123763503926234,325.7011021324511,917.661835587935,0
50.81262826035962,-2.133722996543866,325.7011021324511,917.8056257626021,0
51.27136146783436,-2.133722996543866,325.8428506935608,917.8056257626021,0
51.27136146783436,-2.1436824891614985,325.8428506935608,917.9494159372691,0
51.73688919768194,-2.1436824891614985,325.98669876208373,917.9494159372691,0
51.73688919768194,-2.153641981779131,325.98669876208373,918.0932061119362,0
52.19572535246537,-2.163601474396763,326.1284791339118,918.2369962866032,0
52.661253082312946,-2.1735609670143954,326.27232720243467,918.3807864612703,0
53.1199862897877,-2.1835204596320277,326.41407576354436,918.5245766359374,0
53.585514019635276,-2.19347995224966,326.5579238320673,918.6683668106044,0
54.05104174948285,-2.203439444867292,326.7017719005902,918.8121569852715,0
54.50987790426628,-2.213398937484924,326.84355227241826,918.9559471599385,0
54.50987790426628,-2.2233584301025564,326.84355227241826,919.0997373346056,0
54.96861111174103,-2.2233584301025564,326.98530083352796,919.0997373346056,0
54.96861111174103,-2.2333179227201887,326.98530083352796,919.2435275092727,0
55.43413884158861,-2.2333179227201887,327.1291489020509,919.2435275092727,0
55.43413884158861,-2.243277415337821,327.1291489020509,919.3873176839398,0
55.892872049063364,-2.243277415337821,327.27089746316057,919.3873176839398,0
55.892872049063364,-2.2532369079554533,327.27089746316057,919.5311078586069,0
56.358399778910936,-2.2532369079554533,327.4147455316835,919.5311078586069,0
56.358399778910936,-2.2631964005730856,327.4147455316835,919.674898033274,0
56.823927508758516,-2.2631964005730856,327.5585936002064,919.674898033274,0
56.823927508758516,-2.273155893190718,327.5585936002064,919.818688207941,0
57.28276366354194,-2.273155893190718,327.70037397203447,919.818688207941,0
57.28276366354194,-2.2832607477085634,327.70037397203447,919.9645770450423,0
57.74149687101669,-2.2930748784259825,327.84212253314416,920.1062685572751,0
58.20702460086427,-2.3030343710436147,327.985970601667,920.2500587319422,0
58.67255233071185,-2.31313922556146,328.12981867018993,920.3959475690435,0
59.13138848549528,-2.31313922556146,328.271599042018,920.3959475690435,0
59.13138848549528,-2.323098718179092,328.271599042018,920.5397377437106,0
59.59691621534286,-2.3329128488965116,328.4154471105409,920.6814292559434,0
60.05564942281761,-2.3430177034143567,328.5571956716506,920.8273180930448,0
60.52117715266519,-2.352977196031989,328.70104374017353,920.9711082677119,0
60.980013307448615,-2.362791326749408,328.8428241120016,921.1127997799446,0
60.980013307448615,-2.3728961812672535,328.8428241120016,921.258688617046,0
61.445541037296195,-2.3728961812672535,328.9866721805245,921.258688617046,0
61.445541037296195,-2.382855673884886,328.9866721805245,921.4024787917131,0
61.91776034220793,-2.382855673884886,329.1325879457422,921.4024787917131,0
61.91776034220793,-2.392669804602305,329.1325879457422,921.5441703039457,0
62.3832880720555,-2.392669804602305,329.27643601426513,921.5441703039457,0
62.3832880720555,-2.4027746591201504,329.27643601426513,921.6900591410472,0
62.84212422683893,-2.4027746591201504,329.4182163860932,921.6900591410472,0
62.84212422683893,-2.4127341517377827,329.4182163860932,921.8338493157142,0
63.30765195668651,-2.4127341517377827,329.5620644546161,921.8338493157142,0
63.30765195668651,-2.422693644355415,329.5620644546161,921.9776394903813,0
63.766385164161264,-2.422693644355415,329.7038130157258,921.9776394903813,0
63.766385164161264,-2.4326531369730473,329.7038130157258,922.1214296650484,0
64.23191289400884,-2.4326531369730473,329.8476610842487,922.1214296650484,0
64.23191289400884,-2.4426126295906796,329.8476610842487,922.2652198397154,0
64.69744062385642,-2.4426126295906796,329.99150915277164,922.2652198397154,0
64.69744062385642,-2.452572122208312,329.99150915277164,922.4090100143825,0
65.15617383133117,-2.452572122208312,330.13325771388133,922.4090100143825,0
65.15617383133117,-2.4625316148259437,330.13325771388133,922.5528001890495,0
65.6150099861146,-2.4625316148259437,330.2750380857094,922.5528001890495,0
65.6150099861146,-2.472491107443576,330.2750380857094,922.6965903637166,0
66.08053771596218,-2.472491107443576,330.4188861542323,922.6965903637166,0
66.08053771596218,-2.4824506000612083,330.4188861542323,922.8403805383837,0
66.54606544580975,-2.4824506000612083,330.5627342227552,922.8403805383837,0
66.54606544580975,-2.4924100926788406,330.5627342227552,922.9841707130507,0
67.0047986532845,-2.4924100926788406,330.7044827838649,922.9841707130507,0
67.0047986532845,-2.502369585296473,330.7044827838649,923.1279608877178,0
67.47032638313208,-2.502369585296473,330.8483308523878,923.1279608877178,0
67.47032638313208,-2.5124744398143184,330.8483308523878,923.2738497248192,0
67.47032638313208,-2.5222885705317375,330.8483308523878,923.4155412370519,0
67.9291625379155,-2.5222885705317375,330.99011122421587,923.4155412370519,0
67.9291625379155,-2.53224806314937,330.99011122421587,923.559331411719,0
68.39469026776308,-2.53224806314937,331.1339592927388,923.559331411719,0
68.39469026776308,-2.5423485127611483,331.1339592927388,923.7051566529891,0
68.85342347523783,-2.5423485127611483,331.2757078538485,923.7051566529891,0
68.85342347523783,-2.5521670483846344,331.2757078538485,923.8469117610532,0
69.31895120508541,-2.5521670483846344,331.4195559223714,923.8469117610532,0
69.31895120508541,-2.5621265410022667,331.4195559223714,923.9907019357203,0
69.77778735986884,-2.5621265410022667,331.56133629419946,923.9907019357203,0
69.77778735986884,-2.5722269906140447,331.56133629419946,924.1365271769903,0
70.24331508971642,-2.5722269906140447,331.7051843627224,924.1365271769903,0
70.24331508971642,-2.5820455262375313,331.7051843627224,924.2782822850544,0
70.70204829719117,-2.5820455262375313,331.84693292383207,924.2782822850544,0
70.70204829719117,-2.5920050188551635,331.84693292383207,924.4220724597214,0
71.16757602703876,-2.5920050188551635,331.990780992355,924.4220724597214,0
71.16757602703876,-2.6021054684669416,331.990780992355,924.5678977009915,0
71.63310375688633,-2.6021054684669416,332.13462906087784,924.5678977009915,0
71.63310375688633,-2.6119240040904277,332.13462906087784,924.7096528090556,0
72.09183696436108,-2.6119240040904277,332.27637762198754,924.7096528090556,0
72.5506731191445,-2.62188349670806,332.4181579938156,924.8534429837226,0
72.5506731191445,-2.6319839463198385,332.4181579938156,924.9992682249926,0
73.01620084899209,-2.6319839463198385,332.5620060623385,924.9992682249926,0
73.47493405646684,-2.6418024819433246,332.7037546234482,925.1410233330568,0
73.94046178631442,-2.6418024819433246,332.84760269197113,925.1410233330568,0
73.94046178631442,-2.651761974560957,332.84760269197113,925.2848135077238,0
74.405989516162,-2.651761974560957,332.99145076049405,925.2848135077238,0
74.405989516162,-2.6618624241727353,332.99145076049405,925.4306387489938,0
74.86482567094542,-2.6718219167903676,333.1332311323221,925.5744289236609,0
75.330353400793,-2.681781409408,333.27707920084504,925.718219098328,0
75.78908660826775,-2.691740902025632,333.41882776195473,925.862009272995,0
76.25461433811533,-2.691740902025632,333.56267583047764,925.862009272995,0
76.25461433811533,-2.701700394643264,333.56267583047764,926.0057994476621,0
76.71345049289876,-2.7116598872608964,333.7044562023057,926.1495896223292,0
77.17897822274634,-2.7116598872608964,333.8483042708286,926.1495896223292,0
77.17897822274634,-2.7216193798785286,333.8483042708286,926.2933797969963,0
77.63771143022107,-2.7216193798785286,333.9900528319383,926.2933797969963,0
77.63771143022107,-2.731578872496161,333.9900528319383,926.4371699716634,0
78.10323916006865,-2.731578872496161,334.1339009004612,926.4371699716634,0
78.10323916006865,-2.7415383651137932,334.1339009004612,926.5809601463304,0
78.56207531485208,-2.7415383651137932,334.27568127228926,926.5809601463304,0
78.56207531485208,-2.7514978577314255,334.27568127228926,926.7247503209975,0
79.02750009739098,-2.7514978577314255,334.4194975300938,926.7247503209975,0
79.02750009739098,-2.761457350349058,334.4194975300938,926.8685404956645,0
79.49302782723856,-2.761457350349058,334.5633455986167,926.8685404956645,0
79.49302782723856,-2.77141684296669,334.5633455986167,927.0123306703316,0
79.95186398202199,-2.77141684296669,334.7051259704448,927.0123306703316,0
79.95186398202199,-2.7813763355843224,334.7051259704448,927.1561208449987,0
80.41059718949674,-2.7813763355843224,334.8468745315545,927.1561208449987,0
80.87612491934433,-2.7913358282019547,334.9907226000774,927.2999110196657,0
80.87612491934433,-2.801295320819587,334.9907226000774,927.4437011943328,0
81.33496107412776,-2.801295320819587,335.13250297190547,927.4437011943328,0
81.33496107412776,-2.8112548134372193,335.13250297190547,927.5874913689998,0
81.80048880397534,-2.8112548134372193,335.2763510404284,927.5874913689998,0
82.26601653382292,-2.8212143060548516,335.4201991089513,927.7312815436669,0
82.72474974129766,-2.8313191605726966,335.561947670061,927.8771703807683,0
83.18358589608108,-2.8313191605726966,335.70372804188906,927.8771703807683,0
83.18358589608108,-2.8411332912901157,335.70372804188906,928.018861893001,0
83.64911362592866,-2.8411332912901157,335.8475761104119,928.018861893001,0
83.64911362592866,-2.851092783907748,335.8475761104119,928.1626520676681,0
84.11464135577624,-2.851092783907748,335.99142417893484,928.1626520676681,0
84.573374563251,-2.8611976384255935,336.13317274004453,928.3085409047695,0
85.03890229309857,-2.8611976384255935,336.27702080856744,928.3085409047695,0
85.03890229309857,-2.8710117691430126,336.27702080856744,928.4502324170022,0
85.49763550057332,-2.8710117691430126,336.41876936967714,928.4502324170022,0
85.49763550057332,-2.880971261760645,336.41876936967714,928.5940225916693,0
85.9631632304209,-2.880971261760645,336.56261743820005,928.5940225916693,0
85.9631632304209,-2.8910761162784904,336.56261743820005,928.7399114287707,0
86.42199938520433,-2.8910761162784904,336.7043978100281,928.7399114287707,0
86.42199938520433,-2.9008902469959095,336.7043978100281,928.8816029410034,0
86.88752711505191,-2.9008902469959095,336.84824587855104,928.8816029410034,0
86.88752711505191,-2.9108497396135418,336.84824587855104,929.0253931156705,0
87.35305484489949,-2.9108497396135418,336.99209394707395,929.0253931156705,0
87.35305484489949,-2.9209545941313872,336.99209394707395,929.1712819527719,0
87.81178805237423,-2.9209545941313872,337.13384250818365,929.1712819527719,0
87.81178805237423,-2.9309140867490195,337.13384250818365,929.315072127439,0
88.27062420715765,-2.9309140867490195,337.2756228800117,929.315072127439,0
88.73615193700523,-2.940873579366652,337.4194709485346,929.458862302106,0
89.20167966685281,-2.950833071984284,337.5633190170575,929.6026524767731,0
89.66041287432756,-2.950833071984284,337.7050675781672,929.6026524767731,0
89.66041287432756,-2.960792564601916,337.7050675781672,929.7464426514401,0
90.12594060417516,-2.960792564601916,337.8489156466901,929.7464426514401,0
90.12594060417516,-2.9707520572195483,337.8489156466901,929.8902328261072,0
90.58477675895858,-2.9707520572195483,337.9906960185182,929.8902328261072,0
90.58477675895858,-2.9807115498371806,337.9906960185182,930.0340230007743,0
91.04350996643333,-2.9807115498371806,338.1324445796279,930.0340230007743,0
91.50903769628091,-2.990671042454813,338.2762926481508,930.1778131754413,0
91.97456542612849,-3.000630535072445,338.4201407166737,930.3216033501084,0
92.43340158091192,-3.0105900276900774,338.5619210885018,930.4653935247755,0
92.8989293107595,-3.0205495203077097,338.7057691570247,930.6091836994426,0
93.35766251823424,-3.0205495203077097,338.8475177181344,930.6091836994426,0
93.35766251823424,-3.030509012925342,338.8475177181344,930.7529738741097,0
93.82319024808181,-3.030509012925342,338.99136578665724,930.7529738741097,0
94.28192345555657,-3.0404685055429743,339.133114347767,930.8967640487767,0
94.74745118540415,-3.0404685055429743,339.27696241628985,930.8967640487767,0
94.74745118540415,-3.0504279981606066,339.27696241628985,931.0405542234438,0
95.20628734018757,-3.0504279981606066,339.4187427881179,931.0405542234438,0
95.20628734018757,-3.060387490778239,339.4187427881179,931.1843443981109,0
95.67181507003515,-3.060387490778239,339.56259085664084,931.1843443981109,0
95.67181507003515,-3.070346983395871,339.56259085664084,931.3281345727779,0
96.1305482775099,-3.070346983395871,339.70433941775053,931.3281345727779,0
96.59607600735748,-3.0803064760135035,339.84818748627345,931.471924747445,0
97.06160373720506,-3.0803064760135035,339.99203555479636,931.471924747445,0
97.06160373720506,-3.090265968631136,339.99203555479636,931.615714922112,0
97.52043989198849,-3.090265968631136,340.13381592662444,931.615714922112,0
97.52043989198849,-3.1002254612487676,340.13381592662444,931.7595050967791,0
97.98596762183607,-3.1002254612487676,340.27766399514735,931.7595050967791,0
97.98596762183607,-3.1101849538664,340.27766399514735,931.9032952714462,0
98.4447008293108,-3.1101849538664,340.41941255625704,931.9032952714462,0
98.90343403678555,-3.120144446484032,340.56116111736674,932.0470854461132,0
99.36896176663315,-3.120144446484032,340.70500918588965,932.0470854461132,0
99.36896176663315,-3.1301039391016645,340.70500918588965,932.1908756207803,0
99.83448949648073,-3.1301039391016645,340.8488572544125,932.1908756207803,0
99.83448949648073,-3.14020879361951,340.8488572544125,932.3367644578817,0
100.29332565126415,-3.14020879361951,340.9906376262406,932.3367644578817,0
100.29332565126415,-3.150022924336929,340.9906376262406,932.4784559701144,0
100.75885338111173,-3.150022924336929,341.1344856947635,932.4784559701144,0
101.21758658858649,-3.1599824169545614,341.2762342558732,932.6222461447815,0
101.68311431843406,-3.1599824169545614,341.4200823243961,932.6222461447815,0
101.68311431843406,-3.17008286656634,341.4200823243961,932.7680713860515,0
102.14195047321749,-3.17008286656634,341.5618626962242,932.7680713860515,0
102.14195047321749,-3.180046764090039,341.5618626962242,932.91192515655,0
102.60747820306507,-3.180046764090039,341.7057107647471,932.91192515655,0
102.60747820306507,-3.1900018518016044,341.7057107647471,933.0556517353857,0
103.06621141053982,-3.1900018518016044,341.8474593258568,933.0556517353857,0
103.53173914038739,-3.1999657493253038,341.9913073943797,933.1995055058841,0
103.99057529517081,-3.1999657493253038,342.1330877662078,933.1995055058841,0
103.99057529517081,-3.2099208370368686,342.1330877662078,933.3432320847198,0
104.4561030250184,-3.2099208370368686,342.2769358347307,933.3432320847198,0
104.4561030250184,-3.219739372660355,342.2769358347307,933.4849871927838,0
104.92163075486597,-3.219739372660355,342.42078390325355,933.4849871927838,0
105.38036396234072,-3.229839822272133,342.56253246436324,933.630812434054,0
105.8458916921883,-3.229839822272133,342.70638053288616,933.630812434054,0
105.8458916921883,-3.2397993148897655,342.70638053288616,933.774602608721,0
106.30472784697173,-3.2397993148897655,342.84816090471423,933.774602608721,0
106.77025557681931,-3.2497588075073978,342.99200897323715,933.9183927833881,0
107.22898878429406,-3.25971830012503,343.13375753434684,934.0621829580551,0
107.69451651414164,-3.25971830012503,343.27760560286976,934.0621829580551,0
107.69451651414164,-3.2696777927426623,343.27760560286976,934.2059731327222,0
108.15324972161639,-3.2696777927426623,343.41935416397945,934.2059731327222,0
108.61877745146398,-3.2696777927426623,343.56320223250236,934.2059731327222,0
108.61877745146398,-3.2796372853602946,343.56320223250236,934.3497633073893,0
109.0776136062474,-3.2796372853602946,343.70498260433044,934.3497633073893,0
109.0776136062474,-3.289596777977927,343.70498260433044,934.4935534820563,0
109.54314133609498,-3.289596777977927,343.84883067285335,934.4935534820563,0
110.00187454356973,-3.2995562705955592,343.99057923396305,934.6373436567234,0
110.4674022734173,-3.2995562705955592,344.13442730248596,934.6373436567234,0
110.4674022734173,-3.3095157632131915,344.13442730248596,934.7811338313904,0
110.92623842820073,-3.3095157632131915,344.27620767431404,934.7811338313904,0
111.39176615804831,-3.319475255830824,344.4200557428369,934.9249240060575,0
111.85049936552306,-3.329434748448456,344.5618043039466,935.0687141807246,0
112.31602709537064,-3.329434748448456,344.7056523724695,935.0687141807246,0
112.31602709537064,-3.3398303267667275,344.7056523724695,935.2188003426946,0
112.78155482521822,-3.3398303267667275,344.8495004409924,935.2188003426946,0
113.24028803269297,-3.34978981938436,344.9912490021021,935.3625905173617,0
113.6991241874764,-3.34978981938436,345.1330293739302,935.3625905173617,0
113.6991241874764,-3.359749312001992,345.1330293739302,935.5063806920288,0
114.16465191732398,-3.359749312001992,345.2768774424531,935.5063806920288,0
114.63017964717154,-3.359749312001992,345.420725510976,935.5063806920288,0
114.63017964717154,-3.3697088046196244,345.420725510976,935.6501708666958,0
115.0889128546463,-3.3697088046196244,345.5624740720857,935.6501708666958,0
115.0889128546463,-3.3796682972372567,345.5624740720857,935.7939610413629,0
115.55444058449388,-3.3796682972372567,345.7063221406086,935.7939610413629,0
115.55444058449388,-3.389627789854889,345.7063221406086,935.9377512160299,0
116.01996831434145,-3.389627789854889,345.8501702091315,935.9377512160299,0
116.47200994675205,-3.3995872824725213,345.9898510735464,936.081541390697,0
116.93753767659963,-3.3995872824725213,346.13369914206925,936.081541390697,0
116.93753767659963,-3.409546775090153,346.13369914206925,936.2253315653641,0
117.40306540644721,-3.409546775090153,346.27754721059216,936.2253315653641,0
117.8685931362948,-3.4195062677077854,346.4213952791151,936.3691217400311,0
118.32742929107823,-3.4195062677077854,346.56317565094315,936.3691217400311,0
118.32742929107823,-3.4294657603254177,346.56317565094315,936.5129119146982,0
118.78616249855298,-3.4294657603254177,346.70492421205284,936.5129119146982,0
119.25169022840056,-3.43942525294305,346.84877228057576,936.6567020893652,0
119.71052638318399,-3.43942525294305,346.99055265240384,936.6567020893652,0
119.71052638318399,-3.4493847455606823,346.99055265240384,936.8004922640323,0
120.17605411303155,-3.4493847455606823,347.13440072092675,936.8004922640323,0
120.17605411303155,-3.4593442381783146,347.13440072092675,936.9442824386995,0
120.64158184287913,-3.4593442381783146,347.27824878944966,936.9442824386995,0
121.10031505035388,-3.4593442381783146,347.41999735055936,936.9442824386995,0
121.10031505035388,-3.469303730795947,347.41999735055936,937.0880726133665,0
121.56584278020146,-3.469303730795947,347.5638454190822,937.0880726133665,0
122.02457598767622,-3.479263223413579,347.70559398019196,937.2318627880336,0
122.4901037175238,-3.479263223413579,347.8494420487148,937.2318627880336,0
122.4901037175238,-3.4892227160312115,347.8494420487148,937.3756529627007,0
122.94893987230722,-3.4892227160312115,347.9912224205429,937.3756529627007,0
123.4144676021548,-3.4991822086488438,348.1350704890658,937.5194431373677,0
123.87320080962955,-3.4991822086488438,348.2768190501755,937.5194431373677,0
123.87320080962955,-3.509137296360409,348.2768190501755,937.6631697162034,0
124.33872853947713,-3.509137296360409,348.4206671186984,937.6631697162034,0
124.79756469426056,-3.509137296360409,348.5624474905265,937.6631697162034,0
124.79756469426056,-3.519242150878254,348.5624474905265,937.8090585533048,0
125.26309242410812,-3.519242150878254,348.7062955590494,937.8090585533048,0
125.26309242410812,-3.5290562815956736,348.7062955590494,937.9507500655376,0
125.72862015395572,-3.5290562815956736,348.8501436275723,937.9507500655376,0
126.18735336143047,-3.5290562815956736,348.991892188682,937.9507500655376,0
126.18735336143047,-3.5391611361135187,348.991892188682,938.0966389026389,0
126.64608656890522,-3.5391611361135187,349.1336407497917,938.0966389026389,0
127.11161429875278,-3.5391611361135187,349.2774888183146,938.0966389026389,0
127.11161429875278,-3.549120628731151,349.2774888183146,938.240429077306,0
127.57714202860038,-3.549120628731151,349.4213368868375,938.240429077306,0
127.57714202860038,-3.5590801213487833,349.4213368868375,938.384219251973,0
128.0359781833838,-3.5590801213487833,349.56311725866556,938.384219251973,0
128.50150591323137,-3.5590801213487833,349.70696532718847,938.384219251973,0
128.50150591323137,-3.5690396139664156,349.70696532718847,938.5280094266401,0
128.96023912070612,-3.5690396139664156,349.84871388829816,938.5280094266401,0
129.4257668505537,-3.5690396139664156,349.9925619568211,938.5280094266401,0
129.4257668505537,-3.578999106584048,349.9925619568211,938.6717996013072,0
129.88460300533714,-3.578999106584048,350.13434232864915,938.6717996013072,0
129.88460300533714,-3.58895859920168,350.13434232864915,938.8155897759742,0
130.3501307351847,-3.58895859920168,350.27819039717207,938.8155897759742,0
130.80886394265946,-3.58895859920168,350.41993895828176,938.8155897759742,0
130.80886394265946,-3.5989180918193124,350.41993895828176,938.9593799506413,0
131.27439167250705,-3.5989180918193124,350.5637870268047,938.9593799506413,0
131.73991940235464,-3.5989180918193124,350.7076350953276,938.9593799506413,0
131.73991940235464,-3.6088775844369447,350.7076350953276,939.1031701253083,0
132.19875555713807,-3.6088775844369447,350.84941546715567,939.1031701253083,0
132.66428328698564,-3.6088775844369447,350.9932635356785,939.1031701253083,0
132.66428328698564,-3.618837077054577,350.9932635356785,939.2469602999755,0
133.12301649446036,-3.618837077054577,351.1350120967882,939.2469602999755,0
133.58854422430795,-3.6287965696722093,351.27886016531113,939.3907504746426,0
134.04738037909138,-3.6287965696722093,351.4206405371392,939.3907504746426,0
134.04738037909138,-3.6387560622898416,351.4206405371392,939.5345406493096,0
134.52639420637593,-3.6387560622898416,351.5686558097702,939.5345406493096,0
134.99192193622352,-3.6487155549074735,351.71250387829303,939.6783308239767,0
135.45065514369827,-3.6487155549074735,351.8542524394027,939.6783308239767,0
135.91618287354584,-3.6586750475251058,351.99810050792564,939.8221209986438,0
136.38171060339343,-3.6586750475251058,352.14194857644856,939.8221209986438,0
136.84054675817686,-3.668634540142738,352.28372894827663,939.9659111733108,0
137.2992799656516,-3.668634540142738,352.4254775093863,939.9659111733108,0
137.2992799656516,-3.6785940327603703,352.4254775093863,940.1097013479779,0
137.76480769549917,-3.6785940327603703,352.56932557790924,940.1097013479779,0
138.23033542534677,-3.6785940327603703,352.71317364643215,940.1097013479779,0
138.23033542534677,-3.6885535253780026,352.71317364643215,940.2534915226449,0
138.68906863282152,-3.6885535253780026,352.85492220754185,940.2534915226449,0
139.15459636266908,-3.698513017995635,352.99877027606476,940.397281697312,0
139.6134325174525,-3.698513017995635,353.14055064789284,940.397281697312,0
139.6134325174525,-3.708472510613267,353.14055064789284,940.541071871979,0
140.0789602473001,-3.708472510613267,353.2843987164157,940.541071871979,0
140.53769345477485,-3.708472510613267,353.4261472775254,940.541071871979,0
140.53769345477485,-3.7184320032308995,353.4261472775254,940.6848620466461,0
141.00322118462245,-3.7184320032308995,353.5699953460483,940.6848620466461,0
141.46874891447,-3.7184320032308995,353.7138434145712,940.6848620466461,0
141.46874891447,-3.728391495848532,353.7138434145712,940.8286522213132,0
141.92758506925344,-3.728391495848532,353.8556237863993,940.8286522213132,0
142.3863182767282,-3.728391495848532,353.997372347509,940.8286522213132,0
142.3863182767282,-3.7384963503663773,353.997372347509,940.9745410584146,0
142.85184600657578,-3.7384963503663773,354.1412204160319,940.9745410584146,0
143.31737373642335,-3.7384963503663773,354.2850684845548,940.9745410584146,0
143.77610694389807,-3.7483104810837964,354.4268170456645,941.1162325706473,0
144.24163467374566,-3.7483104810837964,354.5706651141874,941.1162325706473,0
144.24163467374566,-3.7582699737014287,354.5706651141874,941.2600227453144,0
144.7004708285291,-3.7582699737014287,354.7124454860155,941.2600227453144,0
145.15920403600384,-3.7582699737014287,354.8541940471252,941.2600227453144,0
145.15920403600384,-3.7683748282192737,354.8541940471252,941.4059115824158,0
145.6247317658514,-3.7683748282192737,354.99804211564805,941.4059115824158,0
146.090259495699,-3.778334320836906,355.14189018417096,941.5497017570829,0
146.54909565048243,-3.778334320836906,355.28367055599904,941.5497017570829,0
147.01462338033,-3.778334320836906,355.42751862452195,941.5497017570829,0
147.01462338033,-3.7881484515543256,355.42751862452195,941.6913932693155,0
147.47335658780474,-3.7881484515543256,355.56926718563165,941.6913932693155,0
147.93888431765234,-3.7881484515543256,355.71311525415456,941.6913932693155,0
147.93888431765234,-3.7982533060721706,355.71311525415456,941.837282106417,0
148.39772047243576,-3.7982533060721706,355.85489562598264,941.837282106417,0
148.86324820228333,-3.7982533060721706,355.99874369450555,941.837282106417,0
148.86324820228333,-3.808212798689803,355.99874369450555,941.981072281084,0
149.32877593213092,-3.808212798689803,356.14259176302846,941.981072281084,0
149.78750913960567,-3.818026929407222,356.28434032413816,942.1227637933167,0
150.2463452943891,-3.818026929407222,356.42612069596623,942.1227637933167,0
150.7118730242367,-3.8281317839250675,356.56996876448915,942.2686526304182,0
151.17740075408426,-3.8281317839250675,356.713816833012,942.2686526304182,0
151.636133961559,-3.8281317839250675,356.8555653941217,942.2686526304182,0
151.636133961559,-3.8380912765426998,356.8555653941217,942.4124428050852,0
152.1016616914066,-3.8380912765426998,356.9994134626446,942.4124428050852,0
152.56039489888136,-3.8380912765426998,357.1411620237543,942.4124428050852,0
152.56039489888136,-3.847905407260119,357.1411620237543,942.554134317318,0
153.01923105366478,-3.847905407260119,357.2829423955824,942.554134317318,0
153.48475878351235,-3.847905407260119,357.4267904641053,942.554134317318,0
153.48475878351235,-3.8580102617779644,357.4267904641053,942.7000231544193,0
153.95028651335994,-3.8580102617779644,357.5706385326282,942.7000231544193,0
154.4090197208347,-3.8580102617779644,357.7123870937379,942.7000231544193,0
154.4090197208347,-3.8679697543955966,357.7123870937379,942.8438133290864,0
154.87454745068223,-3.8679697543955966,357.8562351622608,942.8438133290864,0
155.33338360546566,-3.877929247013229,357.9980155340889,942.9876035037535,0
155.79891133531325,-3.877929247013229,358.1418636026118,942.9876035037535,0
156.257644542788,-3.877929247013229,358.2836121637215,942.9876035037535,0
156.257644542788,-3.8878887396308612,358.2836121637215,943.1313936784205,0
156.72317227263557,-3.8878887396308612,358.42746023224436,943.1313936784205,0
157.18190548011032,-3.8878887396308612,358.56920879335405,943.1313936784205,0
157.6474332099579,-3.8978482322484935,358.71305686187696,943.2751838530876,0
158.10626936474134,-3.8978482322484935,358.85483723370504,943.2751838530876,0
158.5717970945889,-3.9078077248661254,358.99868530222795,943.4189740277546,0
159.0373248244365,-3.9078077248661254,359.14253337075087,943.4189740277546,0
159.49605803191125,-3.9078077248661254,359.28428193186056,943.4189740277546,0
159.49605803191125,-3.9177672174837577,359.28428193186056,943.5627642024217,0
159.96158576175884,-3.9177672174837577,359.4281300003835,943.5627642024217,0
160.42042191654227,-3.9177672174837577,359.56991037221155,943.5627642024217,0
160.42042191654227,-3.92772671010139,359.56991037221155,943.7065543770889,0
160.88594964638983,-3.92772671010139,359.71375844073447,943.7065543770889,0
161.34468285386458,-3.92772671010139,359.85550700184416,943.7065543770889,0
161.81021058371218,-3.9376862027190223,359.999355070367,943.8503445517559,0
162.2690467384956,-3.9376862027190223,360.14113544219515,943.8503445517559,0
162.73457446834317,-3.9376862027190223,360.284983510718,943.8503445517559,0
162.73457446834317,-3.9476456953366545,360.284983510718,943.994134726423,0
163.19330767581792,-3.9476456953366545,360.4267320718277,943.994134726423,0
163.6588354056655,-3.9476456953366545,360.5705801403506,943.994134726423,0
163.6588354056655,-3.957605187954287,360.5705801403506,944.1379249010901,0
164.11767156044894,-3.957605187954287,360.7123605121787,944.1379249010901,0
164.5831992902965,-3.957605187954287,360.8562085807016,944.1379249010901,0
164.5831992902965,-3.967564680571919,360.8562085807016,944.2817150757571,0
165.04193249777126,-3.967564680571919,360.9979571418113,944.2817150757571,0
165.50746022761882,-3.967564680571919,361.1418052103342,944.2817150757571,0
165.96619343509357,-3.967564680571919,361.2835537714439,944.2817150757571,0
165.96619343509357,-3.9775241731895514,361.2835537714439,944.4255052504242,0
166.43172116494114,-3.9775241731895514,361.4274018399668,944.4255052504242,0
166.89724889478873,-3.9775241731895514,361.57124990848973,944.4255052504242,0
166.89724889478873,-3.9874836658071837,361.57124990848973,944.5692954250912,0
167.35608504957216,-3.9874836658071837,361.7130302803178,944.5692954250912,0
167.8148182570469,-3.9874836658071837,361.8547788414275,944.5692954250912,0
168.28034598689447,-3.997443158424816,361.99862690995036,944.7130855997583,0
168.74587371674207,-3.997443158424816,362.1424749784733,944.7130855997583,0
169.2047098715255,-3.997443158424816,362.28425535030135,944.7130855997583,0
169.2047098715255,-4.007402651042448,362.28425535030135,944.8568757744254,0
169.6702376013731,-4.007402651042448,362.42810341882426,944.8568757744254,0
170.12897080884784,-4.007402651042448,362.56985197993396,944.8568757744254,0
170.5944985386954,-4.017362143660081,362.7137000484569,945.0006659490924,0
171.05323174617016,-4.017362143660081,362.85544860956657,945.0006659490924,0
171.51875947601775,-4.017362143660081,362.9992966780895,945.0006659490924,0
171.51875947601775,-4.027462593271859,362.9992966780895,945.1464911903624,0
171.98428720586531,-4.027462593271859,363.1431447466124,945.1464911903624,0
172.44312336064874,-4.027462593271859,363.28492511844047,945.1464911903624,0
172.44312336064874,-4.037281128895345,363.28492511844047,945.2882462984265,0
172.9018565681235,-4.037281128895345,363.42667367955016,945.2882462984265,0
173.36738429797109,-4.037281128895345,363.570521748073,945.2882462984265,0
173.8262204527545,-4.0472406215129775,363.71230211990115,945.4320364730936,0
174.29174818260208,-4.0472406215129775,363.856150188424,945.4320364730936,0
174.75727591244967,-4.0472406215129775,363.9999982569469,945.4320364730936,0
174.75727591244967,-4.057341071124756,363.9999982569469,945.5778617143636,0
175.21600911992442,-4.057341071124756,364.1417468180566,945.5778617143636,0
175.67484527470785,-4.057341071124756,364.2835271898847,945.5778617143636,0
176.1403730045554,-4.067159606748242,364.4273752584076,945.7196168224277,0
176.60590073440298,-4.067159606748242,364.5712233269305,945.7196168224277,0
177.06463394187773,-4.067159606748242,364.7129718880402,945.7196168224277,0
177.5301616717253,-4.067159606748242,364.85681995656313,945.7196168224277,0
177.5301616717253,-4.077119099365874,364.85681995656313,945.8634069970948,0
177.98899782650875,-4.077119099365874,364.9986003283912,945.8634069970948,0
178.45452555635632,-4.087219548977652,365.14244839691406,946.0092322383649,0
178.91325876383107,-4.087219548977652,365.2841969580238,946.0092322383649,0
178.91325876383107,-4.097179041595284,365.2841969580238,946.153022413032,0
179.37878649367866,-4.097179041595284,365.42804502654667,946.153022413032,0
179.37878649367866,-4.106997577218771,365.42804502654667,946.294777521096,0
179.84431422352623,-4.106997577218771,365.5718930950696,946.294777521096,0
179.84431422352623,-4.117098026830549,365.5718930950696,946.4406027623661,0
180.30304743100098,-4.117098026830549,365.7136416561793,946.4406027623661,0
180.30304743100098,-4.127057519448181,365.7136416561793,946.5843929370332,0
180.7618835857844,-4.127057519448181,365.85542202800735,946.5843929370332,0
181.227411315632,-4.127057519448181,365.99927009653027,946.5843929370332,0
181.2287496306448,-4.127061924354249,365.99968363586925,946.5844565328645,0
181.2287496306448,-4.136876055071667,365.99968363586925,946.7261480450973,0
181.68748283811956,-4.136876055071667,366.14143219697894,946.7261480450973,0
182.15301056796716,-4.136876055071667,366.28528026550185,946.7261480450973,0
182.15301056796716,-4.146980909589513,366.28528026550185,946.8720368821986,0
182.61853829781472,-4.146980909589513,366.4291283340247,946.8720368821986,0
183.07737445259818,-4.146980909589513,366.5709087058528,946.8720368821986,0
183.07737445259818,-4.1569404022071454,366.5709087058528,947.0158270568656,0
183.54290218244574,-4.1569404022071454,366.7147567743757,947.0158270568656,0
184.0016353899205,-4.1569404022071454,366.8565053354854,947.0158270568656,0
184.4671631197681,-4.1569404022071454,367.0003534040083,947.0158270568656,0
184.9259992745515,-4.1569404022071454,367.1421337758364,947.0158270568656,0
184.9259992745515,-4.166754532924564,367.1421337758364,947.1575185690984,0
185.39152700439905,-4.166754532924564,367.2859818443593,947.1575185690984,0
185.8502602118738,-4.166754532924564,367.427730405469,947.1575185690984,0
186.3157879417214,-4.17685938744241,367.5715784739919,947.3034074061998,0
186.77462409650482,-4.17685938744241,367.71335884582,947.3034074061998,0
187.2401518263524,-4.17685938744241,367.8572069143429,947.3034074061998,0
187.2401518263524,-4.186818880060042,367.8572069143429,947.4471975808668,0
187.69888503382714,-4.186818880060042,367.9989554754526,947.4471975808668,0
188.16441276367473,-4.186818880060042,368.1428035439755,947.4471975808668,0
188.6299404935223,-4.186818880060042,368.28665161249836,947.4471975808668,0
188.6299404935223,-4.196778372677675,368.28665161249836,947.5909877555339,0
189.08867370099705,-4.196778372677675,368.42840017360805,947.5909877555339,0
189.54750985578048,-4.196778372677675,368.57018054543613,947.5909877555339,0
189.54750985578048,-4.206737865295307,368.57018054543613,947.734777930201,0
190.01303758562807,-4.206737865295307,368.71402861395904,947.734777930201,0
190.47856531547563,-4.206737865295307,368.85787668248196,947.734777930201,0
190.93729852295039,-4.206737865295307,368.99962524359165,947.734777930201,0
190.93729852295039,-4.216697357912939,368.99962524359165,947.878568104868,0
191.40282625279798,-4.216697357912939,369.14347331211457,947.878568104868,0
191.8616624075814,-4.216697357912939,369.28525368394264,947.878568104868,0
192.327190137429,-4.216697357912939,369.42910175246556,947.878568104868,0
192.327190137429,-4.2266568505305715,369.42910175246556,948.0223582795351,0
192.78592334490375,-4.2266568505305715,369.57085031357525,948.0223582795351,0
193.25145107475132,-4.2266568505305715,369.71469838209816,948.0223582795351,0
193.7169788045989,-4.2266568505305715,369.858546450621,948.0223582795351,0
194.17581495938234,-4.2266568505305715,370.0003268224491,948.0223582795351,0
194.17581495938234,-4.236616343148203,370.0003268224491,948.1661484542022,0
194.6345481668571,-4.236616343148203,370.1420753835588,948.1661484542022,0
195.10007589670465,-4.236616343148203,370.2859234520817,948.1661484542022,0
195.56560362655222,-4.236616343148203,370.4297715206046,948.1661484542022,0
195.56560362655222,-4.246575835765835,370.4297715206046,948.3099386288693,0
196.02433683402697,-4.246575835765835,370.5715200817143,948.3099386288693,0
196.48986456387453,-4.246575835765835,370.7153681502372,948.3099386288693,0
196.94870071865796,-4.246575835765835,370.8571485220653,948.3099386288693,0
197.4074339261327,-4.2565353283834675,370.998897083175,948.4537288035364,0
197.8729616559803,-4.2565353283834675,371.1427451516979,948.4537288035364,0
198.33848938582787,-4.2565353283834675,371.2865932202208,948.4537288035364,0
198.33848938582787,-4.2664948210011,371.2865932202208,948.5975189782034,0
198.7973255406113,-4.2664948210011,371.4283735920489,948.5975189782034,0
199.2628532704589,-4.2664948210011,371.57222166057176,948.5975189782034,0
199.72158647793364,-4.2664948210011,371.7139702216815,948.5975189782034,0
200.1871142077812,-4.276454313618732,371.85781829020436,948.7413091528705,0
200.64595036256463,-4.276454313618732,371.99959866203244,948.7413091528705,0
201.11147809241223,-4.276454313618732,372.14344673055535,948.7413091528705,0
201.11147809241223,-4.286413806236364,372.14344673055535,948.8850993275375,0
201.57700582225982,-4.286413806236364,372.28729479907827,948.8850993275375,0
202.03573902973457,-4.286413806236364,372.42904336018796,948.8850993275375,0
202.50126675958214,-4.286413806236364,372.5728914287109,948.8850993275375,0
202.9599999670569,-4.286413806236364,372.71463998982057,948.8850993275375,0
202.9599999670569,-4.296373298853997,372.71463998982057,949.0288895022046,0
203.42552769690448,-4.296373298853997,372.8584880583435,949.0288895022046,0
203.8843638516879,-4.296373298853997,373.00026843017156,949.0288895022046,0
204.34989158153547,-4.306332791471629,373.1441164986944,949.1726796768717,0
204.80862478901022,-4.306332791471629,373.28586505980417,949.1726796768717,0
205.27415251885782,-4.306332791471629,373.429713128327,949.1726796768717,0
205.73298867364124,-4.306332791471629,373.5714935001551,949.1726796768717,0
205.73298867364124,-4.316292284089261,373.5714935001551,949.3164698515387,0
206.1985164034888,-4.316292284089261,373.715341568678,949.3164698515387,0
206.66404413333638,-4.316292284089261,373.8591896372009,949.3164698515387,0
207.12957186318394,-4.316292284089261,374.00303770572384,949.3164698515387,0
207.12957186318394,-4.3262517767068935,374.00303770572384,949.4602600262058,0
207.59509959303153,-4.3262517767068935,374.14688577424675,949.4602600262058,0
208.0606273228791,-4.3262517767068935,374.2907338427696,949.4602600262058,0
208.51936053035385,-4.336211269324526,374.4324824038793,949.6040502008728,0
208.98488826020144,-4.336211269324526,374.5763304724022,949.6040502008728,0
209.44372441498487,-4.336211269324526,374.7181108442303,949.6040502008728,0
209.90925214483244,-4.336211269324526,374.8619589127532,949.6040502008728,0
209.90925214483244,-4.346316123842372,374.8619589127532,949.7499390379743,0
210.3679853523072,-4.346316123842372,375.0037074738629,949.7499390379743,0
210.83351308215478,-4.346316123842372,375.1475555423858,949.7499390379743,0
211.29904081200237,-4.346316123842372,375.29140361090873,949.7499390379743,0
211.75777401947713,-4.346316123842372,375.4331521720184,949.7499390379743,0
211.75777401947713,-4.35613025455979,375.4331521720184,949.891630550207,0
212.2233017493247,-4.35613025455979,375.57700024054134,949.891630550207,0
212.68213790410812,-4.35613025455979,375.7187806123694,949.891630550207,0
213.14087111158287,-4.35613025455979,375.8605291734791,949.891630550207,0
213.14087111158287,-4.366089747177423,375.8605291734791,950.035420724874,0
213.60639884143046,-4.366089747177423,376.00437724200196,950.035420724874,0
214.07192657127803,-4.366089747177423,376.1482253105249,950.035420724874,0
214.53076272606145,-4.366089747177423,376.29000568235296,950.035420724874,0
214.53076272606145,-4.376194601695268,376.29000568235296,950.1813095619755,0
214.99629045590905,-4.376194601695268,376.43385375087587,950.1813095619755,0
215.4550236633838,-4.376194601695268,376.57560231198556,950.1813095619755,0
215.92055139323136,-4.376194601695268,376.7194503805085,950.1813095619755,0
215.92055139323136,-4.3861540943129,376.7194503805085,950.3250997366425,0
216.3793875480148,-4.3861540943129,376.86123075233655,950.3250997366425,0
216.84491527786238,-4.3861540943129,377.00507882085947,950.3250997366425,0
217.31044300770995,-4.3861540943129,377.1489268893824,950.3250997366425,0
217.76917621518467,-4.3861540943129,377.2906754504921,950.3250997366425,0
217.76917621518467,-4.39596822503032,377.2906754504921,950.4667912488752,0
218.22790942265942,-4.39596822503032,377.43242401160177,950.4667912488752,0
218.69343715250702,-4.39596822503032,377.5762720801247,950.4667912488752,0
218.69343715250702,-4.406073079548165,377.5762720801247,950.6126800859766,0
219.15896488235458,-4.406073079548165,377.72012014864754,950.6126800859766,0
219.617801037138,-4.406073079548165,377.8619005204756,950.6126800859766,0
220.0833287669856,-4.406073079548165,378.00574858899853,950.6126800859766,0
220.54206197446035,-4.415887210265584,378.1474971501082,950.7543715982093,0
221.00758970430795,-4.415887210265584,378.29134521863114,950.7543715982093,0
221.46642585909137,-4.415887210265584,378.4331255904592,950.7543715982093,0
221.93195358893894,-4.425992064783429,378.5769736589821,950.9002604353108,0
222.3906867964137,-4.425992064783429,378.7187222200918,950.9002604353108,0
222.85621452626128,-4.425992064783429,378.86257028861473,950.9002604353108,0
223.3150506810447,-4.4359515574010615,379.0043506604428,951.0440506099778,0
223.78057841089228,-4.4359515574010615,379.1481987289657,951.0440506099778,0
224.23931161836703,-4.4359515574010615,379.2899472900754,951.0440506099778,0
224.23931161836703,-4.445911050018694,379.2899472900754,951.1878407846449,0
224.70483934821462,-4.445911050018694,379.4337953585983,951.1878407846449,0
225.16357255568937,-4.445911050018694,379.57554391970797,951.1878407846449,0
225.62910028553694,-4.445911050018694,379.7193919882309,951.1878407846449,0
226.08793644032036,-4.445911050018694,379.86117236005896,951.1878407846449,0
226.55346417016796,-4.455870542636326,380.0050204285819,951.331630959312,0
227.01899190001552,-4.455870542636326,380.1488684971048,951.331630959312,0
227.47772510749027,-4.455870542636326,380.2906170582145,951.331630959312,0
227.94325283733784,-4.455870542636326,380.4344651267374,951.331630959312,0
227.94325283733784,-4.465825630347892,380.4344651267374,951.4753575381477,0
228.40208899212126,-4.465825630347892,380.57624549856547,951.4753575381477,0
228.86761672196883,-4.465825630347892,380.7200935670884,951.4753575381477,0
229.32634992944358,-4.475785122965523,380.8618421281981,951.6191477128148,0
229.79187765929117,-4.475785122965523,381.00569019672093,951.6191477128148,0
230.2507138140746,-4.475785122965523,381.147470568549,951.6191477128148,0
230.7162415439222,-4.475785122965523,381.2913186370719,951.6191477128148,0
231.17497475139695,-4.4857446155831555,381.4330671981816,951.7629378874818,0
231.6405024812445,-4.4857446155831555,381.57691526670453,951.7629378874818,0
232.1060302110921,-4.4857446155831555,381.72076333522745,951.7629378874818,0
232.56476341856686,-4.4857446155831555,381.86251189633714,951.7629378874818,0
232.56476341856686,-4.495704108200788,381.86251189633714,951.9067280621489,0
233.02359957335028,-4.495704108200788,382.0042922681652,951.9067280621489,0
233.48912730319785,-4.495704108200788,382.14814033668813,951.9067280621489,0
233.9478605106726,-4.495704108200788,382.2898888977978,951.9067280621489,0
234.4133882405202,-4.495704108200788,382.43373696632074,951.9067280621489,0
234.87891597036776,-4.50566360081842,382.5775850348436,952.050518236816,0
235.33775212515118,-4.50566360081842,382.7193654066717,952.050518236816,0
235.79648533262593,-4.50566360081842,382.8611139677814,952.050518236816,0
236.26201306247353,-4.50566360081842,383.0049620363043,952.050518236816,0
236.7275407923211,-4.515623093436052,383.1488101048272,952.194308411483,0
237.18637694710452,-4.515623093436052,383.29059047665527,952.194308411483,0
237.6519046769521,-4.515623093436052,383.4344385451782,952.194308411483,0
237.6519046769521,-4.525582586053685,383.4344385451782,952.3380985861501,0
238.11063788442686,-4.525582586053685,383.5761871062879,952.3380985861501,0
238.57616561427443,-4.525582586053685,383.7200351748108,952.3380985861501,0
239.03489882174915,-4.525582586053685,383.8617837359205,952.3380985861501,0
239.03489882174915,-4.535542078671317,383.8617837359205,952.4818887608171,0
239.50042655159675,-4.535542078671317,384.0056318044434,952.4818887608171,0
239.96595428144434,-4.535542078671317,384.1494798729663,952.4818887608171,0
240.42479043622777,-4.545501571288949,384.2912602447944,952.6256789354842,0
240.88352364370252,-4.545501571288949,384.4330088059041,952.6256789354842,0
241.34905137355008,-4.545501571288949,384.57685687442694,952.6256789354842,0
241.8078875283335,-4.545501571288949,384.718637246255,952.6256789354842,0
242.2734152581811,-4.545501571288949,384.8624853147779,952.6256789354842,0
242.73894298802867,-4.555751787707008,385.00633338330084,952.7736664350199,0
243.19767619550342,-4.555751787707008,385.14808194441054,952.7736664350199,0
243.65651235028685,-4.555751787707008,385.2898623162386,952.7736664350199,0
244.12204008013444,-4.555751787707008,385.4337103847615,952.7736664350199,0
244.587567809982,-4.555751787707008,385.57755845328444,952.7736664350199,0
244.587567809982,-4.56571128032464,385.57755845328444,952.917456609687,0
245.04630101745676,-4.56571128032464,385.71930701439413,952.917456609687,0
245.51182874730435,-4.56571128032464,385.86315508291705,952.917456609687,0
245.9705619547791,-4.56571128032464,386.00490364402674,952.917456609687,0
245.9705619547791,-4.5756707729422725,386.00490364402674,953.061246784354,0
246.43608968462667,-4.5756707729422725,386.1487517125496,953.061246784354,0
246.8949258394101,-4.5756707729422725,386.29053208437773,953.061246784354,0
247.3604535692577,-4.5756707729422725,386.4343801529006,953.061246784354,0
247.82598129910525,-4.585630265559905,386.5782282214235,953.2050369590212,0
248.28471450658,-4.585630265559905,386.7199767825332,953.2050369590212,0
248.74355066136346,-4.585630265559905,386.86175715436127,953.2050369590212,0
249.20907839121102,-4.595589758177537,387.0056052228842,953.3488271336882,0
249.6746061210586,-4.595589758177537,387.1494532914071,953.3488271336882,0
250.1333393285333,-4.595589758177537,387.2912018525168,953.3488271336882,0
250.5988670583809,-4.595589758177537,387.4350499210397,953.3488271336882,0
251.05770321316433,-4.605549250795169,387.5768302928678,953.4926173083553,0
251.51643642063908,-4.605549250795169,387.7185788539775,953.4926173083553,0
251.98196415048668,-4.605549250795169,387.8624269225004,953.4926173083553,0
251.98196415048668,-4.615508743412802,387.8624269225004,953.6364074830224,0
252.44749188033427,-4.615508743412802,388.00627499102325,953.6364074830224,0
252.90622508780902,-4.615508743412802,388.14802355213294,953.6364074830224,0
253.37175281765656,-4.615508743412802,388.29187162065585,953.6364074830224,0
253.37175281765656,-4.625613597930647,388.29187162065585,953.7822963201237,0
253.83058897243998,-4.625613597930647,388.43365199248393,953.7822963201237,0
254.29611670228758,-4.625613597930647,388.57750006100684,953.7822963201237,0
254.75484990976233,-4.625613597930647,388.71924862211654,953.7822963201237,0
255.22037763960992,-4.625613597930647,388.86309669063945,953.7822963201237,0
255.67921379439335,-4.635427728648066,389.00487706246753,953.9239878323565,0
256.14474152424094,-4.635427728648066,389.14872513099044,953.9239878323565,0
256.60347473171566,-4.635427728648066,389.29047369210014,953.9239878323565,0
257.06900246156323,-4.645387221265699,389.43432176062305,954.0677780070235,0
257.5345301914108,-4.645387221265699,389.5781698291459,954.0677780070235,0
257.99336634619425,-4.645387221265699,389.719950200974,954.0677780070235,0
258.4588940760418,-4.645387221265699,389.8637982694969,954.0677780070235,0
258.4588940760418,-4.655492075783544,389.8637982694969,954.2136668441249,0
258.9176272835166,-4.655492075783544,390.0055468306066,954.2136668441249,0
259.3764634383,-4.655492075783544,390.14732720243467,954.2136668441249,0
259.8419911681476,-4.655492075783544,390.2911752709576,954.2136668441249,0
260.3074159506865,-4.655492075783544,390.4349915287621,954.2136668441249,0
260.3074159506865,-4.665306206500963,390.4349915287621,954.3553583563577,0
260.76625210546996,-4.665306206500963,390.5767719005902,954.3553583563577,0
261.23177983531747,-4.665306206500963,390.7206199691131,954.3553583563577,0
261.69051304279225,-4.665306206500963,390.8623685302228,954.3553583563577,0
262.1560407726398,-4.665306206500963,391.0062165987457,954.3553583563577,0
262.61487692742327,-4.6752656991185955,391.1479969705738,954.4991485310247,0
263.08040465727083,-4.6752656991185955,391.29184503909664,954.4991485310247,0
263.5391378647456,-4.6752656991185955,391.4335936002064,954.4991485310247,0
264.0046655945932,-4.6853705536364405,391.57744166872925,954.6450373681262,0
264.46350174937663,-4.6853705536364405,391.7192220405573,954.6450373681262,0
264.92902947922414,-4.6853705536364405,391.86307010908024,954.6450373681262,0
265.39455720907176,-4.6853705536364405,392.00691817760315,954.6450373681262,0
265.8532904165465,-4.695330046254073,392.14866673871285,954.7888275427932,0
266.3120236240212,-4.695330046254073,392.29041529982254,954.7888275427932,0
266.77755135386883,-4.695330046254073,392.43426336834546,954.7888275427932,0
267.2430790837164,-4.705144176971492,392.57811143686837,954.9305190550259,0
267.70191523849985,-4.705144176971492,392.71989180869645,954.9305190550259,0
268.1674429683474,-4.705144176971492,392.86373987721936,954.9305190550259,0
268.1674429683474,-4.715249031489337,392.86373987721936,955.0764078921273,0
268.6261761758222,-4.715249031489337,393.00548843832905,955.0764078921273,0
269.0917039056697,-4.715249031489337,393.1493365068519,955.0764078921273,0
269.55054006045316,-4.715249031489337,393.29111687868,955.0764078921273,0
270.0160677903007,-4.715249031489337,393.4349649472029,955.0764078921273,0
270.0160677903007,-4.72520852410697,393.4349649472029,955.2201980667944,0
270.48159552014835,-4.72520852410697,393.5788130157258,955.2201980667944,0
270.94032872762307,-4.72520852410697,393.7205615768355,955.2201980667944,0
271.3991648824065,-4.72520852410697,393.8623419486636,955.2201980667944,0
271.3991648824065,-4.735168016724602,393.8623419486636,955.3639882414615,0
271.8646926122541,-4.735168016724602,394.0061900171865,955.3639882414615,0
272.32342581972887,-4.735168016724602,394.1479385782962,955.3639882414615,0
272.7889535495764,-4.735168016724602,394.2917866468191,955.3639882414615,0
273.254481279424,-4.745127509342234,394.435634715342,955.5077784161285,0
273.7133174342074,-4.745127509342234,394.5774150871701,955.5077784161285,0
274.1720506416822,-4.745127509342234,394.7191636482798,955.5077784161285,0
274.63757837152974,-4.745127509342234,394.86301171680265,955.5077784161285,0
274.63757837152974,-4.7550870019598666,394.86301171680265,955.6515685907956,0
275.10310610137736,-4.7550870019598666,395.00685978532556,955.6515685907956,0
275.5618393088521,-4.7550870019598666,395.14860834643525,955.6515685907956,0
276.0273670386996,-4.7550870019598666,395.29245641495817,955.6515685907956,0
276.4862031934831,-4.7550870019598666,395.43423678678624,955.6515685907956,0
276.4862031934831,-4.765046494577499,395.43423678678624,955.7953587654627,0
276.9517309233306,-4.765046494577499,395.57808485530916,955.7953587654627,0
277.4104641308054,-4.765046494577499,395.71983341641885,955.7953587654627,0
277.87599186065296,-4.765046494577499,395.86368148494176,955.7953587654627,0
278.3415195905006,-4.765046494577499,396.0075295534647,955.7953587654627,0
278.3415195905006,-4.775005987195131,396.0075295534647,955.9391489401297,0
278.800355745284,-4.775005987195131,396.14930992529275,955.9391489401297,0
279.2658834751316,-4.775005987195131,396.2931579938156,955.9391489401297,0
279.7381027800433,-4.775005987195131,396.43907375903336,955.9391489401297,0
279.7381027800433,-4.784965479812763,396.43907375903336,956.0829391147968,0
280.19693893482673,-4.784965479812763,396.58085413086144,956.0829391147968,0
280.6624666646743,-4.784965479812763,396.72470219938435,956.0829391147968,0
281.1279943945219,-4.784965479812763,396.86855026790727,956.0829391147968,0
281.58672760199664,-4.794924972430396,397.01029882901696,956.2267292894638,0
282.0454608094714,-4.794924972430396,397.15204739012665,956.2267292894638,0
282.51098853931893,-4.794924972430396,397.29589545864957,956.2267292894638,0
282.97651626916655,-4.794924972430396,397.4397435271724,956.2267292894638,0
282.97651626916655,-4.804884465048028,397.4397435271724,956.3705194641309,0
283.43535242394995,-4.804884465048028,397.5815238990005,956.3705194641309,0
283.9008801537976,-4.81484395766566,397.7253719675234,956.514309638798,0
284.3596133612723,-4.81484395766566,397.8671205286331,956.514309638798,0
284.81844951605575,-4.81484395766566,398.0089009004612,956.514309638798,0
284.81844951605575,-4.824803450283293,398.0089009004612,956.658099813465,0
285.2839772459033,-4.824803450283293,398.1527489689841,956.658099813465,0
285.74950497575094,-4.824803450283293,398.296597037507,956.658099813465,0
286.20823818322566,-4.824803450283293,398.4383455986167,956.658099813465,0
286.6737659130732,-4.834758537994857,398.5821936671396,956.8018263923008,0
287.1326020678566,-4.834758537994857,398.7239740389677,956.8018263923008,0
287.5981297977042,-4.834758537994857,398.8678221074906,956.8018263923008,0
288.05686300517897,-4.834758537994857,399.0095706686003,956.8018263923008,0
288.52239073502653,-4.834758537994857,399.15341873712316,956.8018263923008,0
288.52239073502653,-4.844722435518556,399.15341873712316,956.9456801627991,0
288.98791846487416,-4.844722435518556,399.2972668056461,956.9456801627991,0
289.44675461965755,-4.844722435518556,399.43904717747415,956.9456801627991,0
289.90548782713233,-4.844722435518556,399.58079573858384,956.9456801627991,0
290.37101555697984,-4.844722435518556,399.72464380710676,956.9456801627991,0
290.37101555697984,-4.854822885130335,399.72464380710676,957.0915054040693,0
290.83654328682746,-4.854822885130335,399.8684918756297,957.0915054040693,0
291.2952764943022,-4.854822885130335,400.01024043673937,957.0915054040693,0
291.75411264908564,-4.854822885130335,400.15202080856744,957.0915054040693,0
291.75411264908564,-4.864637015847754,400.15202080856744,957.233196916302,0
292.2196403789332,-4.864637015847754,400.29586887709036,957.233196916302,0
292.68516810878083,-4.864637015847754,400.43971694561327,957.233196916302,0
293.14390131625555,-4.864637015847754,400.58146550672296,957.233196916302,0
293.6094290461031,-4.864637015847754,400.7253135752458,957.233196916302,0
294.0682652008866,-4.874596508465387,400.86709394707395,957.376987090969,0
294.53379293073414,-4.874596508465387,401.0109420155968,957.376987090969,0
294.99252613820886,-4.874596508465387,401.1526905767065,957.376987090969,0
295.4580538680565,-4.874596508465387,401.2965386452294,957.376987090969,0
295.4580538680565,-4.884701362983232,401.2965386452294,957.5228759280704,0
295.92358159790405,-4.884701362983232,401.44038671375233,957.5228759280704,0
296.3823148053788,-4.884701362983232,401.582135274862,957.5228759280704,0
296.8478425352264,-4.884701362983232,401.72598334338494,957.5228759280704,0
297.3066786900098,-4.894515493700651,401.867763715213,957.6645674403031,0
297.77220641985735,-4.894515493700651,402.01161178373593,957.6645674403031,0
298.2309396273321,-4.894515493700651,402.1533603448456,957.6645674403031,0
298.6964673571797,-4.894515493700651,402.29720841336854,957.6645674403031,0
299.1553035119631,-4.9044749863182835,402.4389887851966,957.8083576149702,0
299.6208312418107,-4.9044749863182835,402.58283685371947,957.8083576149702,0
300.07956444928544,-4.9044749863182835,402.72458541482916,957.8083576149702,0
300.07956444928544,-4.9145798408361285,402.72458541482916,957.9542464520716,0
300.54509217913306,-4.9145798408361285,402.8684334833521,957.9542464520716,0
301.00392833391646,-4.9145798408361285,403.01021385518015,957.9542464520716,0
301.469456063764,-4.924393971553548,403.15406192370307,958.0959379643043,0
301.92818927123875,-4.924393971553548,403.29581048481276,958.0959379643043,0
302.3937170010864,-4.924393971553548,403.4396585533357,958.0959379643043,0
302.85255315586977,-4.924393971553548,403.58143892516375,958.0959379643043,0
302.85255315586977,-4.93435346417118,403.58143892516375,958.2397281389714,0
303.3180808857174,-4.93435346417118,403.72528699368667,958.2397281389714,0
303.78360861556496,-4.93435346417118,403.8691350622096,958.2397281389714,0
304.24234182303974,-4.93435346417118,404.0108836233193,958.2397281389714,0
304.7078695528873,-4.93435346417118,404.15473169184213,958.2397281389714,0
304.7078695528873,-4.944458318689025,404.15473169184213,958.3856169760728,0
305.1666027603621,-4.944458318689025,404.2964802529518,958.3856169760728,0
305.6321304902096,-4.944458318689025,404.44032832147474,958.3856169760728,0
306.09096664499305,-4.944458318689025,404.5821086933028,958.3856169760728,0
306.5564943748406,-4.944458318689025,404.7259567618257,958.3856169760728,0
307.02202210468823,-4.954272449406444,404.86980483034864,958.5273084883056,0
307.4740637370988,-4.954272449406444,405.0094856947635,958.5273084883056,0
307.9462830420106,-4.954272449406444,405.15540145998125,958.5273084883056,0
307.9462830420106,-4.964231942024076,405.15540145998125,958.6710986629727,0
308.405119196794,-4.964231942024076,405.2971818318093,958.6710986629727,0
308.8638524042687,-4.964231942024076,405.438930392919,958.6710986629727,0
309.32938013411626,-4.964231942024076,405.58277846144193,958.6710986629727,0
309.79490786396383,-4.974336796541922,405.7266265299648,958.816987500074,0
310.2536410714386,-4.974336796541922,405.86837509107454,958.816987500074,0
310.7191688012862,-4.974336796541922,406.0122231595974,958.816987500074,0
311.1780049560696,-4.974336796541922,406.1540035314255,958.816987500074,0
311.1780049560696,-4.984150927259341,406.1540035314255,958.9586790123068,0
311.6435326859172,-4.984150927259341,406.2978515999484,958.9586790123068,0
312.102265893392,-4.984150927259341,406.4396001610581,958.9586790123068,0
312.5677936232395,-4.984150927259341,406.583448229581,958.9586790123068,0
313.026629778023,-4.984150927259341,406.72522860140907,958.9586790123068,0
313.026629778023,-4.994110419876973,406.72522860140907,959.1024691869738,0
313.4921575078705,-4.994110419876973,406.869076669932,959.1024691869738,0
313.9508907153453,-4.994110419876973,407.0108252310417,959.1024691869738,0
314.41641844519285,-4.994110419876973,407.1546732995646,959.1024691869738,0
314.88194617504047,-5.004215274394819,407.29852136808745,959.2483580240752,0
315.34078232982387,-5.004215274394819,407.4403017399156,959.2483580240752,0
315.8063100596715,-5.004215274394819,407.58414980843844,959.2483580240752,0
315.8063100596715,-5.0141747670124515,407.58414980843844,959.3921481987422,0
316.2650432671462,-5.0141747670124515,407.72589836954813,959.3921481987422,0
316.72387942192967,-5.0141747670124515,407.8676787413762,959.3921481987422,0
317.1894071517772,-5.0141747670124515,408.0115268098991,959.3921481987422,0
317.6549348816248,-5.0141747670124515,408.15537487842204,959.3921481987422,0
317.6549348816248,-5.02398889772987,408.15537487842204,959.533839710975,0
318.1136680890995,-5.02398889772987,408.29712343953173,959.533839710975,0
318.57919581894714,-5.02398889772987,408.44097150805464,959.533839710975,0
319.03792902642186,-5.02398889772987,408.58272006916434,959.533839710975,0
319.03792902642186,-5.034093752247716,408.58272006916434,959.6797285480764,0
319.50345675626943,-5.034093752247716,408.72656813768725,959.6797285480764,0
319.9622929110529,-5.034093752247716,408.86834850951533,959.6797285480764,0
320.4278206409004,-5.034093752247716,409.01219657803824,959.6797285480764,0
320.8865538483752,-5.034093752247716,409.15394513914794,959.6797285480764,0
320.8865538483752,-5.044053244865348,409.15394513914794,959.8235187227434,0
321.35208157822274,-5.044053244865348,409.2977932076708,959.8235187227434,0
321.8109177330062,-5.044053244865348,409.43957357949887,959.8235187227434,0
322.27644546285376,-5.044053244865348,409.5834216480218,959.8235187227434,0
322.27644546285376,-5.054012737482981,409.5834216480218,959.9673088974106,0
322.7419731927014,-5.054012737482981,409.7272697165447,959.9673088974106,0
323.2007064001761,-5.054012737482981,409.8690182776544,959.9673088974106,0
323.6662341300237,-5.054012737482981,410.0128663461773,959.9673088974106,0
324.12496733749845,-5.054012737482981,410.154614907287,959.9673088974106,0
324.12496733749845,-5.063972230100613,410.154614907287,960.1110990720776,0
324.590495067346,-5.063972230100613,410.2984629758099,960.1110990720776,0
325.0493312221294,-5.063972230100613,410.440243347638,960.1110990720776,0
325.51485895197703,-5.063972230100613,410.5840914161609,960.1110990720776,0
325.51485895197703,-5.073931722718244,410.5840914161609,960.2548892467447,0
325.97359215945175,-5.073931722718244,410.7258399772706,960.2548892467447,0
326.4391198892994,-5.073931722718244,410.86968804579345,960.2548892467447,0
326.8979560440828,-5.073931722718244,411.0114684176216,960.2548892467447,0
326.8979560440828,-5.083891215335877,411.0114684176216,960.3986794214118,0
327.3634837739304,-5.083891215335877,411.15531648614444,960.3986794214118,0
327.8290115037779,-5.083891215335877,411.29916455466736,960.3986794214118,0
328.2877447112527,-5.083891215335877,411.44091311577705,960.3986794214118,0
328.2877447112527,-5.093850707953509,411.44091311577705,960.5424695960788,0
328.7465808660361,-5.093850707953509,411.5826934876051,960.5424695960788,0
329.2121085958837,-5.093850707953509,411.72654155612804,960.5424695960788,0
329.6708418033584,-5.093850707953509,411.86829011723773,960.5424695960788,0
329.6708418033584,-5.103810200571141,411.86829011723773,960.6862597707459,0
330.136369533206,-5.103810200571141,412.01213818576065,960.6862597707459,0
330.6018972630536,-5.103810200571141,412.15598625428356,960.6862597707459,0
331.060733417837,-5.103810200571141,412.29776662611164,960.6862597707459,0
331.5194666253118,-5.103810200571141,412.43951518722133,960.6862597707459,0
331.5194666253118,-5.1137696931887735,412.43951518722133,960.830049945413,0
331.98499435515936,-5.1137696931887735,412.58336325574425,960.830049945413,0
332.4505220850069,-5.1137696931887735,412.7272113242671,960.830049945413,0
332.4505220850069,-5.123729185806406,412.7272113242671,960.97384012008,0
332.90925529248165,-5.123729185806406,412.8689598853768,960.97384012008,0
333.37478302232927,-5.123729185806406,413.0128079538997,960.97384012008,0
333.83361917711267,-5.123729185806406,413.1545883257278,960.97384012008,0
333.83361917711267,-5.133688678424038,413.1545883257278,961.1176302947471,0
334.29235238458745,-5.133688678424038,413.2963368868375,961.1176302947471,0
334.757880114435,-5.133688678424038,413.4401849553604,961.1176302947471,0
335.22340784428263,-5.133688678424038,413.5840330238833,961.1176302947471,0
335.68893557413014,-5.14364817104167,413.7278810924062,961.2614204694141,0
336.1477717289136,-5.14364817104167,413.8696614642343,961.2614204694141,0
336.6065049363883,-5.14364817104167,414.011410025344,961.2614204694141,0
336.6065049363883,-5.153607663659303,414.011410025344,961.4052106440812,0
337.07203266623594,-5.153607663659303,414.1552580938669,961.4052106440812,0
337.53076587371066,-5.153607663659303,414.2970066549766,961.4052106440812,0
337.9962936035583,-5.153607663659303,414.44085472349946,961.4052106440812,0
337.9962936035583,-5.163567156276935,414.44085472349946,961.5490008187483,0
338.46182133340585,-5.163567156276935,414.58470279202237,961.5490008187483,0
338.9206574881893,-5.163567156276935,414.72648316385045,961.5490008187483,0
339.37939069566403,-5.163567156276935,414.86823172496014,961.5490008187483,0
339.37939069566403,-5.173526648894567,414.86823172496014,961.6927909934153,0
339.8449184255116,-5.173526648894567,415.01207979348305,961.6927909934153,0
340.31044615535916,-5.173526648894567,415.15592786200597,961.6927909934153,0
340.76928231014256,-5.173526648894567,415.29770823383404,961.6927909934153,0
341.2348100399902,-5.1834861415121996,415.44155630235696,961.8365811680824,0
341.6935432474649,-5.1834861415121996,415.58330486346665,961.8365811680824,0
342.1590709773125,-5.1834861415121996,415.72715293198956,961.8365811680824,0
342.1590709773125,-5.193445634129832,415.72715293198956,961.9803713427494,0
342.6179071320959,-5.193445634129832,415.86893330381764,961.9803713427494,0
343.08343486194354,-5.193445634129832,416.0127813723405,961.9803713427494,0
343.08343486194354,-5.203550488647677,416.0127813723405,962.1262601798509,0
343.54216806941827,-5.203550488647677,416.15452993345025,962.1262601798509,0
344.00769579926583,-5.203550488647677,416.2983780019731,962.1262601798509,0
344.46653195404923,-5.203550488647677,416.4401583738012,962.1262601798509,0
344.46653195404923,-5.213364619365096,416.4401583738012,962.2679516920836,0
344.93205968389685,-5.213364619365096,416.5840064423241,962.2679516920836,0
345.3975874137444,-5.213364619365096,416.727854510847,962.2679516920836,0
345.8563206212192,-5.213364619365096,416.8696030719567,962.2679516920836,0
345.8563206212192,-5.223324111982729,416.8696030719567,962.4117418667506,0
346.32184835106676,-5.223324111982729,417.0134511404796,962.4117418667506,0
346.78058155854154,-5.223324111982729,417.1551997015893,962.4117418667506,0
347.23941771332494,-5.223324111982729,417.2969800734174,962.4117418667506,0
347.23941771332494,-5.233428966500574,417.2969800734174,962.557630703852,0
347.7049454431725,-5.233428966500574,417.4408281419403,962.557630703852,0
348.17047317302007,-5.233428966500574,417.5846762104632,962.557630703852,0
348.17047317302007,-5.243388459118206,417.5846762104632,962.7014208785191,0
348.62920638049485,-5.243388459118206,417.7264247715729,962.7014208785191,0
349.0947341103424,-5.243388459118206,417.87027284009577,962.7014208785191,0
349.55357026512587,-5.243388459118206,418.01205321192384,962.7014208785191,0
350.01909799497344,-5.253202589835626,418.15590128044676,962.8431123907518,0
350.4778312024482,-5.253202589835626,418.29764984155645,962.8431123907518,0
350.9433589322958,-5.253202589835626,418.44149791007936,962.8431123907518,0
351.4020921397705,-5.263307444353471,418.58324647118906,962.9890012278532,0
351.86761986961807,-5.263307444353471,418.72709453971197,962.9890012278532,0
352.3467366442113,-5.263307444353471,418.87514162306127,962.9890012278532,0
352.3467366442113,-5.273266936971103,418.87514162306127,963.1327914025203,0
352.8122643740589,-5.273266936971103,419.0189896915842,963.1327914025203,0
353.2709975815336,-5.273266936971103,419.1607382526939,963.1327914025203,0
353.73652531138123,-5.273266936971103,419.3045863212168,963.1327914025203,0
353.73652531138123,-5.283226429588735,419.3045863212168,963.2765815771874,0
354.19525851885595,-5.283226429588735,419.4463348823265,963.2765815771874,0
354.6607862487036,-5.283226429588735,419.5901829508494,963.2765815771874,0
354.6607862487036,-5.2931859222063675,419.5901829508494,963.4203717518544,0
355.11962240348697,-5.2931859222063675,419.7319633226775,963.4203717518544,0
355.5851501333346,-5.2931859222063675,419.8758113912004,963.4203717518544,0
356.0438833408093,-5.2931859222063675,420.0175599523101,963.4203717518544,0
356.0438833408093,-5.303145414824,420.0175599523101,963.5641619265215,0
356.5094110706569,-5.303145414824,420.16140802083294,963.5641619265215,0
356.9682472254403,-5.303145414824,420.303188392661,963.5641619265215,0
357.4337749552879,-5.303145414824,420.4470364611839,963.5641619265215,0
357.89930268513547,-5.313104907441632,420.59088452970684,963.7079521011885,0
358.35803589261025,-5.313104907441632,420.73263309081653,963.7079521011885,0
358.8235636224578,-5.323064400059264,420.87648115933945,963.8517422758556,0
359.28239977724127,-5.323064400059264,421.0182615311675,963.8517422758556,0
359.7478245597801,-5.323064400059264,421.16207778897206,963.8517422758556,0
359.7478245597801,-5.333023892676897,421.16207778897206,963.9955324505227,0
360.2066607145636,-5.333023892676897,421.30385816080013,963.9955324505227,0
360.6721884444111,-5.342983385294529,421.44770622932305,964.1393226251897,0
361.1310245991946,-5.342983385294529,421.5894866011511,964.1393226251897,0
361.59644938173346,-5.342983385294529,421.7333028589556,964.1393226251897,0
361.59644938173346,-5.352942877912161,421.7333028589556,964.2831127998569,0
362.05528553651686,-5.352942877912161,421.8750832307837,964.2831127998569,0
362.5208132663645,-5.352942877912161,422.0189312993066,964.2831127998569,0
362.9795464738392,-5.352942877912161,422.1606798604163,964.2831127998569,0
362.9795464738392,-5.362902370529794,422.1606798604163,964.426902974524,0
363.44507420368683,-5.362902370529794,422.3045279289392,964.426902974524,0
363.91060193353434,-5.362902370529794,422.4483759974621,964.426902974524,0
363.91060193353434,-5.372861863147426,422.4483759974621,964.570693149191,0
364.3694380883178,-5.372861863147426,422.5901563692902,964.570693149191,0
364.8281712957925,-5.372861863147426,422.7319049303999,964.570693149191,0
365.29369902564014,-5.372861863147426,422.8757529989228,964.570693149191,0
365.29369902564014,-5.382821355765058,422.8757529989228,964.7144833238581,0
365.7592267554877,-5.382821355765058,423.0196010674457,964.7144833238581,0
366.21806291027116,-5.382821355765058,423.1613814392738,964.7144833238581,0
366.21806291027116,-5.3927808483826905,423.1613814392738,964.8582734985251,0
366.6767961177459,-5.3927808483826905,423.3031300003835,964.8582734985251,0
367.1423238475935,-5.3927808483826905,423.4469780689064,964.8582734985251,0
367.1423238475935,-5.402740341000323,423.4469780689064,965.0020636731922,0
367.607851577441,-5.402740341000323,423.59082613742925,965.0020636731922,0
368.0665847849158,-5.402740341000323,423.73257469853894,965.0020636731922,0
368.53211251476336,-5.402740341000323,423.87642276706185,965.0020636731922,0
368.997640244611,-5.412699833617955,424.02027083558477,965.1458538478593,0
369.4564763993944,-5.412699833617955,424.16205120741284,965.1458538478593,0
369.922004129242,-5.422659326235587,424.30589927593576,965.2896440225263,0
370.3807373367167,-5.422659326235587,424.44764783704545,965.2896440225263,0
370.8395734915002,-5.422659326235587,424.5894282088735,965.2896440225263,0
370.8395734915002,-5.43261881885322,424.5894282088735,965.4334341971934,0
371.30510122134774,-5.43261881885322,424.73327627739644,965.4334341971934,0
371.7706289511953,-5.43261881885322,424.87712434591936,965.4334341971934,0
371.7706289511953,-5.442578311470852,424.87712434591936,965.5772243718604,0
372.22936215867,-5.442578311470852,425.01887290702905,965.5772243718604,0
372.6881983134535,-5.442578311470852,425.1606532788571,965.5772243718604,0
372.6881983134535,-5.452537804088484,425.1606532788571,965.7210145465275,0
373.15372604330105,-5.452537804088484,425.30450134738,965.7210145465275,0
373.6192537731486,-5.452537804088484,425.4483494159029,965.7210145465275,0
373.6192537731486,-5.4624972967061165,425.4483494159029,965.8648047211946,0
374.0779869806234,-5.4624972967061165,425.5900979770126,965.8648047211946,0
374.54351471047096,-5.472456789323748,425.7339460455355,966.0085948958616,0
375.0023508652544,-5.472456789323748,425.8757264173636,966.0085948958616,0
375.4678785951019,-5.48241628194138,426.0195744858865,966.1523850705287,0
375.9266118025767,-5.48241628194138,426.1613230469962,966.1523850705287,0
376.39213953242427,-5.4923757745590125,426.3051711155191,966.2961752451957,0
376.8576672622719,-5.4923757745590125,426.449019184042,966.2961752451957,0
377.3164004697466,-5.502330862270578,426.5907677451517,966.4399018240315,0
377.78192819959423,-5.502330862270578,426.73461581367457,966.4399018240315,0
378.24076435437763,-5.512435716788423,426.87639618550264,966.5857906611329,0
378.70629208422525,-5.512435716788423,427.02024425402556,966.5857906611329,0
379.1650252917,-5.512435716788423,427.16199281513525,966.5857906611329,0
379.1650252917,-5.5223952094060555,427.16199281513525,966.7295808358,0
379.63055302154754,-5.5223952094060555,427.30584088365816,966.7295808358,0
380.08938917633094,-5.532209340123475,427.44762125548624,966.8712723480327,0
380.55491690617856,-5.532209340123475,427.59146932400915,966.8712723480327,0
381.0136501136533,-5.54231419464132,427.73321788511885,967.0171611851341,0
381.4791778435009,-5.54231419464132,427.87706595364176,967.0171611851341,0
381.9447055733485,-5.552273687258952,428.0209140221647,967.1609513598012,0
382.40343878082325,-5.552273687258952,428.16266258327437,967.1609513598012,0
382.86227493560665,-5.552273687258952,428.30444295510245,967.1609513598012,0
382.86227493560665,-5.562233179876585,428.30444295510245,967.3047415344682,0
383.3278026654542,-5.562233179876585,428.4482910236253,967.3047415344682,0
383.78653587292894,-5.572192672494217,428.59003958473505,967.4485317091353,0
384.2520636027765,-5.572192672494217,428.7338876532579,967.4485317091353,0
384.7175913326241,-5.572192672494217,428.8777357217808,967.4485317091353,0
384.7175913326241,-5.582152165111849,428.8777357217808,967.5923218838024,0
385.1764274874075,-5.582152165111849,429.0195160936089,967.5923218838024,0
385.1764274874075,-5.592111657729482,429.0195160936089,967.7361120584694,0
385.6351606948823,-5.592111657729482,429.1612646547186,967.7361120584694,0
386.10068842472987,-5.592111657729482,429.3051127232415,967.7361120584694,0
386.10068842472987,-5.602071150347114,429.3051127232415,967.8799022331365,0
386.56621615457743,-5.602071150347114,429.4489607917644,967.8799022331365,0
387.0250523093609,-5.602071150347114,429.5907411635925,967.8799022331365,0
387.0250523093609,-5.612030642964746,429.5907411635925,968.0236924078035,0
387.49058003920845,-5.612030642964746,429.7345892321154,968.0236924078035,0
387.9493132466832,-5.612030642964746,429.8763377932251,968.0236924078035,0
388.4148409765308,-5.6219901355823785,430.020185861748,968.1674825824706,0
388.8736771313142,-5.6219901355823785,430.1619662335761,968.1674825824706,0
388.8736771313142,-5.631949628200011,430.1619662335761,968.3112727571377,0
389.3392048611618,-5.631949628200011,430.30581430209895,968.3112727571377,0
389.8047325910094,-5.641909120817643,430.44966237062187,968.4550629318047,0
390.26346579848416,-5.641909120817643,430.59141093173156,968.4550629318047,0
390.7221990059589,-5.651868613435275,430.73315949284125,968.5988531064718,0
391.18772673580645,-5.661828106052908,430.87700756136417,968.7426432811388,0
391.64656289058985,-5.661828106052908,431.01878793319224,968.7426432811388,0
392.11209062043747,-5.661828106052908,431.16263600171516,968.7426432811388,0
392.11209062043747,-5.67178759867054,431.16263600171516,968.8864334558059,0
392.57761835028504,-5.67178759867054,431.30648407023807,968.8864334558059,0
393.0363515577598,-5.681747091288172,431.44823263134776,969.030223630473,0
393.4951877125432,-5.681747091288172,431.59001300317584,969.030223630473,0
393.4951877125432,-5.6917065839058045,431.59001300317584,969.17401380514,0
393.96071544239084,-5.6917065839058045,431.73386107169875,969.17401380514,0
394.42624317223834,-5.6917065839058045,431.8777091402216,969.17401380514,0
394.42624317223834,-5.701666076523437,431.8777091402216,969.3178039798071,0
394.88497637971307,-5.701666076523437,432.0194577013313,969.3178039798071,0
395.3505041095607,-5.711625569141068,432.1633057698542,969.4615941544741,0
395.8092373170354,-5.711625569141068,432.3050543309639,969.4615941544741,0
395.8092373170354,-5.7215850617587005,432.3050543309639,969.6053843291412,0
396.27476504688303,-5.7215850617587005,432.4489023994868,969.6053843291412,0
396.73360120166643,-5.7215850617587005,432.5906827713149,969.6053843291412,0
396.73360120166643,-5.731544554376333,432.5906827713149,969.7491745038084,0
397.19912893151405,-5.731544554376333,432.7345308398378,969.7491745038084,0
397.6578621389888,-5.731544554376333,432.8762794009475,969.7491745038084,0
397.6578621389888,-5.741649408894179,432.8762794009475,969.8950633409097,0
398.1233898688364,-5.741649408894179,433.0201274694704,969.8950633409097,0
398.1233898688364,-5.751463539611597,433.0201274694704,970.0367548531425,0
398.5822260236198,-5.751463539611597,433.1619078412985,970.0367548531425,0
399.04775375346736,-5.76142303222923,433.3057559098214,970.1805450278096,0
399.5132814833149,-5.76142303222923,433.44960397834427,970.1805450278096,0
399.5132814833149,-5.7718142056414345,433.44960397834427,970.3305675939482,0
399.9720146907897,-5.7718142056414345,433.591352539454,970.3305675939482,0
400.43754242063727,-5.7718142056414345,433.7352006079769,970.3305675939482,0
400.43754242063727,-5.781773698259067,433.7352006079769,970.4743577686153,0
400.89627562811205,-5.781773698259067,433.8769491690866,970.4743577686153,0
401.35511178289545,-5.781773698259067,434.01872954091465,970.4743577686153,0
401.35511178289545,-5.791733190876699,434.01872954091465,970.6181479432823,0
401.82063951274307,-5.791733190876699,434.16257760943756,970.6181479432823,0
401.82063951274307,-5.801692683494331,434.16257760943756,970.7619381179494,0
402.2861672425906,-5.801692683494331,434.3064256779605,970.7619381179494,0
402.74500339737403,-5.801692683494331,434.44820604978855,970.7619381179494,0
402.74500339737403,-5.811652176111964,434.44820604978855,970.9057282926165,0
403.2105311272216,-5.811652176111964,434.59205411831147,970.9057282926165,0
403.6692643346964,-5.811652176111964,434.73380267942116,970.9057282926165,0
403.6692643346964,-5.821611668729596,434.73380267942116,971.0495184672835,0
404.13479206454394,-5.821611668729596,434.8776507479441,971.0495184672835,0
404.13479206454394,-5.831571161347228,434.8776507479441,971.1933086419506,0
404.59352527201867,-5.831571161347228,435.01939930905377,971.1933086419506,0
405.0590530018663,-5.831571161347228,435.1632473775767,971.1933086419506,0
405.0590530018663,-5.841530653964861,435.1632473775767,971.3370988166176,0
405.5178891566497,-5.841530653964861,435.30502774940476,971.3370988166176,0
405.5178891566497,-5.851490146582493,435.30502774940476,971.4808889912847,0
405.9834168864973,-5.851490146582493,435.4488758179276,971.4808889912847,0
406.44215009397203,-5.861595001100338,435.5906243790373,971.6267778283861,0
406.9076778238196,-5.861595001100338,435.7344724475602,971.6267778283861,0
406.9076778238196,-5.8714091318177575,435.7344724475602,971.7684693406189,0
407.37320555366716,-5.8714091318177575,435.87832051608314,971.7684693406189,0
407.8320417084506,-5.8714091318177575,436.0201008879112,971.7684693406189,0
407.8320417084506,-5.88136862443539,436.0201008879112,971.912259515286,0
408.2975694382982,-5.88136862443539,436.1639489564341,971.912259515286,0
408.75630264577296,-5.88136862443539,436.3056975175438,971.912259515286,0
408.75630264577296,-5.891473478953235,436.3056975175438,972.0581483523873,0
409.2150358532477,-5.891473478953235,436.4474460786535,972.0581483523873,0
409.6805635830953,-5.901287609670654,436.5912941471764,972.1998398646201,0
410.1460913129428,-5.901287609670654,436.73514221569934,972.1998398646201,0
410.1460913129428,-5.911392464188499,436.73514221569934,972.3457287017214,0
410.60492746772627,-5.911392464188499,436.8769225875274,972.3457287017214,0
411.07045519757384,-5.921351956806132,437.0207706560503,972.4895188763885,0
411.5291884050486,-5.921351956806132,437.16251921716,972.4895188763885,0
411.5291884050486,-5.931311449423764,437.16251921716,972.6333090510556,0
411.9947161348962,-5.931311449423764,437.3063672856829,972.6333090510556,0
412.45355228967964,-5.931311449423764,437.44814765751096,972.6333090510556,0
412.45355228967964,-5.941270942041396,437.44814765751096,972.7770992257226,0
412.9190800195272,-5.941270942041396,437.5919957260339,972.7770992257226,0
412.9190800195272,-5.951230434659029,437.5919957260339,972.9208894003897,0
413.377813227002,-5.951230434659029,437.73374428714357,972.9208894003897,0
413.8433409568495,-5.961189927276661,437.8775923556665,973.0646795750569,0
414.30217711163294,-5.961189927276661,438.01937272749456,973.0646795750569,0
414.30217711163294,-5.971149419894293,438.01937272749456,973.2084697497239,0
414.7677048414805,-5.971149419894293,438.16322079601747,973.2084697497239,0
415.2331296240194,-5.9811089125119254,438.307037053822,973.352259924391,0
415.69196577880285,-5.9811089125119254,438.4488174256501,973.352259924391,0
415.69196577880285,-5.991068405129558,438.4488174256501,973.496050099058,0
416.15080193358625,-5.991068405129558,438.59059779747815,973.496050099058,0
416.6163296634339,-5.991068405129558,438.73444586600107,973.496050099058,0
416.6163296634339,-6.00102789774719,438.73444586600107,973.6398402737251,0
417.08185739328144,-6.00102789774719,438.8782939345239,973.6398402737251,0
417.5405906007562,-6.010987390364822,439.0200424956336,973.7836304483922,0
418.0061183306037,-6.010987390364822,439.16389056415653,973.7836304483922,0
418.0061183306037,-6.020946882982455,439.16389056415653,973.9274206230592,0
418.4648515380785,-6.020946882982455,439.3056391252662,973.9274206230592,0
418.93037926792607,-6.030906375600086,439.44948719378914,974.0712107977263,0
419.3892154227095,-6.040865868217718,439.5912675656172,974.2150009723933,0
419.8547431525571,-6.040865868217718,439.73511563414013,974.2150009723933,0
419.8547431525571,-6.050825360835351,439.73511563414013,974.3587911470604,0
420.3202708824047,-6.050825360835351,439.87896370266304,974.3587911470604,0
420.77900408987944,-6.060784853452983,440.02071226377274,974.5025813217275,0
421.2378402446629,-6.060784853452983,440.1624926356008,974.5025813217275,0
421.7033679745104,-6.070744346070615,440.3063407041237,974.6463714963945,0
422.1621011819852,-6.070744346070615,440.4480892652334,974.6463714963945,0
422.1621011819852,-6.0807038386882475,440.4480892652334,974.7901616710616,0
422.62762891183274,-6.0807038386882475,440.5919373337563,974.7901616710616,0
423.09315664168037,-6.0807038386882475,440.7357854022792,974.7901616710616,0
423.09315664168037,-6.09066333130588,440.7357854022792,974.9339518457286,0
423.5518898491551,-6.09066333130588,440.8775339633889,974.9339518457286,0
423.5518898491551,-6.100622823923512,440.8775339633889,975.0777420203957,0
424.01072600393854,-6.100622823923512,441.01931433521696,975.0777420203957,0
424.4762537337861,-6.110727678441358,441.1631624037399,975.2236308574971,0
424.9552675610707,-6.110727678441358,441.3111776763708,975.2236308574971,0
425.42079529091825,-6.120541809158777,441.4550257448937,975.3653223697298,0
425.87952849839303,-6.120541809158777,441.5967743060034,975.3653223697298,0
425.87952849839303,-6.130501301776409,441.5967743060034,975.5091125443969,0
426.3450562282406,-6.130501301776409,441.7406223745263,975.5091125443969,0
426.803892383024,-6.140606156294254,441.8824027463544,975.6550013814983,0
427.26942011287156,-6.140606156294254,442.0262508148773,975.6550013814983,0
427.26942011287156,-6.150565648911886,442.0262508148773,975.7987915561654,0
427.7349478427191,-6.150565648911886,442.1700988834002,975.7987915561654,0
428.1936810501939,-6.160379779629306,442.3118474445099,975.9404830683981,0
428.6525172049773,-6.160379779629306,442.453627816338,975.9404830683981,0
428.6525172049773,-6.170484634147151,442.453627816338,976.0863719054995,0
429.1247365098891,-6.170484634147151,442.5995435815557,976.0863719054995,0
429.5835726646725,-6.170484634147151,442.74132395338376,976.0863719054995,0
429.5835726646725,-6.180444126764783,442.74132395338376,976.2301620801666,0
430.04230587214727,-6.180444126764783,442.88307251449345,976.2301620801666,0
430.5078336019948,-6.180444126764783,443.02692058301636,976.2301620801666,0
430.5078336019948,-6.190258257482203,443.02692058301636,976.3718535923994,0
430.96656680946955,-6.190258257482203,443.16866914412606,976.3718535923994,0
430.96656680946955,-6.200363112000048,443.16866914412606,976.5177424295007,0
431.4320945393171,-6.200363112000048,443.31251721264897,976.5177424295007,0
431.8909306941006,-6.21032260461768,443.45429758447705,976.6615326041677,0
432.35645842394814,-6.21032260461768,443.59814565299996,976.6615326041677,0
432.35645842394814,-6.2201367353351,443.59814565299996,976.8032241164005,0
432.82198615379576,-6.2201367353351,443.7419937215229,976.8032241164005,0
433.28082230857916,-6.2201367353351,443.88377409335095,976.8032241164005,0
433.28082230857916,-6.230241589852945,443.88377409335095,976.9491129535019,0
433.7463500384268,-6.230241589852945,444.02762216187386,976.9491129535019,0
434.2050832459015,-6.230241589852945,444.16937072298356,976.9491129535019,0
434.2050832459015,-6.240201082470577,444.16937072298356,977.0929031281689,0
434.67061097574907,-6.240201082470577,444.3132187915064,977.0929031281689,0
434.67061097574907,-6.250160575088209,444.3132187915064,977.236693302836,0
435.1293441832238,-6.250160575088209,444.4549673526161,977.236693302836,0
435.1293441832238,-6.260115662799775,444.4549673526161,977.3804198816717,0
435.5948719130714,-6.260115662799775,444.598815421139,977.3804198816717,0
436.0537080678548,-6.260115662799775,444.7405957929671,977.3804198816717,0
436.0537080678548,-6.270079560323474,444.7405957929671,977.5242736521702,0
436.51923579770244,-6.270079560323474,444.88444386149,977.5242736521702,0
436.97796900517716,-6.270079560323474,445.0261924225997,977.5242736521702,0
436.97796900517716,-6.280034648035039,445.0261924225997,977.6680002310059,0
437.4434967350247,-6.280034648035039,445.1700404911226,977.6680002310059,0
437.9023328898082,-6.289994140652671,445.3118208629507,977.8117904056729,0
438.3678606196557,-6.289994140652671,445.4556689314736,977.8117904056729,0
438.8333883495033,-6.299953633270303,445.5995169999965,977.95558058034,0
439.29212155697803,-6.299953633270303,445.7412655611062,977.95558058034,0
439.29212155697803,-6.299984467612773,445.7412655611062,977.9560257511595,0
439.29212155697803,-6.309943960230405,445.7412655611062,978.0998159258265,0
439.7508547644528,-6.309943960230405,445.8830141222159,978.0998159258265,0
440.2163824943004,-6.309943960230405,446.0268621907388,978.0998159258265,0
440.2163824943004,-6.319903452848037,446.0268621907388,978.2436061004936,0
440.681910224148,-6.319903452848037,446.1707102592617,978.2436061004936,0
441.1407463789314,-6.32986294546567,446.31249063108976,978.3873962751607,0
441.60627410877896,-6.32986294546567,446.4563386996127,978.3873962751607,0
442.0650073162537,-6.32986294546567,446.59808726072237,978.3873962751607,0
442.0650073162537,-6.339822438083302,446.59808726072237,978.5311864498277,0
442.5305350461013,-6.339822438083302,446.7419353292453,978.5311864498277,0
442.5305350461013,-6.349781930700934,446.7419353292453,978.6749766244948,0
442.9893712008847,-6.349781930700934,446.88371570107336,978.6749766244948,0
443.4548989307323,-6.349781930700934,447.02756376959627,978.6749766244948,0
443.9204266605799,-6.3597414233185665,447.1714118381192,978.8187667991618,0
444.37915986805467,-6.3597414233185665,447.3131603992289,978.8187667991618,0
444.83799602283807,-6.3597414233185665,447.45494077105695,978.8187667991618,0
444.83799602283807,-6.369700915936199,447.45494077105695,978.9625569738289,0
445.3035237526857,-6.369700915936199,447.59878883957987,978.9625569738289,0
445.7622569601604,-6.379660408553831,447.74053740068956,979.106347148496,0
446.227784690008,-6.379660408553831,447.8843854692124,979.106347148496,0
446.69331241985554,-6.389619901171463,448.02823353773533,979.250137323163,0
447.1520456273303,-6.389619901171463,448.169982098845,979.250137323163,0
447.6108817821137,-6.399579393789096,448.3117624706731,979.3939274978301,0
448.0764095119613,-6.399579393789096,448.455610539196,979.3939274978301,0
448.0764095119613,-6.409538886406728,448.455610539196,979.5377176724971,0
448.5419372418089,-6.409538886406728,448.59945860771893,979.5377176724971,0
449.00067044928363,-6.409538886406728,448.7412071688286,979.5377176724971,0
449.00067044928363,-6.41949837902436,448.7412071688286,979.6815078471642,0
449.4661981791312,-6.41949837902436,448.88505523735154,979.6815078471642,0
449.9250343339146,-6.41949837902436,449.0268356091796,979.6815078471642,0
449.9250343339146,-6.429457871641993,449.0268356091796,979.8252980218313,0
450.3905620637622,-6.429457871641993,449.1706836777025,979.8252980218313,0
450.84929527123694,-6.429457871641993,449.3124322388122,979.8252980218313,0
450.84929527123694,-6.439562726159838,449.3124322388122,979.9711868589327,0
451.31482300108456,-6.439562726159838,449.4562803073351,979.9711868589327,0
451.7803507309321,-6.439562726159838,449.600128375858,979.9711868589327,0
452.2391868857156,-6.439562726159838,449.74190874768607,979.9711868589327,0
452.2391868857156,-6.449376856877257,449.74190874768607,980.1128783711654,0
452.6979200931903,-6.449376856877257,449.88365730879576,980.1128783711654,0
453.1634478230379,-6.449376856877257,450.0275053773187,980.1128783711654,0
453.1634478230379,-6.459481711395102,450.0275053773187,980.2587672082668,0
453.62897555288544,-6.459481711395102,450.1713534458416,980.2587672082668,0
454.0877087603602,-6.459481711395102,450.3131020069513,980.2587672082668,0
454.5532364902078,-6.459481711395102,450.4569500754742,980.2587672082668,0
454.5532364902078,-6.469295842112522,450.4569500754742,980.4004587204995,0
455.01207264499124,-6.469295842112522,450.5987304473023,980.4004587204995,0
455.47080585246596,-6.469295842112522,450.74047900841197,980.4004587204995,0
455.47080585246596,-6.479255334730154,450.74047900841197,980.5442488951666,0
455.9363335823136,-6.479255334730154,450.8843270769349,980.5442488951666,0
456.40186131216115,-6.479255334730154,451.0281751454578,980.5442488951666,0
456.8606974669446,-6.489360189247999,451.16995551728587,980.690137732268,0
457.3262251967921,-6.489360189247999,451.3138035858087,980.690137732268,0
457.7849584042669,-6.489360189247999,451.4555521469184,980.690137732268,0
458.25048613411445,-6.489360189247999,451.59940021544134,980.690137732268,0
458.7093222888979,-6.499319681865631,451.7411805872694,980.8339279069351,0
459.1748500187455,-6.499319681865631,451.8850286557923,980.8339279069351,0
459.6335832262202,-6.499319681865631,452.026777216902,980.8339279069351,0
459.6335832262202,-6.509133812583051,452.026777216902,980.9756194191679,0
460.0991109560678,-6.509133812583051,452.17062528542493,980.9756194191679,0
460.55784416354254,-6.509133812583051,452.3123738465346,980.9756194191679,0
461.0233718933901,-6.519238667100896,452.45622191505754,981.1215082562692,0
461.48889962323767,-6.519238667100896,452.60006998358045,981.1215082562692,0
461.9477357780211,-6.519238667100896,452.74185035540853,981.1215082562692,0
462.4132635078687,-6.529198159718528,452.8856984239314,981.2652984309362,0
462.87199671534347,-6.529198159718528,453.0274469850411,981.2652984309362,0
463.33083287012687,-6.529198159718528,453.1692273568692,981.2652984309362,0
463.7963605999745,-6.529198159718528,453.31307542539207,981.2652984309362,0
463.7963605999745,-6.539012290435947,453.31307542539207,981.406989943169,0
464.26188832982206,-6.539012290435947,453.456923493915,981.406989943169,0
464.72062153729684,-6.539012290435947,453.5986720550247,981.406989943169,0
465.18614926714434,-6.539012290435947,453.7425201235476,981.406989943169,0
465.6449854219278,-6.549117144953793,453.88430049537567,981.5528787802704,0
466.11051315177536,-6.549117144953793,454.0281485638986,981.5528787802704,0
466.56924635925014,-6.549117144953793,454.1698971250083,981.5528787802704,0
467.0347740890977,-6.549117144953793,454.3137451935312,981.5528787802704,0
467.4935072965725,-6.549117144953793,454.4554937546409,981.5528787802704,0
467.4935072965725,-6.559076637571425,454.4554937546409,981.6966689549374,0
467.95903502642005,-6.559076637571425,454.5993418231638,981.6966689549374,0
468.4178711812035,-6.559076637571425,454.7411221949919,981.6966689549374,0
468.883398911051,-6.559076637571425,454.88497026351473,981.6966689549374,0
469.34892664089864,-6.559076637571425,455.02881833203764,981.6966689549374,0
469.34892664089864,-6.569036130189057,455.02881833203764,981.8404591296045,0
469.80765984837336,-6.569036130189057,455.17056689314734,981.8404591296045,0
470.2731875782209,-6.569036130189057,455.31441496167025,981.8404591296045,0
470.7320237330044,-6.569036130189057,455.45619533349833,981.8404591296045,0
471.19755146285195,-6.569036130189057,455.60004340202124,981.8404591296045,0
471.6562846703267,-6.569036130189057,455.74179196313094,981.8404591296045,0
472.1218124001743,-6.569036130189057,455.88564003165385,981.8404591296045,0
472.58064855495775,-6.569036130189057,456.0274204034819,981.8404591296045,0
472.58064855495775,-6.57899562280669,456.0274204034819,981.9842493042715,0
473.04617628480526,-6.57899562280669,456.17126847200484,981.9842493042715,0
473.50490949228004,-6.57899562280669,456.31301703311453,981.9842493042715,0
473.9704372221276,-6.57899562280669,456.4568651016374,981.9842493042715,0
474.42927337691106,-6.57899562280669,456.59864547346547,981.9842493042715,0
474.89469815944994,-6.57899562280669,456.74246173127,981.9842493042715,0
474.89469815944994,-6.588955115424322,456.74246173127,982.1280394789387,0
475.3535343142334,-6.588955115424322,456.8842421030981,982.1280394789387,0
475.81906204408097,-6.588955115424322,457.028090171621,982.1280394789387,0
476.2711036764916,-6.588955115424322,457.16777103603584,982.1280394789387,0
476.73663140633914,-6.588955115424322,457.31161910455876,982.1280394789387,0
476.73663140633914,-6.598914608041954,457.31161910455876,982.2718296536058,0
477.2021591361867,-6.598914608041954,457.4554671730817,982.2718296536058,0
477.66089234366143,-6.598914608041954,457.59721573419137,982.2718296536058,0
478.12642007350905,-6.598914608041954,457.7410638027143,982.2718296536058,0
478.58525622829245,-6.598914608041954,457.88284417454236,982.2718296536058,0
479.0507839581401,-6.598914608041954,458.02669224306527,982.2718296536058,0
479.5095171656148,-6.598914608041954,458.16844080417496,982.2718296536058,0
479.97504489546236,-6.598914608041954,458.3122888726979,982.2718296536058,0
479.97504489546236,-6.608874100659587,458.3122888726979,982.4156198282728,0
480.44057262531,-6.608874100659587,458.45613694122073,982.4156198282728,0
480.8993058327847,-6.608874100659587,458.5978855023304,982.4156198282728,0
481.35814198756816,-6.608874100659587,458.7396658741585,982.4156198282728,0
481.82366971741567,-6.608874100659587,458.8835139426814,982.4156198282728,0
482.2891974472633,-6.608874100659587,459.02736201120433,982.4156198282728,0
482.2891974472633,-6.618833593277219,459.02736201120433,982.5594100029399,0
482.747930654738,-6.618833593277219,459.169110572314,982.5594100029399,0
483.21345838458564,-6.618833593277219,459.31295864083694,982.5594100029399,0
483.67229453936903,-6.618833593277219,459.454739012665,982.5594100029399,0
484.1310277468438,-6.618833593277219,459.5964875737747,982.5594100029399,0
484.5965554766914,-6.618833593277219,459.7403356422976,982.5594100029399,0
485.06208320653894,-6.618833593277219,459.88418371082054,982.5594100029399,0
485.5276109363865,-6.618833593277219,460.0280317793434,982.5594100029399,0
485.5276109363865,-6.628793085894851,460.0280317793434,982.703200177607,0
485.98644709116996,-6.618833593277219,460.16981215117147,982.5594100029399,0
485.98644709116996,-6.628793085894851,460.16981215117147,982.703200177607,0
486.4451802986447,-6.628793085894851,460.31156071228116,982.703200177607,0
486.9107080284923,-6.628793085894851,460.4554087808041,982.703200177607,0
487.3695441832757,-6.628793085894851,460.59718915263215,982.703200177607,0
487.83507191312333,-6.628793085894851,460.74103722115507,982.703200177607,0
488.30059964297084,-6.628793085894851,460.884885289678,982.703200177607,0
488.7593328504456,-6.628793085894851,461.0266338507877,982.703200177607,0
489.21806605792034,-6.628793085894851,461.16838241189737,982.703200177607,0
489.21806605792034,-6.638748173606416,461.16838241189737,982.8469267564426,0
489.68359378776796,-6.638748173606416,461.3122304804203,982.8469267564426,0
490.1491215176155,-6.638748173606416,461.4560785489432,982.8469267564426,0
490.6079576723989,-6.638748173606416,461.5978589207713,982.8469267564426,0
491.07348540224655,-6.638748173606416,461.74170698929413,982.8469267564426,0
491.53221860972127,-6.638748173606416,461.8834555504039,982.8469267564426,0
491.9977463395689,-6.638748173606416,462.02730361892674,982.8469267564426,0
492.4565824943523,-6.638748173606416,462.1690839907548,982.8469267564426,0
492.4565824943523,-6.648707666224048,462.1690839907548,982.9907169311097,0
492.92211022419986,-6.648707666224048,462.3129320592777,982.9907169311097,0
493.3808434316746,-6.648707666224048,462.4546806203874,982.9907169311097,0
493.8463711615222,-6.648707666224048,462.59852868891033,982.9907169311097,0
494.3052073163056,-6.648707666224048,462.7403090607384,982.9907169311097,0
494.77063209884454,-6.648707666224048,462.88412531854294,982.9907169311097,0
495.2361598286921,-6.648707666224048,463.02797338706586,982.9907169311097,0
495.69499598347556,-6.648707666224048,463.16975375889393,982.9907169311097,0
496.1537291909503,-6.658667158841681,463.3115023200036,983.1345071057768,0
496.61925692079785,-6.658667158841681,463.45535038852654,983.1345071057768,0
497.07809307558125,-6.658667158841681,463.5971307603546,983.1345071057768,0
497.56379847793,-6.658667158841681,463.74721372968037,983.1345071057768,0
498.0226346327134,-6.658667158841681,463.88899410150844,983.1345071057768,0
498.488162362561,-6.658667158841681,464.0328421700313,983.1345071057768,0
498.94689557003574,-6.658667158841681,464.17459073114105,983.1345071057768,0
499.41242329988336,-6.658667158841681,464.3184387996639,983.1345071057768,0
499.87125945466676,-6.658667158841681,464.460219171492,983.1345071057768,0
500.3367871845144,-6.658667158841681,464.6040672400149,983.1345071057768,0
500.79552039198904,-6.668626651459313,464.7458158011246,983.2782972804439,0
501.26104812183667,-6.668626651459313,464.8896638696475,983.2782972804439,0
501.71988427662006,-6.668626651459313,465.0314442414756,983.2782972804439,0
502.1854120064677,-6.668626651459313,465.1752923099985,983.2782972804439,0
502.65093973631525,-6.668626651459313,465.3191403785214,983.2782972804439,0
503.10967294379003,-6.668626651459313,465.4608889396311,983.2782972804439,0
503.56850909857343,-6.668626651459313,465.6026693114592,983.2782972804439,0
503.56850909857343,-6.678586144076945,465.6026693114592,983.422087455111,0
504.03393388111226,-6.668626651459313,465.7464855692637,983.2782972804439,0
504.03393388111226,-6.678586144076945,465.7464855692637,983.422087455111,0
504.49946161095994,-6.668626651459313,465.89033363778657,983.2782972804439,0
504.49946161095994,-6.678586144076945,465.89033363778657,983.422087455111,0
504.9582977657433,-6.678586144076945,466.03211400961465,983.422087455111,0
505.42382549559096,-6.678586144076945,466.17596207813756,983.422087455111,0
505.8825587030656,-6.678586144076945,466.31771063924725,983.422087455111,0
506.3480864329133,-6.678586144076945,466.46155870777017,983.422087455111,0
506.80692258769665,-6.678586144076945,466.60333907959824,983.422087455111,0
507.2724503175442,-6.678586144076945,466.74718714812116,983.422087455111,0
507.73797804739183,-6.678586144076945,466.89103521664407,983.422087455111,0
508.19671125486656,-6.678586144076945,467.03278377775376,983.422087455111,0
508.19671125486656,-6.6885456366945775,467.03278377775376,983.565877629778,0
508.65554740965,-6.6885456366945775,467.17456414958184,983.565877629778,0
509.1210751394976,-6.6885456366945775,467.31841221810475,983.565877629778,0
509.57980834697236,-6.6885456366945775,467.46016077921445,983.565877629778,0
510.0453360768199,-6.6885456366945775,467.6040088477373,983.565877629778,0
510.51086380666754,-6.6885456366945775,467.7478569162602,983.565877629778,0
510.96959701414227,-6.6885456366945775,467.8896054773699,983.565877629778,0
511.4351247439898,-6.6885456366945775,468.0334535458928,983.565877629778,0
511.4351247439898,-6.69850512931221,468.0334535458928,983.7096678044451,0
511.8939608987733,-6.69850512931221,468.1752339177209,983.7096678044451,0
512.3594886286209,-6.69850512931221,468.3190819862438,983.7096678044451,0
512.8182218360956,-6.69850512931221,468.4608305473535,983.7096678044451,0
513.2837495659431,-6.69850512931221,468.6046786158764,983.7096678044451,0
513.7425857207267,-6.69850512931221,468.7464589877045,983.7096678044451,0
514.2081134505742,-6.69850512931221,468.8903070562274,983.7096678044451,0
514.6668466580489,-6.69850512931221,469.0320556173371,983.7096678044451,0
515.1323743878964,-6.69850512931221,469.17590368586,983.7096678044451,0
515.5912105426798,-6.69850512931221,469.3176840576881,983.7096678044451,0
515.5912105426798,-6.708464621929842,469.3176840576881,983.8534579791121,0
516.0567382725275,-6.708464621929842,469.46153212621095,983.8534579791121,0
516.5154714800022,-6.708464621929842,469.60328068732065,983.8534579791121,0
516.9809992098499,-6.708464621929842,469.74712875584356,983.8534579791121,0
517.4398353646333,-6.708464621929842,469.88890912767164,983.8534579791121,0
517.9053630944809,-6.708464621929842,470.03275719619455,983.8534579791121,0
518.3707878770198,-6.718424114547474,470.1765734539991,983.9972481537792,0
518.8296240318032,-6.718424114547474,470.31835382582716,983.9972481537792,0
519.288357239278,-6.718424114547474,470.46010238693685,983.9972481537792,0
519.7538849691255,-6.718424114547474,470.60395045545977,983.9972481537792,0
520.2194126989731,-6.718424114547474,470.7477985239827,983.9972481537792,0
520.6782488537565,-6.718424114547474,470.88957889581076,983.9972481537792,0
521.1437765836041,-6.718424114547474,471.0334269643336,983.9972481537792,0
521.6025097910788,-6.718424114547474,471.1751755254433,983.9972481537792,0
522.0680375209265,-6.718424114547474,471.3190235939662,983.9972481537792,0
522.5268736757098,-6.718424114547474,471.4608039657943,983.9972481537792,0
522.9924014055574,-6.718424114547474,471.6046520343172,983.9972481537792,0
523.4511346130322,-6.718424114547474,471.7464005954269,983.9972481537792,0
523.9166623428797,-6.718424114547474,471.8902486639498,983.9972481537792,0
523.9166623428797,-6.728383607165107,471.8902486639498,984.1410383284463,0
524.3753955503545,-6.728383607165107,472.0319972250595,984.1410383284463,0
524.840923280202,-6.728383607165107,472.1758452935824,984.1410383284463,0
525.3064510100497,-6.728383607165107,472.31969336210534,984.1410383284463,0
525.765287164833,-6.728383607165107,472.4614737339334,984.1410383284463,0
526.2308148946807,-6.728383607165107,472.6053218024563,984.1410383284463,0
526.6895481021554,-6.728383607165107,472.74707036356597,984.1410383284463,0
527.1550758320029,-6.728383607165107,472.8909184320889,984.1410383284463,0
527.6139119867864,-6.728383607165107,473.03269880391696,984.1410383284463,0
528.0794397166339,-6.728383607165107,473.17654687243987,984.1410383284463,0
528.5449674464816,-6.728383607165107,473.3203949409628,984.1410383284463,0
529.0037006539563,-6.728383607165107,473.4621435020725,984.1410383284463,0
529.0037006539563,-6.738343099782739,473.4621435020725,984.2848285031133,0
529.469228383804,-6.738343099782739,473.6059915705954,984.2848285031133,0
529.9280645385874,-6.738343099782739,473.74777194242347,984.2848285031133,0
530.3867977460621,-6.738343099782739,473.88952050353316,984.2848285031133,0
530.8523254759097,-6.738343099782739,474.0333685720561,984.2848285031133,0
531.3178532057572,-6.738343099782739,474.17721664057893,984.2848285031133,0
531.7766893605407,-6.738343099782739,474.31899701240707,984.2848285031133,0
531.7766893605407,-6.748302592400371,474.31899701240707,984.4286186777804,0
532.2422170903882,-6.748302592400371,474.4628450809299,984.4286186777804,0
532.7009502978631,-6.748302592400371,474.6045936420396,984.4286186777804,0
533.1664780277106,-6.738343099782739,474.74844171056253,984.2848285031133,0
533.1664780277106,-6.748302592400371,474.74844171056253,984.4286186777804,0
533.6252112351854,-6.748302592400371,474.8901902716722,984.4286186777804,0
534.0907389650329,-6.748302592400371,475.03403834019514,984.4286186777804,0
534.5495751198163,-6.748302592400371,475.1758187120232,984.4286186777804,0
535.0151028496639,-6.748302592400371,475.31966678054613,984.4286186777804,0
535.4738360571386,-6.748302592400371,475.4614153416558,984.4286186777804,0
535.9393637869863,-6.748302592400371,475.60526341017874,984.4286186777804,0
536.4048915168338,-6.748302592400371,475.74911147870165,984.4286186777804,0
536.8637276716173,-6.748302592400371,475.8908918505297,984.4286186777804,0
537.3292554014648,-6.748302592400371,476.0347399190526,984.4286186777804,0
537.3292554014648,-6.758407446918216,476.0347399190526,984.5745075148818,0
537.7879886089396,-6.758407446918216,476.1764884801623,984.5745075148818,0
538.2535163387871,-6.758407446918216,476.3203365486852,984.5745075148818,0
538.7122495462619,-6.758407446918216,476.4620851097949,984.5745075148818,0
539.1777772761095,-6.758407446918216,476.6059331783178,984.5745075148818,0
539.643305005957,-6.758407446918216,476.7497812468407,984.5745075148818,0
540.1021411607405,-6.758407446918216,476.8915616186688,984.5745075148818,0
540.5608743682152,-6.758407446918216,477.0333101797785,984.5745075148818,0
541.0264020980628,-6.758407446918216,477.1771582483014,984.5745075148818,0
541.4852382528462,-6.758407446918216,477.3189386201295,984.5745075148818,0
541.9507659826937,-6.768221577635635,477.4627866886524,984.7161990271145,0
542.4162937125415,-6.768221577635635,477.60663475717524,984.7161990271145,0
542.8750269200161,-6.768221577635635,477.74838331828494,984.7161990271145,0
543.3338630747996,-6.768221577635635,477.89016369011307,984.7161990271145,0
543.7993908046471,-6.768221577635635,478.0340117586359,984.7161990271145,0
544.2649185344948,-6.768221577635635,478.17785982715884,984.7161990271145,0
544.7236517419694,-6.768221577635635,478.31960838826853,984.7161990271145,0
545.189179471817,-6.768221577635635,478.46345645679145,984.7161990271145,0
545.189179471817,-6.778181070253267,478.46345645679145,984.8599892017816,0
545.6480156266005,-6.778181070253267,478.6052368286195,984.8599892017816,0
546.113543356448,-6.778181070253267,478.74908489714244,984.8599892017816,0
546.5722765639229,-6.778181070253267,478.89083345825213,984.8599892017816,0
547.0378042937704,-6.778181070253267,479.03468152677505,984.8599892017816,0
547.4965375012451,-6.778181070253267,479.17643008788474,984.8599892017816,0
547.9620652310927,-6.778181070253267,479.32027815640765,984.8599892017816,0
548.4209013858762,-6.778181070253267,479.46205852823573,984.8599892017816,0
548.8864291157237,-6.788285924771113,479.6059065967586,985.005878038883,0
549.3451623231986,-6.788285924771113,479.7476551578683,985.005878038883,0
549.8106900530461,-6.788285924771113,479.8915032263912,985.005878038883,0
550.2762177828936,-6.788285924771113,480.0353512949141,985.005878038883,0
550.7350539376771,-6.788285924771113,480.1771316667422,985.005878038883,0
551.1937871451518,-6.788285924771113,480.3188802278519,985.005878038883,0
551.6593148749994,-6.788285924771113,480.4627282963748,985.005878038883,0
552.124842604847,-6.788285924771113,480.6065763648977,985.005878038883,0
552.5835758123218,-6.788285924771113,480.7483249260074,985.005878038883,0
552.5835758123218,-6.798245417388745,480.7483249260074,985.1496682135501,0
553.0491035421693,-6.798245417388745,480.8921729945303,985.1496682135501,0
553.5079396969527,-6.798245417388745,481.0339533663584,985.1496682135501,0
553.9734674268003,-6.798245417388745,481.17780143488125,985.1496682135501,0
554.432200634275,-6.798245417388745,481.31954999599094,985.1496682135501,0
554.8977283641226,-6.798245417388745,481.46339806451385,985.1496682135501,0
555.356564518906,-6.798245417388745,481.60517843634193,985.1496682135501,0
555.8220922487536,-6.798245417388745,481.74902650486484,985.1496682135501,0
556.2808254562284,-6.798245417388745,481.89077506597454,985.1496682135501,0
556.2808254562284,-6.808204910006378,481.89077506597454,985.2934583882171,0
556.746353186076,-6.808204910006378,482.03462313449745,985.2934583882171,0
557.2118809159235,-6.808204910006378,482.17847120302037,985.2934583882171,0
557.6707170707069,-6.808204910006378,482.32025157484844,985.2934583882171,0
558.1294502781817,-6.808204910006378,482.46200013595814,985.2934583882171,0
558.5949780080292,-6.808204910006378,482.60584820448105,985.2934583882171,0
559.0538141628127,-6.808204910006378,482.7476285763091,985.2934583882171,0
559.5193418926602,-6.808204910006378,482.891476644832,985.2934583882171,0
559.984869622508,-6.808204910006378,483.0353247133549,985.2934583882171,0
560.4436028299826,-6.808204910006378,483.1770732744646,985.2934583882171,0
560.9091305598301,-6.808204910006378,483.3209213429875,985.2934583882171,0
560.9091305598301,-6.81816440262401,483.3209213429875,985.4372485628842,0
561.3678637673049,-6.81816440262401,483.4626699040972,985.4372485628842,0
561.8333914971525,-6.81816440262401,483.6065179726201,985.4372485628842,0
562.292227651936,-6.81816440262401,483.7482983444482,985.4372485628842,0
562.7577553817836,-6.81816440262401,483.8921464129711,985.4372485628842,0
563.2164885892583,-6.81816440262401,484.0338949740808,985.4372485628842,0
563.6820163191059,-6.81816440262401,484.1777430426037,985.4372485628842,0
564.1408524738894,-6.81816440262401,484.3195234144318,985.4372485628842,0
564.6063802037369,-6.81816440262401,484.4633714829547,985.4372485628842,0
564.6063802037369,-6.828123895241642,484.4633714829547,985.5810387375512,0
565.0719079335844,-6.828123895241642,484.60721955147756,985.5810387375512,0
565.5306411410593,-6.828123895241642,484.74896811258725,985.5810387375512,0
565.9893743485339,-6.828123895241642,484.89071667369694,985.5810387375512,0
566.4549020783816,-6.828123895241642,485.03456474221986,985.5810387375512,0
566.9204298082291,-6.828123895241642,485.17841281074277,985.5810387375512,0
567.3792659630126,-6.828123895241642,485.32019318257085,985.5810387375512,0
567.8447936928601,-6.828123895241642,485.46404125109376,985.5810387375512,0
568.3035269003349,-6.828123895241642,485.60578981220345,985.5810387375512,0
568.7690546301825,-6.828123895241642,485.74963788072637,985.5810387375512,0
568.7690546301825,-6.838083387859275,485.74963788072637,985.7248289122183,0
569.2278907849658,-6.838083387859275,485.89141825255444,985.7248289122183,0
569.6934185148135,-6.838083387859275,486.03526632107736,985.7248289122183,0
570.1521517222882,-6.838083387859275,486.17701488218705,985.7248289122183,0
570.6311655495728,-6.838083387859275,486.32503015481797,985.7248289122183,0
571.0966932794204,-6.838083387859275,486.4688782233409,985.7248289122183,0
571.5555294342038,-6.838083387859275,486.61065859516896,985.7248289122183,0
571.5555294342038,-6.848042880476907,486.61065859516896,985.8686190868854,0
572.0210571640514,-6.848042880476907,486.75450666369187,985.8686190868854,0
572.4865848938989,-6.848042880476907,486.8983547322147,985.8686190868854,0
572.9453181013737,-6.848042880476907,487.0401032933244,985.8686190868854,0
573.4041542561571,-6.848042880476907,487.1818836651525,985.8686190868854,0
573.8696819860047,-6.848042880476907,487.3257317336754,985.8686190868854,0
574.3352097158523,-6.848042880476907,487.4695798021983,985.8686190868854,0
574.793942923327,-6.848042880476907,487.611328363308,985.8686190868854,0
575.2594706531746,-6.848042880476907,487.75517643183093,985.8686190868854,0
575.718306807958,-6.848042880476907,487.896956803659,985.8686190868854,0
576.1838345378056,-6.848042880476907,488.0408048721819,985.8686190868854,0
576.6425677452803,-6.848042880476907,488.1825534332916,985.8686190868854,0
577.1080954751279,-6.858002373094539,488.32640150181453,986.0124092615524,0
577.5668286826027,-6.858002373094539,488.4681500629242,986.0124092615524,0
578.0323564124502,-6.858002373094539,488.6119981314471,986.0124092615524,0
578.4911925672337,-6.858002373094539,488.75377850327516,986.0124092615524,0
578.9567202970812,-6.858002373094539,488.89762657179807,986.0124092615524,0
579.4222480269289,-6.858002373094539,489.041474640321,986.0124092615524,0
579.8809812344035,-6.858002373094539,489.1832232014307,986.0124092615524,0
580.3465089642513,-6.858002373094539,489.3270712699536,986.0124092615524,0
580.8053451190345,-6.858002373094539,489.46885164178167,986.0124092615524,0
581.2640783265094,-6.858002373094539,489.61060020289136,986.0124092615524,0
581.2640783265094,-6.8679618657121715,489.61060020289136,986.1561994362195,0
581.7296060563569,-6.858002373094539,489.7544482714143,986.0124092615524,0
581.7296060563569,-6.8679618657121715,489.7544482714143,986.1561994362195,0
582.1951337862045,-6.8679618657121715,489.8982963399372,986.1561994362195,0
582.6538669936792,-6.8679618657121715,490.0400449010469,986.1561994362195,0
583.1193947235269,-6.8679618657121715,490.18389296956974,986.1561994362195,0
583.5782308783103,-6.8679618657121715,490.3256733413979,986.1561994362195,0
584.0437586081579,-6.8679618657121715,490.46952140992073,986.1561994362195,0
584.5024918156327,-6.8679618657121715,490.6112699710304,986.1561994362195,0
584.9680195454802,-6.8679618657121715,490.75511803955334,986.1561994362195,0
585.4335472753277,-6.877921358329803,490.89896610807625,986.2999896108865,0
585.8923834301112,-6.877921358329803,491.0407464799043,986.2999896108865,0
586.3511166375858,-6.877921358329803,491.182495041014,986.2999896108865,0
586.8166443674336,-6.877921358329803,491.32634310953694,986.2999896108865,0
587.2821720972811,-6.877921358329803,491.47019117805985,986.2999896108865,0
587.7410082520645,-6.877921358329803,491.6119715498879,986.2999896108865,0
588.2065359819121,-6.877921358329803,491.7558196184108,986.2999896108865,0
588.6652691893869,-6.877921358329803,491.89756817952053,986.2999896108865,0
589.1241053441703,-6.877921358329803,492.0393485513486,986.2999896108865,0
589.1241053441703,-6.887880850947435,492.0393485513486,986.4437797855536,0
589.5896330740178,-6.887880850947435,492.18319661987147,986.4437797855536,0
590.0551608038654,-6.887880850947435,492.3270446883944,986.4437797855536,0
590.5206885337129,-6.887880850947435,492.4708927569173,986.4437797855536,0
590.9794217411878,-6.887880850947435,492.612641318027,986.4437797855536,0
591.4449494710353,-6.887880850947435,492.7564893865499,986.4437797855536,0
591.9036826785101,-6.887880850947435,492.8982379476596,986.4437797855536,0
592.3692104083576,-6.887880850947435,493.0420860161825,986.4437797855536,0
592.8280465631411,-6.887880850947435,493.1838663880106,986.4437797855536,0
593.2935742929886,-6.887880850947435,493.3277144565335,986.4437797855536,0
593.7523075004634,-6.887880850947435,493.4694630176432,986.4437797855536,0
593.7523075004634,-6.8978403435650675,493.4694630176432,986.5875699602207,0
594.2111436552468,-6.8978403435650675,493.61124338947127,986.5875699602207,0
594.6766713850944,-6.8978403435650675,493.7550914579941,986.5875699602207,0
595.1421991149421,-6.8978403435650675,493.89893952651704,986.5875699602207,0
595.6009323224167,-6.8978403435650675,494.04068808762673,986.5875699602207,0
596.0664600522643,-6.8978403435650675,494.18453615614965,986.5875699602207,0
596.531987782112,-6.8978403435650675,494.32838422467256,986.5875699602207,0
596.9907209895866,-6.8978403435650675,494.47013278578225,986.5875699602207,0
597.4495571443701,-6.8978403435650675,494.61191315761033,986.5875699602207,0
597.4495571443701,-6.9077998361827,494.61191315761033,986.7313601348877,0
597.9150848742177,-6.9077998361827,494.75576122613325,986.7313601348877,0
598.3738180816924,-6.9077998361827,494.89750978724294,986.7313601348877,0
598.8393458115399,-6.9077998361827,495.04135785576585,986.7313601348877,0
599.2981819663235,-6.9077998361827,495.18313822759393,986.7313601348877,0
599.763709696171,-6.9077998361827,495.3269862961168,986.7313601348877,0
599.763709696171,-6.917759328800332,495.3269862961168,986.8751503095548,0
600.2292374260186,-6.9077998361827,495.4708343646397,986.7313601348877,0
600.6879706334934,-6.917759328800332,495.6125829257494,986.8751503095548,0
601.1534983633409,-6.9077998361827,495.7564309942723,986.7313601348877,0
601.1534983633409,-6.917759328800332,495.7564309942723,986.8751503095548,0
601.6190260931885,-6.917759328800332,495.9002790627952,986.8751503095548,0
602.0778622479719,-6.917759328800332,496.0420594346233,986.8751503095548,0
602.5365954554467,-6.917759328800332,496.183807995733,986.8751503095548,0
603.0021231852942,-6.917759328800332,496.3276560642559,986.8751503095548,0
603.4609593400777,-6.917759328800332,496.469436436084,986.8751503095548,0
603.9264870699252,-6.917759328800332,496.6132845046069,986.8751503095548,0
604.3852202774001,-6.927718821417964,496.7550330657166,987.0189404842218,0
604.8507480072476,-6.927718821417964,496.8988811342395,987.0189404842218,0
605.3094812147223,-6.927718821417964,497.0406296953492,987.0189404842218,0
605.7750089445699,-6.927718821417964,497.18447776387205,987.0189404842218,0
606.2405366744175,-6.927718821417964,497.32832583239497,987.0189404842218,0
606.6993728292009,-6.927718821417964,497.47010620422304,987.0189404842218,0
607.1649005590485,-6.927718821417964,497.61395427274596,987.0189404842218,0
607.6236337665233,-6.927718821417964,497.75570283385565,987.0189404842218,0
608.0891614963708,-6.927718821417964,497.89955090237856,987.0189404842218,0
608.5479976511542,-6.927718821417964,498.04133127420664,987.0189404842218,0
608.5479976511542,-6.937678314035597,498.04133127420664,987.1627306588889,0
609.0135253810018,-6.937678314035597,498.18517934272955,987.1627306588889,0
609.4722585884765,-6.937678314035597,498.32692790383925,987.1627306588889,0
609.9377863183241,-6.937678314035597,498.47077597236216,987.1627306588889,0
610.3965195257989,-6.937678314035597,498.61252453347186,987.1627306588889,0
610.8620472556465,-6.937678314035597,498.7563726019947,987.1627306588889,0
611.327574985494,-6.937678314035597,498.9002206705176,987.1627306588889,0
611.7864111402776,-6.937678314035597,499.0420010423457,987.1627306588889,0
611.7864111402776,-6.947637806653229,499.0420010423457,987.306520833556,0
612.2519388701251,-6.947637806653229,499.1858491108686,987.306520833556,0
612.7106720775997,-6.947637806653229,499.3275976719783,987.306520833556,0
613.1695082323832,-6.947637806653229,499.4693780438064,987.306520833556,0
613.6350359622307,-6.947637806653229,499.6132261123293,987.306520833556,0
614.1005636920785,-6.947637806653229,499.7570741808522,987.306520833556,0
614.5592968995531,-6.947637806653229,499.8988227419619,987.306520833556,0
615.0248246294008,-6.947637806653229,500.0426708104848,987.306520833556,0
615.0248246294008,-6.957597299270861,500.0426708104848,987.4503110082231,0
615.4836607841842,-6.957597299270861,500.1844511823129,987.4503110082231,0
615.9491885140317,-6.957597299270861,500.32829925083576,987.4503110082231,0
616.4079217215065,-6.957597299270861,500.4700478119455,987.4503110082231,0
616.8734494513541,-6.957597299270861,500.61389588046836,987.4503110082231,0
617.3322856061375,-6.957597299270861,500.75567625229644,987.4503110082231,0
617.7978133359851,-6.957597299270861,500.89952432081935,987.4503110082231,0
618.2565465434599,-6.957597299270861,501.04127288192905,987.4503110082231,0
618.2565465434599,-6.9675567918884935,501.04127288192905,987.5941011828902,0
618.7220742733074,-6.9675567918884935,501.18512095045196,987.5941011828902,0
619.187602003155,-6.9675567918884935,501.3289690189749,987.5941011828902,0
619.6463352106297,-6.9675567918884935,501.47071758008457,987.5941011828902,0
620.1051713654132,-6.9675567918884935,501.61249795191264,987.5941011828902,0
620.5706990952607,-6.9675567918884935,501.75634602043556,987.5941011828902,0
620.5706990952607,-6.977516284506126,501.75634602043556,987.7378913575573,0
621.0294323027355,-6.977516284506126,501.89809458154525,987.7378913575573,0
621.4949600325831,-6.977516284506126,502.04194265006817,987.7378913575573,0
621.9604877624306,-6.977516284506126,502.185790718591,987.7378913575573,0
622.4193239172141,-6.977516284506126,502.3275710904191,987.7378913575573,0
622.8848516470616,-6.977516284506126,502.471419158942,987.7378913575573,0
622.8848516470616,-6.9877665009241845,502.471419158942,987.885878857093,0
623.3435848545364,-6.977516284506126,502.6131677200517,987.7378913575573,0
623.809112584384,-6.9877665009241845,502.7570157885746,987.885878857093,0
624.2678457918587,-6.9877665009241845,502.8987643496843,987.885878857093,0
624.7333735217063,-6.9877665009241845,503.0426124182072,987.885878857093,0
625.1922096764897,-6.9877665009241845,503.1843927900353,987.885878857093,0
625.6577374063373,-6.9877665009241845,503.3282408585582,987.885878857093,0
626.116470613812,-6.9877665009241845,503.4699894196679,987.885878857093,0
626.5819983436597,-6.9877665009241845,503.6138374881908,987.885878857093,0
627.0475260735072,-6.9877665009241845,503.7576855567137,987.885878857093,0
627.5063622282906,-6.9877665009241845,503.89946592854176,987.885878857093,0
627.9650954357654,-6.997725993541817,504.0412144896515,988.02966903176,0
628.4306231656129,-6.997725993541817,504.18506255817437,988.02966903176,0
628.8961508954606,-6.997725993541817,504.3289106266973,988.02966903176,0
629.354987050244,-6.997725993541817,504.47069099852536,988.02966903176,0
629.8205147800916,-6.997725993541817,504.61453906704827,988.02966903176,0
630.2792479875664,-7.007681081253382,504.75628762815796,988.1733956105958,0
630.7380841423497,-7.007681081253382,504.89806799998604,988.1733956105958,0
631.2036118721973,-7.007681081253382,505.04191606850895,988.1733956105958,0
631.6691396020449,-7.007681081253382,505.18576413703187,988.1733956105958,0
632.1346673318925,-7.007681081253382,505.3296122055547,988.1733956105958,0
632.5934005393672,-7.007681081253382,505.4713607666644,988.1733956105958,0
633.052133746842,-7.007681081253382,505.61310932777417,988.1733956105958,0
633.052133746842,-7.017644978777081,505.61310932777417,988.3172493810941,0
633.5176614766896,-7.017644978777081,505.756957396297,988.3172493810941,0
633.976497631473,-7.017644978777081,505.8987377681251,988.3172493810941,0
634.4420253613206,-7.017644978777081,506.042585836648,988.3172493810941,0
634.9075530911681,-7.017644978777081,506.18643390517093,988.3172493810941,0
634.9075530911681,-7.02774542838886,506.18643390517093,988.4630746223642,0
635.3662862986429,-7.02774542838886,506.3281824662806,988.4630746223642,0
635.8251224534263,-7.02774542838886,506.4699628381087,988.4630746223642,0
636.2906501832739,-7.02774542838886,506.6138109066316,988.4630746223642,0
636.7561779131214,-7.02774542838886,506.7576589751545,988.4630746223642,0
637.2149111205963,-7.02774542838886,506.8994075362642,988.4630746223642,0
637.6804388504438,-7.02774542838886,507.04325560478713,988.4630746223642,0
637.6804388504438,-7.0375595591062785,507.04325560478713,988.604766134597,0
638.1391720579186,-7.0375595591062785,507.1850041658968,988.604766134597,0
638.6046997877661,-7.0375595591062785,507.3288522344197,988.604766134597,0
639.0635359425496,-7.0375595591062785,507.47063260624776,988.604766134597,0
639.5290636723971,-7.0375595591062785,507.6144806747707,988.604766134597,0
639.9877968798719,-7.0375595591062785,507.75622923588037,988.604766134597,0
639.9877968798719,-7.047519051723911,507.75622923588037,988.748556309264,0
640.4533246097195,-7.047519051723911,507.9000773044033,988.748556309264,0
640.9121607645029,-7.047519051723911,508.04185767623136,988.748556309264,0
641.3776884943505,-7.047519051723911,508.1857057447543,988.748556309264,0
641.8364217018252,-7.047519051723911,508.32745430586397,988.748556309264,0
641.8364217018252,-7.057623906241757,508.32745430586397,988.8944451463653,0
642.3019494316728,-7.057623906241757,508.4713023743869,988.8944451463653,0
642.7607855864562,-7.057623906241757,508.61308274621496,988.8944451463653,0
643.2397994137408,-7.057623906241757,508.76109801884587,988.8944451463653,0
643.6985326212156,-7.057623906241757,508.90284657995556,988.8944451463653,0
644.1640603510631,-7.057623906241757,509.0466946484785,988.8944451463653,0
644.6295880809106,-7.067438036959175,509.1905427170014,989.0361366585981,0
645.0884242356941,-7.067438036959175,509.33232308882947,989.0361366585981,0
645.5539519655416,-7.067438036959175,509.4761711573524,989.0361366585981,0
646.0126851730165,-7.067438036959175,509.6179197184621,989.0361366585981,0
646.0126851730165,-7.07754289147702,509.6179197184621,989.1820254956995,0
646.4715213277998,-7.07754289147702,509.75970009029015,989.1820254956995,0
646.9370490576475,-7.07754289147702,509.903548158813,989.1820254956995,0
647.402576787495,-7.07754289147702,510.0473962273359,989.1820254956995,0
647.8613099949698,-7.07754289147702,510.1891447884456,989.1820254956995,0
647.8613099949698,-7.087502384094653,510.1891447884456,989.3258156703665,0
648.3268377248173,-7.087502384094653,510.33299285696853,989.3258156703665,0
648.7855709322922,-7.087502384094653,510.4747414180782,989.3258156703665,0
649.2510986621397,-7.087502384094653,510.61858948660114,989.3258156703665,0
649.7099348169231,-7.087502384094653,510.7603698584292,989.3258156703665,0
649.7099348169231,-7.097316514812072,510.7603698584292,989.4675071825993,0
650.1754625467707,-7.097316514812072,510.90421792695213,989.4675071825993,0
650.6341957542454,-7.097316514812072,511.0459664880618,989.4675071825993,0
651.099723484093,-7.097316514812072,511.18981455658474,989.4675071825993,0
651.5585596388764,-7.107421369329917,511.3315949284128,989.6133960197008,0
652.024087368724,-7.107421369329917,511.4754429969357,989.6133960197008,0
652.4896150985716,-7.107421369329917,511.6192910654586,989.6133960197008,0
652.9483483060463,-7.107421369329917,511.7610396265683,989.6133960197008,0
652.9483483060463,-7.11738086194755,511.7610396265683,989.7571861943678,0
653.4070815135211,-7.11738086194755,511.90278818767797,989.7571861943678,0
653.8726092433686,-7.11738086194755,512.0466362562009,989.7571861943678,0
654.3381369732163,-7.11738086194755,512.1904843247238,989.7571861943678,0
654.3381369732163,-7.127194992664969,512.1904843247238,989.8988777066005,0
654.7969731279996,-7.127194992664969,512.3322646965519,989.8988777066005,0
655.2625008578473,-7.127194992664969,512.4761127650747,989.8988777066005,0
655.721234065322,-7.127194992664969,512.6178613261844,989.8988777066005,0
656.1800702201054,-7.127194992664969,512.7596416980125,989.8988777066005,0
656.6455979499531,-7.127194992664969,512.9034897665355,989.8988777066005,0
656.6455979499531,-7.137299847182814,512.9034897665355,990.0447665437019,0
657.1111256798006,-7.137299847182814,513.0473378350583,990.0447665437019,0
657.5766534096482,-7.137299847182814,513.1911859035813,990.0447665437019,0
658.0353866171229,-7.137299847182814,513.332934464691,990.0447665437019,0
658.0353866171229,-7.1472593398004465,513.332934464691,990.188556718369,0
658.4942227719064,-7.1472593398004465,513.4747148365191,990.188556718369,0
658.9596475544453,-7.1472593398004465,513.6185310943235,990.188556718369,0
659.4184837092288,-7.1472593398004465,513.7603114661516,990.188556718369,0
659.4184837092288,-7.157218832418079,513.7603114661516,990.3323468930361,0
659.8840114390763,-7.157218832418079,513.9041595346746,990.3323468930361,0
660.3495391689238,-7.157218832418079,514.0480076031974,990.3323468930361,0
660.8083753237073,-7.167178325035711,514.1897879750255,990.4761370677031,0
661.267108531182,-7.167178325035711,514.3315365361352,990.4761370677031,0
661.7326362610296,-7.167178325035711,514.4753846046581,990.4761370677031,0
662.1981639908772,-7.167178325035711,514.619232673181,990.4761370677031,0
662.1981639908772,-7.177137817653343,514.619232673181,990.6199272423702,0
662.656897198352,-7.177137817653343,514.7609812342907,990.6199272423702,0
663.1224249281995,-7.177137817653343,514.9048293028136,990.6199272423702,0
663.1224249281995,-7.187097310270976,514.9048293028136,990.7637174170372,0
663.581261082983,-7.187097310270976,515.0466096746417,990.7637174170372,0
664.0467888128305,-7.187097310270976,515.1904577431646,990.7637174170372,0
664.5055220203052,-7.187097310270976,515.3322063042743,990.7637174170372,0
664.5055220203052,-7.197056802888608,515.3322063042743,990.9075075917043,0
664.9710497501528,-7.197056802888608,515.4760543727972,990.9075075917043,0
665.4298859049362,-7.197056802888608,515.6178347446253,990.9075075917043,0
665.8954136347838,-7.20701629550624,515.7616828131482,991.0512977663714,0
666.3541468422586,-7.20701629550624,515.9034313742579,991.0512977663714,0
666.8196745721062,-7.20701629550624,516.0472794427808,991.0512977663714,0
666.8196745721062,-7.2169757881238725,516.0472794427808,991.1950879410384,0
667.2784077795809,-7.2169757881238725,516.1890280038905,991.1950879410384,0
667.7439355094285,-7.2169757881238725,516.3328760724133,991.1950879410384,0
668.2094632392761,-7.2169757881238725,516.4767241409363,991.1950879410384,0
668.2094632392761,-7.226935280741505,516.4767241409363,991.3388781157055,0
668.6682993940594,-7.226935280741505,516.6185045127644,991.3388781157055,0
669.127135548843,-7.226935280741505,516.7602848845925,991.3388781157055,0
669.5925603313818,-7.226935280741505,516.9041011423969,991.3388781157055,0
669.5925603313818,-7.236894773359137,516.9041011423969,991.4826682903725,0
670.0580880612295,-7.236894773359137,517.0479492109199,991.4826682903725,0
670.5169242160129,-7.236894773359137,517.189729582748,991.4826682903725,0
670.5169242160129,-7.246854265976769,517.189729582748,991.6264584650396,0
670.9824519458605,-7.246854265976769,517.3335776512708,991.6264584650396,0
671.4411851533351,-7.246854265976769,517.4753262123805,991.6264584650396,0
671.9067128831828,-7.246854265976769,517.6191742809034,991.6264584650396,0
671.9067128831828,-7.256813758594402,517.6191742809034,991.7702486397067,0
672.3655490379662,-7.256813758594402,517.7609546527315,991.7702486397067,0
672.8310767678138,-7.256813758594402,517.9048027212544,991.7702486397067,0
672.8310767678138,-7.266773251212034,517.9048027212544,991.9140388143737,0
673.2898099752886,-7.266773251212034,518.0465512823641,991.9140388143737,0
673.7553377051361,-7.266773251212034,518.190399350887,991.9140388143737,0
674.2141738599196,-7.276732743829666,518.3321797227151,992.0578289890408,0
674.6797015897671,-7.276732743829666,518.476027791238,992.0578289890408,0
675.1452293196147,-7.276732743829666,518.6198758597609,992.0578289890408,0
675.1452293196147,-7.286692236447299,518.6198758597609,992.2016191637078,0
675.6039625270894,-7.286692236447299,518.7616244208706,992.2016191637078,0
676.0626957345643,-7.286692236447299,518.9033729819803,992.2016191637078,0
676.0626957345643,-7.296651729064931,518.9033729819803,992.3454093383749,0
676.5282234644118,-7.296651729064931,519.0472210505033,992.3454093383749,0
676.9870596191952,-7.296651729064931,519.1890014223313,992.3454093383749,0
676.9870596191952,-7.306611221682563,519.1890014223313,992.489199513042,0
677.4525873490428,-7.306611221682563,519.3328494908542,992.489199513042,0
677.9181150788903,-7.306611221682563,519.476697559377,992.489199513042,0
678.3768482863651,-7.3165707143001955,519.6184461204867,992.6329896877091,0
678.8423760162127,-7.3165707143001955,519.7622941890097,992.6329896877091,0
679.3012121709961,-7.326530206917828,519.9040745608378,992.7767798623762,0
679.7667399008437,-7.326530206917828,520.0479226293606,992.7767798623762,0
680.2254731083184,-7.326530206917828,520.1896711904703,992.7767798623762,0
680.2254731083184,-7.33648969953546,520.1896711904703,992.9205700370433,0
680.691000838166,-7.33648969953546,520.3335192589933,992.9205700370433,0
681.1497340456407,-7.33648969953546,520.475267820103,992.9205700370433,0
681.1497340456407,-7.346594554053305,520.475267820103,993.0664588741446,0
681.6152617754884,-7.346594554053305,520.6191158886259,993.0664588741446,0
682.0740979302717,-7.346594554053305,520.7608962604539,993.0664588741446,0
682.0740979302717,-7.356554046670937,520.7608962604539,993.2102490488116,0
682.5396256601194,-7.356554046670937,520.9047443289769,993.2102490488116,0
683.005153389967,-7.356554046670937,521.0485923974998,993.2102490488116,0
683.005153389967,-7.366368177388356,521.0485923974998,993.3519405610444,0
683.4639895447505,-7.366368177388356,521.1903727693278,993.3519405610444,0
683.9294143272892,-7.366368177388356,521.3341890271323,993.3519405610444,0
683.9294143272892,-7.376473031906202,521.3341890271323,993.4978293981458,0
684.3882504820726,-7.376473031906202,521.4759693989604,993.4978293981458,0
684.8537782119203,-7.376473031906202,521.6198174674834,993.4978293981458,0
684.8537782119203,-7.386432524523834,521.6198174674834,993.6416195728128,0
685.3125114193949,-7.386432524523834,521.761566028593,993.6416195728128,0
685.7780391492427,-7.386432524523834,521.9054140971159,993.6416195728128,0
685.7780391492427,-7.3963920171414665,521.9054140971159,993.7854097474799,0
686.2435668790902,-7.3963920171414665,522.0492621656389,993.7854097474799,0
686.6956085115008,-7.406351509759099,522.1889430300537,993.9291999221471,0
687.1679307637212,-7.406351509759099,522.3348906059898,993.9291999221471,0
687.6266639711959,-7.406351509759099,522.4766391670995,993.9291999221471,0
687.6266639711959,-7.416311002376731,522.4766391670995,994.0729900968141,0
688.0855001259794,-7.416311002376731,522.6184195389276,994.0729900968141,0
688.5510278558269,-7.426270494994363,522.7622676074504,994.2167802714812,0
689.0165555856745,-7.426270494994363,522.9061156759734,994.2167802714812,0
689.4752887931493,-7.436229987611996,523.0478642370831,994.3605704461482,0
689.9408165229969,-7.436229987611996,523.191712305606,994.3605704461482,0
690.3995497304716,-7.446189480229628,523.3334608667157,994.5043606208153,0
690.8650774603191,-7.446189480229628,523.4773089352386,994.5043606208153,0
690.8650774603191,-7.45614897284726,523.4773089352386,994.6481507954824,0
691.3239136151026,-7.45614897284726,523.6190893070667,994.6481507954824,0
691.7894413449501,-7.45614897284726,523.7629373755896,994.6481507954824,0
691.7894413449501,-7.466108465464893,523.7629373755896,994.7919409701494,0
692.248174552425,-7.466108465464893,523.9046859366993,994.7919409701494,0
692.7137022822725,-7.466108465464893,524.0485340052222,994.7919409701494,0
692.7137022822725,-7.476067958082524,524.0485340052222,994.9357311448165,0
693.172538437056,-7.476067958082524,524.1903143770503,994.9357311448165,0
693.6380661669035,-7.476067958082524,524.3341624455732,994.9357311448165,0
693.6380661669035,-7.486027450700156,524.3341624455732,995.0795213194835,0
694.1035938967511,-7.486027450700156,524.478010514096,995.0795213194835,0
694.5623271042258,-7.495986943317789,524.6197590752057,995.2233114941506,0
695.0210603117006,-7.495986943317789,524.7615076363154,995.2233114941506,0
695.0210603117006,-7.505946435935421,524.7615076363154,995.3671016688177,0
695.4865880415482,-7.505946435935421,524.9053557048384,995.3671016688177,0
695.9521157713957,-7.505946435935421,525.0492037733612,995.3671016688177,0
695.9521157713957,-7.515905928553053,525.0492037733612,995.5108918434847,0
696.4109519261792,-7.515905928553053,525.1909841451893,995.5108918434847,0
696.8764796560267,-7.5258654211706855,525.3348322137123,995.6546820181518,0
697.3353158108102,-7.5258654211706855,525.4766125855404,995.6546820181518,0
697.7940490182849,-7.535824913788318,525.61836114665,995.7984721928188,0
698.2595767481325,-7.535824913788318,525.7622092151729,995.7984721928188,0
698.2595767481325,-7.54578440640595,525.7622092151729,995.9422623674859,0
698.72510447798,-7.54578440640595,525.9060572836959,995.9422623674859,0
699.1838376854548,-7.54578440640595,526.0478058448056,995.9422623674859,0
699.1838376854548,-7.555743899023582,526.0478058448056,996.086052542153,0
699.6493654153024,-7.555743899023582,526.1916539133284,996.086052542153,0
700.1082015700858,-7.565703391641215,526.3334342851565,996.22984271682,0
700.5737292999335,-7.565703391641215,526.4772823536794,996.22984271682,0
700.5737292999335,-7.575662884258847,526.4772823536794,996.3736328914871,0
701.0324625074081,-7.575662884258847,526.619030914789,996.3736328914871,0
701.4979902372557,-7.575662884258847,526.762878983312,996.3736328914871,0
701.4979902372557,-7.585763333870625,526.762878983312,996.5194581327572,0
701.9635179671034,-7.585763333870625,526.9067270518349,996.5194581327572,0
702.4223541218868,-7.5955818694941115,527.048507423663,996.6612132408212,0
702.8878818517344,-7.5955818694941115,527.1923554921859,996.6612132408212,0
702.8878818517344,-7.605541362111744,527.1923554921859,996.8050034154883,0
703.3466150592091,-7.605541362111744,527.3341040532956,996.8050034154883,0
703.8121427890567,-7.615641811723522,527.4779521218185,996.9508286567584,0
704.2708759965313,-7.615641811723522,527.6197006829282,996.9508286567584,0
704.2708759965313,-7.625460347347008,527.6197006829282,997.0925837648225,0
704.736403726379,-7.625460347347008,527.763548751451,997.0925837648225,0
705.1952398811624,-7.635419839964641,527.9053291232791,997.2363739394896,0
705.66076761101,-7.635419839964641,528.0491771918021,997.2363739394896,0
705.66076761101,-7.645520289576419,528.0491771918021,997.3821991807596,0
706.1195008184848,-7.645520289576419,528.1909257529118,997.3821991807596,0
706.5850285483323,-7.645520289576419,528.3347738214346,997.3821991807596,0
706.5850285483323,-7.6554797821940515,528.3347738214346,997.5259893554266,0
707.0505562781799,-7.6554797821940515,528.4786218899576,997.5259893554266,0
707.0505562781799,-7.665298317817538,528.4786218899576,997.6677444634907,0
707.5093924329633,-7.665298317817538,528.6204022617857,997.6677444634907,0
707.9681256404381,-7.665298317817538,528.7621508228954,997.6677444634907,0
707.9681256404381,-7.675398767429316,528.7621508228954,997.8135697047608,0
708.4336533702856,-7.675398767429316,528.9059988914182,997.8135697047608,0
708.8923865777605,-7.685358260046948,529.0477474525279,997.9573598794278,0
709.357914307608,-7.685358260046948,529.1915955210509,997.9573598794278,0
709.357914307608,-7.695317752664581,529.1915955210509,998.1011500540949,0
709.8234420374555,-7.695317752664581,529.3354435895737,998.1011500540949,0
710.282278192239,-7.705277245282213,529.4772239614018,998.244940228762,0
710.7478059220865,-7.705277245282213,529.6210720299247,998.244940228762,0
711.20664207687,-7.715236737899844,529.7628524017528,998.388730403429,0
711.6721698067175,-7.715236737899844,529.9067004702757,998.388730403429,0
711.6721698067175,-7.725196230517477,529.9067004702757,998.5325205780961,0
712.1309030141923,-7.725196230517477,530.0484490313854,998.5325205780961,0
712.1309030141923,-7.735155723135109,530.0484490313854,998.6763107527631,0
712.133579644218,-7.735142508416908,530.0492761100634,998.6761199652691,0
712.5923128516928,-7.735142508416908,530.1910246711731,998.6761199652691,0
713.0578405815403,-7.735142508416908,530.3348727396959,998.6761199652691,0
713.0578405815403,-7.745102001034541,530.3348727396959,998.8199101399362,0
713.5233683113878,-7.745102001034541,530.4787208082188,998.8199101399362,0
713.5233683113878,-7.755061493652173,530.4787208082188,998.9637003146032,0
713.9822044661713,-7.755061493652173,530.6205011800469,998.9637003146032,0
714.440937673646,-7.765020986269805,530.7622497411566,999.1074904892703,0
714.9064654034937,-7.765020986269805,530.9060978096795,999.1074904892703,0
714.9064654034937,-7.7749804788874375,530.9060978096795,999.2512806639375,0
715.365301558277,-7.7749804788874375,531.0478781815076,999.2512806639375,0
715.8510069606258,-7.78493997150507,531.1979611508333,999.3950708386045,0
716.3098431154092,-7.78493997150507,531.3397415226614,999.3950708386045,0
716.3098431154092,-7.794899464122702,531.3397415226614,999.5388610132716,0
716.768576322884,-7.794899464122702,531.4814900837711,999.5388610132716,0
717.2341040527316,-7.804858956740334,531.625338152294,999.6826511879386,0
717.6996317825791,-7.804858956740334,531.7691862208169,999.6826511879386,0
717.6996317825791,-7.814818449357966,531.7691862208169,999.8264413626057,0
718.1584679373626,-7.814818449357966,531.910966592645,999.8264413626057,0
718.6239956672101,-7.824777941975598,532.0548146611679,999.9702315372728,0
719.0827288746848,-7.824777941975598,532.1965632222776,999.9702315372728,0
719.0827288746848,-7.83473743459323,532.1965632222776,1000.1140217119398,0
719.5482566045325,-7.83473743459323,532.3404112908005,1000.1140217119398,0
719.5482566045325,-7.844696927210863,532.3404112908005,1000.2578118866069,0
720.0070927593158,-7.844696927210863,532.4821916626286,1000.2578118866069,0
720.4725175418548,-7.844696927210863,532.6260079204332,1000.2578118866069,0
720.4725175418548,-7.854656419828495,532.6260079204332,1000.4016020612739,0
720.9380452717023,-7.854656419828495,532.769855988956,1000.4016020612739,0
720.9380452717023,-7.864615912446127,532.769855988956,1000.545392235941,0
721.3968814264858,-7.864615912446127,532.9116363607841,1000.545392235941,0
721.8556146339605,-7.8745754050637595,533.0533849218938,1000.689182410608,0
722.3211423638081,-7.8745754050637595,533.1972329904166,1000.689182410608,0
722.3211423638081,-7.8846802595816055,533.1972329904166,1000.8350712477095,0
722.7866700936557,-7.8846802595816055,533.3410810589396,1000.8350712477095,0
723.2455062484391,-7.894494390299024,533.4828614307677,1000.9767627599422,0
723.7110339782868,-7.894494390299024,533.6267094992905,1000.9767627599422,0
723.7110339782868,-7.90459924481687,533.6267094992905,1001.1226515970436,0
724.1697671857614,-7.90459924481687,533.7684580604002,1001.1226515970436,0
724.1697671857614,-7.914558737434502,533.7684580604002,1001.2664417717107,0
724.635294915609,-7.914558737434502,533.9123061289232,1001.2664417717107,0
725.0940281230837,-7.924518230052134,534.0540546900329,1001.4102319463777,0
725.5595558529315,-7.924518230052134,534.1979027585558,1001.4102319463777,0
726.0184949550235,-7.934477722669766,534.3397149411022,1001.5540221210448,0
726.484022684871,-7.934477722669766,534.4835630096251,1001.5540221210448,0
726.484022684871,-7.944437215287398,534.4835630096251,1001.6978122957119,0
726.9427558923458,-7.944437215287398,534.6253115707348,1001.6978122957119,0
726.9427558923458,-7.954396707905031,534.6253115707348,1001.8416024703789,0
727.4082836221934,-7.954396707905031,534.7691596392577,1001.8416024703789,0
727.873811352041,-7.964356200522663,534.9130077077806,1001.985392645046,0
728.3325445595157,-7.974315693140295,535.0547562688903,1002.129182819713,0
728.7912777669904,-7.974315693140295,535.19650483,1002.129182819713,0
728.7912777669904,-7.9842751857579275,535.19650483,1002.2729729943801,0
729.2568054968381,-7.9842751857579275,535.340352898523,1002.2729729943801,0
729.7155387043128,-7.99423467837556,535.4821014596326,1002.4167631690472,0
730.1810664341604,-7.99423467837556,535.6259495281555,1002.4167631690472,0
730.1810664341604,-8.004194170993193,535.6259495281555,1002.5605533437142,0
730.6465941640079,-8.004194170993193,535.7697975966785,1002.5605533437142,0
730.6465941640079,-8.014153663610825,535.7697975966785,1002.7043435183813,0
731.1055332661001,-8.014153663610825,535.9116097792249,1002.7043435183813,0
731.5710609959476,-8.014153663610825,536.0554578477478,1002.7043435183813,0
731.5710609959476,-8.024113156228458,536.0554578477478,1002.8481336930483,0
732.0297942034224,-8.024113156228458,536.1972064088575,1002.8481336930483,0
732.0297942034224,-8.03407264884609,536.1972064088575,1002.9919238677154,0
732.4953219332699,-8.03407264884609,536.3410544773803,1002.9919238677154,0
732.9540551407447,-8.03407264884609,536.48280303849,1002.9919238677154,0
732.9540551407447,-8.044032141463722,536.48280303849,1003.1357140423825,0
733.4195828705923,-8.044032141463722,536.626651107013,1003.1357140423825,0
733.4195828705923,-8.053991634081354,536.626651107013,1003.2795042170495,0
733.8783160780671,-8.053991634081354,536.7683996681227,1003.2795042170495,0
733.8783160780671,-8.063951126698985,536.7683996681227,1003.4232943917166,0
734.3438438079146,-8.063951126698985,536.9122477366456,1003.4232943917166,0
734.8025770153893,-8.063951126698985,537.0539962977552,1003.4232943917166,0
735.268104745237,-8.07390621441055,537.1978443662782,1003.5670209705523,0
735.7336324750845,-8.083865707028183,537.3416924348011,1003.7108111452194,0
736.1925715771766,-8.093825199645815,537.4835046173475,1003.8546013198865,0
736.6513047846513,-8.093825199645815,537.6252531784572,1003.8546013198865,0
736.6513047846513,-8.103784692263448,537.6252531784572,1003.9983914945535,0
737.116832514499,-8.103784692263448,537.7691012469802,1003.9983914945535,0
737.5755657219737,-8.11374418488108,537.9108498080899,1004.1421816692206,0
738.0410934518212,-8.11374418488108,538.0546978766127,1004.1421816692206,0
738.5066211816688,-8.123703677498712,538.1985459451356,1004.2859718438876,0
738.9653543891436,-8.133808532016557,538.3402945062453,1004.4318606809891,0
739.4242934912357,-8.133808532016557,538.4821066887918,1004.4318606809891,0
739.4242934912357,-8.14376802463419,538.4821066887918,1004.5756508556561,0
739.8898212210833,-8.14376802463419,538.6259547573147,1004.5756508556561,0
740.3553489509309,-8.153582155351609,538.7698028258376,1004.7173423678889,0
740.8140821584057,-8.163687009869454,538.9115513869473,1004.8632312049903,0
741.2796098882533,-8.163687009869454,539.0553994554703,1004.8632312049903,0
741.2796098882533,-8.173646502487086,539.0553994554703,1005.0070213796573,0
741.7383430957279,-8.173646502487086,539.19714801658,1005.0070213796573,0
742.2038708255754,-8.183460633204506,539.3409960851028,1005.1487128918901,0
742.6626040330503,-8.183460633204506,539.4827446462125,1005.1487128918901,0
742.6626040330503,-8.193565487722351,539.4827446462125,1005.2946017289914,0
743.1281317628979,-8.193565487722351,539.6265927147354,1005.2946017289914,0
743.1281317628979,-8.203956661134557,539.6265927147354,1005.4446242951302,0
743.5936594927455,-8.203956661134557,539.7704407832583,1005.4446242951302,0
744.0523927002201,-8.203956661134557,539.912189344368,1005.4446242951302,0
744.0523927002201,-8.213775196758043,539.912189344368,1005.5863794031943,0
744.5113318023123,-8.213775196758043,540.0540015269145,1005.5863794031943,0
744.5113318023123,-8.223734689375675,540.0540015269145,1005.7301695778614,0
744.9768595321599,-8.223734689375675,540.1978495954373,1005.7301695778614,0
744.9768595321599,-8.233835138987452,540.1978495954373,1005.8759948191314,0
745.4423872620074,-8.233835138987452,540.3416976639603,1005.8759948191314,0
745.9011204694822,-8.233835138987452,540.48344622507,1005.8759948191314,0
745.9011204694822,-8.24365367461094,540.48344622507,1006.0177499271955,0
746.3666481993297,-8.24365367461094,540.6272942935929,1006.0177499271955,0
746.3666481993297,-8.253754124222716,540.6272942935929,1006.1635751684655,0
746.8253814068046,-8.253754124222716,540.7690428547025,1006.1635751684655,0
747.2909091366521,-8.263713616840349,540.9128909232255,1006.3073653431326,0
747.7496423441269,-8.263713616840349,541.0546394843352,1006.3073653431326,0
747.7496423441269,-8.273532152463835,541.0546394843352,1006.4491204511967,0
748.2151700739744,-8.273532152463835,541.1984875528581,1006.4491204511967,0
748.680697803822,-8.283632602075613,541.3423356213809,1006.5949456924667,0
749.1394310112968,-8.293592094693246,541.4840841824906,1006.7387358671338,0
749.5983701133888,-8.293592094693246,541.6258963650371,1006.7387358671338,0
749.5983701133888,-8.303551587310878,541.6258963650371,1006.8825260418008,0
750.0638978432364,-8.303551587310878,541.76974443356,1006.8825260418008,0
750.0638978432364,-8.31351107992851,541.76974443356,1007.0263162164679,0
750.5226310507112,-8.31351107992851,541.9114929946697,1007.0263162164679,0
750.9881587805588,-8.323470572546142,542.0553410631926,1007.1701063911349,0
751.4536865104063,-8.323470572546142,542.1991891317156,1007.1701063911349,0
751.4536865104063,-8.333430065163775,542.1991891317156,1007.313896565802,0
751.9124197178811,-8.333430065163775,542.3409376928253,1007.313896565802,0
751.9124197178811,-8.343389557781407,542.3409376928253,1007.4576867404691,0
752.3779474477287,-8.343389557781407,542.4847857613481,1007.4576867404691,0
752.3779474477287,-8.35334905039904,542.4847857613481,1007.6014769151361,0
752.8366806552035,-8.35334905039904,542.6265343224578,1007.6014769151361,0
753.302208385051,-8.363308543016672,542.7703823909808,1007.7452670898032,0
753.761147487143,-8.363308543016672,542.9121945735272,1007.7452670898032,0
753.761147487143,-8.373268035634304,542.9121945735272,1007.8890572644704,0
754.2266752169908,-8.373268035634304,543.0560426420501,1007.8890572644704,0
754.6922029468383,-8.383227528251936,543.199890710573,1008.0328474391374,0
755.1441416319402,-8.383227528251936,543.3395397642695,1008.0328474391374,0
755.1441416319402,-8.393187020869568,543.3395397642695,1008.1766376138045,0
755.6164638841606,-8.393187020869568,543.4854873402056,1008.1766376138045,0
756.0751970916353,-8.4031465134872,543.6272359013153,1008.3204277884715,0
756.540724821483,-8.4031465134872,543.7710839698382,1008.3204277884715,0
756.540724821483,-8.413106006104833,543.7710839698382,1008.4642179631386,0
756.9994580289576,-8.413106006104833,543.9128325309479,1008.4642179631386,0
756.9994580289576,-8.423065498722465,543.9128325309479,1008.6080081378057,0
757.4649857588053,-8.423065498722465,544.0566805994708,1008.6080081378057,0
757.9237189662799,-8.433024991340098,544.1984291605805,1008.7517983124727,0
758.3826580683722,-8.433024991340098,544.340241343127,1008.7517983124727,0
758.3826580683722,-8.44298448395773,544.340241343127,1008.8955884871398,0
758.8481857982197,-8.44298448395773,544.4840894116498,1008.8955884871398,0
758.8481857982197,-8.452943976575362,544.4840894116498,1009.0393786618068,0
759.3137135280673,-8.452943976575362,544.6279374801727,1009.0393786618068,0
759.7792412579148,-8.452943976575362,544.7717855486957,1009.0393786618068,0
759.7792412579148,-8.462903469192995,544.7717855486957,1009.1831688364739,0
760.2379744653897,-8.462903469192995,544.9135341098054,1009.1831688364739,0
760.2379744653897,-8.472862961810627,544.9135341098054,1009.326959011141,0
760.6967076728644,-8.472862961810627,545.0552826709151,1009.326959011141,0
761.1622354027119,-8.482967816328472,545.1991307394379,1009.4728478482424,0
761.6209686101867,-8.482967816328472,545.3408793005476,1009.4728478482424,0
761.6209686101867,-8.492927308946104,545.3408793005476,1009.6166380229095,0
762.0864963400343,-8.492927308946104,545.4847273690706,1009.6166380229095,0
762.0864963400343,-8.502741439663524,545.4847273690706,1009.7583295351421,0
762.545229547509,-8.502741439663524,545.6264759301803,1009.7583295351421,0
763.0107572773566,-8.512846294181369,545.7703239987031,1009.9042183722436,0
763.4696963794487,-8.522805786799001,545.9121361812496,1010.0480085469106,0
763.9352241092963,-8.522805786799001,546.0559842497726,1010.0480085469106,0
763.9352241092963,-8.53261991751642,546.0559842497726,1010.1897000591433,0
764.4007518391438,-8.53261991751642,546.1998323182954,1010.1897000591433,0
764.4007518391438,-8.542724772034266,546.1998323182954,1010.3355888962448,0
764.8594850466186,-8.542724772034266,546.3415808794051,1010.3355888962448,0
764.8594850466186,-8.552684264651898,546.3415808794051,1010.4793790709118,0
765.3250127764661,-8.552684264651898,546.485428947928,1010.4793790709118,0
765.7837459839409,-8.562498395369317,546.6271775090377,1010.6210705831445,0
766.2492737137885,-8.562498395369317,546.7710255775606,1010.6210705831445,0
766.2492737137885,-8.572603249887162,546.7710255775606,1010.7669594202459,0
766.7080069212633,-8.572603249887162,546.9127741386703,1010.7669594202459,0
767.1735346511108,-8.582562742504795,547.0566222071932,1010.910749594913,0
767.6390623809583,-8.592522235122427,547.2004702757162,1011.0545397695801,0
768.0980014830506,-8.60248172774006,547.3422824582626,1011.1983299442471,0
768.5567346905252,-8.60248172774006,547.4840310193723,1011.1983299442471,0
769.0222624203728,-8.612441220357692,547.6278790878952,1011.3421201189142,0
769.4809956278475,-8.612441220357692,547.7696276490049,1011.3421201189142,0
769.4809956278475,-8.622400712975324,547.7696276490049,1011.4859102935812,0
769.9465233576952,-8.622400712975324,547.9134757175278,1011.4859102935812,0
769.9465233576952,-8.632360205592956,547.9134757175278,1011.6297004682483,0
770.4120510875427,-8.632360205592956,548.0573237860507,1011.6297004682483,0
770.8707842950175,-8.642319698210589,548.1990723471604,1011.7734906429154,0
771.3295175024922,-8.65227919082822,548.3408209082701,1011.9172808175824,0
771.7950452323399,-8.662238683445853,548.4846689767929,1012.0610709922495,0
772.2605729621874,-8.662238683445853,548.6285170453159,1012.0610709922495,0
772.2605729621874,-8.672198176063485,548.6285170453159,1012.2048611669165,0
772.7195120642795,-8.672198176063485,548.7703292278624,1012.2048611669165,0
773.1850397941271,-8.672198176063485,548.9141772963852,1012.2048611669165,0
773.1850397941271,-8.682157668681118,548.9141772963852,1012.3486513415837,0
773.6437730016019,-8.682157668681118,549.0559258574949,1012.3486513415837,0
773.6437730016019,-8.69211716129875,549.0559258574949,1012.4924415162508,0
774.1093007314495,-8.69211716129875,549.1997739260179,1012.4924415162508,0
774.1093007314495,-8.702076653916382,549.1997739260179,1012.6362316909178,0
774.5680339389241,-8.702076653916382,549.3415224871276,1012.6362316909178,0
774.5680339389241,-8.712181508434227,549.3415224871276,1012.7821205280192,0
775.0335616687718,-8.712181508434227,549.4853705556504,1012.7821205280192,0
775.4990893986194,-8.712181508434227,549.6292186241733,1012.7821205280192,0
775.4990893986194,-8.721995639151647,549.6292186241733,1012.923812040252,0
775.957822606094,-8.721995639151647,549.770967185283,1012.923812040252,0
775.957822606094,-8.73195513176928,549.770967185283,1013.067602214919,0
776.4167617081862,-8.73195513176928,549.9127793678296,1013.067602214919,0
776.4167617081862,-8.742059986287124,549.9127793678296,1013.2134910520203,0
776.8820835434163,-8.742059986287124,550.0565638149156,1013.2134910520203,0
777.3478171678813,-8.751874117004544,550.2004755048753,1013.3551825642531,0
777.8065503753561,-8.751874117004544,550.342224065985,1013.3551825642531,0
777.8065503753561,-8.761833609622176,550.342224065985,1013.4989727389202,0
778.2720781052037,-8.761833609622176,550.4860721345079,1013.4989727389202,0
778.2720781052037,-8.771938464140021,550.4860721345079,1013.6448615760215,0
778.7308113126784,-8.771938464140021,550.6278206956176,1013.6448615760215,0
779.1895445201532,-8.781897956757653,550.7695692567273,1013.7886517506887,0
779.6550722500008,-8.781897956757653,550.9134173252502,1013.7886517506887,0
779.6550722500008,-8.791712087475073,550.9134173252502,1013.9303432629214,0
780.1205999798483,-8.791712087475073,551.0572653937732,1013.9303432629214,0
780.1205999798483,-8.801816941992918,551.0572653937732,1014.0762321000228,0
780.5793331873231,-8.801816941992918,551.1990139548828,1014.0762321000228,0
781.0448609171706,-8.801816941992918,551.3428620234057,1014.0762321000228,0
781.0448609171706,-8.81177643461055,551.3428620234057,1014.2200222746899,0
781.5038000192628,-8.81177643461055,551.4846742059522,1014.2200222746899,0
781.5038000192628,-8.82159056532797,551.4846742059522,1014.3617137869226,0
781.9693277491103,-8.82159056532797,551.628522274475,1014.3617137869226,0
781.9693277491103,-8.831691014939748,551.628522274475,1014.5075390281926,0
782.4280609565851,-8.831691014939748,551.7702708355847,1014.5075390281926,0
782.4280609565851,-8.84165050755738,551.7702708355847,1014.6513292028598,0
782.8935886864326,-8.84165050755738,551.9141189041077,1014.6513292028598,0
783.3523218939075,-8.84165050755738,552.0558674652174,1014.6513292028598,0
783.3523218939075,-8.851469043180867,552.0558674652174,1014.7930843109237,0
783.817849623755,-8.851469043180867,552.1997155337402,1014.7930843109237,0
784.2765828312297,-8.861569492792643,552.3414640948499,1014.9389095521939,0
784.2765828312297,-8.871528985410276,552.3414640948499,1015.0826997268609,0
784.7421105610773,-8.871528985410276,552.4853121633729,1015.0826997268609,0
785.2076382909249,-8.871528985410276,552.6291602318958,1015.0826997268609,0
785.2076382909249,-8.881347521033764,552.6291602318958,1015.2244548349249,0
785.6663714983997,-8.881347521033764,552.7709087930054,1015.2244548349249,0
785.6663714983997,-8.89144797064554,552.7709087930054,1015.3702800761951,0
786.1318992282472,-8.89144797064554,552.9147568615284,1015.3702800761951,0
786.1318992282472,-8.901407463263173,552.9147568615284,1015.5140702508621,0
786.5908383303394,-8.901407463263173,553.0565690440749,1015.5140702508621,0
787.049571537814,-8.901407463263173,553.1983176051846,1015.5140702508621,0
787.049571537814,-8.911366955880805,553.1983176051846,1015.6578604255292,0
787.5150992676616,-8.911366955880805,553.3421656737074,1015.6578604255292,0
787.5150992676616,-8.921326448498437,553.3421656737074,1015.8016506001962,0
787.9806269975093,-8.921326448498437,553.4860137422303,1015.8016506001962,0
787.9806269975093,-8.93128594111607,553.4860137422303,1015.9454407748633,0
788.4529492497296,-8.93128594111607,553.6319613181664,1015.9454407748633,0
788.9184769795772,-8.93128594111607,553.7758093866894,1015.9454407748633,0
788.9184769795772,-8.941245433733702,553.7758093866894,1016.0892309495304,0
789.377210187052,-8.941245433733702,553.9175579477991,1016.0892309495304,0
789.377210187052,-8.951204926351334,553.9175579477991,1016.2330211241974,0
789.8427379168995,-8.951204926351334,554.0614060163219,1016.2330211241974,0
789.8427379168995,-8.961164418968966,554.0614060163219,1016.3768112988645,0
790.3014711243743,-8.961164418968966,554.2031545774316,1016.3768112988645,0
790.7669988542218,-8.971123911586599,554.3470026459545,1016.5206014735315,0
791.2257320616967,-8.971123911586599,554.4887512070642,1016.5206014735315,0
791.2257320616967,-8.981083404204231,554.4887512070642,1016.6643916481986,0
791.6912597915442,-8.981083404204231,554.6325992755872,1016.6643916481986,0
791.6912597915442,-8.991042896821863,554.6325992755872,1016.8081818228657,0
792.149992999019,-8.991042896821863,554.7743478366968,1016.8081818228657,0
792.149992999019,-9.001147751339708,554.7743478366968,1016.9540706599671,0
792.6155207288665,-9.001147751339708,554.9181959052197,1016.9540706599671,0
793.0810484587141,-9.010961882057128,555.0620439737427,1017.0957621721998,0
793.5399875608063,-9.02092137467476,555.2038561562891,1017.2395523468668,0
793.9987207682809,-9.02092137467476,555.3456047173988,1017.2395523468668,0
793.9987207682809,-9.031026229192605,555.3456047173988,1017.3854411839683,0
794.4642484981285,-9.031026229192605,555.4894527859217,1017.3854411839683,0
794.4642484981285,-9.040840359910025,555.4894527859217,1017.527132696201,0
794.9229817056033,-9.040840359910025,555.6312013470314,1017.527132696201,0
794.9229817056033,-9.050799852527657,555.6312013470314,1017.6709228708681,0
795.3885094354509,-9.050799852527657,555.7750494155543,1017.6709228708681,0
795.3885094354509,-9.060904707045502,555.7750494155543,1017.8168117079695,0
795.8540371652985,-9.060904707045502,555.9188974840772,1017.8168117079695,0
796.3127703727732,-9.070718837762922,556.0606460451869,1017.9585032202023,0
796.7717094748654,-9.070718837762922,556.2024582277334,1017.9585032202023,0
796.7717094748654,-9.080823692280767,556.2024582277334,1018.1043920573036,0
797.237237204713,-9.080823692280767,556.3463062962562,1018.1043920573036,0
797.237237204713,-9.090783184898399,556.3463062962562,1018.2481822319706,0
797.7027649345605,-9.090783184898399,556.4901543647792,1018.2481822319706,0
798.1614981420352,-9.100742677516031,556.6319029258889,1018.3919724066377,0
798.6270258718828,-9.11055680823345,556.7757509944117,1018.5336639188705,0
799.0857590793576,-9.120661662751296,556.9174995555214,1018.6795527559718,0
799.5512868092052,-9.120661662751296,557.0613476240444,1018.6795527559718,0
799.5512868092052,-9.130621155368928,557.0613476240444,1018.8233429306389,0
800.0100200166798,-9.130621155368928,557.2030961851541,1018.8233429306389,0
800.0100200166798,-9.14058064798656,557.2030961851541,1018.967133105306,0
800.4755477465275,-9.14058064798656,557.346944253677,1018.967133105306,0
800.4755477465275,-9.150540140604193,557.346944253677,1019.1109232799731,0
800.9410754763751,-9.150540140604193,557.4907923221998,1019.1109232799731,0
800.9410754763751,-9.160499633221825,557.4907923221998,1019.2547134546402,0
801.3998086838498,-9.160499633221825,557.6325408833095,1019.2547134546402,0
801.8587477859419,-9.170459125839457,557.774353065856,1019.3985036293072,0
802.3242755157894,-9.18041861845709,557.9182011343789,1019.5422938039743,0
802.7898032456371,-9.18041861845709,558.0620492029018,1019.5422938039743,0
802.7898032456371,-9.190378111074722,558.0620492029018,1019.6860839786414,0
803.2485364531118,-9.190378111074722,558.2037977640115,1019.6860839786414,0
803.2485364531118,-9.200337603692354,558.2037977640115,1019.8298741533084,0
803.7140641829594,-9.200337603692354,558.3476458325345,1019.8298741533084,0
803.7140641829594,-9.210297096309986,558.3476458325345,1019.9736643279755,0
804.1727973904341,-9.210297096309986,558.4893943936441,1019.9736643279755,0
804.1727973904341,-9.220256588927619,558.4893943936441,1020.1174545026425,0
804.631530597909,-9.220256588927619,558.6311429547538,1020.1174545026425,0
804.631530597909,-9.230216081545251,558.6311429547538,1020.2612446773096,0
805.0970583277565,-9.230216081545251,558.7749910232767,1020.2612446773096,0
805.562586057604,-9.230216081545251,558.9188390917997,1020.2612446773096,0
805.562586057604,-9.240175574162883,558.9188390917997,1020.4050348519767,0
806.0215251596961,-9.250135066780516,559.0606512743461,1020.5488250266437,0
806.4868469949264,-9.250135066780516,559.2044357214322,1020.5488250266437,0
806.4868469949264,-9.260094559398148,559.2044357214322,1020.6926152013108,0
806.9457860970185,-9.260094559398148,559.3462479039787,1020.6926152013108,0
806.9457860970185,-9.27005405201578,559.3462479039787,1020.8364053759778,0
807.411313826866,-9.27005405201578,559.4900959725015,1020.8364053759778,0
807.411313826866,-9.280013544633412,559.4900959725015,1020.9801955506449,0
807.8700470343408,-9.280013544633412,559.6318445336112,1020.9801955506449,0
808.3355747641884,-9.289973037251045,559.7756926021342,1021.123985725312,0
808.801102494036,-9.299932529868677,559.919540670657,1021.267775899979,0
809.2598357015107,-9.30989202248631,560.0612892317668,1021.4115660746461,0
809.7185689089854,-9.30989202248631,560.2030377928764,1021.4115660746461,0
809.7185689089854,-9.319851515103942,560.2030377928764,1021.5553562493131,0
810.184096638833,-9.319851515103942,560.3468858613994,1021.5553562493131,0
810.184096638833,-9.329811007721574,560.3468858613994,1021.6991464239802,0
810.6496243686806,-9.329811007721574,560.4907339299223,1021.6991464239802,0
810.6496243686806,-9.339770500339206,560.4907339299223,1021.8429365986473,0
811.1085634707728,-9.339770500339206,560.6325461124687,1021.8429365986473,0
811.5740912006203,-9.349875354857051,560.7763941809916,1021.9888254357487,0
812.032824408095,-9.349875354857051,560.9181427421014,1021.9888254357487,0
812.032824408095,-9.35968948557447,560.9181427421014,1022.1305169479815,0
812.4915576155698,-9.369794340092316,561.0598913032111,1022.2764057850828,0
812.9570853454173,-9.369794340092316,561.203739371734,1022.2764057850828,0
812.9570853454173,-9.379753832709948,561.203739371734,1022.4201959597499,0
813.422613075265,-9.379753832709948,561.3475874402568,1022.4201959597499,0
813.422613075265,-9.38971332532758,561.3475874402568,1022.563986134417,0
813.8813462827396,-9.38971332532758,561.4893360013665,1022.563986134417,0
813.8813462827396,-9.399672817945213,561.4893360013665,1022.707776309084,0
814.3468740125874,-9.399672817945213,561.6331840698895,1022.707776309084,0
814.3468740125874,-9.409632310562845,561.6331840698895,1022.8515664837511,0
814.805607220062,-9.409632310562845,561.7749326309992,1022.8515664837511,0
815.2711349499097,-9.419732760174623,561.918780699522,1022.9973917250212,0
815.7300740520017,-9.429837614692469,562.0605928820685,1023.1432805621225,0
816.1956017818494,-9.4397971073101,562.2044409505914,1023.2870707367896,0
816.6543349893241,-9.449756599927733,562.3461895117011,1023.4308609114566,0
817.1198627191716,-9.449756599927733,562.490037580224,1023.4308609114566,0
817.1198627191716,-9.459716092545365,562.490037580224,1023.5746510861237,0
817.5785959266464,-9.459716092545365,562.6317861413337,1023.5746510861237,0
817.5785959266464,-9.469675585162998,562.6317861413337,1023.7184412607908,0
818.044123656494,-9.469675585162998,562.7756342098565,1023.7184412607908,0
818.044123656494,-9.47963507778063,562.7756342098565,1023.8622314354578,0
818.5096513863416,-9.47963507778063,562.9194822783795,1023.8622314354578,0
818.5096513863416,-9.489594570398262,562.9194822783795,1024.006021610125,0
818.9683845938163,-9.489594570398262,563.0612308394892,1024.006021610125,0
818.9683845938163,-9.499554063015895,563.0612308394892,1024.149811784792,0
819.4273236959084,-9.499554063015895,563.2030430220357,1024.149811784792,0
819.4273236959084,-9.509513555633527,563.2030430220357,1024.293601959459,0
819.8926455311386,-9.509513555633527,563.3468274691218,1024.293601959459,0
819.8926455311386,-9.51947304825116,563.3468274691218,1024.4373921341262,0
820.3583791556035,-9.51947304825116,563.4907391590815,1024.4373921341262,0
820.3583791556035,-9.529432540868791,563.4907391590815,1024.5811823087931,0
820.8171123630783,-9.529432540868791,563.6324877201912,1024.5811823087931,0
821.2826400929258,-9.539392033486424,563.776335788714,1024.7249724834603,0
821.7413733004006,-9.549351526104056,563.9180843498237,1024.8687626581273,0
822.2069010302482,-9.559311018721688,564.0619324183467,1025.0125528327944,0
822.665634237723,-9.56927051133932,564.2036809794564,1025.1563430074614,0
823.1311619675705,-9.56927051133932,564.3475290479793,1025.1563430074614,0
823.1311619675705,-9.579230003956953,564.3475290479793,1025.3001331821285,0
823.596689697418,-9.579230003956953,564.4913771165021,1025.3001331821285,0
823.596689697418,-9.589189496574585,564.4913771165021,1025.4439233567955,0
824.0554229048929,-9.589189496574585,564.6331256776118,1025.4439233567955,0
824.0554229048929,-9.59929435109243,564.6331256776118,1025.589812193897,0
824.514362006985,-9.60910848180985,564.7749378601583,1025.7315037061298,0
824.9798897368325,-9.60910848180985,564.9187859286812,1025.7315037061298,0
824.9798897368325,-9.619067974427482,564.9187859286812,1025.8752938807968,0
825.4386229443072,-9.629172828945327,565.0605344897909,1026.0211827178982,0
825.904150674155,-9.638986959662747,565.2043825583138,1026.162874230131,0
826.3696784040025,-9.648946452280379,565.3482306268368,1026.306664404798,0
826.8284116114772,-9.648946452280379,565.4899791879465,1026.306664404798,0
826.8284116114772,-9.659051306798224,565.4899791879465,1026.4525532418993,0
827.2871448189519,-9.668865437515644,565.6317277490562,1026.5942447541322,0
827.7526725487996,-9.678824930133276,565.775575817579,1026.7380349287992,0
828.2182002786471,-9.68892978465112,565.919423886102,1026.8839237659006,0
828.6769334861218,-9.68892978465112,566.0611724472117,1026.8839237659006,0
828.6769334861218,-9.69874391536854,566.0611724472117,1027.0256152781333,0
829.1424612159694,-9.708848769886385,566.2050205157345,1027.1715041152347,0
829.6014003180616,-9.708848769886385,566.346832698281,1027.1715041152347,0
829.6014003180616,-9.718808262504018,566.346832698281,1027.3152942899019,0
830.0669280479092,-9.718808262504018,566.4906807668038,1027.3152942899019,0
830.0669280479092,-9.72876775512165,566.4906807668038,1027.4590844645688,0
830.5256612553839,-9.72876775512165,566.6324293279135,1027.4590844645688,0
830.5256612553839,-9.738581885839068,566.6324293279135,1027.6007759768015,0
830.9911889852315,-9.738581885839068,566.7762773964365,1027.6007759768015,0
830.9911889852315,-9.748686740356915,566.7762773964365,1027.746664813903,0
831.456716715079,-9.748686740356915,566.9201254649594,1027.746664813903,0
831.456716715079,-9.758646232974547,566.9201254649594,1027.8904549885701,0
831.9154499225538,-9.758646232974547,567.0618740260691,1027.8904549885701,0
831.9154499225538,-9.76860572559218,567.0618740260691,1028.034245163237,0
832.3741831300285,-9.76860572559218,567.2036225871788,1028.034245163237,0
832.3741831300285,-9.778565218209812,567.2036225871788,1028.1780353379042,0
832.839710859876,-9.778565218209812,567.3474706557017,1028.1780353379042,0
832.839710859876,-9.788524710827444,567.3474706557017,1028.3218255125712,0
833.2984440673508,-9.788524710827444,567.4892192168114,1028.3218255125712,0
833.2984440673508,-9.798484203445076,567.4892192168114,1028.4656156872384,0
833.7641776918158,-9.808443696062708,567.633130906771,1028.6094058619053,0
834.2294995270461,-9.808443696062708,567.7769153538571,1028.6094058619053,0
834.2294995270461,-9.81840318868034,567.7769153538571,1028.7531960365725,0
834.6884386291381,-9.81840318868034,567.9187275364036,1028.7531960365725,0
834.6884386291381,-9.828362681297973,567.9187275364036,1028.8969862112394,0
835.1471718366129,-9.828362681297973,568.0604760975134,1028.8969862112394,0
835.1471718366129,-9.838322173915605,568.0604760975134,1029.0407763859066,0
835.6126995664605,-9.838322173915605,568.2043241660363,1029.0407763859066,0
836.078227296308,-9.848281666533238,568.3481722345591,1029.1845665605736,0
836.5369605037828,-9.858236754244802,568.4899207956688,1029.3282931394094,0
837.0024882336303,-9.858236754244802,568.6337688641918,1029.3282931394094,0
837.0024882336303,-9.8682006517685,568.6337688641918,1029.4721469099077,0
837.4612214411052,-9.8682006517685,568.7755174253015,1029.4721469099077,0
837.4612214411052,-9.878155739480066,568.7755174253015,1029.6158734887435,0
837.9267491709527,-9.878155739480066,568.9193654938243,1029.6158734887435,0
837.9267491709527,-9.888260593997911,568.9193654938243,1029.761762325845,0
838.3856882730448,-9.89807472471533,569.0611776763708,1029.9034538380777,0
838.8512160028923,-9.89807472471533,569.2050257448938,1029.9034538380777,0
838.8512160028923,-9.908034217332963,569.2050257448938,1030.0472440127446,0
839.3099492103672,-9.908034217332963,569.3467743060035,1030.0472440127446,0
839.3099492103672,-9.918139071850808,569.3467743060035,1030.193132849846,0
839.7754769402147,-9.927953202568228,569.4906223745263,1030.3348243620787,0
840.2342101476894,-9.938058057086073,569.632370935636,1030.4807131991802,0
840.699737877537,-9.948017549703705,569.7762190041589,1030.6245033738473,0
841.1652656073845,-9.957977042321337,569.9200670726818,1030.7682935485143,0
841.6239988148594,-9.96793653493897,570.0618156337915,1030.9120837231815,0
842.0895265447069,-9.96793653493897,570.2056637023144,1030.9120837231815,0
842.0895265447069,-9.977896027556602,570.2056637023144,1031.0558738978484,0
842.5482597521817,-9.977896027556602,570.3474122634241,1031.0558738978484,0
842.5482597521817,-9.987855520174234,570.3474122634241,1031.1996640725156,0
843.0071988542737,-9.997815012791866,570.4892244459705,1031.3434542471825,0
843.4727265841215,-9.997815012791866,570.6330725144935,1031.3434542471825,0
843.4727265841215,-10.007774505409499,570.6330725144935,1031.4872444218497,0
843.938254313969,-10.017733998027131,570.7769205830164,1031.6310345965167,0
843.938254313969,-10.027693490644763,570.7769205830164,1031.7748247711838,0
844.3969875214436,-10.027693490644763,570.918669144126,1031.7748247711838,0
844.8625152512913,-10.037652983262396,571.062517212649,1031.9186149458508,0
845.321248458766,-10.047612475880028,571.2042657737587,1032.062405120518,0
845.321248458766,-10.05757196849766,571.2042657737587,1032.206195295185,0
845.7867761886137,-10.05757196849766,571.3481138422816,1032.206195295185,0
846.2455093960883,-10.067531461115292,571.4898624033913,1032.349985469852,0
846.2455093960883,-10.077490953732925,571.4898624033913,1032.4937756445192,0
846.711037125936,-10.077490953732925,571.6337104719141,1032.4937756445192,0
846.711037125936,-10.087450446350557,571.6337104719141,1032.6375658191862,0
847.1765648557836,-10.087450446350557,571.7775585404371,1032.6375658191862,0
847.1765648557836,-10.09740993896819,571.7775585404371,1032.7813559938534,0
847.6352980632582,-10.09740993896819,571.9193071015468,1032.7813559938534,0
847.6352980632582,-10.107369431585822,571.9193071015468,1032.9251461685203,0
848.1010316877232,-10.107369431585822,572.0632187915064,1032.9251461685203,0
848.1010316877232,-10.117328924203454,572.0632187915064,1033.0689363431875,0
848.5597648951979,-10.117328924203454,572.2049673526161,1033.0689363431875,0
848.5597648951979,-10.127288416821086,572.2049673526161,1033.2127265178544,0
849.0252926250456,-10.137247909438718,572.3488154211391,1033.3565166925216,0
849.4840258325203,-10.14720740205635,572.4905639822488,1033.5003068671886,0
849.9495535623679,-10.157166894673983,572.6344120507716,1033.6440970418557,0
849.9495535623679,-10.167126387291615,572.6344120507716,1033.7878872165227,0
850.4150812922154,-10.167126387291615,572.7782601192945,1033.7878872165227,0
850.4150812922154,-10.177085879909248,572.7782601192945,1033.9316773911899,0
850.8670199773173,-10.177085879909248,572.917909172991,1033.9316773911899,0
850.8670199773173,-10.18704537252688,572.917909172991,1034.0754675658568,0
851.332547707165,-10.18704537252688,573.061757241514,1034.0754675658568,0
851.332547707165,-10.197004865144512,573.061757241514,1034.219257740524,0
851.7980754370125,-10.197004865144512,573.2056053100368,1034.219257740524,0
851.7980754370125,-10.206964357762145,573.2056053100368,1034.363047915191,0
852.2636031668601,-10.206964357762145,573.3494533785597,1034.363047915191,0
852.2636031668601,-10.21706921227999,573.3494533785597,1034.5089367522924,0
852.7225422689521,-10.21706921227999,573.4912655611062,1034.5089367522924,0
852.7225422689521,-10.226883342997409,573.4912655611062,1034.650628264525,0
853.1880699987998,-10.236988197515254,573.6351136296291,1034.7965171016265,0
853.6468032062745,-10.246947690132886,573.7768621907388,1034.9403072762937,0
854.1123309361221,-10.256907182750519,573.9207102592617,1035.0840974509606,0
854.5710641435968,-10.266866675368151,574.0624588203714,1035.2278876256278,0
854.5710641435968,-10.276826167985783,574.0624588203714,1035.3716778002947,0
855.0365918734444,-10.276826167985783,574.2063068888943,1035.3716778002947,0
855.0365918734444,-10.286785660603416,574.2063068888943,1035.515467974962,0
855.4953250809192,-10.286785660603416,574.348055450004,1035.515467974962,0
855.4953250809192,-10.296745153221048,574.348055450004,1035.6592581496288,0
855.9608528107667,-10.296745153221048,574.4919035185269,1035.6592581496288,0
855.9608528107667,-10.30670464583868,574.4919035185269,1035.803048324296,0
856.4195860182415,-10.30670464583868,574.6336520796366,1035.803048324296,0
856.4195860182415,-10.316664138456312,574.6336520796366,1035.946838498963,0
856.8851137480891,-10.326623631073945,574.7775001481594,1036.0906286736301,0
857.3440528501812,-10.336583123691577,574.9193123307059,1036.234418848297,0
857.8095805800288,-10.34654261630921,575.0631603992289,1036.3782090229643,0
857.8095805800288,-10.356502108926842,575.0631603992289,1036.5219991976312,0
858.2751083098763,-10.356502108926842,575.2070084677517,1036.5219991976312,0
858.2751083098763,-10.366461601544474,575.2070084677517,1036.6657893722984,0
858.7338415173512,-10.376421094162106,575.3487570288614,1036.8095795469656,0
859.1925747248258,-10.386380586779739,575.4905055899711,1036.9533697216325,0
859.6581024546734,-10.39634007939737,575.6343536584941,1037.0971598962997,0
859.6581024546734,-10.406299572015003,575.6343536584941,1037.2409500709666,0
860.123630184521,-10.406299572015003,575.778201727017,1037.2409500709666,0
860.5823633919958,-10.416259064632635,575.9199502881266,1037.3847402456338,0
860.5823633919958,-10.426218557250268,575.9199502881266,1037.5285304203007,0
861.061480166589,-10.426218557250268,576.0679973714759,1037.5285304203007,0
861.061480166589,-10.4361780498679,576.0679973714759,1037.672320594968,0
861.5270078964365,-10.446278499479678,576.2118454399989,1037.8181458362378,0
861.9857411039113,-10.456097035103165,576.3535940011086,1037.959900944302,0
861.9857411039113,-10.466056527720797,576.3535940011086,1038.103691118969,0
862.4512688337588,-10.466056527720797,576.4974420696315,1038.103691118969,0
862.4512688337588,-10.476156977332574,576.4974420696315,1038.249516360239,0
862.9167965636066,-10.476156977332574,576.6412901381543,1038.249516360239,0
862.9167965636066,-10.485975512956061,576.6412901381543,1038.391271468303,0
863.3755297710812,-10.495935005573692,576.7830386992641,1038.5350616429703,0
863.834262978556,-10.495935005573692,576.9247872603738,1038.5350616429703,0
863.834262978556,-10.50603545518547,576.9247872603738,1038.6808868842402,0
864.2999966030209,-10.515994947803103,577.0686989503334,1038.8246770589074,0
864.2999966030209,-10.525809078520522,577.0686989503334,1038.96636857114,0
864.7653184382511,-10.525809078520522,577.2124833974195,1038.96636857114,0
864.7653184382511,-10.535913933038367,577.2124833974195,1039.1122574082415,0
865.2242575403433,-10.535913933038367,577.354295579966,1039.1122574082415,0
865.2242575403433,-10.545873425656,577.354295579966,1039.2560475829086,0
865.6897852701908,-10.545873425656,577.498143648489,1039.2560475829086,0
865.6897852701908,-10.555832918273632,577.498143648489,1039.3998377575756,0
866.1485184776656,-10.565792410891264,577.6398922095987,1039.5436279322428,0
866.6072516851403,-10.575751903508896,577.7816407707083,1039.6874181069097,0
867.072779414988,-10.585711396126529,577.9254888392312,1039.831208281577,0
867.072779414988,-10.595670888744161,577.9254888392312,1039.9749984562438,0
867.5383071448355,-10.595670888744161,578.0693369077542,1039.9749984562438,0
867.5383071448355,-10.605630381361793,578.0693369077542,1040.118788630911,0
867.9970403523101,-10.615589873979426,578.2110854688639,1040.262578805578,0
867.9970403523101,-10.625549366597058,578.2110854688639,1040.4063689802451,0
868.4625680821579,-10.625549366597058,578.3549335373867,1040.4063689802451,0
868.9215071842499,-10.635940540009264,578.4967457199332,1040.5563915463838,0
868.9215071842499,-10.645904437532963,578.4967457199332,1040.7002453168823,0
869.3870349140975,-10.645904437532963,578.640593788456,1040.7002453168823,0
869.3870349140975,-10.655859525244527,578.640593788456,1040.843971895718,0
869.8457681215722,-10.665823422768227,578.7823423495657,1040.9878256662164,0
870.3112958514199,-10.675778510479791,578.9261904180887,1041.131552245052,0
870.3112958514199,-10.685738003097423,578.9261904180887,1041.2753424197192,0
870.7768235812674,-10.685738003097423,579.0700384866116,1041.2753424197192,0
870.7768235812674,-10.695697495715056,579.0700384866116,1041.4191325943862,0
871.2355567887422,-10.705656988332688,579.2117870477213,1041.5629227690533,0
871.2355567887422,-10.71561648095032,579.2117870477213,1041.7067129437203,0
871.6942899962169,-10.71561648095032,579.353535608831,1041.7067129437203,0
872.1598177260645,-10.725575973567953,579.4973836773539,1041.8505031183875,0
872.1598177260645,-10.735535466185585,579.4973836773539,1041.9942932930544,0
872.6253454559121,-10.745494958803217,579.6412317458768,1042.1380834677216,0
872.6253454559121,-10.75545445142085,579.6412317458768,1042.2818736423885,0
873.0840786633868,-10.75545445142085,579.7829803069865,1042.2818736423885,0
873.5496063932344,-10.765413944038482,579.9268283755094,1042.4256638170557,0
873.5496063932344,-10.775373436656114,579.9268283755094,1042.5694539917226,0
874.0085454953264,-10.785332929273746,580.0686405580559,1042.7132441663898,0
874.4740732251742,-10.795292421891379,580.2124886265788,1042.8570343410568,0
874.4740732251742,-10.805397276409224,580.2124886265788,1043.0029231781582,0
874.9328064326488,-10.805397276409224,580.3542371876885,1043.0029231781582,0
874.9328064326488,-10.815211407126643,580.3542371876885,1043.1446146903909,0
875.3983341624963,-10.815211407126643,580.4980852562113,1043.1446146903909,0
875.3983341624963,-10.825170899744275,580.4980852562113,1043.288404865058,0
875.8570673699711,-10.83527575426212,580.639833817321,1043.4342937021595,0
876.3225950998187,-10.84508988497954,580.783681885844,1043.5759852143922,0
876.3225950998187,-10.855194739497385,580.783681885844,1043.7218740514936,0
876.7813283072935,-10.855194739497385,580.9254304469537,1043.7218740514936,0
876.7813283072935,-10.865154232115017,580.9254304469537,1043.8656642261606,0
877.246856037141,-10.874968362832437,581.0692785154765,1044.0073557383932,0
877.246856037141,-10.885073217350282,581.0692785154765,1044.1532445754947,0
877.7123837669886,-10.885073217350282,581.2131265839995,1044.1532445754947,0
877.7123837669886,-10.895032709967914,581.2131265839995,1044.2970347501619,0
878.1711169744634,-10.895032709967914,581.3548751451092,1044.2970347501619,0
878.1711169744634,-10.904992202585547,581.3548751451092,1044.4408249248288,0
878.6300560765555,-10.904992202585547,581.4966873276556,1044.4408249248288,0
878.6300560765555,-10.914951695203179,581.4966873276556,1044.584615099496,0
879.095583806403,-10.924911187820811,581.6405353961785,1044.728405274163,0
879.095583806403,-10.93472531853823,581.6405353961785,1044.8700967863958,0
879.5543170138777,-10.93472531853823,581.7822839572882,1044.8700967863958,0
879.5543170138777,-10.944830173056076,581.7822839572882,1045.015985623497,0
880.0198447437255,-10.954789665673708,581.9261320258112,1045.1597757981642,0
880.485372473573,-10.96474915829134,582.069980094334,1045.3035659728312,0
880.485372473573,-10.974708650908973,582.069980094334,1045.4473561474983,0
880.9441056810477,-10.974708650908973,582.2117286554437,1045.4473561474983,0
880.9441056810477,-10.984668143526605,582.2117286554437,1045.5911463221655,0
881.4028388885224,-10.994627636144237,582.3534772165534,1045.7349364968325,0
881.8683666183701,-11.00458712876187,582.4973252850763,1045.8787266714996,0
881.8683666183701,-11.014546621379502,582.4973252850763,1046.0225168461666,0
882.3338943482177,-11.014546621379502,582.6411733535992,1046.0225168461666,0
882.3338943482177,-11.024506113997134,582.6411733535992,1046.1663070208338,0
882.3338943482177,-11.034465606614766,582.6411733535992,1046.3100971955007,0
882.7928334503098,-11.034465606614766,582.7829855361457,1046.3100971955007,0
882.7928334503098,-11.044425099232399,582.7829855361457,1046.4538873701679,0
883.2583611801573,-11.054384591850031,582.9268336046686,1046.5976775448348,0
883.7170943876321,-11.064344084467663,583.0685821657783,1046.741467719502,0
883.7170943876321,-11.074303577085296,583.0685821657783,1046.885257894169,0
884.1826221174797,-11.074303577085296,583.2124302343012,1046.885257894169,0
884.1826221174797,-11.08440843160314,583.2124302343012,1047.0311467312704,0
884.6413553249544,-11.09422256232056,583.3541787954109,1047.172838243503,0
885.106883054802,-11.104182054938192,583.4980268639338,1047.3166284181702,0
885.5724107846495,-11.114286909456037,583.6418749324566,1047.4625172552717,0
885.5724107846495,-11.124101040173457,583.6418749324566,1047.6042087675044,0
886.0311439921244,-11.13406053279109,583.7836234935663,1047.7479989421713,0
886.0311439921244,-11.144165387308934,583.7836234935663,1047.8938877792727,0
886.489877199599,-11.144165387308934,583.925372054676,1047.8938877792727,0
886.489877199599,-11.154124879926567,583.925372054676,1048.03767795394,0
886.9554049294466,-11.154124879926567,584.069220123199,1048.03767795394,0
886.9554049294466,-11.163939010643986,584.069220123199,1048.1793694661726,0
887.4143440315387,-11.163939010643986,584.2110323057454,1048.1793694661726,0
887.4143440315387,-11.174043865161831,584.2110323057454,1048.325258303274,0
887.4143440315387,-11.184003357779464,584.2110323057454,1048.469048477941,0
887.8798717613863,-11.184003357779464,584.3548803742683,1048.469048477941,0
887.8798717613863,-11.193962850397096,584.3548803742683,1048.6128386526082,0
888.3453994912339,-11.203922343014728,584.4987284427913,1048.756628827275,0
888.8041326987086,-11.21388183563236,584.640477003901,1048.9004190019423,0
888.8041326987086,-11.223841328249993,584.640477003901,1049.0442091766092,0
889.2628659061834,-11.223841328249993,584.7822255650107,1049.0442091766092,0
889.2628659061834,-11.233800820867625,584.7822255650107,1049.1879993512764,0
889.728393636031,-11.243760313485257,584.9260736335335,1049.3317895259433,0
890.1939213658786,-11.25371980610289,585.0699217020565,1049.4755797006105,0
890.1939213658786,-11.263674893814455,585.0699217020565,1049.6193062794462,0
890.6526545733533,-11.263674893814455,585.2116702631662,1049.6193062794462,0
890.6526545733533,-11.273638791338154,585.2116702631662,1049.7631600499446,0
890.6526545733533,-11.28359387904972,585.2116702631662,1049.9068866287803,0
891.1181823032008,-11.28359387904972,585.355518331689,1049.9068866287803,0
891.1181823032008,-11.293557776573419,585.355518331689,1050.0507403992788,0
891.5769155106757,-11.293557776573419,585.4972668927987,1050.0507403992788,0
891.5769155106757,-11.303512864284983,585.4972668927987,1050.1944669781144,0
892.0426491351406,-11.31361771880283,585.6411785827584,1050.3403558152158,0
892.0426491351406,-11.323431849520247,585.6411785827584,1050.4820473274485,0
892.5013823426153,-11.323431849520247,585.782927143868,1050.4820473274485,0
892.5013823426153,-11.333395747043948,585.782927143868,1050.625901097947,0
892.9669100724628,-11.343496196655726,585.926775212391,1050.7717263392171,0
893.4324378023106,-11.343496196655726,586.0706232809139,1050.7717263392171,0
893.4324378023106,-11.353310327373144,586.0706232809139,1050.9134178514498,0
893.8911710097852,-11.363269819990776,586.2123718420236,1051.057208026117,0
893.8911710097852,-11.373374674508623,586.2123718420236,1051.2030968632182,0
894.34990421726,-11.373374674508623,586.3541204031333,1051.2030968632182,0
894.34990421726,-11.383188805226041,586.3541204031333,1051.3447883754511,0
894.8154319471075,-11.393148297843673,586.4979684716562,1051.488578550118,0
895.280959676955,-11.40325315236152,586.6418165401791,1051.6344673872195,0
895.280959676955,-11.41321264497915,586.6418165401791,1051.7782575618864,0
895.7396928844299,-11.42302677569657,586.7835651012888,1051.9199490741194,0
895.7396928844299,-11.433131630214415,586.7835651012888,1052.0658379112206,0
896.2052206142774,-11.433131630214415,586.9274131698118,1052.0658379112206,0
896.2052206142774,-11.442945760931835,586.9274131698118,1052.2075294234535,0
896.6641597163696,-11.45305061544968,587.0692253523582,1052.353418260555,0
897.1228929238442,-11.463010108067312,587.2109739134679,1052.4972084352219,0
897.1228929238442,-11.472969600684944,587.2109739134679,1052.640998609889,0
897.588420653692,-11.472969600684944,587.3548219819908,1052.640998609889,0
897.588420653692,-11.482929093302577,587.3548219819908,1052.784788784556,0
898.0539483835395,-11.492888585920209,587.4986700505136,1052.9285789592232,0
898.5126815910141,-11.502848078537841,587.6404186116233,1053.07236913389,0
898.5126815910141,-11.512807571155474,587.6404186116233,1053.2161593085573,0
898.9782093208618,-11.522767063773106,587.7842666801463,1053.3599494832242,0
898.9782093208618,-11.532726556390738,587.7842666801463,1053.5037396578914,0
899.4369425283365,-11.532726556390738,587.926015241256,1053.5037396578914,0
899.4369425283365,-11.54268604900837,587.926015241256,1053.6475298325583,0
899.9024702581842,-11.552645541626003,588.0698633097788,1053.7913200072255,0
900.3612034656588,-11.562605034243635,588.2116118708885,1053.9351101818925,0
900.3612034656588,-11.572564526861267,588.2116118708885,1054.0789003565596,0
900.8267311955065,-11.572564526861267,588.3554599394115,1054.0789003565596,0
900.8267311955065,-11.5825240194789,588.3554599394115,1054.2226905312266,0
901.2856702975986,-11.5825240194789,588.497272121958,1054.2226905312266,0
901.2856702975986,-11.592483512096532,588.497272121958,1054.3664807058938,0
901.2856702975986,-11.602443004714164,588.497272121958,1054.5102708805607,0
901.7511980274462,-11.602443004714164,588.6411201904808,1054.5102708805607,0
901.7511980274462,-11.612402497331797,588.6411201904808,1054.6540610552279,0
902.2099312349209,-11.612402497331797,588.7828687515905,1054.6540610552279,0
902.2099312349209,-11.622361989949429,588.7828687515905,1054.7978512298948,0
902.6754589647684,-11.632321482567061,588.9267168201134,1054.941641404562,0
902.6754589647684,-11.642280975184693,588.9267168201134,1055.085431579229,0
903.1409866946161,-11.642280975184693,589.0705648886363,1055.085431579229,0
903.1409866946161,-11.652240467802326,589.0705648886363,1055.2292217538961,0
903.5997199020908,-11.652240467802326,589.212313449746,1055.2292217538961,0
903.5997199020908,-11.66234532232017,589.212313449746,1055.3751105909976,0
904.0652476319384,-11.66234532232017,589.3561615182689,1055.3751105909976,0
904.0652476319384,-11.67215945303759,589.3561615182689,1055.5168021032302,0
904.0652476319384,-11.682118945655223,589.3561615182689,1055.6605922778974,0
904.5239808394131,-11.682118945655223,589.4979100793786,1055.6605922778974,0
904.5239808394131,-11.692223800173068,589.4979100793786,1055.8064811149986,0
904.9827140468878,-11.692223800173068,589.6396586404883,1055.8064811149986,0
904.9827140468878,-11.7021832927907,589.6396586404883,1055.9502712896658,0
905.4484476713528,-11.7021832927907,589.783570330448,1055.9502712896658,0
905.4484476713528,-11.71199742350812,589.783570330448,1056.0919628018985,0
905.913769506583,-11.722102278025964,589.9273547775341,1056.237851639,0
905.913769506583,-11.732061770643597,589.9273547775341,1056.3816418136669,0
906.379503131048,-11.742021263261229,590.0712664674938,1056.525431988334,0
906.379503131048,-11.751980755878861,590.0712664674938,1056.6692221630012,0
906.8382363385226,-11.751980755878861,590.2130150286035,1056.6692221630012,0
907.2969695459975,-11.761940248496494,590.3547635897132,1056.8130123376682,0
907.2969695459975,-11.771899741114126,590.3547635897132,1056.9568025123353,0
907.762497275845,-11.771899741114126,590.4986116582361,1056.9568025123353,0
907.762497275845,-11.781859233731758,590.4986116582361,1057.1005926870023,0
908.2212304833198,-11.781859233731758,590.6403602193458,1057.1005926870023,0
908.2212304833198,-11.79181872634939,590.6403602193458,1057.2443828616695,0
908.6867582131673,-11.79181872634939,590.7842082878686,1057.2443828616695,0
908.6867582131673,-11.801778218967023,590.7842082878686,1057.3881730363364,0
909.1454914206422,-11.811737711584655,590.9259568489783,1057.5319632110036,0
909.1454914206422,-11.821697204202287,590.9259568489783,1057.6757533856705,0
909.6110191504897,-11.83165669681992,591.0698049175013,1057.8195435603377,0
909.6110191504897,-11.841616189437552,591.0698049175013,1057.9633337350047,0
910.0699582525818,-11.841616189437552,591.2116171000478,1057.9633337350047,0
910.5354859824293,-11.851862000949543,591.3554651685706,1058.111257638709,0
910.5354859824293,-11.861821493567176,591.3554651685706,1058.2550478133762,0
911.001013712277,-11.861821493567176,591.4993132370936,1058.2550478133762,0
911.001013712277,-11.871780986184808,591.4993132370936,1058.3988379880432,0
911.4597469197518,-11.88174047880244,591.6410617982033,1058.5426281627103,0
911.4597469197518,-11.891699971420072,591.6410617982033,1058.6864183373773,0
911.9252746495993,-11.891699971420072,591.7849098667261,1058.6864183373773,0
911.9252746495993,-11.901659464037705,591.7849098667261,1058.8302085120445,0
912.3908023794469,-11.901659464037705,591.928757935249,1058.8302085120445,0
912.3908023794469,-11.911618956655337,591.928757935249,1058.9739986867114,0
912.8495355869217,-11.911618956655337,592.0705064963588,1058.9739986867114,0
912.8495355869217,-11.92157844927297,592.0705064963588,1059.1177888613786,0
913.3136220544477,-11.941510649226435,592.2139092148243,1059.4055599982066,0
913.3150633167692,-11.931537941890602,592.2143545648817,1059.2615790360455,0
913.3150633167692,-11.941497434508234,592.2143545648817,1059.4053692107127,0
913.7723552619225,-11.941510649226435,592.355657775934,1059.4055599982066,0
913.7723552619225,-11.951470141844068,592.355657775934,1059.5493501728738,0
914.23788299177,-11.951470141844068,592.4995058444568,1059.5493501728738,0
914.23788299177,-11.9614296344617,592.4995058444568,1059.6931403475407,0
914.6966161992448,-11.9614296344617,592.6412544055667,1059.6931403475407,0
914.6966161992448,-11.971534488979545,592.6412544055667,1059.8390291846422,0
915.1555553013369,-11.981348619696965,592.7830665881131,1059.9807206968749,0
915.6210830311845,-11.991308112314597,592.926914656636,1060.124510871542,0
915.6210830311845,-12.001412966832442,592.926914656636,1060.2703997086435,0
916.086610761032,-12.001412966832442,593.0707627251588,1060.2703997086435,0
916.086610761032,-12.011227097549861,593.0707627251588,1060.4120912208762,0
916.5453439685067,-12.011227097549861,593.2125112862685,1060.4120912208762,0
916.5453439685067,-12.021331952067706,593.2125112862685,1060.5579800579776,0
917.0108716983544,-12.031291444685339,593.3563593547915,1060.7017702326445,0
917.476399428202,-12.041105575402758,593.5002074233144,1060.8434617448775,0
917.476399428202,-12.051210429920603,593.5002074233144,1060.9893505819787,0
917.9351326356767,-12.051210429920603,593.641955984424,1060.9893505819787,0
917.9351326356767,-12.061169922538236,593.641955984424,1061.1331407566458,0
918.3938658431514,-12.061169922538236,593.7837045455337,1061.1331407566458,0
918.3938658431514,-12.070984053255655,593.7837045455337,1061.2748322688785,0
918.859393572999,-12.070984053255655,593.9275526140567,1061.2748322688785,0
918.859393572999,-12.0810889077735,593.9275526140567,1061.42072110598,0
919.3183326750911,-12.0810889077735,594.0693647966032,1061.42072110598,0
919.3183326750911,-12.091048400391132,594.0693647966032,1061.564511280647,0
919.7838604049387,-12.101007893008765,594.213212865126,1061.708301455314,0
919.7838604049387,-12.110967385626397,594.213212865126,1061.8520916299813,0
920.2425936124134,-12.110967385626397,594.3549614262357,1061.8520916299813,0
920.2425936124134,-12.12092687824403,594.3549614262357,1061.9958818046482,0
920.7081213422609,-12.12092687824403,594.4988094947586,1061.9958818046482,0
920.7081213422609,-12.130886370861662,594.4988094947586,1062.1396719793154,0
921.1736490721087,-12.130886370861662,594.6426575632815,1062.1396719793154,0
921.1736490721087,-12.140845863479294,594.6426575632815,1062.2834621539823,0
921.6323822795833,-12.140845863479294,594.7844061243912,1062.2834621539823,0
921.6323822795833,-12.150805356096926,594.7844061243912,1062.4272523286495,0
922.097910009431,-12.160764848714559,594.9282541929141,1062.5710425033164,0
922.5566432169056,-12.17072434133219,595.0700027540238,1062.7148326779836,0
923.0221709467534,-12.180683833949823,595.2138508225468,1062.8586228526506,0
923.0221709467534,-12.190643326567454,595.2138508225468,1063.0024130273177,0
923.480904154228,-12.190643326567454,595.3555993836565,1063.0024130273177,0
923.480904154228,-12.200602819185086,595.3555993836565,1063.1462032019847,0
923.9464318840755,-12.200602819185086,595.4994474521793,1063.1462032019847,0
923.9464318840755,-12.210562311802718,595.4994474521793,1063.2899933766519,0
924.4119596139232,-12.210562311802718,595.6432955207023,1063.2899933766519,0
924.4119596139232,-12.22052180442035,595.6432955207023,1063.4337835513188,0
924.8708987160153,-12.22052180442035,595.7851077032487,1063.4337835513188,0
924.8708987160153,-12.230481297037983,595.7851077032487,1063.577573725986,0
925.3364264458629,-12.230481297037983,595.9289557717716,1063.577573725986,0
925.3364264458629,-12.240440789655615,595.9289557717716,1063.721363900653,0
925.7951596533376,-12.250400282273247,596.0707043328813,1063.86515407532,0
926.2538928608124,-12.250400282273247,596.212452893991,1063.86515407532,0
926.2538928608124,-12.26035977489088,596.212452893991,1064.008944249987,0
926.71942059066,-12.270319267508512,596.3563009625138,1064.1527344246542,0
927.1849483205075,-12.28041971712029,596.5001490310368,1064.2985596659244,0
927.6436815279823,-12.28041971712029,596.6418975921465,1064.2985596659244,0
927.6436815279823,-12.290379209737923,596.6418975921465,1064.4423498405913,0
928.1092092578298,-12.300193340455342,596.7857456606694,1064.584041352824,0
928.5679424653046,-12.310298194973187,596.927494221779,1064.7299301899254,0
929.0334701951522,-12.32025768759082,597.071342290302,1064.8737203645926,0
929.4924092972443,-12.330217180208452,597.2131544728485,1065.0175105392595,0
929.4924092972443,-12.340176672826084,597.2131544728485,1065.1613007139267,0
929.9579370270918,-12.340176672826084,597.3570025413713,1065.1613007139267,0
929.9579370270918,-12.350136165443717,597.3570025413713,1065.3050908885937,0
930.4166702345666,-12.350136165443717,597.498751102481,1065.3050908885937,0
930.4166702345666,-12.360095658061349,597.498751102481,1065.4488810632608,0
930.8821979644142,-12.360095658061349,597.6425991710039,1065.4488810632608,0
931.3409311718889,-12.370055150678981,597.7843477321137,1065.5926712379278,0
931.8064589017365,-12.380014643296613,597.9281958006366,1065.736461412595,0
931.8064589017365,-12.389974135914246,597.9281958006366,1065.880251587262,0
932.271986631584,-12.389974135914246,598.0720438691594,1065.880251587262,0
932.271986631584,-12.399933628531878,598.0720438691594,1066.024041761929,0
932.7307198390589,-12.399933628531878,598.2137924302691,1066.024041761929,0
932.7307198390589,-12.40989312114951,598.2137924302691,1066.167831936596,0
933.1962475689064,-12.40989312114951,598.3576404987921,1066.167831936596,0
933.6685698211268,-12.419852613767143,598.5035880747281,1066.3116221112632,0
934.1273030286015,-12.429812106384775,598.6453366358379,1066.4554122859302,0
934.5928307584492,-12.439771599002407,598.7891847043608,1066.5992024605973,0
935.0583584882968,-12.44973109162004,598.9330327728836,1066.7429926352643,0
935.0583584882968,-12.459690584237672,598.9330327728836,1066.8867828099314,0
935.5170916957715,-12.459690584237672,599.0747813339933,1066.8867828099314,0
935.5170916957715,-12.469650076855304,599.0747813339933,1067.0305729845984,0
935.9760307978636,-12.469650076855304,599.2165935165398,1067.0305729845984,0
936.4415585277112,-12.479613974379003,599.3604415850627,1067.1744267550969,0
936.9070862575587,-12.489569062090569,599.5042896535856,1067.3181533339327,0
937.3658194650335,-12.499532959614267,599.6460382146953,1067.462007104431,0
937.831347194881,-12.509488047325833,599.7898862832183,1067.6057336832669,0
938.2900804023559,-12.509488047325833,599.931634844328,1067.6057336832669,0
938.2900804023559,-12.519451944849532,599.931634844328,1067.7495874537651,0
938.7556081322034,-12.529407032561098,600.0754829128508,1067.893314032601,0
939.2143413396782,-12.539370930084797,600.2172314739605,1068.0371678030992,0
939.6798690695257,-12.539370930084797,600.3610795424834,1068.0371678030992,0
939.6798690695257,-12.549326017796362,600.3610795424834,1068.180894381935,0
940.1453967993732,-12.549326017796362,600.5049276110063,1068.180894381935,0
940.1453967993732,-12.559430872314207,600.5049276110063,1068.3267832190363,0
940.6043359014654,-12.559430872314207,600.6467397935528,1068.3267832190363,0
940.6043359014654,-12.569245003031627,600.6467397935528,1068.4684747312692,0
941.0630691089402,-12.569245003031627,600.7884883546625,1068.4684747312692,0
941.0630691089402,-12.579208900555326,600.7884883546625,1068.6123285017675,0
941.5285968387877,-12.579208900555326,600.9323364231853,1068.6123285017675,0
941.5285968387877,-12.589304945261038,600.9323364231853,1068.7580901472063,0
941.9873300462624,-12.589304945261038,601.074084984295,1068.7580901472063,0
941.9873300462624,-12.599268842784737,601.074084984295,1068.9019439177048,0
942.4528577761101,-12.599268842784737,601.217933052818,1068.9019439177048,0
942.4528577761101,-12.609082973502156,601.217933052818,1069.0436354299375,0
942.9183855059576,-12.609082973502156,601.3617811213409,1069.0436354299375,0
943.3771187134324,-12.619187828020001,601.5035296824506,1069.189524267039,0
943.8358519209071,-12.629142915731567,601.6452782435603,1069.3332508458745,0
944.3013796507548,-12.639106813255266,601.7891263120832,1069.477104616373,0
944.3013796507548,-12.649061900966831,601.7891263120832,1069.6208311952087,0
944.7669073806023,-12.649061900966831,601.9329743806061,1069.6208311952087,0
945.2258464826944,-12.65902579849053,602.0747865631525,1069.7646849657071,0
945.691374212542,-12.65902579849053,602.2186346316754,1069.7646849657071,0
945.691374212542,-12.668980886202096,602.2186346316754,1069.9084115445428,0
946.1501074200168,-12.668980886202096,602.3603831927851,1069.9084115445428,0
946.1501074200168,-12.678944783725795,602.3603831927851,1070.0522653150413,0
946.6156351498644,-12.678944783725795,602.5042312613081,1070.0522653150413,0
946.6156351498644,-12.688899871437359,602.5042312613081,1070.195991893877,0
947.074368357339,-12.688899871437359,602.6459798224178,1070.195991893877,0
947.074368357339,-12.69886376896106,602.6459798224178,1070.3398456643754,0
947.5398960871867,-12.69886376896106,602.7898278909406,1070.3398456643754,0
947.5398960871867,-12.708818856672623,602.7898278909406,1070.483572243211,0
948.0054238170343,-12.708818856672623,602.9336759594636,1070.483572243211,0
948.0054238170343,-12.718782754196324,602.9336759594636,1070.6274260137095,0
948.464157024509,-12.718782754196324,603.0754245205733,1070.6274260137095,0
948.9230961266011,-12.728737841907888,603.2172367031197,1070.7711525925451,0
949.3884179618312,-12.728737841907888,603.3610211502058,1070.7711525925451,0
949.3884179618312,-12.738701739431589,603.3610211502058,1070.9150063630436,0
949.8539456916789,-12.738701739431589,603.5048692187287,1070.9150063630436,0
949.8539456916789,-12.748656827143153,603.5048692187287,1071.0587329418793,0
950.312884793771,-12.748656827143153,603.6466814012751,1071.0587329418793,0
950.312884793771,-12.758620724666853,603.6466814012751,1071.2025867123778,0
950.7784125236186,-12.758620724666853,603.7905294697981,1071.2025867123778,0
950.7784125236186,-12.768575812378417,603.7905294697981,1071.3463132912134,0
951.2371457310933,-12.768575812378417,603.9322780309078,1071.3463132912134,0
951.2371457310933,-12.778539709902118,603.9322780309078,1071.4901670617119,0
951.6958789385681,-12.778539709902118,604.0740265920175,1071.4901670617119,0
951.6958789385681,-12.788644564419963,604.0740265920175,1071.6360558988133,0
952.1614066684157,-12.788644564419963,604.2178746605404,1071.6360558988133,0
952.6269343982632,-12.798458695137382,604.3617227290633,1071.777747411046,0
953.085667605738,-12.808413782848946,604.503471290173,1071.9214739898816,0
953.5511953355855,-12.818518637366791,604.6473193586959,1072.067362826983,0
954.0101344376777,-12.818518637366791,604.7891315412423,1072.067362826983,0
954.0101344376777,-12.828332768084211,604.7891315412423,1072.2090543392158,0
954.4756621675252,-12.828332768084211,604.9329796097653,1072.2090543392158,0
954.4756621675252,-12.83829666560791,604.9329796097653,1072.3529081097142,0
954.934395375,-12.83829666560791,605.074728170875,1072.3529081097142,0
954.934395375,-12.848401520125757,605.074728170875,1072.4987969468157,0
955.3999231048475,-12.848401520125757,605.2185762393979,1072.4987969468157,0
955.8586563123224,-12.85835660783732,605.3603248005076,1072.6425235256513,0
956.3241840421699,-12.86817073855474,605.5041728690304,1072.7842150378842,0
956.7829172496446,-12.86817073855474,605.6459214301401,1072.7842150378842,0
956.7829172496446,-12.878275593072585,605.6459214301401,1072.9301038749854,0
957.2484449794922,-12.878275593072585,605.7897694986631,1072.9301038749854,0
957.2484449794922,-12.888239490596286,605.7897694986631,1073.073957645484,0
957.7139727093398,-12.888239490596286,605.9336175671859,1073.073957645484,0
958.1727059168146,-12.898053621313704,606.0753661282956,1073.2156491577166,0
958.6316450189066,-12.90815847583155,606.2171783108421,1073.361537994818,0
959.0971727487542,-12.918113563543114,606.3610263793651,1073.5052645736537,0
959.555905956229,-12.918113563543114,606.5027749404748,1073.5052645736537,0
959.555905956229,-12.927927694260534,606.5027749404748,1073.6469560858866,0
960.0214336860766,-12.927927694260534,606.6466230089976,1073.6469560858866,0
960.0214336860766,-12.938032548778379,606.6466230089976,1073.7928449229878,0
960.4869614159242,-12.938032548778379,606.7904710775206,1073.7928449229878,0
960.9456946233988,-12.947996446302078,606.9322196386303,1073.9366986934863,0
961.4112223532464,-12.957951534013644,607.0760677071531,1074.0804252723221,0
961.8699555607212,-12.967915431537342,607.2178162682628,1074.2242790428204,0
962.3354832905688,-12.977870519248908,607.3616643367857,1074.3680056216563,0
962.7944223926609,-12.977870519248908,607.5034765193321,1074.3680056216563,0
962.7944223926609,-12.987834416772607,607.5034765193321,1074.5118593921545,0
963.2599501225085,-12.987834416772607,607.6473245878551,1074.5118593921545,0
963.7186833299833,-12.997789504484173,607.7890731489648,1074.6555859709904,0
964.1842110598308,-13.007753402007872,607.9329212174877,1074.7994397414886,0
964.6429442673056,-13.007753402007872,608.0746697785974,1074.7994397414886,0
964.6429442673056,-13.017708489719437,608.0746697785974,1074.9431663203245,0
965.1084719971531,-13.017708489719437,608.2185178471203,1074.9431663203245,0
965.1084719971531,-13.027672387243136,608.2185178471203,1075.0870200908228,0
965.5739997270008,-13.027672387243136,608.3623659156432,1075.0870200908228,0
965.5739997270008,-13.037627474954702,608.3623659156432,1075.2307466696586,0
966.0327329344755,-13.037627474954702,608.5041144767529,1075.2307466696586,0
966.0327329344755,-13.0475913724784,608.5041144767529,1075.3746004401569,0
966.4914661419502,-13.0475913724784,608.6458630378626,1075.3746004401569,0
966.9569938717977,-13.057546460189966,608.7897111063855,1075.5183270189927,0
967.4225216016454,-13.057546460189966,608.9335591749084,1075.5183270189927,0
967.4225216016454,-13.067510357713665,608.9335591749084,1075.662180789491,0
967.8814607037375,-13.067510357713665,609.0753713574549,1075.662180789491,0
968.346988433585,-13.077897126219803,609.2192194259777,1075.8121397597984,0
968.8057216410598,-13.087861023743503,609.3609679870874,1075.9559935302968,0
969.2712493709074,-13.087861023743503,609.5048160556104,1075.9559935302968,0
969.2712493709074,-13.097816111455067,609.5048160556104,1076.0997201091327,0
969.7299825783822,-13.097816111455067,609.6465646167201,1076.0997201091327,0
969.7299825783822,-13.107780008978768,609.6465646167201,1076.243573879631,0
970.1955103082297,-13.107780008978768,609.7904126852429,1076.243573879631,0
970.1955103082297,-13.117735096690332,609.7904126852429,1076.3873004584668,0
970.6610380380773,-13.117735096690332,609.9342607537659,1076.3873004584668,0
971.119771245552,-13.127698994214033,610.0760093148756,1076.531154228965,0
971.5785044530269,-13.127698994214033,610.2177578759853,1076.531154228965,0
971.5785044530269,-13.137654081925596,610.2177578759853,1076.674880807801,0
972.0440321828744,-13.137654081925596,610.3616059445081,1076.674880807801,0
972.0440321828744,-13.147617979449295,610.3616059445081,1076.8187345782992,0
972.5029712849664,-13.147617979449295,610.5034181270546,1076.8187345782992,0
972.968499014814,-13.157573067160861,610.6472661955775,1076.962461157135,0
973.4340267446617,-13.157573067160861,610.7911142641004,1076.962461157135,0
973.4340267446617,-13.16753696468456,610.7911142641004,1077.1063149276333,0
973.8927599521364,-13.16753696468456,610.9328628252101,1077.1063149276333,0
974.3514931596111,-13.177492052396126,611.0746113863198,1077.2500415064692,0
974.8170208894587,-13.177492052396126,611.2184594548427,1077.2500415064692,0
974.8170208894587,-13.187455949919825,611.2184594548427,1077.3938952769674,0
975.2825486193063,-13.187455949919825,611.3623075233656,1077.3938952769674,0
975.2825486193063,-13.19741103763139,611.3623075233656,1077.5376218558033,0
975.741281826781,-13.19741103763139,611.5040560844753,1077.5376218558033,0
975.741281826781,-13.207515892149235,611.5040560844753,1077.6835106929047,0
976.2068095566286,-13.207515892149235,611.6479041529982,1077.6835106929047,0
976.6657486587206,-13.217330022866655,611.7897163355447,1077.8252022051374,0
977.1244818661955,-13.217330022866655,611.9314648966543,1077.8252022051374,0
977.1244818661955,-13.2274348773845,611.9314648966543,1077.9710910422389,0
977.590009596043,-13.2274348773845,612.0753129651773,1077.9710910422389,0
978.0555373258907,-13.2373987749082,612.2191610337002,1078.1149448127371,0
978.5142705333653,-13.2373987749082,612.3609095948099,1078.1149448127371,0
978.5142705333653,-13.247212905625618,612.3609095948099,1078.25663632497,0
978.9797982632131,-13.247212905625618,612.5047576633327,1078.25663632497,0
978.9797982632131,-13.257317760143465,612.5047576633327,1078.4025251620712,0
979.4385314706877,-13.257317760143465,612.6465062244424,1078.4025251620712,0
979.9040592005352,-13.257317760143465,612.7903542929654,1078.4025251620712,0
979.9040592005352,-13.267272847855029,612.7903542929654,1078.546251740907,0
980.36279240801,-13.267272847855029,612.9321028540751,1078.546251740907,0
980.36279240801,-13.277236745378728,612.9321028540751,1078.6901055114054,0
980.8283201378576,-13.277236745378728,613.0759509225979,1078.6901055114054,0
981.2938478677053,-13.277236745378728,613.2197989911209,1078.6901055114054,0
981.2938478677053,-13.287191833090294,613.2197989911209,1078.8338320902412,0
981.7527869697973,-13.287191833090294,613.3616111736674,1078.8338320902412,0
981.7527869697973,-13.297155730613992,613.3616111736674,1078.9776858607395,0
982.2115201772721,-13.297155730613992,613.5033597347771,1078.9776858607395,0
982.6770479071196,-13.297155730613992,613.6472078032999,1078.9776858607395,0
982.6770479071196,-13.307110818325558,613.6472078032999,1079.1214124395754,0
983.1425756369672,-13.307110818325558,613.7910558718229,1079.1214124395754,0
983.601308844442,-13.317074715849257,613.9328044329326,1079.2652662100736,0
984.0668365742895,-13.327029803560823,614.0766525014554,1079.4089927889095,0
984.5255697817643,-13.327029803560823,614.2184010625651,1079.4089927889095,0
984.9910975116119,-13.336993701084522,614.362249131088,1079.552846559408,0
985.4498307190867,-13.336993701084522,614.5039976921977,1079.552846559408,0
985.4498307190867,-13.346948788796087,614.5039976921977,1079.6965731382436,0
985.9153584489342,-13.346948788796087,614.6478457607207,1079.6965731382436,0
985.9153584489342,-13.356912686319786,614.6478457607207,1079.840426908742,0
986.3742975510263,-13.356912686319786,614.7896579432671,1079.840426908742,0
986.8398252808739,-13.356912686319786,614.93350601179,1079.840426908742,0
986.8398252808739,-13.366867774031352,614.93350601179,1079.9841534875777,0
987.2985584883487,-13.366867774031352,615.0752545728997,1079.9841534875777,0
987.7640862181962,-13.376822861742918,615.2191026414226,1080.1278800664134,0
988.2296139480437,-13.376822861742918,615.3629507099455,1080.1278800664134,0
988.6883471555186,-13.386786759266617,615.5046992710552,1080.2717338369118,0
989.1538748853661,-13.386786759266617,615.648547339578,1080.2717338369118,0
989.1538748853661,-13.396741846978182,615.648547339578,1080.4154604157475,0
989.6126080928409,-13.396741846978182,615.7902959006877,1080.4154604157475,0
990.0715471949329,-13.406705744501881,615.9321080832342,1080.559314186246,0
990.5370749247807,-13.406705744501881,616.0759561517572,1080.559314186246,0
990.5370749247807,-13.416660832213447,616.0759561517572,1080.7030407650816,0
991.0026026546282,-13.416660832213447,616.21980422028,1080.7030407650816,0
991.4613358621028,-13.426624729737146,616.3615527813897,1080.84689453558,0
991.9268635919505,-13.426624729737146,616.5054008499127,1080.84689453558,0
991.9268635919505,-13.436579817448711,616.5054008499127,1080.9906211144157,0
992.3855967994252,-13.436579817448711,616.6471494110224,1080.9906211144157,0
992.8511245292729,-13.44654371497241,616.7909974795452,1081.1344748849142,0
993.3098577367475,-13.44654371497241,616.9327460406549,1081.1344748849142,0
993.3098577367475,-13.456648569490255,616.9327460406549,1081.2803637220156,0
993.7753854665951,-13.456648569490255,617.0765941091779,1081.2803637220156,0
994.2341186740698,-13.456648569490255,617.2183426702876,1081.2803637220156,0
994.2341186740698,-13.466462700207675,617.2183426702876,1081.4220552342483,0
994.6996464039174,-13.466462700207675,617.3621907388105,1081.4220552342483,0
995.1585855060096,-13.47641778791924,617.5040029213569,1081.5657818130842,0
995.6241132358571,-13.47641778791924,617.6478509898798,1081.5657818130842,0
996.0896409657047,-13.486522642437086,617.7916990584027,1081.7116706501854,0
996.5483741731795,-13.486522642437086,617.9334476195124,1081.7116706501854,0
996.5483741731795,-13.496336773154505,617.9334476195124,1081.8533621624183,0
997.0071073806542,-13.496336773154505,618.0751961806221,1081.8533621624183,0
997.4726351105018,-13.496336773154505,618.219044249145,1081.8533621624183,0
997.4726351105018,-13.50644162767235,618.219044249145,1081.9992509995195,0
997.9313683179765,-13.50644162767235,618.3607928102547,1081.9992509995195,0
998.3968960478242,-13.50644162767235,618.5046408787776,1081.9992509995195,0
998.8624237776717,-13.50644162767235,618.6484889473005,1081.9992509995195,0
999.3211569851464,-13.50644162767235,618.7902375084102,1081.9992509995195,0
999.3211569851464,-13.516405525196049,618.7902375084102,1082.143104770018,0
999.7800960872385,-13.516405525196049,618.9320496909567,1082.143104770018,0
1000.2456238170861,-13.516405525196049,619.0758977594796,1082.143104770018,0
1000.2456238170861,-13.526360612907615,619.0758977594796,1082.2868313488536,0
1000.7111515469338,-13.526360612907615,619.2197458280025,1082.2868313488536,0
