x,y,pixel_x,pixel_y,gap_before
10.06286723261764,0.6663221779376068,273.1364984852869,722.4432384135431,0
10.089493480462707,0.6777792162595391,273.3637224466887,717.6794018792838,0
10.115877434298264,0.6788717247330474,273.58887871139575,717.2251368559989,0
10.115877434298264,0.6783253940222296,273.58887871139575,717.4523011655571,0
10.142261388133823,0.6734188180975275,273.81403497610273,719.4924554350482,0
10.168891363579036,0.6734188180975275,274.04129074822293,719.4924554350482,0
10.195275317414595,0.6810518473399896,274.26644701293,716.3186418760324,0
10.195275317414595,0.6619619327237225,274.26644701293,724.2562283734762,0
10.221655543650005,0.6706874704396929,274.4915714669186,720.6281497911757,0
10.24828551909522,0.6597767628285786,274.71882723903883,725.1648220158771,0
10.274669472930777,0.6815981780508074,274.9439835037458,716.0914775664744,0
10.274669472930777,0.6734188180975275,274.9439835037458,719.4924554350482,0
10.301295720775846,0.6750527629417791,275.17120746514763,718.8130611688083,0
10.327679674611403,0.6919876384439858,275.39636372985467,711.7715399349908,0
10.35406362844696,0.6810518473399896,275.62151999456165,716.3186418760324,0
10.35406362844696,0.6750527629417791,275.62151999456165,718.8130611688083,0
10.380689876292028,0.6788717247330474,275.8487439559635,717.2251368559989,0
10.407073830127585,0.6827157700171976,276.0739002206705,715.6267828268493,0
10.433457783963144,0.6788717247330474,276.29905648537755,717.2251368559989,0
10.433457783963144,0.672872640334837,276.29905648537755,719.7195561487748,0
10.459841737798701,0.6794180554438652,276.52421275008453,716.9979725464409,0
10.486467985643769,0.6821645449663052,276.75143671148635,715.8559822030104,0
10.512851939479326,0.6794180554438652,276.9765929761934,716.9979725464409,0
10.512851939479326,0.6608692713020868,276.9765929761934,724.7105569925924,0
10.53948191492454,0.6799642332065557,277.2038487483136,716.7708718327142,0
10.565865868760099,0.6723263096240191,277.42900501302057,719.946720458333,0
10.592249822595656,0.6788717247330474,277.6541612777276,717.2251368559989,0
10.592249822595656,0.6739601015201434,277.6541612777276,719.2673897879245,0
10.618630048831067,0.6761452714152874,277.87928573171627,718.3587961455236,0
10.645260024276281,0.6821645449663052,278.10654150383647,715.8559822030104,0
10.671643978111838,0.6750527629417791,278.33169776854345,718.8130611688083,0
10.671643978111838,0.6663221779376068,278.33169776854345,722.4432384135431,0
10.698270225956907,0.677237932836923,278.55892172994527,717.9044675264074,0
10.724654179792465,0.6761452714152874,278.7840779946523,718.3587961455236,0
10.751038133628022,0.6876223459418997,279.0092342593593,713.5866285573582,0
10.751038133628022,0.6810518473399896,279.0092342593593,716.3186418760324,0
10.77766438147309,0.6854371760467557,279.23645822076116,714.495222199759,0
10.804048335308647,0.6859885540457754,279.46161448546815,714.2659592277666,0
10.830432289144206,0.6810518473399896,279.6867707501752,716.3186418760324,0
10.830432289144206,0.6695949619661846,279.6867707501752,721.0824148144605,0
10.856816242979763,0.6848958926241397,279.91192701488217,714.7202878468828,0
10.88344249082483,0.6848958926241397,280.139150976284,714.7202878468828,0
10.909826444660387,0.6766865548379034,280.364307240991,718.1337304983998,0
10.909826444660387,0.6674146864111151,280.364307240991,721.9889733902584,0
10.936456420105602,0.6766865548379034,280.5915630131112,718.1337304983998,0
10.962840373941159,0.675599093652597,280.81671927781827,718.5858968592503,0
10.989224327776718,0.6734188180975275,281.04187554252525,719.4924554350482,0
10.989224327776718,0.6712338011505108,281.04187554252525,720.4009854816177,0
11.015850575621785,0.6706874704396929,281.26909950392707,720.6281497911757,0
11.042234529457343,0.6668685086484246,281.4942557686341,722.2160741039851,0
11.06886077730241,0.6838033841506314,281.7214797300359,715.1745528701675,0
11.06886077730241,0.6695949619661846,281.7214797300359,721.0824148144605,0
11.095244731137969,0.6712338011505108,281.94663599474296,720.4009854816177,0
11.121628684973526,0.6745064322309613,282.17179225944994,719.0402254783663,0
11.148012638809083,0.6865298374683914,282.396948524157,714.0408935806429,0
11.148012638809083,0.6739601015201434,282.396948524157,719.2673897879245,0
11.17463888665415,0.6805055166291717,282.6241724855588,716.5458061855904,0
11.20102284048971,0.6783253940222296,282.8493287502658,717.4523011655571,0
11.227652815934922,0.6717799789132013,283.07658452238604,720.173884767891,0
11.253790748160824,0.6925289218666019,283.2996412796798,711.546474287867,0
11.253790748160824,0.6717799789132013,283.2996412796798,720.173884767891,0
11.280416996005892,0.677237932836923,283.5268652410817,717.9044675264074,0
11.307046971451106,0.667961017121933,283.7541210132019,721.7618090807003,0
11.333430925286663,0.6783253940222296,283.97927727790886,717.4523011655571,0
11.333430925286663,0.675599093652597,283.97927727790886,718.5858968592503,0
11.36005717313173,0.6887099600753335,284.20650123931074,713.1343986006764,0
11.38644112696729,0.6734188180975275,284.4316575040177,719.4924554350482,0
11.412825080802847,0.6794180554438652,284.65681376872476,716.9979725464409,0
11.412825080802847,0.6690486312553667,284.65681376872476,721.3095791240186,0
11.439209034638404,0.6575966402216363,284.88197003343174,726.0713169958436,0
11.465835282483472,0.6761452714152874,285.10919399483356,718.3587961455236,0
11.49221923631903,0.6898075158370437,285.3343502595406,712.6780349149573,0
11.49221923631903,0.6821645449663052,285.3343502595406,715.8559822030104,0
11.518603190154588,0.6706874704396929,285.5595065242476,720.6281497911757,0
11.544987143990145,0.6827157700171976,285.7846627889546,715.6267828268493,0
11.571613391835212,0.6750527629417791,286.01188675035644,718.8130611688083,0
11.571613391835212,0.6734188180975275,286.01188675035644,719.4924554350482,0
11.598243367280427,0.6608692713020868,286.23914252247664,724.7105569925924,0
11.624627321115984,0.6706874704396929,286.4642987871837,720.6281497911757,0
11.651011274951543,0.6854371760467557,286.68945505189066,714.495222199759,0
11.651011274951543,0.6734188180975275,286.68945505189066,719.4924554350482,0
11.677391501186953,0.6766865548379034,286.9145795058793,718.1337304983998,0
11.704021476632168,0.6788717247330474,287.1418352779995,717.2251368559989,0
11.730405430467725,0.6739601015201434,287.36699154270656,719.2673897879245,0
11.730405430467725,0.6717799789132013,287.36699154270656,720.173884767891,0
11.757031678312792,0.6674146864111151,287.5942155041084,721.9889733902584,0
11.783415632148351,0.6701411397288751,287.81937176881536,720.8553141007338,0
11.809799585983908,0.6799642332065557,288.0445280335224,716.7708718327142,0
11.809799585983908,0.6766865548379034,288.0445280335224,718.1337304983998,0
11.836183539819466,0.6717799789132013,288.2696842982294,720.173884767891,0
11.862809787664533,0.6821645449663052,288.49690825963125,715.8559822030104,0
11.889439763109747,0.6794180554438652,288.72416403175146,716.9979725464409,0
11.889439763109747,0.6766865548379034,288.72416403175146,718.1337304983998,0
11.91557769533565,0.6690486312553667,288.9472207890453,721.3095791240186,0
11.942203943180717,0.6663221779376068,289.1744447504471,722.4432384135431,0
11.968587897016274,0.6641420553306646,289.3996010151541,723.3497333935097,0
11.968587897016274,0.6603230935393963,289.3996010151541,724.9376577063191,0
11.995217872461488,0.6548651396156746,289.62685678727433,727.2070749478025,0
12.021601826297045,0.6565039788000007,289.8520130519813,726.5256456149598,0
12.047985780132603,0.6876223459418997,290.07716931668836,713.5866285573582,0
12.047985780132603,0.6706874704396929,290.07716931668836,720.6281497911757,0
12.074612027977672,0.6734188180975275,290.3043932780902,719.4924554350482,0
12.100995981813229,0.6892611851262259,290.52954954279716,712.9051992245154,0
12.127379935648786,0.6766865548379034,290.7547058075042,718.1337304983998,0
12.127379935648786,0.6663221779376068,290.7547058075042,722.4432384135431,0
12.154006183493856,0.6859885540457754,290.981929768906,714.2659592277666,0
12.180390137329411,0.6761452714152874,291.20708603361305,718.3587961455236,0
12.20677409116497,0.6766865548379034,291.43224229832003,718.1337304983998,0
12.20677409116497,0.6745064322309613,291.43224229832003,719.0402254783663,0
12.233400339010037,0.6848958926241397,291.65946625972185,714.7202878468828,0
12.259784292845595,0.6695949619661846,291.8846225244289,721.0824148144605,0
12.286414268290809,0.6706874704396929,292.1118782965491,720.6281497911757,0
12.286414268290809,0.6554165176146942,292.1118782965491,726.9778119758103,0
12.312798222126366,0.667961017121933,292.33703456125613,721.7618090807003,0
12.339178448361778,0.6701411397288751,292.56215901524473,720.8553141007338,0
12.365808423806993,0.6985330535530141,292.78941478736493,709.0499563326568,0
12.39219237764255,0.6925289218666019,293.014571052072,711.546474287867,0
12.39219237764255,0.6674146864111151,293.014571052072,721.9889733902584,0
12.418576331478107,0.6799642332065557,293.23972731677895,716.7708718327142,0
12.445202579323176,0.6641420553306646,293.46695127818083,723.3497333935097,0
12.471586533158732,0.6810518473399896,293.6921075428878,716.3186418760324,0
12.471586533158732,0.6554165176146942,293.6921075428878,726.9778119758103,0
12.49797048699429,0.6892611851262259,293.91726380759485,712.9051992245154,0
12.524596734839358,0.6723263096240191,294.14448776899667,719.946720458333,0
12.550980688674915,0.6821645449663052,294.36964403370365,715.8559822030104,0
12.550980688674915,0.6794180554438652,294.36964403370365,716.9979725464409,0
12.577364642510474,0.6685073478327508,294.5948002984107,721.5346447711423,0
12.603748596346032,0.6761452714152874,294.81995656311767,718.3587961455236,0
12.630374844191099,0.6783253940222296,295.04718052451955,717.4523011655571,0
12.630374844191099,0.6668685086484246,295.04718052451955,722.2160741039851,0
12.657004819636313,0.675599093652597,295.27443629663975,718.5858968592503,0
12.68338877347187,0.6810518473399896,295.49959256134673,716.3186418760324,0
12.709772727307428,0.6810518473399896,295.72474882605377,716.3186418760324,0
12.709772727307428,0.6777792162595391,295.72474882605377,717.6794018792838,0
12.736398975152497,0.6750527629417791,295.9519727874556,718.8130611688083,0
12.762782928988054,0.663049393909029,296.17712905216257,723.8040620126258,0
12.790385808071454,0.6766865548379034,296.4126874217805,718.1337304983998,0
12.790385808071454,0.6761452714152874,296.4126874217805,718.3587961455236,0
12.816769761907011,0.672872640334837,296.6378436864875,719.7195561487748,0
12.84315371574257,0.6766865548379034,296.8629999511945,718.1337304983998,0
12.869783691187784,0.6663221779376068,297.0902557233147,722.4432384135431,0
12.869783691187784,0.665234563804173,297.0902557233147,722.895468370225,0
12.896163917423195,0.6832570534398136,297.3153801773033,715.4017171797256,0
12.922547871258752,0.6788717247330474,297.54053644201036,717.2251368559989,0
12.94893182509431,0.6985330535530141,297.76569270671735,709.0499563326568,0
12.94893182509431,0.6625032161463384,297.76569270671735,724.0311627263525,0
12.975561800539523,0.6919876384439858,297.9929484788376,711.7715399349908,0
13.001945754375082,0.6805055166291717,298.2181047435446,716.5458061855904,0
13.02857200222015,0.6815981780508074,298.4453287049464,716.0914775664744,0
13.02857200222015,0.672872640334837,298.4453287049464,719.7195561487748,0
13.054955956055707,0.6854371760467557,298.67048496965344,714.495222199759,0
13.081339909891264,0.6663221779376068,298.8956412343604,722.4432384135431,0
13.107966157736332,0.6712338011505108,299.1228651957623,720.4009854816177,0
13.107966157736332,0.6690486312553667,299.1228651957623,721.3095791240186,0
13.13435011157189,0.6799642332065557,299.3480214604693,716.7708718327142,0
13.160734065407448,0.6674146864111151,299.5731777251763,721.9889733902584,0
13.187360313252515,0.6794180554438652,299.80040168657814,716.9979725464409,0
13.187360313252515,0.6745064322309613,299.80040168657814,719.0402254783663,0
13.213744267088073,0.6701411397288751,300.0255579512851,720.8553141007338,0
13.24012822092363,0.6701411397288751,300.25071421599216,720.8553141007338,0
13.266758196368844,0.694167761050928,300.47796998811236,710.8650449550242,0
13.266758196368844,0.6799642332065557,300.47796998811236,716.7708718327142,0
13.293138422604256,0.6777792162595391,300.703094442101,717.6794018792838,0
13.31976839804947,0.675599093652597,300.9303502142212,718.5858968592503,0
13.34590633027537,0.6843495619133219,301.15340697151504,714.9474521564408,0
13.34590633027537,0.675599093652597,301.15340697151504,718.5858968592503,0
13.372536305720585,0.6881686766527175,301.38066274363524,713.3594642478001,0
13.398920259556142,0.6832570534398136,301.6058190083422,715.4017171797256,0
13.425546507401211,0.6777792162595391,301.8330429697441,717.6794018792838,0
13.425546507401211,0.6701411397288751,301.8330429697441,720.8553141007338,0
13.451930461236769,0.6865298374683914,302.0581992344511,714.0408935806429,0
13.478314415072326,0.6936214303401101,302.2833554991581,711.0922092645823,0
13.504940662917393,0.6870760152310819,302.51057946055994,713.8137928669162,0
13.504940662917393,0.6745064322309613,302.51057946055994,719.0402254783663,0
13.531324616752952,0.6821645449663052,302.7357357252669,715.8559822030104,0
13.557954592198165,0.6603230935393963,302.9629914973872,724.9376577063191,0
13.584334818433577,0.6663221779376068,303.1881159513758,722.4432384135431,0
13.610718772269134,0.691441307733168,303.4132722160828,711.9987042445488,0
13.610718772269134,0.6690486312553667,303.4132722160828,721.3095791240186,0
13.637102726104692,0.6739601015201434,303.6384284807898,719.2673897879245,0
13.663732701549906,0.6739601015201434,303.86568425291,719.2673897879245,0
13.690112927785318,0.6777792162595391,304.09080870689866,717.6794018792838,0
13.690112927785318,0.6745064322309613,304.09080870689866,719.0402254783663,0
13.716742903230532,0.6745064322309613,304.31806447901886,719.0402254783663,0
13.74312685706609,0.6750527629417791,304.5432207437259,718.8130611688083,0
13.769510810901647,0.6996255620265225,304.7683770084329,708.595691309372,0
13.769510810901647,0.6739601015201434,304.7683770084329,719.2673897879245,0
13.796137058746714,0.6799642332065557,304.9956009698347,716.7708718327142,0
13.822521012582271,0.6794180554438652,305.22075723454174,716.9979725464409,0
13.84914726042734,0.6870760152310819,305.44798119594356,713.8137928669162,0
13.84914726042734,0.6783253940222296,305.44798119594356,717.4523011655571,0
13.875531214262898,0.6799642332065557,305.6731374606506,716.7708718327142,0
13.901915168098455,0.6745064322309613,305.8982937253576,719.0402254783663,0
13.928299121934014,0.6865298374683914,306.1234499900646,714.0408935806429,0
13.928299121934014,0.6788717247330474,306.1234499900646,717.2251368559989,0
13.954929097379226,0.6963478836578701,306.3507057621848,709.9585499750576,0
13.981313051214784,0.694167761050928,306.5758620268918,710.8650449550242,0
14.007693277450196,0.6919876384439858,306.80098648088045,711.7715399349908,0
14.007693277450196,0.6821645449663052,306.80098648088045,715.8559822030104,0
14.03432325289541,0.6870760152310819,307.02824225300066,713.8137928669162,0
14.060707206730967,0.6947140917617458,307.2533985177077,710.6378806454661,0
14.087333454576036,0.6979867228421963,307.4806224791095,709.2771206422149,0
14.087333454576036,0.6706874704396929,307.4806224791095,720.6281497911757,0
14.113717408411594,0.6799642332065557,307.7057787438165,716.7708718327142,0
14.140101362247151,0.675599093652597,307.93093500852353,718.5858968592503,0
14.166727610092218,0.6766865548379034,308.15815896992535,718.1337304983998,0
14.193111563927776,0.672872640334837,308.3833152346324,719.7195561487748,0
14.219495517763335,0.6761452714152874,308.6084714993394,718.3587961455236,0
14.246121765608402,0.672872640334837,308.8356954607412,719.7195561487748,0
14.246121765608402,0.6526850170087324,308.8356954607412,728.1135699277692,0
14.27250571944396,0.6646833387532807,309.06085172544823,723.124667746386,0
14.298889673279517,0.6723263096240191,309.2860079901552,719.946720458333,0
14.325273627115076,0.6958066002352542,309.51116425486225,710.1836156221814,0
14.325273627115076,0.667961017121933,309.51116425486225,721.7618090807003,0
14.351903602560288,0.6657808945149908,309.73842002698245,722.6683040606669,0
14.378529850405357,0.6766865548379034,309.9656439883843,718.1337304983998,0
14.404667782631257,0.6936214303401101,310.1887007456781,711.0922092645823,0
14.404667782631257,0.6690486312553667,310.1887007456781,721.3095791240186,0
14.431297758076472,0.6810518473399896,310.4159565177983,716.3186418760324,0
14.457924005921539,0.6848958926241397,310.6431804792001,714.7202878468828,0
14.484307959757096,0.6788717247330474,310.86833674390715,717.2251368559989,0
14.484307959757096,0.6761452714152874,310.86833674390715,718.3587961455236,0
14.510691913592655,0.6750527629417791,311.09349300861413,718.8130611688083,0
14.537075867428213,0.6761452714152874,311.31864927332117,718.3587961455236,0
14.56370211527328,0.6734188180975275,311.545873234723,719.4924554350482,0
14.56370211527328,0.6674146864111151,311.545873234723,721.9889733902584,0
14.590086069108839,0.6706874704396929,311.77102949943,720.6281497911757,0
14.616470022944396,0.6657808945149908,311.996185764137,722.6683040606669,0
14.643096270789464,0.6734188180975275,312.22340972553883,719.4924554350482,0
14.643096270789464,0.6701411397288751,312.22340972553883,720.8553141007338,0
14.66948022462502,0.6810518473399896,312.44856599024587,716.3186418760324,0
14.695864178460578,0.665234563804173,312.67372225495285,722.895468370225,0
14.722494153905792,0.6739601015201434,312.9009780270731,719.2673897879245,0
14.74887810774135,0.6777792162595391,313.1261342917801,717.6794018792838,0
14.74887810774135,0.6739601015201434,313.1261342917801,719.2673897879245,0
14.775504355586417,0.6854371760467557,313.3533582531819,714.495222199759,0
14.801888309421976,0.667961017121933,313.57851451788895,721.7618090807003,0
14.828272263257533,0.672872640334837,313.80367078259593,719.7195561487748,0
14.828272263257533,0.6663221779376068,313.80367078259593,722.4432384135431,0
14.8548985111026,0.6854371760467557,314.0308947439978,714.495222199759,0
14.88128246493816,0.663049393909029,314.2560510087048,723.8040620126258,0
14.907666418773717,0.6777792162595391,314.4812072734118,717.6794018792838,0
14.907666418773717,0.6766865548379034,314.4812072734118,718.1337304983998,0
14.934292666618784,0.6876223459418997,314.70843123481365,713.5866285573582,0
14.960676620454342,0.6641420553306646,314.9335874995206,723.3497333935097,0
14.987060574289899,0.6859885540457754,315.15874376422767,714.2659592277666,0
14.987060574289899,0.6799642332065557,315.15874376422767,716.7708718327142,0
15.013690549735113,0.6838033841506314,315.38599953634787,715.1745528701675,0
15.040070775970523,0.6827157700171976,315.6111239903365,715.6267828268493,0
15.066454729806082,0.6766865548379034,315.8362802550435,718.1337304983998,0
15.066454729806082,0.6586891486951447,315.8362802550435,725.6170519725589,0
15.093084705251297,0.6657808945149908,316.0635360271637,722.6683040606669,0
15.119468659086854,0.6701411397288751,316.28869229187075,720.8553141007338,0
15.146094906931921,0.6843495619133219,316.51591625327256,714.9474521564408,0
15.146094906931921,0.6668685086484246,316.51591625327256,722.2160741039851,0
15.17247886076748,0.672872640334837,316.7410725179796,719.7195561487748,0
15.198862814603038,0.651051225112608,316.9662287826866,728.7929005981777,0
15.225489062448105,0.6947140917617458,317.1934527440884,710.6378806454661,0
15.225489062448105,0.6695949619661846,317.1934527440884,721.0824148144605,0
15.251873016283662,0.667961017121933,317.41860900879544,721.7618090807003,0
15.27825697011922,0.6668685086484246,317.6437652735024,722.2160741039851,0
15.304886945564434,0.6843495619133219,317.8710210456227,714.9474521564408,0
15.304886945564434,0.6745064322309613,317.8710210456227,719.0402254783663,0
15.331267171799844,0.6685073478327508,318.0961454996113,721.5346447711423,0
15.357651125635403,0.6750527629417791,318.3213017643183,718.8130611688083,0
15.384035079470962,0.6712338011505108,318.5464580290253,720.4009854816177,0
15.384035079470962,0.6685073478327508,318.5464580290253,721.5346447711423,0
15.410665054916175,0.6734188180975275,318.7737138011455,719.4924554350482,0
15.437291302761242,0.6657808945149908,319.0009377625474,722.6683040606669,0
15.463429234987144,0.6810518473399896,319.22399451984114,716.3186418760324,0
15.463429234987144,0.6745064322309613,319.22399451984114,719.0402254783663,0
15.490059210432358,0.6838033841506314,319.4512502919614,715.1745528701675,0
15.516685458277426,0.6745064322309613,319.6784742533632,719.0402254783663,0
15.543069412112983,0.6739601015201434,319.9036305180702,719.2673897879245,0
15.543069412112983,0.6674146864111151,319.9036305180702,721.9889733902584,0
15.569453365948542,0.6788717247330474,320.12878678277724,717.2251368559989,0
15.5958373197841,0.6614156020129047,320.3539430474842,724.4833926830343,0
15.622463567629167,0.6706874704396929,320.5811670088861,720.6281497911757,0
15.622463567629167,0.6701411397288751,320.5811670088861,720.8553141007338,0
15.648847521464724,0.6641420553306646,320.8063232735931,723.3497333935097,0
15.675231475300283,0.6761452714152874,321.0314795383001,718.3587961455236,0
15.701861450745495,0.677237932836923,321.2587353104203,717.9044675264074,0
15.701861450745495,0.6761452714152874,321.2587353104203,718.3587961455236,0
15.728241676980907,0.6712338011505108,321.4838597644089,720.4009854816177,0
15.754625630816465,0.6908949770223501,321.70901602911596,712.2258685541069,0
15.781255606261679,0.6843495619133219,321.93627180123616,714.9474521564408,0
15.781255606261679,0.6766865548379034,321.93627180123616,718.1337304983998,0
15.807881854106746,0.6685073478327508,322.163495762638,721.5346447711423,0
15.834265807942305,0.6745064322309613,322.388652027345,719.0402254783663,0
15.860649761777863,0.677237932836923,322.613808292052,717.9044675264074,0
15.88703371561342,0.6827157700171976,322.83896455675904,715.6267828268493,0
15.88703371561342,0.6619619327237225,322.83896455675904,724.2562283734762,0
15.913659963458487,0.6625032161463384,323.06618851816086,724.0311627263525,0
15.940043917294044,0.6717799789132013,323.2913447828679,720.173884767891,0
15.966427871129603,0.6750527629417791,323.5165010475749,718.8130611688083,0
15.966427871129603,0.6695949619661846,323.5165010475749,721.0824148144605,0
15.993054118974669,0.6815981780508074,323.7437250089767,716.0914775664744,0
16.019438072810228,0.667961017121933,323.96888127368373,721.7618090807003,0
16.045822026645787,0.6799642332065557,324.1940375383907,716.7708718327142,0
16.045822026645787,0.667961017121933,324.1940375383907,721.7618090807003,0
16.072452002090998,0.6690486312553667,324.421293310511,721.3095791240186,0
16.098835955926557,0.6799642332065557,324.64644957521796,716.7708718327142,0
16.12521618216197,0.6810518473399896,324.8715740292066,716.3186418760324,0
16.12521618216197,0.667961017121933,324.8715740292066,721.7618090807003,0
16.15184615760718,0.6603230935393963,325.0988298013268,724.9376577063191,0
16.17823011144274,0.6641420553306646,325.3239860660338,723.3497333935097,0
16.20485635928781,0.6838033841506314,325.5512100274357,715.1745528701675,0
16.20485635928781,0.665234563804173,325.5512100274357,722.895468370225,0
16.231240313123365,0.6838033841506314,325.77636629214265,715.1745528701675,0
16.257624266958924,0.6799642332065557,326.0015225568497,716.7708718327142,0
16.28425051480399,0.6815981780508074,326.2287465182515,716.0914775664744,0
16.28425051480399,0.6739601015201434,326.2287465182515,719.2673897879245,0
16.31063446863955,0.6739601015201434,326.4539027829585,719.2673897879245,0
16.337018422475108,0.6892611851262259,326.67905904766553,712.9051992245154,0
16.363644670320173,0.6810518473399896,326.90628300906735,716.3186418760324,0
16.363644670320173,0.667961017121933,326.90628300906735,721.7618090807003,0
16.390028624155732,0.6979867228421963,327.1314392737744,709.2771206422149,0
16.416412577991288,0.6717799789132013,327.3565955384814,720.173884767891,0
16.443042553436506,0.691441307733168,327.5838513106016,711.9987042445488,0
16.443042553436506,0.6854371760467557,327.5838513106016,714.495222199759,0
16.46942650727206,0.6876223459418997,327.8090075753086,713.5866285573582,0
16.495810461107617,0.6815981780508074,328.0341638400156,716.0914775664744,0
16.52219068734303,0.6827157700171976,328.25928829400425,715.6267828268493,0
16.52219068734303,0.6777792162595391,328.25928829400425,717.6794018792838,0
16.548820662788245,0.6674146864111151,328.48654406612445,721.9889733902584,0
16.57544691063331,0.6712338011505108,328.71376802752627,720.4009854816177,0
16.60183086446887,0.6815981780508074,328.9389242922333,716.0914775664744,0
16.60183086446887,0.6608692713020868,328.9389242922333,724.7105569925924,0
16.62821481830443,0.6761452714152874,329.1640805569403,718.3587961455236,0
16.654598772139984,0.6810518473399896,329.38923682164733,716.3186418760324,0
16.681225019985053,0.6783253940222296,329.61646078304915,717.4523011655571,0
16.681225019985053,0.6695949619661846,329.61646078304915,721.0824148144605,0
16.707608973820612,0.6663221779376068,329.8416170477562,722.4432384135431,0
16.734238949265823,0.6870760152310819,330.0688728198764,713.8137928669162,0
16.760619175501237,0.6848958926241397,330.293997273865,714.7202878468828,0
16.760619175501237,0.677237932836923,330.293997273865,717.9044675264074,0
16.787003129336792,0.6712338011505108,330.519153538572,720.4009854816177,0
16.81338708317235,0.6766865548379034,330.744309803279,718.1337304983998,0
16.840017058617565,0.6903487992596596,330.9715655753992,712.4529692678336,0
16.840017058617565,0.6592304321177607,330.9715655753992,725.3919863254351,0
16.866643306462635,0.6761452714152874,331.1987895368011,718.3587961455236,0
16.89278496628868,0.6701411397288751,331.42187810481323,720.8553141007338,0
16.91941121413375,0.677237932836923,331.6491020662151,717.9044675264074,0
16.91941121413375,0.6685073478327508,331.6491020662151,721.5346447711423,0
16.946525777597984,0.6668685086484246,331.8804932317249,722.2160741039851,0
16.973155753043194,0.6608692713020868,332.1077490038452,724.7105569925924,0
16.999539706878753,0.6723263096240191,332.33290526855217,719.946720458333,0
17.025923660714312,0.6734188180975275,332.5580615332592,719.4924554350482,0
17.025923660714312,0.6635957246198468,332.5580615332592,723.5768977030677,0
17.052303886949723,0.6695949619661846,332.7831859872478,721.0824148144605,0
17.078933862394937,0.677237932836923,333.010441759368,717.9044675264074,0
17.105317816230496,0.677237932836923,333.23559802407505,717.9044675264074,0
17.105317816230496,0.6734188180975275,333.23559802407505,719.4924554350482,0
17.13170177006605,0.6608692713020868,333.460754288782,724.7105569925924,0
17.15832801791112,0.6674146864111151,333.6879782501839,721.9889733902584,0
17.18471197174668,0.6859885540457754,333.9131345148909,714.2659592277666,0
17.18471197174668,0.6815981780508074,333.9131345148909,716.0914775664744,0
17.211095925582235,0.6881686766527175,334.1382907795979,713.3594642478001,0
17.2377221734273,0.6783253940222296,334.36551474099974,717.4523011655571,0
17.26435214887252,0.6695949619661846,334.59277051311994,721.0824148144605,0
17.26435214887252,0.6603230935393963,334.59277051311994,724.9376577063191,0
17.29049008109842,0.6805055166291717,334.81582727041376,716.5458061855904,0
17.317120056543633,0.6603230935393963,335.04308304253396,724.9376577063191,0
17.343500282779043,0.6859885540457754,335.2682074965226,714.2659592277666,0
17.343500282779043,0.6635957246198468,335.2682074965226,723.5768977030677,0
17.370130258224258,0.6674146864111151,335.4954632686428,721.9889733902584,0
17.396514212059817,0.6723263096240191,335.7206195333498,719.946720458333,0
17.422898165895372,0.6783253940222296,335.94577579805684,717.4523011655571,0
17.422898165895372,0.6761452714152874,335.94577579805684,718.3587961455236,0
17.44952441374044,0.6739601015201434,336.17299975945866,719.2673897879245,0
17.475908367575997,0.6739601015201434,336.3981560241657,719.2673897879245,0
17.502292321411556,0.6706874704396929,336.6233122888727,720.6281497911757,0
17.502292321411556,0.6603230935393963,336.6233122888727,724.9376577063191,0
17.528918569256625,0.6783253940222296,336.8505362502745,717.4523011655571,0
17.55530252309218,0.6657808945149908,337.07569251498154,722.6683040606669,0
17.58168647692774,0.6712338011505108,337.3008487796885,720.4009854816177,0
17.58168647692774,0.6619619327237225,337.3008487796885,724.2562283734762,0
17.60831272477281,0.6815981780508074,337.5280727410904,716.0914775664744,0
17.634696678608364,0.6646833387532807,337.7532290057974,723.124667746386,0
17.66132665405358,0.6777792162595391,337.9804847779176,717.6794018792838,0
17.66132665405358,0.6586891486951447,337.9804847779176,725.6170519725589,0
17.687710607889137,0.6646833387532807,338.2056410426246,723.124667746386,0
17.714094561724693,0.6739601015201434,338.4307973073316,719.2673897879245,0
17.740720809569762,0.6827157700171976,338.6580212687335,715.6267828268493,0
17.740720809569762,0.675599093652597,338.6580212687335,718.5858968592503,0
17.76710476340532,0.665234563804173,338.88317753344046,722.895468370225,0
17.793488717240876,0.677237932836923,339.1083337981475,717.9044675264074,0
17.820114965085942,0.6690486312553667,339.3355577595493,721.3095791240186,0
17.820114965085942,0.663049393909029,339.3355577595493,723.8040620126258,0
17.8464989189215,0.6908949770223501,339.5607140242563,712.2258685541069,0
17.87288287275706,0.6674146864111151,339.78587028896334,721.9889733902584,0
17.899509120602126,0.6799642332065557,340.01309425036516,716.7708718327142,0
17.899509120602126,0.6734188180975275,340.01309425036516,719.4924554350482,0
17.925893074437685,0.6777792162595391,340.2382505150722,717.6794018792838,0
17.952277028273244,0.6745064322309613,340.4634067797792,719.0402254783663,0
17.9786609821088,0.6739601015201434,340.6885630444862,719.2673897879245,0
17.9786609821088,0.6685073478327508,340.6885630444862,721.5346447711423,0
18.00528722995387,0.6777792162595391,340.91578700588803,717.6794018792838,0
18.031917205399083,0.6701411397288751,341.14304277800824,720.8553141007338,0
18.058301159234638,0.6799642332065557,341.3681990427153,716.7708718327142,0
18.058301159234638,0.6739601015201434,341.3681990427153,719.2673897879245,0
18.084685113070197,0.672872640334837,341.59335530742226,719.7195561487748,0
18.111311360915266,0.6559578010373102,341.8205792688241,726.7527463286865,0
18.13769531475082,0.6635957246198468,342.0457355335311,723.5768977030677,0
18.16407926858638,0.6750527629417791,342.2708917982381,718.8130611688083,0
18.16407926858638,0.6706874704396929,342.2708917982381,720.6281497911757,0
18.19046322242194,0.6559578010373102,342.49604806294514,726.7527463286865,0
18.217089470267005,0.6815981780508074,342.72327202434695,716.0914775664744,0
18.243473424102564,0.675599093652597,342.948428289054,718.5858968592503,0
18.269857377938123,0.6739601015201434,343.173584553761,719.2673897879245,0
18.29648362578319,0.6919876384439858,343.4008085151628,711.7715399349908,0
18.323113601228403,0.6739601015201434,343.62806428728305,719.2673897879245,0
18.323113601228403,0.6712338011505108,343.62806428728305,720.4009854816177,0
18.349251533454307,0.6810518473399896,343.8511210445768,716.3186418760324,0
18.375877781299373,0.6690486312553667,344.0783450059787,721.3095791240186,0
18.402507756744583,0.6777792162595391,344.3056007780989,717.6794018792838,0
18.402507756744583,0.6734188180975275,344.3056007780989,719.4924554350482,0
18.428891710580142,0.6701411397288751,344.5307570428059,720.8553141007338,0
18.4552756644157,0.6794180554438652,344.7559133075129,716.9979725464409,0
18.48165961825126,0.6854371760467557,344.9810695722199,714.495222199759,0
18.48165961825126,0.6766865548379034,344.9810695722199,718.1337304983998,0
18.508285866096326,0.6608692713020868,345.20829353362177,724.7105569925924,0
18.534669819931885,0.6799642332065557,345.43344979832875,716.7708718327142,0
18.56105377376744,0.6848958926241397,345.65860606303573,714.7202878468828,0
18.56105377376744,0.6701411397288751,345.65860606303573,720.8553141007338,0
18.58768002161251,0.6821645449663052,345.8858300244376,715.8559822030104,0
18.61406397544807,0.6843495619133219,346.1109862891446,714.9474521564408,0
18.640447929283624,0.6919876384439858,346.33614255385163,711.7715399349908,0
18.640447929283624,0.6810518473399896,346.33614255385163,716.3186418760324,0
18.66707790472884,0.6865298374683914,346.56339832597183,714.0408935806429,0
18.693458130964252,0.6903487992596596,346.78852277996043,712.4529692678336,0
18.720088106409463,0.7018056846334646,347.0157785520807,707.6891963294055,0
18.720088106409463,0.7001668454491384,347.0157785520807,708.3706256622484,0
18.746472060245022,0.7121702144818886,347.24093481678767,703.3796248184308,0
18.772852286480436,0.7050784686620424,347.4660592707763,706.3283727303228,0
18.799482261925647,0.7099900918749463,347.69331504289653,704.2861197983974,0
18.799482261925647,0.7061709771355508,347.69331504289653,705.8741077070381,0
18.825866215761206,0.6996255620265225,347.9184713076035,708.595691309372,0
18.852250169596765,0.677237932836923,348.14362757231055,717.9044675264074,0
18.87887641744183,0.6887099600753335,348.37085153371237,713.1343986006764,0
18.87887641744183,0.6865298374683914,348.37085153371237,714.0408935806429,0
18.90526037127739,0.6936214303401101,348.5960077984194,711.0922092645823,0
18.93164432511295,0.7018056846334646,348.8211640631264,707.6891963294055,0
18.958270572958014,0.6963478836578701,349.0483880245282,709.9585499750576,0
18.958270572958014,0.6832570534398136,349.0483880245282,715.4017171797256,0
18.984654526793573,0.691441307733168,349.27354428923525,711.9987042445488,0
19.011038480629132,0.7148965148515212,349.49870055394223,702.2460291247376,0
19.037668456074343,0.7536479112358823,349.7259563260625,686.1331985081202,0
19.037668456074343,0.715442845562339,349.7259563260625,702.0188648151795,0
19.064052409909902,0.7334503462815014,349.95111259076947,694.5313460161518,0
19.090678657754967,0.7405419391532202,350.1783365521713,691.5826617000911,0
19.117062611590526,0.7307188456755396,350.4034928168783,695.6671039681107,0
19.117062611590526,0.720354468775243,350.4034928168783,699.976611883254,0
19.143446565426082,0.7083510997424929,350.6286490815853,704.9676127270716,0
19.17007281327115,0.6887099600753335,350.8558730429872,713.1343986006764,0
19.19645676710671,0.6859885540457754,351.08102930769417,714.2659592277666,0
19.19645676710671,0.6717799789132013,351.08102930769417,720.173884767891,0
19.222840720942266,0.6838033841506314,351.3061855724012,715.1745528701675,0
19.249224674777825,0.6701411397288751,351.5313418371082,720.8553141007338,0
19.275608628613384,0.6892611851262259,351.7564981018152,712.9051992245154,0
19.30223487645845,0.6766865548379034,351.98372206321704,718.1337304983998,0
19.32861883029401,0.6799642332065557,352.208878327924,716.7708718327142,0
19.355245078139077,0.665234563804173,352.4361022893259,722.895468370225,0
19.381629031974633,0.6815981780508074,352.6612585540329,716.0914775664744,0
19.381629031974633,0.6783253940222296,352.6612585540329,717.4523011655571,0
19.40801298581019,0.665234563804173,352.8864148187399,722.895468370225,0
19.434642961255406,0.675599093652597,353.1136705908601,718.5858968592503,0
19.46126920910047,0.6717799789132013,353.34089455226194,720.173884767891,0
19.46126920910047,0.6657808945149908,353.34089455226194,722.6683040606669,0
19.48765316293603,0.6586891486951447,353.566050816969,725.6170519725589,0
19.51403711677159,0.6859885540457754,353.79120708167596,714.2659592277666,0
19.540421070607145,0.6766865548379034,354.016363346383,718.1337304983998,0
19.540421070607145,0.6750527629417791,354.016363346383,718.8130611688083,0
19.566801296842556,0.6734188180975275,354.2414878003716,719.4924554350482,0
19.593431272287773,0.6783253940222296,354.4687435724918,717.4523011655571,0
19.61981522612333,0.6766865548379034,354.69389983719884,718.1337304983998,0
19.61981522612333,0.6706874704396929,354.69389983719884,720.6281497911757,0
19.646199179958884,0.6701411397288751,354.9190561019058,720.8553141007338,0
19.672825427803954,0.6815981780508074,355.1462800633077,716.0914775664744,0
19.699209381639513,0.6848958926241397,355.3714363280147,714.7202878468828,0
19.699209381639513,0.6717799789132013,355.3714363280147,720.173884767891,0
19.72583562948458,0.6805055166291717,355.5986602894165,716.5458061855904,0
19.752219583320137,0.6903487992596596,355.82381655412354,712.4529692678336,0
19.778603537155696,0.6810518473399896,356.0489728188305,716.3186418760324,0
19.778603537155696,0.6690486312553667,356.0489728188305,721.3095791240186,0
19.805233512600907,0.667961017121933,356.2762285909508,721.7618090807003,0
19.831617466436466,0.677237932836923,356.50138485565776,717.9044675264074,0
19.858001420272025,0.6739601015201434,356.7265411203648,719.2673897879245,0
19.858001420272025,0.6603230935393963,356.7265411203648,724.9376577063191,0
19.88462766811709,0.6777792162595391,356.9537650817666,717.6794018792838,0
19.91101162195265,0.6805055166291717,357.1789213464736,716.5458061855904,0
19.93739557578821,0.6827157700171976,357.40407761118064,715.6267828268493,0
19.93739557578821,0.6668685086484246,357.40407761118064,722.2160741039851,0
19.964021823633274,0.6876223459418997,357.63130157258246,713.5866285573582,0
19.990405777468833,0.6717799789132013,357.8564578372895,720.173884767891,0
20.017035752914047,0.6668685086484246,358.0837136094097,722.2160741039851,0
20.017035752914047,0.663049393909029,358.0837136094097,723.8040620126258,0
20.043173685139948,0.6674146864111151,358.3067703667035,721.9889733902584,0
20.069799932985013,0.677237932836923,358.53399432810534,717.9044675264074,0
20.096426180830086,0.672872640334837,358.76121828950716,719.7195561487748,0
20.096426180830086,0.6717799789132013,358.76121828950716,720.173884767891,0
20.12281013466564,0.6592304321177607,358.9863745542142,725.3919863254351,0
20.149194088501197,0.6668685086484246,359.2115308189212,722.2160741039851,0
20.175578042336756,0.6783253940222296,359.4366870836282,717.4523011655571,0
20.175578042336756,0.6657808945149908,359.4366870836282,722.6683040606669,0
20.20220801778197,0.6892611851262259,359.6639428557484,712.9051992245154,0
20.228591971617526,0.675599093652597,359.8890991204554,718.5858968592503,0
20.2552182194626,0.6887099600753335,360.1163230818573,713.1343986006764,0
20.2552182194626,0.6794180554438652,360.1163230818573,716.9979725464409,0
20.281602173298154,0.6706874704396929,360.34147934656426,720.6281497911757,0
20.30798612713371,0.6739601015201434,360.5666356112713,719.2673897879245,0
20.33437008096927,0.6706874704396929,360.7917918759783,720.6281497911757,0
20.33437008096927,0.665234563804173,360.7917918759783,722.895468370225,0
20.360996328814338,0.6815981780508074,361.0190158373801,716.0914775664744,0
20.38762630425955,0.6887099600753335,361.24627160950035,713.1343986006764,0
20.41401025809511,0.6712338011505108,361.47142787420734,720.4009854816177,0
20.41401025809511,0.6657808945149908,361.47142787420734,722.6683040606669,0
20.44039048433052,0.6701411397288751,361.696552328196,720.8553141007338,0
20.466774438166077,0.6641420553306646,361.921708592903,723.3497333935097,0
20.493400686011146,0.6815981780508074,362.1489325543048,716.0914775664744,0
20.519784639846705,0.6821645449663052,362.37408881901183,715.8559822030104,0
20.519784639846705,0.675599093652597,362.37408881901183,718.5858968592503,0
20.54616859368226,0.6706874704396929,362.5992450837188,720.6281497911757,0
20.572798569127475,0.6794180554438652,362.8265008558391,716.9979725464409,0
20.599182522963034,0.6739601015201434,363.05165712054605,719.2673897879245,0
20.599182522963034,0.6717799789132013,363.05165712054605,720.173884767891,0
20.62556647679859,0.675599093652597,363.2768133852531,718.5858968592503,0
20.652192724643655,0.6766865548379034,363.5040373466549,718.1337304983998,0
20.678576678479217,0.6799642332065557,363.7291936113619,716.7708718327142,0
20.678576678479217,0.6783253940222296,363.7291936113619,717.4523011655571,0
20.704960632314773,0.6810518473399896,363.95434987606893,716.3186418760324,0
20.73158688015984,0.694167761050928,364.18157383747075,710.8650449550242,0
20.757970833995397,0.6919876384439858,364.4067301021778,711.7715399349908,0
20.757970833995397,0.6859885540457754,364.4067301021778,714.2659592277666,0
20.78460080944061,0.7023520153442824,364.633985874298,707.4620320198475,0
20.810984763276167,0.6958066002352542,364.859142139005,710.1836156221814,0
20.83736498951158,0.7061709771355508,365.08426659299363,705.8741077070381,0
20.83736498951158,0.6963478836578701,365.08426659299363,709.9585499750576,0
20.863994964956795,0.6925289218666019,365.31152236511383,711.546474287867,0
20.890375191192206,0.7007131761599563,365.53664681910243,708.1434613526902,0
20.91675914502776,0.7127163922445791,365.76180308380947,703.1525241047041,0
20.91675914502776,0.691441307733168,365.76180308380947,711.9987042445488,0
20.94338912047298,0.6854371760467557,365.98905885592967,714.495222199759,0
20.969773074308534,0.6876223459418997,366.2142151206367,713.5866285573582,0
20.996157028144093,0.6848958926241397,366.4393713853437,714.7202878468828,0
20.996157028144093,0.6810518473399896,366.4393713853437,716.3186418760324,0
21.022783275989163,0.6821645449663052,366.6665953467455,715.8559822030104,0
21.049167229824718,0.6854371760467557,366.89175161145255,714.495222199759,0
21.075793477669787,0.6805055166291717,367.11897557285437,716.5458061855904,0
21.075793477669787,0.6668685086484246,367.11897557285437,722.2160741039851,0
21.103154062743677,0.6734188180975275,367.35246624577746,719.4924554350482,0
21.129538016579232,0.6635957246198468,367.57762251048445,723.5768977030677,0
21.15616799202445,0.6783253940222296,367.80487828260465,717.4523011655571,0
21.15616799202445,0.6641420553306646,367.80487828260465,723.3497333935097,0
21.182794239869516,0.6870760152310819,368.0321022440065,713.8137928669162,0
21.20893589969556,0.6838033841506314,368.25519081201867,715.1745528701675,0
21.235562147540634,0.6903487992596596,368.48241477342054,712.4529692678336,0
21.235562147540634,0.6761452714152874,368.48241477342054,718.3587961455236,0
21.26194610137619,0.6843495619133219,368.7075710381275,714.9474521564408,0
21.288572349221255,0.6832570534398136,368.93479499952934,715.4017171797256,0
21.314956303056814,0.6838033841506314,369.1599512642364,715.1745528701675,0
21.314956303056814,0.6810518473399896,369.1599512642364,716.3186418760324,0
21.341340256892373,0.6783253940222296,369.38510752894337,717.4523011655571,0
21.367970232337584,0.6898075158370437,369.6123633010636,712.6780349149573,0
21.394350458572998,0.6815981780508074,369.8374877550522,716.0914775664744,0
21.394350458572998,0.6685073478327508,369.8374877550522,721.5346447711423,0
21.420734412408557,0.6821645449663052,370.06264401975926,715.8559822030104,0
21.447364387853767,0.6750527629417791,370.28989979187946,718.8130611688083,0
21.47350232007967,0.6908949770223501,370.5129565491733,712.2258685541069,0
21.47350232007967,0.6903487992596596,370.5129565491733,712.4529692678336,0
21.500128567924737,0.665234563804173,370.7401805105751,722.895468370225,0
21.52675854336995,0.6717799789132013,370.9674362826953,720.173884767891,0
21.55314249720551,0.6865298374683914,371.19259254740234,714.0408935806429,0
21.55314249720551,0.6848958926241397,371.19259254740234,714.7202878468828,0
21.57976874505058,0.6815981780508074,371.41981650880416,716.0914775664744,0
21.606152698886135,0.675599093652597,371.64497277351114,718.5858968592503,0
21.63253665272169,0.675599093652597,371.8701290382182,718.5858968592503,0
21.659162900566763,0.6870760152310819,372.09735299962,713.8137928669162,0
21.659162900566763,0.675599093652597,372.09735299962,718.5858968592503,0
21.685546854402318,0.6739601015201434,372.32250926432704,719.2673897879245,0
21.711930808237874,0.6848958926241397,372.547665529034,714.7202878468828,0
21.738314762073433,0.6947140917617458,372.77282179374106,710.6378806454661,0
21.738314762073433,0.677237932836923,372.77282179374106,717.9044675264074,0
21.76469871590899,0.6805055166291717,372.99797805844804,716.5458061855904,0
21.791324963754057,0.6783253940222296,373.22520201984986,717.4523011655571,0
21.817954939199275,0.6832570534398136,373.4524577919701,715.4017171797256,0
21.817954939199275,0.6674146864111151,373.4524577919701,721.9889733902584,0
21.84433889303483,0.6668685086484246,373.6776140566771,722.2160741039851,0
21.87071911927024,0.6794180554438652,373.90273851066576,716.9979725464409,0
21.8971030731058,0.6832570534398136,374.12789477537274,715.4017171797256,0
21.8971030731058,0.6701411397288751,374.12789477537274,720.8553141007338,0
21.923733048551014,0.6766865548379034,374.35515054749294,718.1337304983998,0
21.95011700238657,0.667961017121933,374.5803068122,721.7618090807003,0
21.97674325023164,0.6843495619133219,374.8075307736018,714.9474521564408,0
21.97674325023164,0.677237932836923,374.8075307736018,717.9044675264074,0
22.003127204067198,0.6815981780508074,375.03268703830884,716.0914775664744,0
22.029511157902753,0.6635957246198468,375.2578433030158,723.5768977030677,0
22.055895111738312,0.6827157700171976,375.48299956772286,715.6267828268493,0
22.055895111738312,0.6734188180975275,375.48299956772286,719.4924554350482,0
22.08252135958338,0.6805055166291717,375.7102235291247,716.5458061855904,0
22.109151335028592,0.6925289218666019,375.9374793012449,711.546474287867,0
22.135289267254496,0.6898075158370437,376.1605360585387,712.6780349149573,0
22.135289267254496,0.677237932836923,376.1605360585387,717.9044675264074,0
22.16191924269971,0.6832570534398136,376.3877918306589,715.4017171797256,0
22.18829946893512,0.6805055166291717,376.61291628464755,716.5458061855904,0
22.214929444380335,0.6898075158370437,376.84017205676776,712.6780349149573,0
22.214929444380335,0.6838033841506314,376.84017205676776,715.1745528701675,0
22.241313398215894,0.6832570534398136,377.06532832147474,715.4017171797256,0
22.267693624451304,0.6794180554438652,377.2904527754634,716.9979725464409,0
22.294323599896515,0.6876223459418997,377.5177085475836,713.5866285573582,0
22.294323599896515,0.6734188180975275,377.5177085475836,719.4924554350482,0
22.320707553732074,0.6832570534398136,377.74286481229063,715.4017171797256,0
22.347091507567633,0.6783253940222296,377.9680210769976,717.4523011655571,0
22.3737177554127,0.6734188180975275,378.19524503839943,719.4924554350482,0
22.3737177554127,0.6570452622226167,378.19524503839943,726.300579967836,0
22.400101709248258,0.6854371760467557,378.4204013031065,714.495222199759,0
22.426485663083817,0.6717799789132013,378.64555756781346,720.173884767891,0
22.453111910928882,0.6930752525774196,378.87278152921533,711.319309978309,0
22.453111910928882,0.6876223459418997,378.87278152921533,713.5866285573582,0
22.47949586476444,0.6832570534398136,379.0979377939223,715.4017171797256,0
22.506125840209656,0.6898075158370437,379.3251935660425,712.6780349149573,0
22.53250979404521,0.6892611851262259,379.55034983074955,712.9051992245154,0
22.53250979404521,0.6870760152310819,379.55034983074955,713.8137928669162,0
22.558893747880774,0.6908949770223501,379.77550609545654,712.2258685541069,0
22.58551999572584,0.6848958926241397,380.00273005685835,714.7202878468828,0
22.611903949561395,0.7023520153442824,380.2278863215654,707.4620320198475,0
22.611903949561395,0.6985330535530141,380.2278863215654,709.0499563326568,0
22.638287903396954,0.6947140917617458,380.4530425862724,710.6378806454661,0
22.664914151242023,0.6968942143686879,380.68026654767425,709.7313856654996,0
22.69129810507758,0.7148965148515212,380.90542281238123,702.2460291247376,0
22.69129810507758,0.699079384263832,380.90542281238123,708.8227920230987,0
22.717682058913137,0.7143503370888307,381.13057907708827,702.4731298384643,0
22.744308306758207,0.7127163922445791,381.3578030384901,703.1525241047041,0
22.770692260593762,0.7312651763863574,381.5829593031971,695.4399396585527,0
22.79707621442932,0.7345378074668079,381.8081155679041,694.0791796553013,0
22.79707621442932,0.7258122697508375,381.8081155679041,697.7072582376019,0
22.82346016826488,0.7307188456755396,382.0332718326111,695.6671039681107,0
22.850086416109946,0.7214469772487513,382.26049579401297,699.5223468599693,0
22.876716391555156,0.7165355069839746,382.48775156613317,701.5645361960634,0
22.876716391555156,0.6952553751843618,382.48775156613317,710.4128149983425,0
22.903100345390715,0.677237932836923,382.71290783084015,717.9044675264074,0
22.929484299226274,0.6876223459418997,382.9380640955472,713.5866285573582,0
22.95611054707134,0.7039908545286085,383.165288056949,706.7806026870046,0
22.95611054707134,0.7023520153442824,383.165288056949,707.4620320198475,0
22.9824945009069,0.6898075158370437,383.39044432165605,712.6780349149573,0
23.008878454742458,0.6985330535530141,383.61560058636303,709.0499563326568,0
23.035262408578014,0.7028983460551003,383.84075685107007,707.2348677102893,0
23.035262408578014,0.7023520153442824,383.84075685107007,707.4620320198475,0
23.061888656423083,0.6952553751843618,384.0679808124719,710.4128149983425,0
23.08827261025864,0.6974405450795058,384.29313707717887,709.5042213559416,0
23.114656564094197,0.6838033841506314,384.5182933418859,715.1745528701675,0
23.114656564094197,0.6832570534398136,384.5182933418859,715.4017171797256,0
23.141282811939266,0.7127163922445791,384.7455173032877,703.1525241047041,0
23.16791278738448,0.6968942143686879,384.97277307540793,709.7313856654996,0
23.19405071961038,0.7018056846334646,385.19582983270175,707.6891963294055,0
23.19405071961038,0.6996255620265225,385.19582983270175,708.595691309372,0
23.22067696745545,0.6963478836578701,385.42305379410357,709.9585499750576,0
23.24706092129101,0.6865298374683914,385.6482100588106,714.0408935806429,0
23.27369089673622,0.7012595068707741,385.8754658309308,707.9162970431322,0
23.27369089673622,0.7007131761599563,385.8754658309308,708.1434613526902,0
23.30007485057178,0.6848958926241397,386.10062209563785,714.7202878468828,0
23.326458804407338,0.6876223459418997,386.3257783603448,713.5866285573582,0
23.353085052252403,0.6887099600753335,386.55300232174665,713.1343986006764,0
23.353085052252403,0.6739601015201434,386.55300232174665,719.2673897879245,0
23.379469006087962,0.6717799789132013,386.7781585864537,720.173884767891,0
23.40585295992352,0.6854371760467557,387.00331485116067,714.495222199759,0
23.432479207768587,0.6794180554438652,387.23053881256254,716.9979725464409,0
23.432479207768587,0.6750527629417791,387.23053881256254,718.8130611688083,0
23.458863161604143,0.6887099600753335,387.4556950772695,713.1343986006764,0
23.485247115439705,0.6805055166291717,387.68085134197656,716.5458061855904,0
23.511877090884916,0.6859885540457754,387.90810711409677,714.2659592277666,0
23.511877090884916,0.6838033841506314,387.90810711409677,715.1745528701675,0
23.538257317120326,0.6745064322309613,388.13323156808536,719.0402254783663,0
23.56488729256554,0.6815981780508074,388.3604873402056,716.0914775664744,0
23.591267518800954,0.6985330535530141,388.5856117941942,709.0499563326568,0
23.591267518800954,0.6794180554438652,388.5856117941942,716.9979725464409,0
23.61765147263651,0.6925289218666019,388.81076805890126,711.546474287867,0
23.644281448081724,0.6810518473399896,389.03802383102146,716.3186418760324,0
23.670665401917283,0.6870760152310819,389.26318009572844,713.8137928669162,0
23.670665401917283,0.6821645449663052,389.26318009572844,715.8559822030104,0
23.69704935575284,0.672872640334837,389.4883363604355,719.7195561487748,0
23.723433309588398,0.6936214303401101,389.71349262514246,711.0922092645823,0
23.750059557433467,0.6958066002352542,389.94071658654434,710.1836156221814,0
23.750059557433467,0.6876223459418997,389.94071658654434,713.5866285573582,0
23.776443511269022,0.6903487992596596,390.1658728512513,712.4529692678336,0
23.80306975911409,0.6827157700171976,390.39309681265314,715.6267828268493,0
23.82945371294965,0.6903487992596596,390.6182530773602,712.4529692678336,0
23.82945371294965,0.6887099600753335,390.6182530773602,713.1343986006764,0
23.855837666785206,0.6947140917617458,390.84340934206716,710.6378806454661,0
23.88246764223042,0.6930752525774196,391.0706651141874,711.319309978309,0
23.90885159606598,0.6936214303401101,391.2958213788944,711.0922092645823,0
23.935477843911045,0.7018056846334646,391.5230453402962,707.6891963294055,0
23.935477843911045,0.6739601015201434,391.5230453402962,719.2673897879245,0
23.961861797746604,0.6799642332065557,391.74820160500326,716.7708718327142,0
23.988242023982014,0.6947140917617458,391.97332605899186,710.6378806454661,0
24.014625977817573,0.6963478836578701,392.1984823236989,709.9585499750576,0
24.014625977817573,0.6908949770223501,392.1984823236989,712.2258685541069,0
24.041255953262787,0.6985330535530141,392.4257380958191,709.0499563326568,0
24.067639907098346,0.6881686766527175,392.65089436052614,713.3594642478001,0
24.094266154943412,0.6985330535530141,392.87811832192796,709.0499563326568,0
24.094266154943412,0.6985315240717408,392.87811832192796,709.0505922909703,0
24.094266154943412,0.6843481853801759,392.87811832192796,714.9480245189229,0
24.120650108778968,0.7088959009720375,393.10327458663494,704.7410843758269,0
24.147034062614527,0.6914397782518947,393.328430851342,711.9993402028622,0
24.173418016450086,0.7127199100515076,393.55358711604896,703.1510614005832,0
24.173418016450086,0.7039893250473354,393.55358711604896,706.781238645318,0
24.20004426429515,0.7094422316828553,393.78081107745084,704.5139200662688,0
24.226674239740365,0.7050819864689709,394.00806684957104,706.326910026202,0
24.25281217196627,0.7143538548957592,394.23112360686486,702.4716671343434,0
24.25281217196627,0.7094422316828553,394.23112360686486,704.5139200662688,0
24.279438419811335,0.7061694476542775,394.4583475682667,705.8747436653515,0
24.30606839525655,0.705623269891587,394.6856033403869,706.1018443790782,0
24.332452349092108,0.708349723209347,394.9107596050939,704.9681850895536,0
24.332452349092108,0.6805041400960258,394.9107596050939,716.5463785480725,0
24.35883257532752,0.7034431472846449,395.1358840590825,707.0083393590447,0
24.385216529163074,0.7007166939668849,395.36104032378955,708.1419986485694,0
24.41184650460829,0.702896816573827,395.58829609590975,707.2355036686029,0
24.41184650460829,0.6848943631428664,395.58829609590975,714.7209238051962,0
24.438230458443847,0.700170363256067,395.81345236061674,708.3691629581274,0
24.464614412279406,0.6914397782518947,396.0386086253238,711.9993402028622,0
24.491240660124475,0.6914397782518947,396.2658325867256,711.9993402028622,0
24.491240660124475,0.6876208164606264,396.2658325867256,713.5872645156716,0
24.51762461396003,0.6832555239585403,396.49098885143263,715.402353138039,0
24.544008567795586,0.7099885623936731,396.7161451161396,704.2867557567108,0
24.57063481564066,0.6892596556449526,396.94336907754143,712.9058351828288,0
24.57063481564066,0.6805041400960258,396.94336907754143,716.5463785480725,0
24.597018769476215,0.6919861089627125,397.1685253422485,711.7721758933042,0
24.62364874492143,0.6887133249341347,397.3957811143687,713.1329994923868,0
24.65002897115684,0.7018043081003187,397.62090556835733,707.6897686918876,0
24.65002897115684,0.6772364033556498,397.62090556835733,717.9051034847209,0
24.6764129249924,0.6985315240717408,397.8460618330643,709.0505922909703,0
24.70304290043761,0.6838018546693582,398.0733176051845,715.1751888284809,0
24.72942685427317,0.6930786174362209,398.29847386989155,711.3179108700194,0
24.72942685427317,0.6810553651469181,398.29847386989155,716.3171791719116,0
24.755807080508582,0.6848943631428664,398.52359832388015,714.7209238051962,0
24.782191034344137,0.6990778547825587,398.7487545885872,708.8234279814121,0
24.808574988179693,0.6903472697783863,398.97391085329417,712.453605226147,0
24.808574988179693,0.6766900726448319,398.97391085329417,718.132267794279,0
24.83520496362491,0.6854406938536842,399.2011666254144,714.4937594956382,0
24.861831211469976,0.6941662315696547,399.42839058681625,710.8656809133377,0
24.888215165305535,0.6925324396735304,399.65354685152323,711.5450115837461,0
24.888215165305535,0.682163015485032,399.65354685152323,715.8566181613238,0
24.914599119141094,0.7023504858630092,399.87870311623027,707.4626679781609,0
24.94122536698616,0.6805041400960258,400.1059270776321,716.5463785480725,0
24.967609320821715,0.6799628566734097,400.33108334233907,716.7714441951963,0
24.967609320821715,0.6794165259625919,400.33108334233907,716.9986085047543,0
24.994239296266933,0.6810553651469181,400.55833911445933,716.3171791719116,0
25.02062325010249,0.6990778547825587,400.7834953791663,708.8234279814121,0
25.047003476337903,0.6843481853801759,401.00861983315497,714.9480245189229,0
25.073387430173458,0.6876208164606264,401.23377609786195,713.5872645156716,0
25.073387430173458,0.6794165259625919,401.23377609786195,716.9986085047543,0
25.100017405618672,0.6876208164606264,401.46103186998215,713.5872645156716,0
25.12640135945423,0.6968926848874146,401.6861881346892,709.732021623813,0
25.15278158568964,0.695258740043163,401.9113125886778,710.4114158900529,0
25.15278158568964,0.6859870245645021,401.9113125886778,714.26659518608,0
25.179411561134856,0.6799628566734097,402.13856836079805,716.7714441951963,0
25.20579551497041,0.6854406938536842,402.36372462550503,714.4937594956382,0
25.23242176281548,0.6985315240717408,402.59094858690685,709.0505922909703,0
25.23242176281548,0.6783238645409563,402.59094858690685,717.4529371238705,0
25.25880571665104,0.7061694476542775,402.8161048516139,705.8747436653515,0
25.285924007715423,0.6827142405359243,403.04752782784215,715.6274187851627,0
25.312307961550978,0.6941662315696547,403.2726840925491,710.8656809133377,0
25.312307961550978,0.6908984948292788,403.2726840925491,712.2244058499859,0
25.338934209396044,0.6723247801427458,403.49990805395095,719.9473564166464,0
25.3653181632316,0.6919861089627125,403.725064318658,711.7721758933042,0
25.39194441107667,0.6919861089627125,403.9522882800598,711.7721758933042,0
25.39194441107667,0.6881671471714442,403.9522882800598,713.3601002061135,0
25.418086070902717,0.6870744857498086,404.175376848072,713.8144288252297,0
25.444712318747783,0.6870744857498086,404.4026008094738,713.8144288252297,0
25.471338566592852,0.6815966485695341,404.62982477087564,716.0921135247878,0
25.471338566592852,0.6810553651469181,404.62982477087564,716.3171791719116,0
25.49772252042841,0.6832555239585403,404.8549810355827,715.402353138039,0
25.524106474263967,0.6832555239585403,405.08013730028966,715.402353138039,0
25.55049042809953,0.6925324396735304,405.3052935649967,711.5450115837461,0
25.55049042809953,0.6810553651469181,405.3052935649967,716.3171791719116,0
25.57712040354474,0.695258740043163,405.5325493371169,710.4114158900529,0
25.60350062978015,0.6827142405359243,405.75767379110556,715.6274187851627,0
25.629884583615706,0.7050819864689709,405.98283005581254,706.326910026202,0
25.629884583615706,0.6914397782518947,405.98283005581254,711.9993402028622,0
25.656514559060923,0.6936249481470387,406.21008582793274,711.0907465604614,0
25.68289851289648,0.6930786174362209,406.4352420926398,711.3179108700194,0
25.70928246673204,0.7078084397867309,406.66039835734676,705.1932507366773,0
25.70928246673204,0.7061694476542775,406.66039835734676,705.8747436653515,0
25.735908714577107,0.7132611934741235,406.88762231874864,702.9259957534595,0
25.762534962422173,0.7236255703744201,407.11484628015046,698.6164878383162,0
25.78891891625773,0.7503735977260312,407.34000254485744,687.4946580655163,0
25.78891891625773,0.721445447767478,407.34000254485744,699.5229828182827,0
25.81530287009329,0.7623719194705794,407.5651588095645,682.5057558841331,0
25.841686823928846,0.7569190128350595,407.79031507427146,684.7730744631824,0
25.868313071773912,0.750919928436849,408.01753903567334,687.2674937559583,0
25.868313071773912,0.7481784862026108,408.01753903567334,688.4073854369545,0
25.894697025609474,0.7498272670152133,408.2426953003803,687.7218223750743,0
25.92108097944503,0.7421743545161985,408.46785156508736,690.9039033921647,0
25.94771095489024,0.7225381091891137,408.69510733720756,699.0686541991666,0
25.94771095489024,0.7159926940800854,408.69510733720756,701.7902378015006,0
25.974094908725803,0.7165339775027014,408.92026360191454,701.5651721543768,0
26.000475134961214,0.7012579773895008,409.1453880559032,707.9169330014456,0
26.027105110406424,0.6963463541765968,409.3726438280234,709.9591859333711,0
26.027105110406424,0.6947125622804725,409.3726438280234,710.6385166037796,0
26.053489064241983,0.7203529392939697,409.59780009273044,699.9772478415675,0
26.079873018077542,0.7094422316828553,409.8229563574374,704.5139200662688,0
26.106499265922608,0.7045306084699513,410.05018031883924,706.5561729981944,0
26.106499265922608,0.6985315240717408,410.05018031883924,709.0505922909703,0
26.132883219758167,0.6963463541765968,410.2753365835463,709.9591859333711,0
26.159509467603232,0.7176264859762097,410.5025605449481,701.1109071310921,0
26.18589342143879,0.7007166939668849,410.72771680965513,708.1419986485694,0
26.212277375274347,0.7187141001096435,410.9528730743621,700.6586771744103,0
26.212277375274347,0.7067157783650952,410.9528730743621,705.6475793557935,0
26.238907350719565,0.6996240325452492,411.1801288464823,708.5963272676854,0
26.265287576954975,0.705623269891587,411.405253300471,706.1018443790782,0
26.29167153079053,0.7208992700047875,411.63040956517796,699.7500835320094,0
26.29167153079053,0.7154463633692676,411.63040956517796,702.0174021110586,0
26.318301506235745,0.7099885623936731,411.8576653372982,704.2867557567108,0
26.344685460071304,0.695258740043163,412.0828216020052,710.4114158900529,0
26.371065686306714,0.7154463633692676,412.30794605599385,702.0174021110586,0
26.371065686306714,0.7018043081003187,412.30794605599385,707.6897686918876,0
26.39769566175193,0.7050819864689709,412.53520182811405,706.326910026202,0
26.424079615587488,0.7039893250473354,412.76035809282104,706.781238645318,0
26.450705863432553,0.7219917784782959,412.9875820542229,699.2958185087247,0
26.450705863432553,0.6996240325452492,412.9875820542229,708.5963272676854,0
26.476847523258606,0.7399942319092564,413.21067062223506,691.8103983721313,0
26.50347377110367,0.7247182317960558,413.43789458363693,698.1621592192,0
26.530100018948737,0.7601917968636372,413.66511854503875,683.4122508640997,0
26.530100018948737,0.7410816930945628,413.66511854503875,691.3582320112808,0
26.556483972784296,0.7825593898485566,413.89027480974573,674.1118057009702,0
26.582867926619855,0.7880173437722784,414.1154310744528,671.8423884594868,0
26.609497902065065,0.8267685872085122,414.342686846573,655.7296214387007,0
26.609497902065065,0.8136577207857756,414.342686846573,661.1811196972747,0
26.635881855900625,0.8436783792178371,414.56784311127996,648.6985299212234,0
26.66226208213604,0.8764155493393821,414.7929675652686,635.086414584685,0
26.688646035971598,0.8513213500885755,415.0181238299756,645.5205826331704,0
26.688646035971598,0.8278610956820205,415.0181238299756,655.275356415416,0
26.715276011416808,0.7869246823506427,415.24537960209585,672.2967170786028,0
26.741659965252367,0.7520075425702828,415.47053586680283,686.8152637992765,0
26.768040191487778,0.7301709854834484,415.6956603207915,695.8949042359823,0
26.768040191487778,0.7296297020608324,415.6956603207915,696.1199698831059,0
26.794670166932992,0.7018043081003187,415.9229160929117,707.6897686918876,0
26.821296414778057,0.6925324396735304,416.1501400543135,711.5450115837461,0
26.847680368613617,0.7023504858630092,416.37529631902055,707.4626679781609,0
26.874064322449172,0.6968926848874146,416.60045258372753,709.732021623813,0
26.900694297894386,0.6827142405359243,416.82770835584773,715.6274187851627,0
26.9270745241298,0.6990778547825587,417.0528328098364,708.8234279814121,0
26.9270745241298,0.6936249481470387,417.0528328098364,711.0907465604614,0
26.953458477965356,0.6919861089627125,417.27798907454337,711.7721758933042,0
26.97984243180092,0.6925324396735304,417.5031453392504,711.5450115837461,0
27.00647240724613,0.6963463541765968,417.7304011113706,709.9591859333711,0
27.00647240724613,0.6815966485695341,417.7304011113706,716.0921135247878,0
27.032856361081688,0.6914397782518947,417.95555737607765,711.9993402028622,0
27.059236587317102,0.6815966485695341,418.18068183006625,716.0921135247878,0
27.085866562762313,0.7088959009720375,418.40793760218645,704.7410843758269,0
27.085866562762313,0.6799628566734097,418.40793760218645,716.7714441951963,0
27.11225051659787,0.7061694476542775,418.6330938668935,705.8747436653515,0
27.13863447043343,0.6958050707539809,418.85825013160047,710.1842515804948,0
27.165260718278496,0.700170363256067,419.08547409300235,708.3691629581274,0
27.165260718278496,0.6810553651469181,419.08547409300235,716.3171791719116,0
27.191644672114055,0.6815966485695341,419.31063035770933,716.0921135247878,0
27.21827091995912,0.6865283079871181,419.53785431911115,714.0415295389564,0
27.24465487379468,0.700170363256067,419.7630105838182,708.3691629581274,0
27.24465487379468,0.6843481853801759,419.7630105838182,714.9480245189229,0
27.27103882763024,0.6876208164606264,419.98816684852517,713.5872645156716,0
27.297422781465794,0.6898059863557704,420.2133231132322,712.6786708732707,0
27.324049029310864,0.6968926848874146,420.440547074634,709.732021623813,0
27.324049029310864,0.6958050707539809,420.440547074634,710.1842515804948,0
27.350432983146423,0.7219917784782959,420.66570333934106,699.2958185087247,0
27.377062958591633,0.7181728166870275,420.89295911146127,700.883742821534,0
27.403446912427192,0.7170801552653919,421.11811537616825,701.3380714406501,0
27.42983086626275,0.6990778547825587,421.3432716408753,708.8234279814121,0
27.42983086626275,0.6963463541765968,421.3432716408753,709.9591859333711,0
27.456457114107813,0.6958050707539809,421.5704956022771,710.1842515804948,0
27.482841067943376,0.702896816573827,421.79565186698414,707.2355036686029,0
27.509225021778935,0.700170363256067,422.0208081316911,708.3691629581274,0
27.509225021778935,0.6838018546693582,422.0208081316911,715.1751888284809,0
27.535851269623997,0.6996240325452492,422.24803209309295,708.5963272676854,0
27.56223522345956,0.6903472697783863,422.4731883578,712.453605226147,0
27.588619177295115,0.7007166939668849,422.69834462250697,708.1419986485694,0
27.588619177295115,0.6936249481470387,422.69834462250697,711.0907465604614,0
27.61524542514018,0.6881671471714442,422.92556858390884,713.3601002061135,0
27.641629378975743,0.6919861089627125,423.1507248486158,711.7721758933042,0
27.6680133328113,0.6925324396735304,423.37588111332286,711.5450115837461,0
27.6680133328113,0.6903472697783863,423.37588111332286,712.453605226147,0
27.694643308256513,0.6865283079871181,423.60313688544306,714.0415295389564,0
27.721023534491923,0.6865283079871181,423.82826133943166,714.0415295389564,0
27.747653509937138,0.6985315240717408,424.0555171115519,709.0505922909703,0
27.747653509937138,0.6865283079871181,424.0555171115519,714.0415295389564,0
27.774037463772697,0.700170363256067,424.2806733762589,708.3691629581274,0
27.800421417608256,0.7012579773895008,424.50582964096594,707.9169330014456,0
27.82680537144381,0.6990778547825587,424.7309859056729,708.8234279814121,0
27.82680537144381,0.6974439099383071,424.7309859056729,709.502822247652,0
27.85343161928888,0.6930786174362209,424.95820986707474,711.3179108700194,0
27.879815573124436,0.697985193360923,425.1833661317818,709.2777566005283,0
27.906199526959995,0.7099885623936731,425.40852239648876,704.2867557567108,0
27.906199526959995,0.6887133249341347,425.40852239648876,713.1329994923868,0
27.932825774805064,0.6941662315696547,425.63574635789064,710.8656809133377,0
27.95920972864062,0.7023504858630092,425.8609026225976,707.4626679781609,0
27.985839704085834,0.7023504858630092,426.0881583947178,707.4626679781609,0
28.012219930321244,0.7165339775027014,426.3132828487065,701.5651721543768,0
28.038603884156803,0.7318099776159019,426.53843911341346,695.2134113073081,0
28.064987837992362,0.753646381754609,426.7635953781205,686.1338344664337,0
28.064987837992362,0.7531000510437912,426.7635953781205,686.3609987759917,0
28.091617813437576,0.7541925595172995,426.9908511502407,685.9067337527069,0
28.117998039672987,0.7290835242981419,427.21597560422936,696.3470705968326,0
28.1446280151182,0.7279908628765063,427.44323137634956,696.8013992159488,0
28.1446280151182,0.7078084397867309,427.44323137634956,705.1932507366773,0
28.171011968953756,0.7192653251605359,427.66838764105654,700.4294777982493,0
28.197395922789315,0.7045306084699513,427.8935439057636,706.5561729981944,0
28.224022170634385,0.6968926848874146,428.1207678671654,709.732021623813,0
28.224022170634385,0.6881671471714442,428.1207678671654,713.3601002061135,0
28.25040612446994,0.7045306084699513,428.34592413187244,706.5561729981944,0
28.277032372315006,0.6827142405359243,428.57314809327426,715.6274187851627,0
28.30341632615057,0.7050819864689709,428.79830435798124,706.326910026202,0
28.30341632615057,0.7039893250473354,428.79830435798124,706.781238645318,0
28.329800279986124,0.6925324396735304,429.0234606226883,711.5450115837461,0
28.356184233821683,0.6974439099383071,429.24861688739526,709.502822247652,0
28.382814209266897,0.697985193360923,429.4758726595155,709.2777566005283,0
28.382814209266897,0.6810553651469181,429.4758726595155,716.3171791719116,0
28.409194435502307,0.7050819864689709,429.7009971135041,706.326910026202,0
28.435578389337863,0.6810553651469181,429.92615337821115,716.3171791719116,0
28.46220836478308,0.6947125622804725,430.15340915033136,710.6385166037796,0
28.46220836478308,0.6898059863557704,430.15340915033136,712.6786708732707,0
28.488592318618636,0.6854406938536842,430.37856541503834,714.4937594956382,0
28.515218566463705,0.6827142405359243,430.6057893764402,715.6274187851627,0
28.54160252029926,0.6963463541765968,430.8309456411472,709.9591859333711,0
28.56798647413482,0.6919861089627125,431.05610190585423,711.7721758933042,0
28.56798647413482,0.6783238645409563,431.05610190585423,717.4529371238705,0
28.59461272197989,0.7143538548957592,431.28332586725605,702.4716671343434,0
28.620996675815444,0.6870744857498086,431.50848213196304,713.8144288252297,0
28.647380629651003,0.7072621090759131,431.7336383966701,705.4204150462353,0
28.647380629651003,0.6941662315696547,431.7336383966701,710.8656809133377,0
28.67376458348656,0.7149000326584497,431.95879466137706,702.2445664206167,0
28.700390831331628,0.705623269891587,432.18601862277893,706.1018443790782,0
28.726774785167184,0.7012579773895008,432.4111748874859,707.9169330014456,0
28.726774785167184,0.6865283079871181,432.4111748874859,714.0415295389564,0
28.753158739002743,0.6941662315696547,432.63633115219295,710.8656809133377,0
28.779788714447957,0.702896816573827,432.86358692431315,707.2355036686029,0
28.806414962293026,0.7045306084699513,433.090810885715,706.5561729981944,0
28.806414962293026,0.697985193360923,433.090810885715,709.2777566005283,0
28.832552894518926,0.7039893250473354,433.3138676430088,706.781238645318,0
28.85918286996414,0.6919861089627125,433.541123415129,711.7721758933042,0
28.88580911780921,0.705623269891587,433.7683473765308,706.1018443790782,0
28.88580911780921,0.7023504858630092,433.7683473765308,707.4626679781609,0
28.912193071644765,0.7078084397867309,433.99350364123785,705.1932507366773,0
28.938577025480324,0.6996240325452492,434.21865990594483,708.5963272676854,0
28.96496097931588,0.7121686850006153,434.44381617065187,703.3802607767443,0
28.96496097931588,0.702896816573827,434.44381617065187,707.2355036686029,0
28.99158722716095,0.7405404096719469,434.6710401320537,691.5832976584046,0
29.017971180996508,0.7285371935873242,434.8961963967607,696.5742349063908,0
29.044355134832063,0.7465396470182847,435.1213526614677,689.0888147697973,0
29.044355134832063,0.742720532278889,435.1213526614677,690.676802678438,0
29.070981382677132,0.7192653251605359,435.34857662286953,700.4294777982493,0
29.097365336512688,0.7247182317960558,435.57373288757657,698.1621592192,0
29.123749290348247,0.7165339775027014,435.79888915228355,701.5651721543768,0
29.123749290348247,0.7045306084699513,435.79888915228355,706.5561729981944,0
29.15037926579346,0.6881671471714442,436.02614492440375,713.3601002061135,0
29.176763219629017,0.6968926848874146,436.2513011891108,709.732021623813,0
29.203389467474086,0.7149000326584497,436.4785251505126,702.2445664206167,0
29.203389467474086,0.7072621090759131,436.4785251505126,705.4204150462353,0
29.229773421309645,0.6985315240717408,436.70368141521965,709.0505922909703,0
29.2561573751452,0.7034431472846449,436.92883767992663,707.0083393590447,0
29.28278362299027,0.7170801552653919,437.15606164132845,701.3380714406501,0
29.28278362299027,0.7154463633692676,437.15606164132845,702.0174021110586,0
29.30916757682583,0.7154463633692676,437.3812179060355,702.0174021110586,0
29.335551530661384,0.7045306084699513,437.60637417074247,706.5561729981944,0
29.362177778506453,0.7301709854834484,437.83359813214435,695.8949042359823,0
29.362177778506453,0.7269034016911998,437.83359813214435,697.2535655767992,0
29.38856173234201,0.7350826086963524,438.0587543968513,693.8526513040567,0
29.414945686177568,0.7394479011984385,438.28391066155837,692.0375626816893,0
29.442552292861112,0.7481784862026108,438.5195008418946,688.4073854369545,0
29.442552292861112,0.7432668629897069,438.5195008418946,690.44963836888,0
29.468932519096526,0.7323561553785924,438.7446252958832,694.9863105935814,0
29.495316472932082,0.7154463633692676,438.96978156059026,702.0174021110586,0
29.521946448377296,0.7187141001096435,439.19703733271047,700.6586771744103,0
29.521946448377296,0.7116274015779992,439.19703733271047,703.605326423868,0
29.548330402212855,0.7099885623936731,439.4221935974175,704.2867557567108,0
29.574956650057924,0.7099885623936731,439.6494175588193,704.2867557567108,0
29.60134060389348,0.7088959009720375,439.8745738235263,704.7410843758269,0
29.60134060389348,0.7023504858630092,439.8745738235263,707.4626679781609,0
29.62772455772904,0.7110760235789796,440.09973008823334,703.8345893958603,0
29.654350805574104,0.6848943631428664,440.32695404963516,714.7209238051962,0
29.68098078101932,0.6974439099383071,440.55420982175536,709.502822247652,0
29.707364734854877,0.7078084397867309,440.7793660864624,705.1932507366773,0
29.707364734854877,0.6974439099383071,440.7793660864624,709.502822247652,0
29.733748688690437,0.7094422316828553,441.0045223511694,704.5139200662688,0
29.760132642525992,0.6930786174362209,441.2296786158764,711.3179108700194,0
29.786512868761402,0.7165339775027014,441.454803069865,701.5651721543768,0
29.786512868761402,0.7088959009720375,441.454803069865,704.7410843758269,0
29.813142844206617,0.6996240325452492,441.6820588419853,708.5963272676854,0
29.839526798042176,0.697985193360923,441.90721510669226,709.2777566005283,0
29.865907024277586,0.700170363256067,442.1323395606809,708.3691629581274,0
29.8925369997228,0.7023504858630092,442.3595953328011,707.4626679781609,0
29.91892095355836,0.7088959009720375,442.5847515975081,704.7410843758269,0
29.945547201403425,0.7138075241849414,442.81197555891,702.6988314439014,0
29.945547201403425,0.6881671471714442,442.81197555891,713.3601002061135,0
29.971931155238984,0.6903472697783863,443.03713182361696,712.453605226147,0
29.99831510907454,0.6958050707539809,443.262288088324,710.1842515804948,0
30.02494135691961,0.7105347401563636,443.4895120497258,704.0596550429841,0
30.02494135691961,0.6996240325452492,443.4895120497258,708.5963272676854,0
30.051325310755168,0.6941662315696547,443.7146683144328,710.8656809133377,0
30.077709264590723,0.7012579773895008,443.93982457913984,707.9169330014456,0
30.104339240035937,0.7050819864689709,444.16708035126004,706.326910026202,0
30.104339240035937,0.700170363256067,444.16708035126004,708.3691629581274,0
30.130723193871496,0.7012579773895008,444.3922366159671,707.9169330014456,0
30.157107147707052,0.7072621090759131,444.61739288067406,705.4204150462353,0
30.18373339555212,0.7116274015779992,444.8446168420759,703.605326423868,0
30.18373339555212,0.6990778547825587,444.8446168420759,708.8234279814121,0
30.21011734938768,0.7018043081003187,445.0697731067829,707.6897686918876,0
30.236743597232746,0.6968926848874146,445.29699706818474,709.732021623813,0
30.262881529458646,0.7138075241849414,445.52005382547856,702.6988314439014,0
30.262881529458646,0.6968926848874146,445.52005382547856,709.732021623813,0
30.289511504903864,0.708349723209347,445.74730959759876,704.9681850895536,0
30.31613775274893,0.6963463541765968,445.9745335590006,709.9591859333711,0
30.34252170658449,0.7105347401563636,446.1996898237076,704.0596550429841,0
30.34252170658449,0.7088959009720375,446.1996898237076,704.7410843758269,0
30.368905660420044,0.7045306084699513,446.4248460884146,706.5561729981944,0
30.395289614255603,0.7050819864689709,446.65000235312164,706.326910026202,0
30.421915862100672,0.7072621090759131,446.87722631452345,705.4204150462353,0
30.421915862100672,0.6974439099383071,446.87722631452345,709.502822247652,0
30.448299815936227,0.6974439099383071,447.1023825792305,709.502822247652,0
30.47492979138144,0.697985193360923,447.3296383513507,709.2777566005283,0
30.501313745217,0.697985193360923,447.5547946160577,709.2777566005283,0
30.501313745217,0.6936249481470387,447.5547946160577,711.0907465604614,0
30.527697699052556,0.6848943631428664,447.7799508807647,714.7209238051962,0
30.554081652888115,0.702896816573827,448.0051071454717,707.2355036686029,0
30.580707900733184,0.702896816573827,448.2323311068735,707.2355036686029,0
30.580707900733184,0.6925324396735304,448.2323311068735,711.5450115837461,0
30.60733414857825,0.697985193360923,448.4595550682754,709.2777566005283,0
30.63371810241381,0.708349723209347,448.6847113329824,704.9681850895536,0
30.660102056249364,0.7039893250473354,448.9098675976894,706.781238645318,0
30.660102056249364,0.6974439099383071,448.9098675976894,709.502822247652,0
30.686486010084923,0.6963463541765968,449.1350238623964,709.9591859333711,0
30.713112257929993,0.6990778547825587,449.3622478237982,708.8234279814121,0
30.739496211765548,0.6958050707539809,449.58740408850525,710.1842515804948,0
30.739496211765548,0.6941662315696547,449.58740408850525,710.8656809133377,0
30.766126187210762,0.6908984948292788,449.81465986062545,712.2244058499859,0
30.79251014104632,0.6908984948292788,450.0398161253325,712.2244058499859,0
30.818890367281732,0.6974439099383071,450.2649405793211,709.502822247652,0
30.84527432111729,0.7023504858630092,450.49009684402813,707.4626679781609,0
30.84527432111729,0.6876208164606264,450.49009684402813,713.5872645156716,0
30.871904296562505,0.6881671471714442,450.71735261614833,713.3601002061135,0
30.89828825039806,0.6838018546693582,450.9425088808553,715.1751888284809,0
30.92467220423362,0.6996240325452492,451.16766514556235,708.5963272676854,0
30.92467220423362,0.6963463541765968,451.16766514556235,709.9591859333711,0
30.951298452078685,0.7072621090759131,451.3948891069642,705.4204150462353,0
30.977682405914244,0.697985193360923,451.6200453716712,709.2777566005283,0
31.004308653759313,0.6968926848874146,451.84726933307303,709.732021623813,0
31.004308653759313,0.695258740043163,451.84726933307303,710.4114158900529,0
31.03069260759487,0.6892596556449526,452.07242559778,712.9058351828288,0
31.057076561430428,0.6870744857498086,452.29758186248705,713.8144288252297,0
31.083706536875642,0.6925324396735304,452.52483763460725,711.5450115837461,0
31.083706536875642,0.6898059863557704,452.52483763460725,712.6786708732707,0
31.110086763111052,0.6903472697783863,452.7499620885959,712.453605226147,0
31.13647071694661,0.7012579773895008,452.9751183533029,707.9169330014456,0
31.163100692391826,0.7078084397867309,453.2023741254231,705.1932507366773,0
31.163100692391826,0.7067157783650952,453.2023741254231,705.6475793557935,0
31.18948464622738,0.7061694476542775,453.42753039013013,705.8747436653515,0
31.21586487246279,0.7034431472846449,453.65265484411873,707.0083393590447,0
31.242494847908006,0.7203529392939697,453.879910616239,699.9772478415675,0
31.242494847908006,0.7050819864689709,453.879910616239,706.326910026202,0
31.268878801743565,0.6968926848874146,454.10506688094597,709.732021623813,0
31.295505049588634,0.721445447767478,454.3322908423478,699.5229828182827,0
31.32164670941468,0.705623269891587,454.55537941036,706.1018443790782,0
31.32164670941468,0.7034431472846449,454.55537941036,707.0083393590447,0
31.34827295725975,0.6985315240717408,454.7826033717618,709.0505922909703,0
31.374899205104818,0.6974439099383071,455.0098273331637,709.502822247652,0
31.401283158940373,0.7170801552653919,455.23498359787067,701.3380714406501,0
31.401283158940373,0.7050819864689709,455.23498359787067,706.326910026202,0
31.427667112775932,0.7127199100515076,455.4601398625777,703.1510614005832,0
31.454051066611488,0.7007166939668849,455.6852961272847,708.1419986485694,0
31.480681042056702,0.7410816930945628,455.9125518994049,691.3582320112808,0
31.480681042056702,0.7159926940800854,455.9125518994049,701.7902378015006,0
31.507061268292112,0.7192653251605359,456.13767635339354,700.4294777982493,0
31.53344522212767,0.7421743545161985,456.3628326181005,690.9039033921647,0
31.560075197572885,0.7841982290328827,456.5900883902208,673.4303763681274,0
31.560075197572885,0.7711025044747517,456.5900883902208,678.8755786393983,0
31.586459151408445,0.8043808050707855,456.81524465492777,665.0384612515675,0
31.612839377643855,0.8109262201798138,457.0403691089164,662.3168776492336,0
31.63946935308907,0.8409519259000771,457.2676248810366,649.8321892107481,0
31.63946935308907,0.8294999348663467,457.2676248810366,654.5939270825731,0
31.66609560093414,0.8344065107910488,457.49484884243844,652.553772813082,0
31.692479554769694,0.8573205874349132,457.7200051071455,643.0260997445631,0
31.718863508605253,0.9113427836961457,457.94516137185246,620.5636705391427,0
31.718863508605253,0.8949791694495114,457.94516137185246,627.3676613428933,0
31.74524746244081,0.8682312950460277,458.1703176365595,638.4894275198618,0
31.771873710285877,0.8185892272552322,458.3975415979613,659.1305993072746,0
31.798257664121437,0.8016543517530255,458.6226978626683,666.1721205410921,0
31.798257664121437,0.782013212085866,458.6226978626683,674.3389064146969,0
31.824641617956992,0.786378351639825,458.84785412737534,672.5238813881609,0
31.851271593402206,0.7410816930945628,459.07510989949554,691.3582320112808,0
31.877655547237765,0.7290835242981419,459.3002661642026,696.3470705968326,0
31.877655547237765,0.721445447767478,459.3002661642026,699.5229828182827,0
31.904035773473176,0.7263520236921801,459.5253906181912,697.4828285487915,0
31.93066574891839,0.708349723209347,459.7526463903114,704.9681850895536,0
31.957049702753945,0.7192653251605359,459.9778026550184,700.4294777982493,0
31.98342992898936,0.7269034016911998,460.202927109007,697.2535655767992,0
31.98342992898936,0.7236255703744201,460.202927109007,698.6164878383162,0
32.01005990443457,0.7296297020608324,460.4301828811273,696.1199698831059,0
32.03644385827013,0.7525537203329733,460.65533914583426,686.5881630855498,0
32.0630701061152,0.7874710130614606,460.8825631072361,672.0695527690448,0
32.0630701061152,0.7612843053371456,460.8825631072361,682.9579858408149,0
32.089454059950754,0.786378351639825,461.1077193719431,672.5238813881609,0
32.115838013786316,0.8256809730750784,461.3328756366501,656.1818513953825,0
32.14246426163138,0.848048719008125,461.560099598052,646.8813426364217,0
32.14246426163138,0.8207693498621744,461.560099598052,658.2241043273079,0
32.16884821546694,0.8164042103082155,461.78525586275896,660.039129353844,0
32.1952321693025,0.8032882965972771,462.010412127466,665.4927262748523,0
32.22186214474771,0.7814668813750483,462.2376678995862,674.566070724255,0
32.22186214474771,0.77219501294826,462.2376678995862,678.4213136161136,0
32.248246098583266,0.7449008078339585,462.4628241642932,689.7702441026402,0
32.27463005241883,0.7487398058299068,462.6879804290002,688.1739887359248,0
32.301256300263894,0.7149000326584497,462.91520439040204,702.2445664206167,0
32.301256300263894,0.7110760235789796,462.91520439040204,703.8345893958603,0
32.32764025409945,0.702896816573827,463.1403606551091,707.2355036686029,0
32.35426650194452,0.6903472697783863,463.3675846165109,712.453605226147,0
32.38065045578008,0.7039893250473354,463.5927408812179,706.781238645318,0
32.40703440961563,0.6898059863557704,463.8178971459249,712.6786708732707,0
32.43366438506085,0.7094422316828553,464.0451529180451,704.5139200662688,0
32.460044611296254,0.6925324396735304,464.2702773720338,711.5450115837461,0
32.460044611296254,0.6881671471714442,464.2702773720338,713.3601002061135,0
32.48642856513182,0.7007166939668849,464.49543363674076,708.1419986485694,0
32.51281251896738,0.7018043081003187,464.7205899014478,707.6897686918876,0
32.53943876681244,0.705623269891587,464.9478138628496,706.1018443790782,0
32.53943876681244,0.700170363256067,464.9478138628496,708.3691629581274,0
32.565822720648,0.7105347401563636,465.1729701275566,704.0596550429841,0
32.59245269609322,0.6963463541765968,465.4002258996768,709.9591859333711,0
32.61883664992877,0.7225381091891137,465.62538216438384,699.0686541991666,0
32.61883664992877,0.7088959009720375,465.62538216438384,704.7410843758269,0
32.64522060376433,0.7192653251605359,465.8505384290908,700.4294777982493,0
32.671604557599885,0.7350826086963524,466.07569469379786,693.8526513040567,0
32.69823080544495,0.7607379746263278,466.3029186551997,683.185150150373,0
32.69823080544495,0.7514662591476668,466.3029186551997,687.0403294464002,0
32.72485705329002,0.7645570893657234,466.5301426166015,681.5971622417322,0
32.75124100712558,0.745446985596649,466.75529888130853,689.5431433889134,0
32.777624960961134,0.7590991354420016,466.9804551460155,683.8665794832158,0
32.777624960961134,0.7449008078339585,466.9804551460155,689.7702441026402,0
32.8040089147967,0.7356289394071702,467.20561141072255,693.6254869944987,0
32.83039286863225,0.7356289394071702,467.43076767542954,693.6254869944987,0
32.85701911647732,0.7225381091891137,467.6579916368314,699.0686541991666,0
32.85701911647732,0.7039893250473354,467.6579916368314,706.781238645318,0
32.88340307031288,0.7149000326584497,467.8831479015384,702.2445664206167,0
32.909787024148436,0.7061694476542775,468.10830416624543,705.8747436653515,0
32.9364132719935,0.7007166939668849,468.33552812764725,708.1419986485694,0
32.9364132719935,0.700170363256067,468.33552812764725,708.3691629581274,0
32.962797225829064,0.7012579773895008,468.56068439235423,707.9169330014456,0
32.989427201274275,0.7034431472846449,468.7879401644745,707.0083393590447,0
33.01581115510983,0.7034431472846449,469.0130964291815,707.0083393590447,0
33.01581115510983,0.6843481853801759,469.0130964291815,714.9480245189229,0
33.04219510894539,0.695258740043163,469.2382526938885,710.4114158900529,0
33.06882135679046,0.6985315240717408,469.46547665529033,709.0505922909703,0
33.095205310626014,0.6772364033556498,469.6906329199973,717.9051034847209,0
33.121589264461576,0.7099885623936731,469.91578918470435,704.2867557567108,0
33.121589264461576,0.6848943631428664,469.91578918470435,714.7209238051962,0
33.14821551230664,0.6985315240717408,470.14301314610617,709.0505922909703,0
33.1745994661422,0.7176264859762097,470.3681694108132,701.1109071310921,0
33.20098341997776,0.7088959009720375,470.5933256755202,704.7410843758269,0
33.20098341997776,0.6963463541765968,470.5933256755202,709.9591859333711,0
33.22761339542297,0.6936249481470387,470.8205814476404,711.0907465604614,0
33.25399362165838,0.6898059863557704,471.04570590162905,712.6786708732707,0
33.2806235971036,0.7039893250473354,471.27296167374925,706.781238645318,0
33.2806235971036,0.6996240325452492,471.27296167374925,708.5963272676854,0
33.307007550939154,0.700170363256067,471.4981179384563,708.3691629581274,0
33.333387777174565,0.6990778547825587,471.7232423924449,708.8234279814121,0
33.36001775261978,0.6914397782518947,471.9504981645651,711.9993402028622,0
33.36001775261978,0.6788701952517741,471.9504981645651,717.2257728143124,0
33.38640170645534,0.7078084397867309,472.17565442927213,705.1932507366773,0
33.41278566029089,0.695258740043163,472.4008106939791,710.4114158900529,0
33.439411908135966,0.6968926848874146,472.628034655381,709.732021623813,0
33.439411908135966,0.6898059863557704,472.628034655381,712.6786708732707,0
33.465795861971515,0.6903472697783863,472.85319092008797,712.453605226147,0
33.49217981580708,0.6947125622804725,473.078347184795,710.6385166037796,0
33.51880606365215,0.6930786174362209,473.3055711461968,711.3179108700194,0
33.51880606365215,0.6783238645409563,473.3055711461968,717.4529371238705,0
33.5451900174877,0.6903472697783863,473.5307274109038,712.453605226147,0
33.57157397132326,0.6854406938536842,473.75588367561085,714.4937594956382,0
33.598934556397154,0.6865283079871181,473.9893743485339,714.0415295389564,0
33.598934556397154,0.6794165259625919,473.9893743485339,716.9986085047543,0
33.62531851023271,0.6832555239585403,474.2145306132409,715.402353138039,0
33.651702464068265,0.6848943631428664,474.4396868779479,714.7209238051962,0
33.67832871191334,0.6947125622804725,474.6669108393498,710.6385166037796,0
33.67832871191334,0.6887133249341347,474.6669108393498,713.1329994923868,0
33.70471266574889,0.6815966485695341,474.89206710405676,716.0921135247878,0
33.73109661958445,0.6958050707539809,475.1172233687638,710.1842515804948,0
33.757722867429514,0.7072621090759131,475.3444473301656,705.4204150462353,0
33.757722867429514,0.6854406938536842,475.3444473301656,714.4937594956382,0
33.78410682126508,0.7078084397867309,475.5696035948726,705.1932507366773,0
33.81049077510063,0.7061694476542775,475.79475985957964,705.8747436653515,0
33.83712075054585,0.7219917784782959,476.02201563169984,699.2958185087247,0
33.83712075054585,0.7203529392939697,476.02201563169984,699.9772478415675,0
33.863504704381405,0.745446985596649,476.2471718964069,689.5431433889134,0
33.89013095222647,0.7410816930945628,476.4743958578087,691.3582320112808,0
33.916514906062034,0.7574653435458772,476.6995521225157,684.5459101536243,0
33.916514906062034,0.7525537203329733,476.6995521225157,686.5881630855498,0
33.94289885989759,0.7345362779855346,476.9247083872227,694.0798156136148,0
33.969525107742655,0.7405404096719469,477.15193234862454,691.5832976584046,0
33.99590906157822,0.7301709854834484,477.3770886133316,695.8949042359823,0
33.99590906157822,0.7279908628765063,477.3770886133316,696.8013992159488,0
34.02229301541377,0.7110760235789796,477.60224487803856,703.8345893958603,0
34.04867696924933,0.6947125622804725,477.8274011427456,710.6385166037796,0
34.0753032170944,0.6968926848874146,478.0546251041474,709.732021623813,0
34.0753032170944,0.6848943631428664,478.0546251041474,714.7209238051962,0
34.10168717092996,0.6941662315696547,478.2797813688544,710.8656809133377,0
34.12807112476551,0.6815966485695341,478.50493763356144,716.0921135247878,0
34.154697372610585,0.6985315240717408,478.73216159496326,709.0505922909703,0
34.154697372610585,0.6887133249341347,478.73216159496326,713.1329994923868,0
34.18132734805579,0.700170363256067,478.95941736708346,708.3691629581274,0
34.207465280281696,0.6925324396735304,479.1824741243773,711.5450115837461,0
34.23409525572691,0.6941662315696547,479.4097298964975,710.8656809133377,0
34.23409525572691,0.6788701952517741,479.4097298964975,717.2257728143124,0
34.26072150357197,0.6958050707539809,479.63695385789936,710.1842515804948,0
34.287105457407534,0.6815966485695341,479.86211012260634,716.0921135247878,0
34.3134894112431,0.695258740043163,480.0872663873134,710.4114158900529,0
34.339873365078645,0.6908984948292788,480.31242265202036,712.2244058499859,0
34.339873365078645,0.6695983268249859,480.31242265202036,721.081015706171,0
34.36649961292372,0.6892596556449526,480.5396466134222,712.9058351828288,0
34.39288356675928,0.6859870245645021,480.7648028781292,714.26659518608,0
34.41926752059483,0.6925324396735304,480.9899591428362,711.5450115837461,0
34.41926752059483,0.6750512334605058,480.9899591428362,718.8136971271217,0
34.44589749604005,0.6761437419340142,481.2172149149564,718.359432103837,0
34.47227772227546,0.6799628566734097,481.44233936894506,716.7714441951963,0
34.49866167611101,0.6865283079871181,481.6674956336521,714.0415295389564,0
34.49866167611101,0.6838018546693582,481.6674956336521,715.1751888284809,0
34.52529165155623,0.6690521490622954,481.8947514057723,721.3081164198977,0
34.55167187779164,0.6881671471714442,482.1198758597609,713.3601002061135,0
34.57830185323685,0.6963463541765968,482.3471316318811,709.9591859333711,0
34.57830185323685,0.6887133249341347,482.3471316318811,713.1329994923868,0
34.604685807072414,0.6827142405359243,482.57228789658814,715.6274187851627,0
34.63106976090797,0.6777776867782658,482.7974441612951,717.6800378375972,0
34.657696008753035,0.6898059863557704,483.024668122697,712.6786708732707,0
34.657696008753035,0.6865283079871181,483.024668122697,714.0415295389564,0
34.6840799625886,0.7061694476542775,483.249824387404,705.8747436653515,0
34.71046391642415,0.6914397782518947,483.474980652111,711.9993402028622,0
34.73709016426922,0.7094422316828553,483.70220461351283,704.5139200662688,0
34.73709016426922,0.6985315240717408,483.70220461351283,709.0505922909703,0
34.76347411810478,0.6832555239585403,483.9273608782198,715.402353138039,0
34.78985807194034,0.6848943631428664,484.15251714292685,714.7209238051962,0
34.81648804738555,0.6799628566734097,484.37977291504706,716.7714441951963,0
34.81648804738555,0.6794165259625919,484.37977291504706,716.9986085047543,0
34.84287200122111,0.6848943631428664,484.6049291797541,714.7209238051962,0
34.86925222745652,0.6848943631428664,484.8300536337427,714.7209238051962,0
34.89588220290173,0.6843481853801759,485.0573094058629,714.9480245189229,0
34.89588220290173,0.682163015485032,485.0573094058629,715.8566181613238,0
34.922266156737294,0.6734174415643814,485.28246567056993,719.4930277975302,0
34.94889240458236,0.6936249481470387,485.50968963197175,711.0907465604614,0
34.975276358417915,0.6810553651469181,485.7348458966788,716.3171791719116,0
34.975276358417915,0.6728711108535637,485.7348458966788,719.7201921070883,0
35.00166031225348,0.6674182042180437,485.9600021613858,721.9875106861375,0
35.02804426608903,0.6892596556449526,486.1851584260928,712.9058351828288,0
35.0546705139341,0.7007166939668849,486.41238238749463,708.1419986485694,0
35.0546705139341,0.6854406938536842,486.41238238749463,714.4937594956382,0
35.08105446776966,0.6930786174362209,486.6375386522016,711.3179108700194,0
35.10768071561473,0.6815966485695341,486.8647626136035,716.0921135247878,0
35.13382237544077,0.6908984948292788,487.08785118161563,712.2244058499859,0
35.13382237544077,0.6843481853801759,487.08785118161563,714.9480245189229,0
35.160448623285845,0.682163015485032,487.3150751430175,715.8566181613238,0
35.18683257712139,0.7018043081003187,487.5402314077245,707.6897686918876,0
35.21346255256661,0.6990778547825587,487.7674871798447,708.8234279814121,0
35.21346255256661,0.695258740043163,487.7674871798447,710.4114158900529,0
35.240088800411684,0.7045306084699513,487.99471114124657,706.5561729981944,0
35.26622673263758,0.7225381091891137,488.21776789854033,699.0686541991666,0
35.292856708082795,0.7143538548957592,488.4450236706606,702.4716671343434,0
35.292856708082795,0.6996240325452492,488.4450236706606,708.5963272676854,0
35.31924066191836,0.7050819864689709,488.67017993536757,706.326910026202,0
35.34586690976342,0.697985193360923,488.8974038967694,709.2777566005283,0
35.37225086359898,0.6985315240717408,489.12256016147643,709.0505922909703,0
35.37225086359898,0.6930786174362209,489.12256016147643,711.3179108700194,0
35.39863481743454,0.6865283079871181,489.3477164261834,714.0415295389564,0
35.42501877127009,0.6925324396735304,489.57287269089045,711.5450115837461,0
35.45164501911516,0.6941662315696547,489.80009665229227,710.8656809133377,0
35.47802897295072,0.7018043081003187,490.0252529169993,707.6897686918876,0
35.47802897295072,0.6936249481470387,490.0252529169993,711.0907465604614,0
35.50465522079578,0.7105347401563636,490.2524768784011,704.0596550429841,0
35.531039174631346,0.7192653251605359,490.4776331431081,700.4294777982493,0
35.5574231284669,0.7208992700047875,490.70278940781515,699.7500835320094,0
35.5574231284669,0.7094422316828553,490.70278940781515,704.5139200662688,0
35.58405310391211,0.7252595152186718,490.93004517993535,697.9370935720764,0
35.610437057747674,0.7279908628765063,491.1552014446424,696.8013992159488,0
35.63706330559275,0.7099885623936731,491.3824254060442,704.2867557567108,0
35.63706330559275,0.708349723209347,491.3824254060442,704.9681850895536,0
35.663447259428295,0.7285371935873242,491.6075816707512,696.5742349063908,0
35.68983121326386,0.7176264859762097,491.8327379354582,701.1109071310921,0
35.71621516709941,0.724171901085238,492.0578942001652,698.3893235287582,0
35.71621516709941,0.7067157783650952,492.0578942001652,705.6475793557935,0
35.74284141494448,0.7165339775027014,492.2851181615671,701.5651721543768,0
35.76922536878004,0.7067157783650952,492.51027442627407,705.6475793557935,0
35.7956093226156,0.6930786174362209,492.7354306909811,711.3179108700194,0
35.7956093226156,0.6881671471714442,492.7354306909811,713.3601002061135,0
35.82223557046066,0.7050819864689709,492.9626546523829,706.326910026202,0
35.848619524296225,0.7039893250473354,493.1878109170899,706.781238645318,0
35.87524577214129,0.7067157783650952,493.4150348784918,705.6475793557935,0
35.87524577214129,0.700170363256067,493.4150348784918,708.3691629581274,0
35.901629725976846,0.697985193360923,493.64019114319876,709.2777566005283,0
35.92801367981241,0.6974439099383071,493.8653474079058,709.502822247652,0
35.95464365525762,0.7078084397867309,494.092603180026,705.1932507366773,0
35.95464365525762,0.7034431472846449,494.092603180026,707.0083393590447,0
35.981027609093175,0.6914397782518947,494.317759444733,711.9993402028622,0
36.00741156292874,0.6968926848874146,494.54291570944,709.732021623813,0
36.0340378107738,0.6914397782518947,494.77013967084184,711.9993402028622,0
36.0340378107738,0.6887133249341347,494.77013967084184,713.1329994923868,0
36.06042176460936,0.6843481853801759,494.9952959355489,714.9480245189229,0
36.08680571844492,0.7023504858630092,495.22045220025586,707.4626679781609,0
36.11343196628999,0.6947125622804725,495.4476761616577,710.6385166037796,0
36.11343196628999,0.6903472697783863,495.4476761616577,712.453605226147,0
36.13981592012554,0.6859870245645021,495.6728324263647,714.26659518608,0
36.16644589557076,0.6974439099383071,495.9000881984849,709.502822247652,0
36.19258382779665,0.6865283079871181,496.12314495577874,714.0415295389564,0
36.19258382779665,0.6761437419340142,496.12314495577874,718.359432103837,0
36.219210075641726,0.6898059863557704,496.35036891718056,712.6786708732707,0
36.245840051086944,0.6734174415643814,496.57762468930076,719.4930277975302,0
36.27222027732235,0.6843481853801759,496.8027491432894,714.9480245189229,0
36.27222027732235,0.6815966485695341,496.8027491432894,716.0921135247878,0
36.29860423115791,0.682163015485032,497.0279054079964,715.8566181613238,0
36.32498818499347,0.6843481853801759,497.25306167270344,714.9480245189229,0
36.35161816043868,0.6827142405359243,497.48031744482364,715.6274187851627,0
36.35161816043868,0.6777776867782658,497.48031744482364,717.6800378375972,0
36.37800211427424,0.6963463541765968,497.7054737095307,709.9591859333711,0
36.40462836211931,0.6832555239585403,497.9326976709325,715.402353138039,0
36.43101231595486,0.6968926848874146,498.1578539356395,709.732021623813,0
36.43101231595486,0.6870744857498086,498.1578539356395,713.8144288252297,0
36.45739626979042,0.6755975641713237,498.3830102003465,718.5865328175637,0
36.483780223625985,0.6838018546693582,498.6081664650535,715.1751888284809,0
36.51040647147104,0.6859870245645021,498.8353904264554,714.26659518608,0
36.51040647147104,0.6848943631428664,498.8353904264554,714.7209238051962,0
36.536790425306606,0.6908984948292788,499.06054669116236,712.2244058499859,0
36.56342040075182,0.695258740043163,499.28780246328256,710.4114158900529,0
36.58980435458737,0.6963463541765968,499.5129587279896,709.9591859333711,0
36.61618458082279,0.6985315240717408,499.7380831819782,709.0505922909703,0
36.61618458082279,0.6843481853801759,499.7380831819782,714.9480245189229,0
36.64281455626801,0.6832555239585403,499.96533895409846,715.402353138039,0
36.66919478250341,0.6815966485695341,500.19046340808706,716.0921135247878,0
36.69557873633897,0.6761437419340142,500.4156196727941,718.359432103837,0
36.69557873633897,0.6755975641713237,500.4156196727941,718.5865328175637,0
36.722208711784184,0.6854406938536842,500.6428754449143,714.4937594956382,0
36.74859266561974,0.6674182042180437,500.8680317096213,721.9875106861375,0
36.7749766194553,0.6750512334605058,501.0931879743283,718.8136971271217,0
36.7749766194553,0.6745099500378898,501.0931879743283,719.0387627742455,0
36.80160286730037,0.6783238645409563,501.32041193573014,717.4529371238705,0
36.82798682113592,0.6745099500378898,501.5455682004371,719.0387627742455,0
36.854370774971486,0.6772364033556498,501.77072446514416,717.9051034847209,0
36.854370774971486,0.6739587249869975,501.77072446514416,719.2679621504066,0
36.88099702281655,0.6985315240717408,501.997948426546,709.0505922909703,0
36.90738097665211,0.6734174415643814,502.223104691253,719.4930277975302,0
36.934010952097324,0.6805041400960258,502.4503604633732,716.5463785480725,0
36.934010952097324,0.6794165259625919,502.4503604633732,716.9986085047543,0
36.96039490593288,0.6914397782518947,502.6755167280802,711.9993402028622,0
36.986778859768435,0.6755975641713237,502.90067299278724,718.5865328175637,0
37.01340510761351,0.6908984948292788,503.12789695418905,712.2244058499859,0
37.01340510761351,0.6799628566734097,503.12789695418905,716.7714441951963,0
37.03978906144906,0.6734174415643814,503.3530532188961,719.4930277975302,0
37.066169287684474,0.6815966485695341,503.5781776728847,716.0921135247878,0
37.09279926312969,0.6892596556449526,503.8054334450049,712.9058351828288,0
37.09279926312969,0.6815966485695341,503.8054334450049,716.0921135247878,0
37.11918321696525,0.6848943631428664,504.03058970971193,714.7209238051962,0
37.1455671708008,0.6723247801427458,504.2557459744189,719.9473564166464,0
37.171951124636365,0.6755975641713237,504.48090223912595,718.5865328175637,0
37.171951124636365,0.671778449431928,504.48090223912595,720.1745207262044,0
37.19857737248143,0.6772364033556498,504.7081262005278,717.9051034847209,0
37.224961326316986,0.6783238645409563,504.9332824652348,717.4529371238705,0
37.25134528015255,0.6810553651469181,505.1584387299418,716.3171791719116,0
37.25134528015255,0.6788701952517741,505.1584387299418,717.2257728143124,0
37.277971527997614,0.6761437419340142,505.3856626913436,718.359432103837,0
37.304601503442825,0.6794165259625919,505.61291846346387,716.9986085047543,0
37.33098545727839,0.6892596556449526,505.83807472817085,712.9058351828288,0
37.33098545727839,0.6668720264553532,505.83807472817085,722.2146113998642,0
37.35736941111394,0.6827142405359243,506.0632309928779,715.6274187851627,0
37.38399565895901,0.6679594876406597,506.2904549542797,721.7624450390138,0
37.41037961279457,0.6805041400960258,506.5156112189867,716.5463785480725,0
37.41037961279457,0.6701396102476018,506.5156112189867,720.8559500590472,0
37.43676356663012,0.6635941951385735,506.74076748369373,723.5775336613812,0
37.46314379286554,0.6608677418208135,506.96589193768233,724.7111929509058,0
37.489773768310755,0.6750512334605058,507.1931477098026,718.8136971271217,0
37.489773768310755,0.6695983268249859,507.1931477098026,721.081015706171,0
37.5161577221463,0.6646868565602092,507.41830397450957,723.1232050422651,0
37.542541675981866,0.6794165259625919,507.6434602392166,716.9986085047543,0
37.56916792382694,0.6777776867782658,507.8706842006184,717.6800378375972,0
37.56916792382694,0.6635941951385735,507.8706842006184,723.5775336613812,0
37.59579789927215,0.6679594876406597,508.09793997273863,721.7624450390138,0
37.62193583149805,0.6734174415643814,508.32099673003245,719.4930277975302,0
37.648562079343115,0.6685058183514775,508.54822069143427,721.5352807294557,0
37.648562079343115,0.6668720264553532,508.54822069143427,722.2146113998642,0
37.67494603317867,0.6734174415643814,508.7733769561413,719.4930277975302,0
37.70157600862389,0.6695983268249859,509.0006327282615,721.081015706171,0
37.72795996245945,0.6772364033556498,509.2257889929685,717.9051034847209,0
37.75556284154285,0.6706859409584196,509.4613473625864,720.6287857494892,0
37.75556284154285,0.660321564058123,509.4613473625864,724.9382936646325,0
37.7819467953784,0.6739587249869975,509.6865036272934,719.2679621504066,0
37.808330749213965,0.6723247801427458,509.91165989200044,719.9473564166464,0
37.83495699705903,0.663048017375883,510.13888385340226,723.8046343751079,0
37.83495699705903,0.6543223267117853,510.13888385340226,727.4327765532397,0
37.861340950894586,0.6745099500378898,510.36404011810924,719.0387627742455,0
37.88772490473015,0.6685058183514775,510.5891963828163,721.5352807294557,0
37.91435488017536,0.6685058183514775,510.8164521549365,721.5352807294557,0
37.91435488017536,0.6635941951385735,510.8164521549365,723.5775336613812,0
37.940738834010915,0.655956271556037,511.0416084196435,726.7533822869999,0
37.96736508185599,0.6657793650337175,511.26883238104534,722.6689400189803,0
37.993749035691536,0.6755975641713237,511.4939886457523,718.5865328175637,0
37.993749035691536,0.6597752333473053,511.4939886457523,725.1654579741905,0
38.0201329895271,0.6734174415643814,511.71914491045936,719.4930277975302,0
38.04651321576251,0.6668720264553532,511.94426936444796,722.2146113998642,0
38.07314319120772,0.6586876192138714,512.1715251365682,725.6176879308723,0
38.09952714504328,0.6674182042180437,512.3966814012753,721.9875106861375,0
38.12591109887884,0.6663206484563335,512.6218376659822,722.4438743718566,0
38.15251125352289,0.6663217190932248,512.8488389523553,722.4434292010371,0
38.15251125352289,0.6543233973486766,512.8488389523553,727.4323313824203,0
38.1525373467239,0.6543223267117853,512.849061627384,727.4327765532397,0
38.17889520735844,0.6892607262818439,513.0739952170624,712.9053900120094,0
38.20552145520351,0.6739596426757615,513.3012191784642,719.2675805754185,0
38.23190540903907,0.6745059733865792,513.5263754431712,719.0404162658604,0
38.23190540903907,0.6608688124577049,513.5263754431712,724.7107477800864,0
38.25828936287462,0.6674142275667332,513.7515317078783,721.9891641777524,0
38.28491933831984,0.6728720285423276,513.9787874799985,719.7198105321003,0
38.31129956455525,0.6717795200688192,514.2039119339871,720.174075555385,0
38.31129956455525,0.670687011595311,514.2039119339871,720.6283405786697,0
38.337683518390804,0.6745059733865792,514.429068198694,719.0404162658604,0
38.36431349383602,0.6685067360402415,514.6563239708144,721.5348991544677,0
38.390697447671585,0.6887093482828242,514.8814802355213,713.1346529840017,0
38.390697447671585,0.6745059733865792,514.8814802355213,719.0404162658604,0
38.41707767390699,0.6799637743621737,515.1066046895099,716.7710626202082,0
38.443707649352206,0.683802772358122,515.3338604616301,715.1748072534929,0
38.47009160318776,0.6766860959935214,515.5590167263372,718.1339212858938,0
38.47009160318776,0.6750521511492698,515.5590167263372,718.8133155521336,0
38.49671785103283,0.6772373210444137,515.786240687739,717.9047219097329,0
38.52310180486839,0.670687011595311,516.011396952446,720.6283405786697,0
38.549485758703945,0.6717795200688192,516.2365532171531,720.174075555385,0
38.549485758703945,0.6663217190932248,516.2365532171531,722.4434292010371,0
38.5758697125395,0.6783249351778475,516.46170948186,717.4524919530511,0
38.60249596038457,0.6908945181779682,516.6889334432618,712.226059341601,0
38.62887991422013,0.7045316791068426,516.9140897079689,706.5557278273749,0
38.62887991422013,0.6887093482828242,516.9140897079689,713.1346529840017,0
38.65550988966534,0.6963474248134881,517.1413454800891,709.9587407625517,0
38.6818938435009,0.6919871795996039,517.3665017447961,711.7717307224848,0
38.70827406973631,0.6799637743621737,517.5916261987848,716.7710626202082,0
38.70827406973631,0.6712382366462033,517.5916261987848,720.3991412025088,0
38.73490404518152,0.683802772358122,517.818881970905,715.1748072534929,0
38.761287999017085,0.6996251031821404,518.044038235612,708.595882096866,0
38.78791424686215,0.6728720285423276,518.2712621970138,719.7198105321003,0
38.78791424686215,0.6663217190932248,518.2712621970138,722.4434292010371,0
38.814298200697706,0.6543233973486766,518.4964184617209,727.4323313824203,0
38.84068215453327,0.665234104959791,518.7215747264278,722.8956591577189,0
38.867066108368824,0.6695943501736753,518.9467309911348,721.0826691977859,0
38.89345006220438,0.6881680648602082,519.1718872558419,713.3597186311255,0
38.89345006220438,0.6854367172023738,519.1718872558419,714.4954129872531,0
38.92007631004945,0.6625026043538291,519.3991112172437,724.0314171096779,0
38.94646026388501,0.6810513884956075,519.6242674819507,716.3188326635265,0
38.972844217720564,0.6843491030689399,519.8494237466576,714.9476429439349,0
38.972844217720564,0.6788712658886654,519.8494237466576,717.225327643493,0
38.999470465565636,0.6783249351778475,520.0766477080596,717.4524919530511,0
39.02610044101085,0.6712382366462033,520.3039034801798,720.3991412025088,0
39.0524843948464,0.681597566258298,520.5290597448867,716.0917319497997,0
39.0524843948464,0.6597763039841965,520.5290597448867,725.1650128033712,0
39.078868348681965,0.6745059733865792,520.7542160095937,719.0404162658604,0
39.10549459652703,0.6794174436513559,520.9814399709956,716.9982269297662,0
39.131878550362586,0.6832565945954315,521.2065962357026,715.4019079672196,0
39.131878550362586,0.6635952657754648,521.2065962357026,723.5770884905618,0
39.15826250419815,0.6755984818600876,521.4317525004096,718.5861512425756,0
39.1846464580337,0.6761448125709054,521.6569087651167,718.3589869330176,0
39.21127270587877,0.6772373210444137,521.8841327265185,717.9047219097329,0
39.21127270587877,0.6674142275667332,521.8841327265185,721.9891641777524,0
39.23765665971433,0.6685067360402415,522.1092889912254,721.5348991544677,0
39.26404061354988,0.670687011595311,522.3344452559325,720.6283405786697,0
39.29066686139495,0.6848954337797577,522.5616692173343,714.7204786343768,0
39.29066686139495,0.6832565945954315,522.5616692173343,715.4019079672196,0
39.31729683684017,0.682163933173796,522.7889249894545,715.8562365863357,0
39.343434769066064,0.6810513884956075,523.0119817467483,716.3188326635265,0
39.37006101691114,0.6859879422532661,523.2392057081502,714.266213611092,0
39.37006101691114,0.6772373210444137,523.2392057081502,717.9047219097329,0
39.39644497074669,0.6827153111728156,523.4643619728572,715.6269736143433,0
39.4230749461919,0.6870755563866999,523.6916177449774,713.8139836544102,0
39.449458900027466,0.6936209714957282,523.9167740096844,711.0924000520763,0
39.449458900027466,0.6772373210444137,523.9167740096844,717.9047219097329,0
39.475839126262876,0.6979862639978143,524.141898463673,709.2773114297089,0
39.50246910170809,0.6859879422532661,524.3691542357932,714.266213611092,0
39.52885305554365,0.6996251031821404,524.5943105005002,708.595882096866,0
39.52885305554365,0.6947134799692365,524.5943105005002,710.6381350287916,0
39.555237009379205,0.6985325947086322,524.8194667652073,709.0501471201508,0
39.58186325722427,0.7110770942158708,525.0466907266091,703.834144225041,0
39.60824721105983,0.6979862639978143,525.2718469913161,709.2773114297089,0
39.60824721105983,0.6876218870975177,525.2718469913161,713.5868193448522,0
39.63463116489539,0.691440848888786,525.4970032560232,711.9988950320428,0
39.661257412740454,0.6892607262818439,525.724227217425,712.9053900120094,0
39.68764136657602,0.6843491030689399,525.9493834821319,714.9476429439349,0
39.68764136657602,0.6788712658886654,525.9493834821319,717.225327643493,0
39.71427134202123,0.6794174436513559,526.1766392542521,716.9982269297662,0
39.74065529585678,0.6766860959935214,526.4017955189591,718.1339212858938,0
39.7670355220922,0.6690480194628574,526.6269199729478,721.3098335073439,0
39.7670355220922,0.6614151431685227,526.6269199729478,724.4835834705283,0
39.79366549753741,0.6799637743621737,526.854175745068,716.7710626202082,0
39.82004945137297,0.6750521511492698,527.079332009775,718.8133155521336,0
39.84643340520853,0.6734183592531454,527.3044882744821,719.4926462225421,0
39.84643340520853,0.6619613209312132,527.3044882744821,724.2564827568016,0
39.873059653053595,0.6646827269607714,527.5317122358839,723.1249221297113,0
39.89944360688915,0.6663217190932248,527.7568685005908,722.4434292010371,0
39.92582756072471,0.6761448125709054,527.9820247652979,718.3589869330176,0
39.92582756072471,0.6728720285423276,527.9820247652979,719.7198105321003,0
39.95245380856978,0.6772373210444137,528.2092487266997,717.9047219097329,0
39.978837762405334,0.6723258507796371,528.4344049914067,719.946911245827,0
40.0052217162409,0.6750521511492698,528.6595612561138,718.8133155521336,0
40.031605670076445,0.6635952657754648,528.8847175208208,723.5770884905618,0
40.031605670076445,0.6619613209312132,528.8847175208208,724.2564827568016,0
40.05823191792152,0.6668678968559153,529.1119414822226,722.2163284873104,0
40.084861893366735,0.6783249351778475,529.3391972543428,717.4524919530511,0
40.11124584720229,0.6728720285423276,529.5643535190499,719.7198105321003,0
40.11124584720229,0.6701406808844931,529.5643535190499,720.8555048882279,0
40.137629801037846,0.6674142275667332,529.7895097837568,721.9891641777524,0
40.16425604888292,0.6783249351778475,530.0167337451586,717.4524919530511,0
40.190640002718474,0.6761448125709054,530.2418900098656,718.3589869330176,0
40.190640002718474,0.6625026043538291,530.2418900098656,724.0314171096779,0
40.21702395655403,0.6827153111728156,530.4670462745727,715.6269736143433,0
40.243650204399096,0.6712382366462033,530.6942702359745,720.3991412025088,0
40.27003415823466,0.6930746407849103,530.9194265006815,711.3195643616343,0
40.27003415823466,0.6625026043538291,530.9194265006815,724.0314171096779,0
40.296418112070214,0.6783249351778475,531.1445827653886,717.4524919530511,0
40.32280206590577,0.6799637743621737,531.3697390300955,716.7710626202082,0
40.34942831375084,0.682163933173796,531.5969629914973,715.8562365863357,0
40.37605828919605,0.6685067360402415,531.8242187636176,721.5348991544677,0
40.40219622142195,0.6728720285423276,532.0472755209114,719.7198105321003,0
40.428822469267025,0.6772373210444137,532.2744994823132,717.9047219097329,0
40.428822469267025,0.6674142275667332,532.2744994823132,721.9891641777524,0
40.45520642310258,0.6575961813772544,532.4996557470203,726.0715077833377,0
40.4818363985478,0.6597763039841965,532.7269115191405,725.1650128033712,0
40.50822035238335,0.6717795200688192,532.9520677838475,720.174075555385,0
40.50822035238335,0.6663217190932248,532.9520677838475,722.4434292010371,0
40.53460430621891,0.6690480194628574,533.1772240485544,721.3098335073439,0
40.56123055406398,0.6712382366462033,533.4044480099564,720.3991412025088,0
40.58761450789953,0.6766860959935214,533.6296042746633,718.1339212858938,0
40.58761450789953,0.6597763039841965,533.6296042746633,725.1650128033712,0
40.61399473413495,0.6690480194628574,533.8547287286519,721.3098335073439,0
40.640624709580166,0.6745059733865792,534.0819845007721,719.0404162658604,0
40.667008663415714,0.6728720285423276,534.3071407654792,719.7198105321003,0
40.667008663415714,0.6581423591399449,534.3071407654792,725.844407069611,0
40.69339261725128,0.6766860959935214,534.5322970301862,718.1339212858938,0
40.72002259269649,0.6663217190932248,534.7595528023064,722.4434292010371,0
40.74640654653204,0.686529225675882,534.9847090670135,714.0411479639683,0
40.74640654653204,0.6832565945954315,534.9847090670135,715.4019079672196,0
40.77302906677697,0.6854367172023738,535.2119012176969,714.4954129872531,0
40.79941302061252,0.6783249351778475,535.4370574824038,717.4524919530511,0
40.82579697444808,0.691440848888786,535.6622137471109,711.9988950320428,0
40.82579697444808,0.686529225675882,535.6622137471109,714.0411479639683,0
40.8524269498933,0.683802772358122,535.889469519231,715.1748072534929,0
40.878810903728855,0.6832565945954315,536.1146257839381,715.4019079672196,0
40.90519485756441,0.683802772358122,536.3397820486451,715.1748072534929,0
40.90519485756441,0.6832565945954315,536.3397820486451,715.4019079672196,0
40.93157881139997,0.6876218870975177,536.5649383133522,713.5868193448522,0
40.95820133164489,0.682163933173796,536.7921304640356,715.8562365863357,0
40.98458528548045,0.6848954337797577,537.0172867287425,714.7204786343768,0
40.98458528548045,0.6739596426757615,537.0172867287425,719.2675805754185,0
41.01121526092567,0.6701406808844931,537.2445425008628,720.8555048882279,0
41.03759921476122,0.6745059733865792,537.4696987655698,719.0404162658604,0
41.06398316859678,0.6772373210444137,537.6948550302768,717.9047219097329,0
41.06398316859678,0.6657804356706088,537.6948550302768,722.6684948481609,0
41.090613144041995,0.6690480194628574,537.922110802397,721.3098335073439,0
41.116997097877544,0.6674142275667332,538.147267067104,721.9891641777524,0
41.14361961812247,0.6783249351778475,538.3744592177875,717.4524919530511,0
41.14361961812247,0.663048935064647,538.3744592177875,723.8042528001198,0
41.17000357195803,0.6739596426757615,538.5996154824945,719.2675805754185,0
41.19638752579359,0.6723258507796371,538.8247717472016,719.946911245827,0
41.222771479629145,0.6663217190932248,539.0499280119085,722.4434292010371,0
41.24940145507436,0.6685067360402415,539.2771837840287,721.5348991544677,0
41.24940145507436,0.6614151431685227,539.2771837840287,724.4835834705283,0
41.27578540890991,0.6663217190932248,539.5023400487357,722.4434292010371,0
41.30241538435513,0.6739596426757615,539.7295958208559,719.2675805754185,0
41.32879933819069,0.6695943501736753,539.954752085563,721.0826691977859,0
41.32879933819069,0.6592299732733787,539.954752085563,725.3921771129292,0
41.35517583682595,0.6772373210444137,540.1798447288332,717.9047219097329,0
41.38155979066151,0.6745059733865792,540.4050009935403,719.0404162658604,0
41.40818976610673,0.6750521511492698,540.6322567656605,718.8133155521336,0
41.40818976610673,0.6657804356706088,540.6322567656605,722.6684948481609,0
41.43481974155194,0.6619613209312132,540.8595125377807,724.2564827568016,0
41.46095767377784,0.683802772358122,541.0825692950744,715.1748072534929,0
41.48758764922305,0.6777786044670298,541.3098250671947,717.6796562626091,0
41.48758764922305,0.6663217190932248,541.3098250671947,722.4434292010371,0
41.513971603058614,0.6668678968559153,541.5349813319017,722.2163284873104,0
41.540594123303535,0.6734183592531454,541.7621734825851,719.4926462225421,0
41.5669780771391,0.6766860959935214,541.9873297472922,718.1339212858938,0
41.5669780771391,0.6755984818600876,541.9873297472922,718.5861512425756,0
41.593362030974646,0.6723258507796371,542.2124860119992,719.946911245827,0
41.61974598481021,0.6723258507796371,542.4376422767061,719.946911245827,0
41.64637596025542,0.681597566258298,542.6648980488264,716.0917319497997,0
41.64637596025542,0.6657804356706088,542.6648980488264,722.6684948481609,0
41.672759914090975,0.6674142275667332,542.8900543135334,721.9891641777524,0
41.69938988953619,0.6712382366462033,543.1173100856536,720.3991412025088,0
41.725773843371755,0.683802772358122,543.3424663503606,715.1748072534929,0
41.725773843371755,0.6755984818600876,543.3424663503606,718.5861512425756,0
41.75215034200701,0.6794174436513559,543.5675589936309,716.9982269297662,0
41.77878031745223,0.6734183592531454,543.7948147657511,719.4926462225421,0
41.80516427128779,0.681597566258298,544.0199710304581,716.0917319497997,0
41.80516427128779,0.6701406808844931,544.0199710304581,720.8555048882279,0
41.831794246733,0.6805050577847898,544.2472268025783,716.5459969730845,0
41.85817820056856,0.6777786044670298,544.4723830672854,717.6796562626091,0
41.88456215440412,0.6930746407849103,544.6975393319923,711.3195643616343,0
41.88456215440412,0.667960558277551,544.6975393319923,721.7619998681944,0
41.91192273947801,0.6745059733865792,544.9310300049154,719.0404162658604,0
41.938306693313564,0.6723258507796371,545.1561862696224,719.946911245827,0
41.96469064714912,0.667960558277551,545.3813425343294,721.7619998681944,0
41.96469064714912,0.665234104959791,545.3813425343294,722.8956591577189,0
41.991074600984675,0.6739596426757615,545.6064987990364,719.2675805754185,0
42.0176971212296,0.6777786044670298,545.8336909497199,717.6796562626091,0
42.04408107506516,0.6794174436513559,546.0588472144269,716.9982269297662,0
42.04408107506516,0.6745059733865792,546.0588472144269,719.0404162658604,0
42.07046502890072,0.6723258507796371,546.2840034791338,719.946911245827,0
42.09709500434593,0.6712382366462033,546.5112592512542,720.3991412025088,0
42.12347895818149,0.6805050577847898,546.7364155159611,716.5459969730845,0
42.12347895818149,0.6734183592531454,546.7364155159611,719.4926462225421,0
42.14986291201704,0.6843491030689399,546.9615717806681,714.9476429439349,0
42.17648543226197,0.6750521511492698,547.1887639313516,718.8133155521336,0
42.202869386097525,0.6685067360402415,547.4139201960586,721.5348991544677,0
42.202869386097525,0.6674142275667332,547.4139201960586,721.9891641777524,0
42.22925333993308,0.6646827269607714,547.6390764607656,723.1249221297113,0
42.25588331537829,0.6788712658886654,547.8663322328858,717.225327643493,0
42.282267269213854,0.6810513884956075,548.0914884975929,716.3188326635265,0
42.282267269213854,0.6788712658886654,548.0914884975929,717.225327643493,0
42.30889724465907,0.683802772358122,548.3187442697131,715.1748072534929,0
42.33528119849463,0.6717795200688192,548.54390053442,720.174075555385,0
42.36166515233018,0.6728720285423276,548.769056799127,719.7198105321003,0
42.3882876725751,0.6985325947086322,548.9962489498105,709.0501471201508,0
42.3882876725751,0.6739596426757615,548.9962489498105,719.2675805754185,0
42.41467162641066,0.6859879422532661,549.2214052145175,714.266213611092,0
42.44105558024622,0.6734183592531454,549.4465614792246,719.4926462225421,0
42.46768555569144,0.686529225675882,549.6738172513448,714.0411479639683,0
42.46768555569144,0.6799637743621737,549.6738172513448,716.7710626202082,0
42.494069509526994,0.6810513884956075,549.8989735160518,716.3188326635265,0
42.52045346336255,0.6739596426757615,550.1241297807587,719.2675805754185,0
42.546837417198105,0.682163933173796,550.3492860454658,715.8562365863357,0
42.546837417198105,0.681597566258298,550.3492860454658,716.0917319497997,0
42.573459937443026,0.6788712658886654,550.5764781961492,717.225327643493,0
42.600089912888244,0.6788712658886654,550.8037339682694,717.225327643493,0
42.626227845114144,0.6936209714957282,551.0267907255633,711.0924000520763,0
42.626227845114144,0.6728720285423276,551.0267907255633,719.7198105321003,0
42.65285782055936,0.683802772358122,551.2540464976835,715.1748072534929,0
42.67948779600457,0.6827153111728156,551.4813022698037,715.6269736143433,0
42.70587174984013,0.6772373210444137,551.7064585345107,717.9047219097329,0
42.70587174984013,0.6690480194628574,551.7064585345107,721.3098335073439,0
42.73225570367568,0.6717795200688192,551.9316147992178,720.174075555385,0
42.75887822392061,0.6843491030689399,552.1588069499012,714.9476429439349,0
42.78526217775617,0.6783249351778475,552.3839632146081,717.4524919530511,0
42.78526217775617,0.670687011595311,552.3839632146081,720.6283405786697,0
42.81164613159172,0.6761448125709054,552.6091194793152,718.3589869330176,0
42.838030085427285,0.6761448125709054,552.8342757440222,718.3589869330176,0
42.864660060872495,0.6783249351778475,553.0615315161424,717.4524919530511,0
42.89104401470805,0.6772373210444137,553.2866877808494,717.9047219097329,0
42.917427968543606,0.6810513884956075,553.5118440455565,716.3188326635265,0
42.944057943988824,0.681597566258298,553.7390998176767,716.0917319497997,0
42.944057943988824,0.6723258507796371,553.7390998176767,719.946911245827,0
42.970680464233745,0.6766860959935214,553.9662919683601,718.1339212858938,0
42.9970644180693,0.6859879422532661,554.1914482330671,714.266213611092,0
43.02344837190486,0.6870755563866999,554.4166044977741,713.8139836544102,0
43.02344837190486,0.6575961813772544,554.4166044977741,726.0715077833377,0
43.04983232574042,0.6695943501736753,554.6417607624811,721.0826691977859,0
43.076462301185636,0.6979862639978143,554.8690165346013,709.2773114297089,0
43.10284625502119,0.6843491030689399,555.0941727993084,714.9476429439349,0
43.10284625502119,0.6777786044670298,555.0941727993084,717.6796562626091,0
43.12923020885675,0.691440848888786,555.3193290640154,711.9988950320428,0
43.15561416269231,0.6854367172023738,555.5444853287223,714.4954129872531,0
43.18223668293722,0.6848954337797577,555.7716774794059,714.7204786343768,0
43.18223668293722,0.682163933173796,555.7716774794059,715.8562365863357,0
43.208620636772785,0.6979862639978143,555.9968337441128,709.2773114297089,0
43.235250612218,0.6755984818600876,556.224089516233,718.5861512425756,0
43.26163456605356,0.6876218870975177,556.44924578094,713.5868193448522,0
43.26163456605356,0.6859879422532661,556.44924578094,714.266213611092,0
43.288018519889114,0.6827153111728156,556.6744020456471,715.6269736143433,0
43.314648495334325,0.682163933173796,556.9016578177673,715.8562365863357,0
43.34103244916989,0.6848954337797577,557.1268140824743,714.7204786343768,0
43.34103244916989,0.6668678968559153,557.1268140824743,722.2163284873104,0
43.36765496941481,0.6848954337797577,557.3540062331577,714.7204786343768,0
43.39403892325037,0.6859879422532661,557.5791624978648,714.266213611092,0
43.420422877085926,0.683802772358122,557.8043187625717,715.1748072534929,0
43.420422877085926,0.6766860959935214,557.8043187625717,718.1339212858938,0
43.44680683092148,0.6750521511492698,558.0294750272787,718.8133155521336,0
43.47343680636669,0.6734183592531454,558.256730799399,719.4926462225421,0
43.49982076020225,0.6783249351778475,558.481887064106,717.4524919530511,0
43.526443280447175,0.670687011595311,558.7090792147894,720.6283405786697,0
43.526443280447175,0.6685067360402415,558.7090792147894,721.5348991544677,0
43.55282723428273,0.6755984818600876,558.9342354794965,718.5861512425756,0
43.57921118811829,0.6657804356706088,559.1593917442035,722.6684948481609,0
43.605841163563504,0.6794174436513559,559.3866475163237,716.9982269297662,0
43.605841163563504,0.6625026043538291,559.3866475163237,724.0314171096779,0
43.63222511739906,0.6734183592531454,559.6118037810307,719.4926462225421,0
43.65885509284428,0.6745059733865792,559.839059553151,719.0404162658604,0
43.68499302507017,0.6723258507796371,560.0621163104447,719.946911245827,0
43.68499302507017,0.6695943501736753,560.0621163104447,721.0826691977859,0
43.71162300051539,0.6695943501736753,560.2893720825649,721.0826691977859,0
43.73800695435095,0.6766860959935214,560.514528347272,718.1339212858938,0
43.764629474595864,0.670687011595311,560.7417204979554,720.6283405786697,0
43.764629474595864,0.6646827269607714,560.7417204979554,723.1249221297113,0
43.79101342843143,0.6723258507796371,560.9668767626624,719.946911245827,0
43.81739738226698,0.6766860959935214,561.1920330273695,718.1339212858938,0
43.8440273577122,0.6772373210444137,561.4192887994897,717.9047219097329,0
43.8440273577122,0.6755984818600876,561.4192887994897,718.5861512425756,0
43.870411311547755,0.6750521511492698,561.6444450641966,718.8133155521336,0
43.897041286992966,0.6766860959935214,561.8717008363168,718.1339212858938,0
43.92341778562823,0.6859879422532661,562.0967934795871,714.266213611092,0
43.92341778562823,0.682163933173796,562.0967934795871,715.8562365863357,0
43.949801739463794,0.6635952657754648,562.3219497442941,723.5770884905618,0
43.97618569329935,0.6827153111728156,562.5471060090011,715.6269736143433,0
44.00281566874457,0.6805050577847898,562.7743617811213,716.5459969730845,0
44.00281566874457,0.6674142275667332,562.7743617811213,721.9891641777524,0
44.02919962258012,0.6761448125709054,562.9995180458284,718.3589869330176,0
44.05582959802533,0.6870755563866999,563.2267738179486,713.8139836544102,0
44.08221355186089,0.6728720285423276,563.4519300826555,719.7198105321003,0
44.08221355186089,0.6685067360402415,563.4519300826555,721.5348991544677,0
44.10859750569645,0.6755984818600876,563.6770863473625,718.5861512425756,0
44.13522002594137,0.6799637743621737,563.904278498046,716.7710626202082,0
44.161603979776935,0.667960558277551,564.129434762753,721.7619998681944,0
44.161603979776935,0.6646827269607714,564.129434762753,723.1249221297113,0
44.18798793361249,0.6701406808844931,564.3545910274601,720.8555048882279,0
44.214371887448046,0.6734183592531454,564.5797472921671,719.4926462225421,0
44.241001862893256,0.6827153111728156,564.8070030642873,715.6269736143433,0
44.241001862893256,0.682163933173796,564.8070030642873,715.8562365863357,0
44.26738581672881,0.6690480194628574,565.0321593289942,721.3098335073439,0
44.29401579217404,0.6712382366462033,565.2594151011145,720.3991412025088,0
44.320392290809295,0.6745059733865792,565.4845077443847,719.0404162658604,0
44.320392290809295,0.6717795200688192,565.4845077443847,720.174075555385,0
44.34677624464486,0.670687011595311,565.7096640090917,720.6283405786697,0
44.37340622009007,0.6701406808844931,565.9369197812119,720.8555048882279,0
44.39979017392562,0.6772373210444137,566.162076045919,717.9047219097329,0
44.39979017392562,0.6657804356706088,566.162076045919,722.6684948481609,0
44.42642014937084,0.6777786044670298,566.3893318180392,717.6796562626091,0
44.4528041032064,0.6739596426757615,566.6144880827462,719.2675805754185,0
44.47918805704196,0.6772373210444137,566.8396443474533,717.9047219097329,0
44.47918805704196,0.667960558277551,566.8396443474533,721.7619998681944,0
44.505572010877515,0.667960558277551,567.0648006121602,721.7619998681944,0
44.532194531122435,0.6712382366462033,567.2919927628436,720.3991412025088,0
44.55857848495799,0.6810513884956075,567.5171490275507,716.3188326635265,0
44.55857848495799,0.6685067360402415,567.5171490275507,721.5348991544677,0
44.58520846040321,0.655957189244801,567.7444047996709,726.7530007120118,0
44.6113463926291,0.6657804356706088,567.9674615569647,722.6684948481609,0
44.63797636807432,0.6663217190932248,568.1947173290849,722.4434292010371,0
44.66460634351953,0.6728720285423276,568.4219731012051,719.7198105321003,0
44.66460634351953,0.6641415964862827,568.4219731012051,723.3499241810038,0
44.69099029735509,0.6777786044670298,568.6471293659122,717.6796562626091,0
44.71736679599036,0.6695943501736753,568.8722220091823,721.0826691977859,0
44.743996771435576,0.6805050577847898,569.0994777813027,716.5459969730845,0
44.743996771435576,0.6799637743621737,569.0994777813027,716.7710626202082,0
44.77038072527113,0.6685067360402415,569.3246340460096,721.5348991544677,0
44.79676467910669,0.6805050577847898,569.5497903107166,716.5459969730845,0
44.82314863294225,0.6794174436513559,569.7749465754237,716.9982269297662,0
44.82314863294225,0.663048935064647,569.7749465754237,723.8042528001198,0
44.84977860838746,0.6799637743621737,570.0022023475439,716.7710626202082,0
44.876162562223016,0.6717795200688192,570.2273586122509,720.174075555385,0
44.90254651605858,0.6712382366462033,570.4525148769578,720.3991412025088,0
44.90254651605858,0.6641415964862827,570.4525148769578,723.3499241810038,0
44.9291690363035,0.682163933173796,570.6797070276414,715.8562365863357,0
44.95579901174871,0.6898069040445344,570.9069627997616,712.6782892982827,0
44.982182965584265,0.6712382366462033,571.1321190644685,720.3991412025088,0
44.982182965584265,0.665234104959791,571.1321190644685,722.8956591577189,0
45.00856691941982,0.681597566258298,571.3572753291755,716.0917319497997,0
45.03519689486504,0.6755984818600876,571.5845311012957,718.5861512425756,0
45.0615808487006,0.6772373210444137,571.8096873660028,717.9047219097329,0
45.0615808487006,0.6635952657754648,571.8096873660028,723.5770884905618,0
45.087964802536156,0.6755984818600876,572.0348436307098,718.5861512425756,0
45.11434130117142,0.6712382366462033,572.2599362739801,720.3991412025088,0
45.14097127661663,0.6832565945954315,572.4871920461003,715.4019079672196,0
45.14097127661663,0.6783249351778475,572.4871920461003,717.4524919530511,0
45.16735523045219,0.6870755563866999,572.7123483108072,713.8139836544102,0
45.19373918428775,0.6783249351778475,572.9375045755143,717.4524919530511,0
45.22036915973296,0.681597566258298,573.1647603476345,716.0917319497997,0
45.22036915973296,0.6777786044670298,573.1647603476345,717.6796562626091,0
45.24675311356852,0.6635952657754648,573.3899166123415,723.5770884905618,0
45.27313706740408,0.6685067360402415,573.6150728770485,721.5348991544677,0
45.299759587649,0.6788712658886654,573.842265027732,717.225327643493,0
45.299759587649,0.670687011595311,573.842265027732,720.6283405786697,0
45.326143541484555,0.6925333573622944,574.067421292439,711.5446300087581,0
45.35277351692977,0.6848954337797577,574.2946770645592,714.7204786343768,0
45.37915747076533,0.7132622641110149,574.5198333292662,702.9255505826401,0
45.37915747076533,0.6848954337797577,574.5198333292662,714.7204786343768,0
45.40554142460089,0.736176187806752,574.7449895939732,693.3979411099526,0
45.4321714000461,0.7552861386276991,574.9722453660934,685.4520235586028,0
45.45855535388166,0.7487358291785963,575.1974016308004,688.1756422275397,0
45.45855535388166,0.7427216029157803,575.1974016308004,690.6763575076186,0
45.48493930771721,0.7247191494848197,575.4225578955075,698.161777644212,0
45.51156182796214,0.717627556613101,575.6497500461909,701.1104619602727,0
45.537945781797696,0.7247191494848197,575.8749063108979,698.161777644212,0
45.537945781797696,0.6936209714957282,575.8749063108979,711.0924000520763,0
45.56432973563325,0.715442386717957,576.100062575605,702.0190556026736,0
45.59095971107846,0.7067168490019866,576.3273183477252,705.647134184974,0
45.617343664914024,0.7050780098176604,576.5524746124321,706.3285635178169,0
45.617343664914024,0.683802772358122,576.5524746124321,715.1748072534929,0
45.64397364035924,0.6958061413908722,576.7797303845524,710.1838064096754,0
45.67011157258514,0.6755984818600876,577.0027871418462,718.5861512425756,0
45.69673409283006,0.6777786044670298,577.2299792925296,717.6796562626091,0
45.69673409283006,0.6641415964862827,577.2299792925296,723.3499241810038,0
45.723364068275274,0.6674142275667332,577.4572350646498,721.9891641777524,0
45.74974802211083,0.6761448125709054,577.6823913293568,718.3589869330176,0
45.77637799755605,0.6646827269607714,577.909647101477,723.1249221297113,0
45.80276195139161,0.6777786044670298,578.1348033661841,717.6796562626091,0
45.80276195139161,0.667960558277551,578.1348033661841,721.7619998681944,0
45.829145905227165,0.6799637743621737,578.359959630891,716.7710626202082,0
45.85552985906272,0.691440848888786,578.585115895598,711.9988950320428,0
45.88215237930764,0.6755984818600876,578.8123080462815,718.5861512425756,0
45.88215237930764,0.6717795200688192,578.8123080462815,720.174075555385,0
45.908536333143196,0.6739596426757615,579.0374643109885,719.2675805754185,0
45.93492028697875,0.670687011595311,579.2626205756956,720.6283405786697,0
45.961304240814314,0.6717795200688192,579.4877768404026,720.174075555385,0
45.961304240814314,0.6701406808844931,579.4877768404026,720.8555048882279,0
45.98793421625953,0.6614151431685227,579.7150326125228,724.4835834705283,0
46.014556736504446,0.6761448125709054,579.9422247632062,718.3589869330176,0
46.0409481455403,0.6646827269607714,580.16744464935,723.1249221297113,0
46.06830873061419,0.681597566258298,580.4009353222731,716.0917319497997,0
46.09493125085911,0.6695943501736753,580.6281274729565,721.0826691977859,0
46.12131520469467,0.6745059733865792,580.8532837376636,719.0404162658604,0
46.12131520469467,0.6712382366462033,580.8532837376636,720.3991412025088,0
46.147945180139885,0.6565035199556187,581.0805395097838,726.5258364024538,0
46.17432913397544,0.6712382366462033,581.3056957744908,720.3991412025088,0
46.200713087810996,0.6859879422532661,581.5308520391977,714.266213611092,0
46.200713087810996,0.6619613209312132,581.5308520391977,724.2564827568016,0
46.22734306325621,0.6635952657754648,581.7581078113179,723.5770884905618,0
46.25371956189147,0.683802772358122,581.9832004545882,715.1748072534929,0
46.280103515727035,0.6750521511492698,582.2083567192952,718.8133155521336,0
46.280103515727035,0.6717795200688192,582.2083567192952,720.174075555385,0
46.30673349117225,0.6799637743621737,582.4356124914154,716.7710626202082,0
46.33311744500781,0.6827153111728156,582.6607687561225,715.6269736143433,0
46.35950139884336,0.6876218870975177,582.8859250208295,713.5868193448522,0
46.35950139884336,0.6805050577847898,582.8859250208295,716.5459969730845,0
46.386131374288574,0.6755984818600876,583.1131807929497,718.5861512425756,0
46.41251532812414,0.6859879422532661,583.3383370576566,714.266213611092,0
46.4388918267594,0.6952547633918524,583.5634297009269,710.4130693816678,0
46.4388918267594,0.6870755563866999,583.5634297009269,713.8139836544102,0
46.46552180220462,0.6947134799692365,583.7906854730471,710.6381350287916,0
46.491905756040175,0.6925333573622944,584.0158417377542,711.5446300087581,0
46.518535731485386,0.6870755563866999,584.2430975098744,713.8139836544102,0
46.518535731485386,0.6750521511492698,584.2430975098744,718.8133155521336,0
46.54491968532094,0.6963474248134881,584.4682537745814,709.9587407625517,0
46.5713036391565,0.6859879422532661,584.6934100392884,714.266213611092,0
46.597926159401425,0.6854367172023738,584.9206021899719,714.4954129872531,0
46.597926159401425,0.6766860959935214,584.9206021899719,718.1339212858938,0
46.62431756843728,0.6843491030689399,585.1458220761157,714.9476429439349,0
46.65069406707254,0.6745059733865792,585.3709147193858,719.0404162658604,0
46.67732404251775,0.663048935064647,585.598170491506,723.8042528001198,0
46.67732404251775,0.6619613209312132,585.598170491506,724.2564827568016,0
46.703461974743654,0.6805050577847898,585.8212272487999,716.5459969730845,0
46.730091950188864,0.663048935064647,586.0484830209201,723.8042528001198,0
46.75672192563408,0.682163933173796,586.2757387930403,715.8562365863357,0
46.75672192563408,0.6788712658886654,586.2757387930403,717.225327643493,0
46.78310587946964,0.6810513884956075,586.5008950577474,716.3188326635265,0
46.80972839971456,0.681597566258298,586.7280872084308,716.0917319497997,0
46.835866331940466,0.6805050577847898,586.9511439657246,716.5459969730845,0
46.835866331940466,0.6728720285423276,586.9511439657246,719.7198105321003,0
46.862496307385676,0.6827153111728156,587.1783997378448,715.6269736143433,0
46.88888026122123,0.6717795200688192,587.4035560025518,720.174075555385,0
46.91551023666645,0.6712382366462033,587.630811774672,720.3991412025088,0
46.91551023666645,0.667960558277551,587.630811774672,721.7619998681944,0
46.941894190502005,0.6772373210444137,587.855968039379,717.9047219097329,0
46.96827814433757,0.667960558277551,588.0811243040861,721.7619998681944,0
46.99466209817312,0.6794174436513559,588.3062805687931,716.9982269297662,0
47.02129207361834,0.6766860959935214,588.5335363409133,718.1339212858938,0
47.02129207361834,0.6728720285423276,588.5335363409133,719.7198105321003,0
47.0476685722536,0.6657804356706088,588.7586289841835,722.6684948481609,0
47.07429854769882,0.6876218870975177,588.9858847563038,713.5868193448522,0
47.10068250153437,0.6799637743621737,589.2110410210107,716.7710626202082,0
47.10068250153437,0.6783249351778475,589.2110410210107,717.4524919530511,0
47.12706645536993,0.6794174436513559,589.4361972857178,716.9982269297662,0
47.153696430815145,0.6728720285423276,589.663453057838,719.7198105321003,0
47.18008038465071,0.6755984818600876,589.888609322545,718.5861512425756,0
47.18008038465071,0.663048935064647,589.888609322545,723.8042528001198,0
47.20670290489562,0.6641415964862827,590.1158014732284,723.3499241810038,0
47.233086858731184,0.6881680648602082,590.3409577379355,713.3597186311255,0
47.25947081256674,0.6783249351778475,590.5661140026425,717.4524919530511,0
47.25947081256674,0.6777786044670298,590.5661140026425,717.6796562626091,0
47.285854766402295,0.6783249351778475,590.7912702673494,717.4524919530511,0
47.31248474184751,0.6750521511492698,591.0185260394696,718.8133155521336,0
47.338868695683075,0.6750521511492698,591.2436823041767,718.8133155521336,0
47.338868695683075,0.667960558277551,591.2436823041767,721.7619998681944,0
47.36525264951863,0.6728720285423276,591.4688385688837,719.7198105321003,0
47.391875169763544,0.6745059733865792,591.6960307195671,719.0404162658604,0
47.4182665787994,0.6717795200688192,591.921250605711,720.174075555385,0
47.4182665787994,0.6685067360402415,591.921250605711,721.5348991544677,0
47.44488909904432,0.6843491030689399,592.1484427563944,714.9476429439349,0
47.47127305287988,0.6898069040445344,592.3735990211014,712.6782892982827,0
47.497657006715436,0.6892607262818439,592.5987552858084,712.9053900120094,0
47.497657006715436,0.683802772358122,592.5987552858084,715.1748072534929,0
47.524286982160646,0.6870755563866999,592.8260110579286,713.8139836544102,0
47.55067093599621,0.6799637743621737,593.0511673226356,716.7710626202082,0
47.577054889831764,0.6717795200688192,593.2763235873426,720.174075555385,0
47.577054889831764,0.6668678968559153,593.2763235873426,722.2163284873104,0
47.603677410076685,0.667960558277551,593.5035157380261,721.7619998681944,0
47.63006136391225,0.6827153111728156,593.7286720027331,715.6269736143433,0
47.6564453177478,0.6695943501736753,593.9538282674401,721.0826691977859,0
47.6564453177478,0.6635952657754648,593.9538282674401,723.5770884905618,0
47.68307529319301,0.670687011595311,594.1810840395603,720.6283405786697,0
47.70945924702857,0.6717795200688192,594.4062403042673,720.174075555385,0
47.73584320086413,0.6930746407849103,594.6313965689743,711.3195643616343,0
47.73584320086413,0.6772373210444137,594.6313965689743,717.9047219097329,0
47.76222715469969,0.6750521511492698,594.8565528336813,718.8133155521336,0
47.788849674944615,0.6668678968559153,595.0837449843648,722.2163284873104,0
47.81524108398046,0.6695943501736753,595.3089648705086,721.0826691977859,0
47.81524108398046,0.6663217190932248,595.3089648705086,722.4434292010371,0
47.84186360422538,0.6930746407849103,595.536157021192,711.3195643616343,0
47.868247558060936,0.6832565945954315,595.7613132858991,715.4019079672196,0
47.8946315118965,0.6859879422532661,595.986469550606,714.266213611092,0
47.8946315118965,0.6750521511492698,595.986469550606,718.8133155521336,0
47.92126148734171,0.6881680648602082,596.2137253227263,713.3597186311255,0
47.94764544117727,0.6832565945954315,596.4388815874332,715.4019079672196,0
47.97427541662248,0.6794174436513559,596.6661373595534,716.9982269297662,0
47.97427541662248,0.6739596426757615,596.6661373595534,719.2675805754185,0
48.00065191525775,0.6854367172023738,596.8912300028237,714.4954129872531,0
48.027035869093304,0.6854367172023738,597.1163862675307,714.4954129872531,0
48.05341982292886,0.6777786044670298,597.3415425322378,717.6796562626091,0
48.05341982292886,0.6745059733865792,597.3415425322378,719.0404162658604,0
48.08004979837408,0.6723258507796371,597.568798304358,719.946911245827,0
48.10643375220964,0.6663217190932248,597.793954569065,722.4434292010371,0
48.132817706045195,0.6766860959935214,598.019110833772,718.1339212858938,0
48.159447681490406,0.6843491030689399,598.2463666058921,714.9476429439349,0
48.159447681490406,0.6739596426757615,598.2463666058921,719.2675805754185,0
48.18582418012567,0.665234104959791,598.4714592491624,722.8956591577189,0
48.21245415557088,0.6739596426757615,598.6987150212826,719.2675805754185,0
48.238838109406444,0.670687011595311,598.9238712859897,720.6283405786697,0
48.238838109406444,0.6641415964862827,598.9238712859897,723.3499241810038,0
48.265222063242,0.6788712658886654,599.1490275506967,717.225327643493,0
48.29185203868721,0.6772373210444137,599.3762833228169,717.9047219097329,0
48.31823599252277,0.6772373210444137,599.6014395875239,717.9047219097329,0
48.31823599252277,0.6761448125709054,599.6014395875239,718.3589869330176,0
48.34461994635833,0.686529225675882,599.8265958522309,714.0411479639683,0
48.371249921803546,0.6728720285423276,600.0538516243512,719.7198105321003,0
48.39762642043881,0.6788712658886654,600.2789442676213,717.225327643493,0
48.39762642043881,0.6745059733865792,600.2789442676213,719.0404162658604,0
48.42401037427437,0.665234104959791,600.5041005323284,722.8956591577189,0
48.45064034971958,0.6843491030689399,600.7313563044486,714.9476429439349,0
48.47702430355514,0.6876218870975177,600.9565125691556,713.5868193448522,0
48.47702430355514,0.6695943501736753,600.9565125691556,721.0826691977859,0
48.50365427900036,0.6581423591399449,601.1837683412758,725.844407069611,0
48.52979221122625,0.6854367172023738,601.4068250985696,714.4954129872531,0
48.55642218667147,0.6848954337797577,601.6340808706899,714.7204786343768,0
48.55642218667147,0.6788712658886654,601.6340808706899,717.225327643493,0
48.58304470691639,0.6734183592531454,601.8612730213733,719.4926462225421,0
48.609428660751945,0.6712382366462033,602.0864292860803,720.3991412025088,0
48.6358126145875,0.6843491030689399,602.3115855507873,714.9476429439349,0
48.6358126145875,0.6745059733865792,602.3115855507873,719.0404162658604,0
48.66219656842306,0.6777786044670298,602.5367418154943,717.6796562626091,0
48.68882654386828,0.691440848888786,602.7639975876145,711.9988950320428,0
48.715210497703836,0.6892607262818439,602.9891538523216,712.9053900120094,0
48.715210497703836,0.6854367172023738,602.9891538523216,714.4954129872531,0
48.74183301794876,0.6827153111728156,603.216346003005,715.6269736143433,0
48.7682244269846,0.6799637743621737,603.4415658891488,716.7710626202082,0
48.79460092561987,0.708350640898111,603.666658532419,704.9678035145655,0
48.79460092561987,0.6930746407849103,603.666658532419,711.3195643616343,0
48.82098487945542,0.709989480082437,603.891814797126,704.2863741817227,0
48.84761485490064,0.6854367172023738,604.1190705692462,714.4954129872531,0
48.87424483034586,0.6968936025761786,604.3463263413664,709.7316400488249,0
48.87424483034586,0.6936209714957282,604.3463263413664,711.0924000520763,0
48.900628784181414,0.6952547633918524,604.5714826060735,710.4130693816678,0
48.92701273801697,0.6734183592531454,604.7966388707805,719.4926462225421,0
48.953396691852525,0.686529225675882,605.0217951354875,714.0411479639683,0
48.953396691852525,0.6788712658886654,605.0217951354875,717.225327643493,0
48.98001921209745,0.6739596426757615,605.248987286171,719.2675805754185,0
49.00640316593301,0.683802772358122,605.474143550878,715.1748072534929,0
49.03278711976857,0.6728720285423276,605.6992998155849,719.7198105321003,0
49.03278711976857,0.6690480194628574,605.6992998155849,721.3098335073439,0
49.05941709521378,0.6739596426757615,605.9265555877051,719.2675805754185,0
49.08580104904934,0.6619613209312132,606.1517118524122,724.2564827568016,0
49.11218500288489,0.6772373210444137,606.3768681171192,717.9047219097329,0
49.11218500288489,0.6728720285423276,606.3768681171192,719.7198105321003,0
49.13880752312982,0.6701406808844931,606.6040602678027,720.8555048882279,0
49.16543749857503,0.6799637743621737,606.8313160399229,716.7710626202082,0
49.19157543080093,0.6843491030689399,607.0543727972167,714.9476429439349,0
49.19157543080093,0.681597566258298,607.0543727972167,716.0917319497997,0
49.21820540624614,0.7007127173155743,607.2816285693369,708.1436521401843,0
49.244589360081704,0.6985325947086322,607.5067848340439,709.0501471201508,0
49.27121933552692,0.6979862639978143,607.7340406061642,709.2773114297089,0
49.29760328936248,0.7094431493716192,607.9591968708711,704.5135384912808,0
49.32398724319803,0.7034440649734087,608.1843531355781,707.0079577840567,0
49.350609763442954,0.6908945181779682,608.4115452862616,712.226059341601,0
49.37699371727851,0.6985325947086322,608.6367015509686,709.0501471201508,0
49.37699371727851,0.6952547633918524,608.6367015509686,710.4130693816678,0
49.40337767111407,0.6925333573622944,608.8618578156756,711.5446300087581,0
49.43000764655929,0.6985325947086322,609.0891135877959,709.0501471201508,0
49.45614557878518,0.6979862639978143,609.3121703450896,709.2773114297089,0
49.45614557878518,0.6848954337797577,609.3121703450896,714.7204786343768,0
49.4827755542304,0.6876218870975177,609.5394261172098,713.5868193448522,0
49.50940552967561,0.6761448125709054,609.76668188933,718.3589869330176,0
49.53578202831088,0.6870755563866999,609.9917745326003,713.8139836544102,0
49.53578202831088,0.6799637743621737,609.9917745326003,716.7710626202082,0
49.562412003756094,0.6777786044670298,610.2190303047205,717.6796562626091,0
49.58879595759165,0.6783249351778475,610.4441865694275,717.4524919530511,0
49.61517991142721,0.6750521511492698,610.6693428341346,718.8133155521336,0
49.61517991142721,0.6739596426757615,610.6693428341346,719.2675805754185,0
49.64156386526277,0.6690480194628574,610.8944990988416,721.3098335073439,0
49.66819384070798,0.6827153111728156,611.1217548709618,715.6269736143433,0
49.694577794543534,0.6695943501736753,611.3469111356687,721.0826691977859,0
49.694577794543534,0.6635952657754648,611.3469111356687,723.5770884905618,0
49.72096174837909,0.6657804356706088,611.5720674003758,722.6684948481609,0
49.74734570221465,0.6625026043538291,611.7972236650828,724.0314171096779,0
49.77396822245957,0.6761448125709054,612.0244158157662,718.3589869330176,0
49.77396822245957,0.670687011595311,612.0244158157662,720.6283405786697,0
49.80059819790478,0.660322481746887,612.2516715878864,724.9379120896444,0
49.826982151740346,0.6646827269607714,612.4768278525935,723.1249221297113,0
49.8533661055759,0.6848954337797577,612.7019841173005,714.7204786343768,0
49.8533661055759,0.6712382366462033,612.7019841173005,720.3991412025088,0
49.87999608102112,0.6728720285423276,612.9292398894207,719.7198105321003,0
49.906380034856674,0.6810513884956075,613.1543961541277,716.3188326635265,0
49.93275653349194,0.6963474248134881,613.3794887973979,709.9587407625517,0
49.93275653349194,0.6783249351778475,613.3794887973979,717.4524919530511,0
49.95938650893715,0.6788712658886654,613.6067445695181,717.225327643493,0
49.98577046277271,0.6870755563866999,613.8319008342252,713.8139836544102,0
50.01215441660827,0.6843491030689399,614.0570570989322,714.9476429439349,0
50.01215441660827,0.6783249351778475,614.0570570989322,717.4524919530511,0
50.038538370443824,0.6854367172023738,614.2822133636392,714.4954129872531,0
50.06516834588904,0.6805050577847898,614.5094691357594,716.5459969730845,0
50.0915522997246,0.694167302206546,614.7346254004664,710.8652357425183,0
50.0915522997246,0.6843491030689399,614.7346254004664,714.9476429439349,0
50.11793625356016,0.6925333573622944,614.9597816651734,711.5446300087581,0
50.14455877380507,0.6887093482828242,615.1869738158568,713.1346529840017,0
50.170942727640636,0.6827153111728156,615.4121300805639,715.6269736143433,0
50.170942727640636,0.6777786044670298,615.4121300805639,717.6796562626091,0
50.197572703085854,0.6925333573622944,615.6393858526841,711.5446300087581,0
50.224687266550085,0.6881680648602082,615.870777018194,713.3597186311255,0
50.25107122038564,0.683802772358122,616.095933282901,715.1748072534929,0
50.25107122038564,0.681597566258298,616.095933282901,716.0917319497997,0
50.277455174221195,0.6685067360402415,616.321089547608,721.5348991544677,0
50.304085149666406,0.6870755563866999,616.5483453197282,713.8139836544102,0
50.33071512511163,0.683802772358122,616.7756010918484,715.1748072534929,0
50.33071512511163,0.6728720285423276,616.7756010918484,719.7198105321003,0
50.356853057337524,0.681597566258298,616.9986578491422,716.0917319497997,0
50.38348303278274,0.6668678968559153,617.2259136212624,722.2163284873104,0
50.41010555302766,0.6794174436513559,617.4531057719458,716.9982269297662,0
50.43648950686322,0.6859879422532661,617.6782620366529,714.266213611092,0
50.43648950686322,0.6635952657754648,617.6782620366529,723.5770884905618,0
50.46287346069877,0.6717795200688192,617.9034183013599,720.174075555385,0
50.489257414534336,0.665234104959791,618.128574566067,722.8956591577189,0
50.515887389979554,0.6750521511492698,618.3558303381872,718.8133155521336,0
50.515887389979554,0.6712382366462033,618.3558303381872,720.3991412025088,0
50.54227134381511,0.6739596426757615,618.5809866028942,719.2675805754185,0
50.568655297650665,0.6608688124577049,618.8061428676011,724.7107477800864,0
50.595277817895585,0.681597566258298,619.0333350182846,716.0917319497997,0
50.595277817895585,0.6810513884956075,619.0333350182846,716.3188326635265,0
50.62166177173114,0.6641415964862827,619.2584912829916,723.3499241810038,0
50.648045725566696,0.6674142275667332,619.4836475476986,721.9891641777524,0
50.674675701011914,0.6728720285423276,619.7109033198188,719.7198105321003,0
50.674675701011914,0.6668678968559153,619.7109033198188,722.2163284873104,0
50.70105965484748,0.6854367172023738,619.9360595845259,714.4954129872531,0
50.72768963029269,0.681597566258298,620.1633153566461,716.0917319497997,0
50.75406612892795,0.6805050577847898,620.3884079999164,716.5459969730845,0
50.75406612892795,0.670687011595311,620.3884079999164,720.6283405786697,0
50.7804575379638,0.6701406808844931,620.61362788606,720.8555048882279,0
50.807080058208726,0.6832565945954315,620.8408200367436,715.4019079672196,0
50.83346401204428,0.6750521511492698,621.0659763014505,718.8133155521336,0
50.83346401204428,0.6685067360402415,621.0659763014505,721.5348991544677,0
50.85984796587984,0.6657804356706088,621.2911325661576,722.6684948481609,0
50.886477941325055,0.6712382366462033,621.5183883382778,720.3991412025088,0
50.91286189516061,0.681597566258298,621.7435446029848,716.0917319497997,0
50.91286189516061,0.6728720285423276,621.7435446029848,719.7198105321003,0
50.939245848996165,0.6788712658886654,621.9687008676918,717.225327643493,0
50.96586836924109,0.6739596426757615,622.1958930183753,719.2675805754185,0
50.99225232307665,0.6657804356706088,622.4210492830823,722.6684948481609,0
50.99225232307665,0.6635952657754648,622.4210492830823,723.5770884905618,0
51.018636276912204,0.6766860959935214,622.6462055477892,718.1339212858938,0
51.04502023074777,0.6805050577847898,622.8713618124963,716.5459969730845,0
51.07165020619298,0.6641415964862827,623.0986175846165,723.3499241810038,0
51.07165020619298,0.6635952657754648,623.0986175846165,723.5770884905618,0
51.098280181638195,0.6734183592531454,623.3258733567367,719.4926462225421,0
51.12466413547375,0.6717795200688192,623.5510296214437,720.174075555385,0
51.151040634109016,0.6827153111728156,623.776122264714,715.6269736143433,0
51.151040634109016,0.6608688124577049,623.776122264714,724.7107477800864,0
51.17767060955423,0.6701406808844931,624.0033780368342,720.8555048882279,0
51.20405456338978,0.6761448125709054,624.2285343015412,718.3589869330176,0
51.23043851722534,0.6745059733865792,624.4536905662482,719.0404162658604,0
51.23043851722534,0.6728720285423276,624.4536905662482,719.7198105321003,0
51.257068492670555,0.6690480194628574,624.6809463383685,721.3098335073439,0
51.28345244650612,0.6750521511492698,624.9061026030754,718.8133155521336,0
51.30983640034167,0.6761448125709054,625.1312588677824,718.3589869330176,0
51.30983640034167,0.6608688124577049,625.1312588677824,724.7107477800864,0
51.33622035417723,0.6685067360402415,625.3564151324895,721.5348991544677,0
51.36284287442215,0.6766860959935214,625.5836072831729,718.1339212858938,0
51.38947284986737,0.6827153111728156,625.8108630552931,715.6269736143433,0
51.38947284986737,0.6777786044670298,625.8108630552931,717.6796562626091,0
51.41561078209327,0.6685067360402415,626.0339198125869,721.5348991544677,0
51.442240757538485,0.6717795200688192,626.2611755847072,720.174075555385,0
51.468870732983696,0.6739596426757615,626.4884313568274,719.2675805754185,0
51.468870732983696,0.6717795200688192,626.4884313568274,720.174075555385,0
51.49525468681925,0.6663217190932248,626.7135876215343,722.4434292010371,0
51.52163864065481,0.6794174436513559,626.9387438862414,716.9982269297662,0
51.54801513929007,0.6619613209312132,627.1638365295116,724.2564827568016,0
51.57464511473529,0.6870755563866999,627.3910923016318,713.8139836544102,0
51.57464511473529,0.663048935064647,627.3910923016318,723.8042528001198,0
51.601029068570845,0.6734183592531454,627.6162485663389,719.4926462225421,0
51.62741302240641,0.6668678968559153,627.8414048310459,722.2163284873104,0
51.65404299785162,0.6810513884956075,628.0686606031661,716.3188326635265,0
51.65404299785162,0.667960558277551,628.0686606031661,721.7619998681944,0
51.680426951687174,0.6614151431685227,628.293816867873,724.4835834705283,0
51.70681090552273,0.6745059733865792,628.5189731325801,719.0404162658604,0
51.73343342576766,0.6848954337797577,628.7461652832635,714.7204786343768,0
51.73343342576766,0.6750521511492698,628.7461652832635,718.8133155521336,0
51.75981737960321,0.6832565945954315,628.9713215479705,715.4019079672196,0
51.78644735504842,0.691440848888786,629.1985773200907,711.9988950320428,0
51.81283130888398,0.6892607262818439,629.4237335847978,712.9053900120094,0
51.81283130888398,0.6701406808844931,629.4237335847978,720.8555048882279,0
51.83921526271954,0.6766860959935214,629.6488898495048,718.1339212858938,0
51.8655992165551,0.6690480194628574,629.8740461142118,721.3098335073439,0
51.89198317039066,0.6805050577847898,630.0992023789188,716.5459969730845,0
51.89198317039066,0.6728720285423276,630.0992023789188,719.7198105321003,0
51.918851712245235,0.682163933173796,630.3284940370155,715.8562365863357,0
51.94523566608079,0.6805050577847898,630.5536503017224,716.5459969730845,0
51.971619619916346,0.681597566258298,630.7788065664295,716.0917319497997,0
51.971619619916346,0.6641415964862827,630.7788065664295,723.3499241810038,0
51.998249595361564,0.6750521511492698,631.0060623385497,718.8133155521336,0
52.024387527587464,0.6745059733865792,631.2291190958435,719.0404162658604,0
52.05101750303268,0.6805050577847898,631.4563748679637,716.5459969730845,0
52.05101750303268,0.6663217190932248,631.4563748679637,722.4434292010371,0
52.07740145686824,0.6663217190932248,631.6815311326707,722.4434292010371,0
52.10402397711316,0.6641415964862827,631.9087232833542,723.3499241810038,0
52.130653952558376,0.6728720285423276,632.1359790554744,719.7198105321003,0
52.130653952558376,0.670687011595311,632.1359790554744,720.6283405786697,0
52.15679188478427,0.6646827269607714,632.3590358127682,723.1249221297113,0
52.18333239782597,0.6690506195810221,632.5855281276472,721.3087523782111,0
52.18342186022949,0.6690480194628574,632.5862915848884,721.3098335073439,0
52.209716351661534,0.6783275352960122,632.8106843923542,717.4514108239182,0
52.209716351661534,0.671235789476166,632.8106843923542,720.4001587358102,0
52.23634632710675,0.6723234036095999,633.0379401644744,719.9479287791285,0
52.26273028094231,0.6663241662632621,633.2630964291815,722.4424116677357,0
52.28959882279689,0.6755960346900504,633.4923880872782,718.5871687758771,0
52.28959882279689,0.6652316577897538,633.4923880872782,722.8966766910205,0
52.31573675502278,0.6608663652876676,633.715444844572,724.7117653133879,0
52.34212070885834,0.6717770728987821,633.940601109279,720.1750930886865,0
52.368750684303556,0.6745084205566165,634.1678568813992,719.0393987325589,0
52.368750684303556,0.6706894587653482,634.1678568813992,720.6273230453683,0
52.39513463813912,0.659232420443416,634.3930131461062,725.3911595796277,0
52.42176461358433,0.6674168276848977,634.6202689182264,721.9880830486196,0
52.44790254581023,0.6761472597409427,634.8433256755202,718.3579693997161,0
52.44790254581023,0.6695969502918399,634.8433256755202,721.081588068653,0
52.474286499645785,0.6750547512674343,635.0684819402272,718.8122344230009,0
52.50115504150037,0.6663241662632621,635.2977735983238,722.4424116677357,0
52.527538995335924,0.668509336158406,635.5229298630309,721.5338180253348,0
52.527538995335924,0.6630515351828116,635.5229298630309,723.803171670987,0
52.554168970781134,0.6674168276848977,635.7501856351511,721.9880830486196,0
52.58030690300704,0.6815951190882608,635.973242392445,716.0927494831012,0
52.6066908568426,0.6734159120831081,636.1983986571519,719.4936637558437,0
52.6066908568426,0.6674168276848977,636.1983986571519,721.9880830486196,0
52.63332083228781,0.6717770728987821,636.4256544292721,720.1750930886865,0
52.65970478612337,0.6750547512674343,636.6508106939791,718.8122344230009,0
52.686573327977946,0.6788688187186281,636.8801023520758,717.2263451767944,0
52.71271126020385,0.6750547512674343,637.1031591093696,718.8122344230009,0
52.71271126020385,0.6739571955057242,637.1031591093696,719.26859810872,0
52.73909521403941,0.6766885431635586,637.3283153740766,718.1329037525924,0
52.76572518948462,0.6772348738743765,637.5555711461968,717.9057394430343,0
52.792109143320175,0.6865318257940467,637.7807274109039,714.0400668348354,0
52.792109143320175,0.6663241662632621,637.7807274109039,722.4424116677357,0
52.81873911876539,0.6810538356656448,638.0079831830241,716.317815130225,0
52.84512307260095,0.6652316577897538,638.2331394477311,722.8966766910205,0
52.871261004826856,0.6788688187186281,638.4561962050249,717.2263451767944,0
52.871261004826856,0.6701431280545304,638.4561962050249,720.8544873549263,0
52.898129546681425,0.6788688187186281,638.6854878631215,717.2263451767944,0
52.92451350051698,0.668509336158406,638.9106441278285,721.5338180253348,0
52.9511434759622,0.6717770728987821,639.1378998999487,720.1750930886865,0
52.9511434759622,0.6695969502918399,639.1378998999487,721.081588068653,0
52.97752742979776,0.6761472597409427,639.3630561646557,718.3579693997161,0
53.00366536202366,0.6958036942208349,639.5861129219495,710.1848239429769,0
53.03029533746887,0.6838003251880849,639.8133686940698,715.1758247867944,0
53.03029533746887,0.6794149964813186,639.8133686940698,716.9992444630677,0
53.05667929130443,0.6848929866097205,640.0385249587767,714.7214961676783,0
53.08354783315901,0.6810538356656448,640.2678166168735,716.317815130225,0
53.109931786994565,0.6815951190882608,640.4929728815805,716.0927494831012,0
53.109931786994565,0.6794149964813186,640.4929728815805,716.9992444630677,0
53.13631574083012,0.6848929866097205,640.7181291462874,714.7214961676783,0
53.16269969466568,0.6772348738743765,640.9432854109945,717.9057394430343,0
53.18908364850124,0.6788688187186281,641.1684416757015,717.2263451767944,0
53.18908364850124,0.6695969502918399,641.1684416757015,721.081588068653,0
53.21571362394645,0.6690506195810221,641.3956974478217,721.3087523782111,0
53.242097577782005,0.6723234036095999,641.6208537125287,719.9479287791285,0
53.26847407641728,0.6783275352960122,641.8459463557989,717.4514108239182,0
53.26847407641728,0.6565061200737833,641.8459463557989,726.5247552733209,0
53.29510405186249,0.6554134586521476,642.0732021279192,726.9790838924371,0
53.32148800569805,0.6859854950832288,642.2983583926261,714.2672311443936,0
53.34811798114326,0.6783275352960122,642.5256141647463,717.4514108239182,0
53.34811798114326,0.6766885431635586,642.5256141647463,718.1329037525924,0
53.37450193497882,0.685439164372411,642.7507704294534,714.4943954539516,0
53.40088588881437,0.6608663652876676,642.9759266941604,724.7117653133879,0
53.427269842649935,0.6815951190882608,643.2010829588675,716.0927494831012,0
53.427269842649935,0.6690506195810221,643.2010829588675,721.3087523782111,0
53.4536537964855,0.6734159120831081,643.4262392235744,719.4936637558437,0
53.480522338340066,0.6674168276848977,643.6555308816711,721.9880830486196,0
53.50690629217562,0.6788688187186281,643.8806871463781,717.2263451767944,0
53.50690629217562,0.6750547512674343,643.8806871463781,718.8122344230009,0
53.533290246011184,0.6766885431635586,644.1058434110851,718.1329037525924,0
53.5599202214564,0.6717770728987821,644.3330991832053,720.1750930886865,0
53.5860581536823,0.6930772409030749,644.5561559404991,711.3184832325015,0
53.5860581536823,0.6695969502918399,644.5561559404991,721.081588068653,0
53.61268812912751,0.6679630054475882,644.7834117126193,721.7609823348929,0
53.639072082963075,0.6690506195810221,645.0085679773264,721.3087523782111,0
53.66569460320799,0.6914384017187488,645.2357601280098,711.9999125653443,0
53.66569460320799,0.6788688187186281,645.2357601280098,717.2263451767944,0
53.692324578653206,0.6745084205566165,645.46301590013,719.0393987325589,0
53.71846251087911,0.6679630054475882,645.6860726574238,721.7609823348929,0
53.745092486324324,0.6887119484009888,645.913328429544,713.1335718548689,0
53.745092486324324,0.6815951190882608,645.913328429544,716.0927494831012,0
53.77147644015988,0.668509336158406,646.138484694251,721.5338180253348,0
53.797860393995435,0.6701431280545304,646.3636409589581,720.8544873549263,0
53.824482914240356,0.6914384017187488,646.5908331096415,711.9999125653443,0
53.824482914240356,0.6821665332919605,646.5908331096415,715.8551554572028,0
53.85086686807591,0.6679630054475882,646.8159893743485,721.7609823348929,0
53.87749684352113,0.6690506195810221,647.0432451464687,721.3087523782111,0
53.90388079735669,0.6843466558989026,647.2684014111758,714.9486604772363,0
53.93026475119225,0.6761472597409427,647.4935576758827,718.3579693997161,0
53.93026475119225,0.6690506195810221,647.4935576758827,721.3087523782111,0
53.95689472663746,0.6865318257940467,647.720813448003,714.0400668348354,0
53.98327868047302,0.6766885431635586,647.9459697127099,718.1329037525924,0
54.009662634308576,0.687624334267555,648.171125977417,713.5858018115507,0
54.009662634308576,0.6838003251880849,648.171125977417,715.1758247867944,0
54.03604658814414,0.6717770728987821,648.396282242124,720.1750930886865,0
54.06266910838905,0.6810538356656448,648.6234743928075,716.317815130225,0
54.08929908383426,0.6750547512674343,648.8507301649277,718.8122344230009,0
54.08929908383426,0.6679630054475882,648.8507301649277,721.7609823348929,0
54.115683037669825,0.6663241662632621,649.0758864296347,722.4424116677357,0
54.14206699150539,0.6755960346900504,649.3010426943417,718.5871687758771,0
54.16845094534094,0.6810538356656448,649.5261989590487,716.317815130225,0
54.16845094534094,0.6755960346900504,649.5261989590487,718.5871687758771,0
54.194834899176506,0.668509336158406,649.7513552237557,721.5338180253348,0
54.22145741942142,0.6859854950832288,649.9785473744391,714.2672311443936,0
54.24784137325698,0.6815951190882608,650.2037036391462,716.0927494831012,0
54.24784137325698,0.6750547512674343,650.2037036391462,718.8122344230009,0
54.27447134870219,0.671235789476166,650.4309594112664,720.4001587358102,0
54.300855302537755,0.6728695813722904,650.6561156759734,719.7208280654017,0
54.32723925637331,0.6815951190882608,650.8812719406804,716.0927494831012,0
54.32723925637331,0.6734159120831081,650.8812719406804,719.4936637558437,0
54.35386923181852,0.6723234036095999,651.1085277128007,719.9479287791285,0
54.38025318565408,0.6717770728987821,651.3336839775076,720.1750930886865,0
54.407852337137335,0.6766885431635586,651.5692105364071,718.1329037525924,0
54.407852337137335,0.6717770728987821,651.5692105364071,720.1750930886865,0
54.434482312582546,0.6663241662632621,651.7964663085273,722.4424116677357,0
54.460620244808446,0.6788688187186281,652.0195230658212,717.2263451767944,0
54.48725022025366,0.6783275352960122,652.2467788379414,717.4514108239182,0
54.48725022025366,0.6734159120831081,652.2467788379414,719.4936637558437,0
54.51363417408922,0.6728695813722904,652.4719351026483,719.7208280654017,0
54.54001812792478,0.6914384017187488,652.6970913673554,711.9999125653443,0
54.56664810336999,0.6952573635100171,652.9243471394756,710.4119882525349,0
54.56664810336999,0.690350787585315,652.9243471394756,712.4521425220261,0
54.59303205720555,0.6941697493765833,653.1495034041826,710.8642182092168,0
54.61965457745047,0.6794149964813186,653.376695554866,716.9992444630677,0
54.646038531286024,0.6821665332919605,653.6018518195731,715.8551554572028,0
54.646038531286024,0.6783275352960122,653.6018518195731,717.4514108239182,0
54.67242248512159,0.6865318257940467,653.8270080842801,714.0400668348354,0
54.6990524605668,0.6635977129455021,654.0542638564003,723.5760709572603,0
54.725190392792705,0.6794149964813186,654.2773206136941,716.9992444630677,0
54.725190392792705,0.6788688187186281,654.2773206136941,717.2263451767944,0
54.751820368237915,0.6838003251880849,654.5045763858143,715.1758247867944,0
54.77820432207347,0.6777812045851943,654.7297326505213,717.6785751334762,0
54.80482684231839,0.6810538356656448,654.9569248012048,716.317815130225,0
54.80482684231839,0.6630515351828116,654.9569248012048,723.803171670987,0
54.83145681776361,0.6783275352960122,655.184180573325,717.4514108239182,0
54.857840771599164,0.66414404365632,655.409336838032,723.3489066477023,0
54.88422472543473,0.6745084205566165,655.634493102739,719.0393987325589,0
54.88422472543473,0.6728695813722904,655.634493102739,719.7208280654017,0
54.91060867927028,0.6783275352960122,655.8596493674461,717.4514108239182,0
54.93699263310584,0.6739571955057242,656.084805632153,719.26859810872,0
54.963622608551056,0.6799613271921364,656.3120614042732,716.7720801535097,0
54.963622608551056,0.6766885431635586,656.3120614042732,718.1329037525924,0
54.990245128795976,0.6777812045851943,656.5392535549568,717.6785751334762,0
55.01662908263153,0.6723234036095999,656.7644098196637,719.9479287791285,0
55.04301303646709,0.6815951190882608,656.9895660843707,716.0927494831012,0
55.06939699030265,0.6750547512674343,657.2147223490778,718.8122344230009,0
55.06939699030265,0.6674168276848977,657.2147223490778,721.9880830486196,0
55.09602696574787,0.6783275352960122,657.441978121198,717.4514108239182,0
55.12241091958342,0.6794149964813186,657.667134385905,716.9992444630677,0
55.149040895028634,0.6783275352960122,657.8943901580252,717.4514108239182,0
55.149040895028634,0.6717770728987821,657.8943901580252,720.1750930886865,0
55.1754173936639,0.6706894587653482,658.1194828012955,720.6273230453683,0
55.201801347499455,0.6745084205566165,658.3446390660024,719.0393987325589,0
55.22843132294467,0.6766885431635586,658.5718948381226,718.1329037525924,0
55.22843132294467,0.6706894587653482,658.5718948381226,720.6273230453683,0
55.254815276780235,0.6772348738743765,658.7970511028296,717.9057394430343,0
55.281445252225446,0.6701431280545304,659.0243068749498,720.8544873549263,0
55.307583184451346,0.6717770728987821,659.2473636322437,720.1750930886865,0
55.307583184451346,0.6706894587653482,659.2473636322437,720.6273230453683,0
55.3339671382869,0.6745084205566165,659.4725198969506,719.0393987325589,0
55.36059711373211,0.6783275352960122,659.6997756690708,717.4514108239182,0
55.38721963397704,0.6799613271921364,659.9269678197544,716.7720801535097,0
55.41384960942225,0.6619588737611759,660.1542235918746,724.257500290103,0
55.43998754164816,0.6734159120831081,660.3772803491684,719.4936637558437,0
55.46637149548371,0.6723234036095999,660.6024366138754,719.9479287791285,0
55.46637149548371,0.6570474034963993,660.6024366138754,726.2996896261973,0
55.493001470928924,0.6766885431635586,660.8296923859956,718.1329037525924,0
55.51938542476448,0.668509336158406,661.0548486507026,721.5338180253348,0
55.5460154002097,0.6777812045851943,661.2821044228228,717.6785751334762,0
55.5460154002097,0.6734159120831081,661.2821044228228,719.4936637558437,0
55.5721533324356,0.6788688187186281,661.5051611801166,717.2263451767944,0
55.59877585268052,0.6717770728987821,661.7323533308,720.1750930886865,0
55.62540582812573,0.6772348738743765,661.9596091029202,717.9057394430343,0
55.62540582812573,0.6761472597409427,661.9596091029202,718.3579693997161,0
55.65178978196129,0.6690506195810221,662.1847653676273,721.3087523782111,0
55.6784197574065,0.6608663652876676,662.4120211397475,724.7117653133879,0
55.704803711242064,0.6734159120831081,662.6371774044545,719.4936637558437,0
55.704803711242064,0.6619588737611759,662.6371774044545,724.257500290103,0
55.730941643467965,0.6799613271921364,662.8602341617483,716.7720801535097,0
55.75781018532254,0.6750547512674343,663.089525819845,718.8122344230009,0
55.784194139158096,0.6755960346900504,663.314682084552,718.5871687758771,0
55.784194139158096,0.6515944968608793,663.314682084552,728.5670082052465,0
55.81082411460331,0.6586862426807255,663.5419378566722,725.6182602933544,0
55.83720806843887,0.6755960346900504,663.7670941213793,718.5871687758771,0
55.86334600066477,0.6652316577897538,663.990150878673,722.8966766910205,0
55.86334600066477,0.6603250818650516,663.990150878673,724.9368309605115,0
55.88997597610999,0.6690506195810221,664.2174066507932,721.3087523782111,0
55.91635992994554,0.6695969502918399,664.4425629155003,721.081588068653,0
55.94298990539075,0.6777812045851943,664.6698186876205,717.6785751334762,0
55.94298990539075,0.6663241662632621,664.6698186876205,722.4424116677357,0
55.969612425635674,0.6827128640027783,664.8970108383039,715.6279911476448,0
55.99599637947124,0.668509336158406,665.122167103011,721.5338180253348,0
56.0223803333068,0.6728695813722904,665.347323367718,719.7208280654017,0
56.0223803333068,0.6635977129455021,665.347323367718,723.5760709572603,0
56.048764287142355,0.6646853270789359,665.5724796324249,723.1238410005785,0
56.075394262587565,0.6750547512674343,665.7997354045451,718.8122344230009,0
56.10177821642312,0.6717770728987821,666.0248916692522,720.1750930886865,0
56.10177821642312,0.671235789476166,666.0248916692522,720.4001587358102,0
56.128162170258676,0.6706894587653482,666.2500479339592,720.6273230453683,0
56.15454612409424,0.6723234036095999,666.4752041986662,719.9479287791285,0
56.18116864433916,0.6695969502918399,666.7023963493497,721.081588068653,0
56.20779861978437,0.6832541474253944,666.9296521214699,715.4029255005211,0
56.20779861978437,0.6794149964813186,666.9296521214699,716.9992444630677,0
56.23418257361993,0.6745084205566165,667.1548083861769,719.0393987325589,0
56.26056652745549,0.6728695813722904,667.3799646508838,719.7208280654017,0
56.28695048129104,0.6783275352960122,667.6051209155909,717.4514108239182,0
56.28695048129104,0.6663241662632621,667.6051209155909,722.4424116677357,0
56.313334435126606,0.6739571955057242,667.8302771802979,719.26859810872,0
56.339964410571824,0.6815951190882608,668.0575329524181,716.0927494831012,0
56.36658693081674,0.6832541474253944,668.2847251031016,715.4029255005211,0
56.36658693081674,0.6728695813722904,668.2847251031016,719.7208280654017,0
56.3929708846523,0.6859854950832288,668.5098813678086,714.2672311443936,0
56.41960086009752,0.6815951190882608,668.7371371399288,716.0927494831012,0
56.44573879232341,0.6930772409030749,668.9601938972226,711.3184832325015,0
56.44573879232341,0.6827128640027783,668.9601938972226,715.6279911476448,0
56.47236876776863,0.6777812045851943,669.1874496693429,717.6785751334762,0
56.498752721604184,0.6690506195810221,669.4126059340498,721.3087523782111,0
56.52513667543975,0.6881656176901709,669.6377621987568,713.360736164427,0
56.52513667543975,0.6838003251880849,669.6377621987568,715.1758247867944,0
56.55175919568466,0.6859854950832288,669.8649543494403,714.2672311443936,0
56.57814314952022,0.6827128640027783,670.0901106141473,715.6279911476448,0
56.60477312496544,0.6870780035567371,670.3173663862675,713.8129661211087,0
56.60477312496544,0.6766885431635586,670.3173663862675,718.1329037525924,0
56.631157078800996,0.668509336158406,670.5425226509745,721.5338180253348,0
56.65754103263655,0.6728695813722904,670.7676789156816,719.7208280654017,0
56.68417100808176,0.6745084205566165,670.9949346878018,719.0393987325589,0
56.68417100808176,0.66414404365632,670.9949346878018,723.3489066477023,0
56.710554961917325,0.6838003251880849,671.2200909525087,715.1758247867944,0
56.73693891575288,0.6827128640027783,671.4452472172158,715.6279911476448,0
56.76356143599781,0.6848929866097205,671.6724393678992,714.7214961676783,0
56.76356143599781,0.6761472597409427,671.6724393678992,718.3579693997161,0
56.78994538983336,0.6859854950832288,671.8975956326062,714.2672311443936,0
56.816575365278574,0.6745084205566165,672.1248514047264,719.0393987325589,0
56.84295931911413,0.6821665332919605,672.3500076694335,715.8551554572028,0
56.84295931911413,0.6657778355524443,672.3500076694335,722.6695759772938,0
56.869343272949685,0.6799613271921364,672.5751639341405,716.7720801535097,0
56.89572722678525,0.668509336158406,672.8003201988474,721.5338180253348,0
56.9221111806208,0.6750547512674343,673.0254764635545,718.8122344230009,0
56.9221111806208,0.6619588737611759,673.0254764635545,724.257500290103,0
56.94897972247538,0.6728695813722904,673.2547681216512,719.7208280654017,0
56.97536367631094,0.6870780035567371,673.4799243863581,713.8129661211087,0
57.0017476301465,0.6777812045851943,673.7050806510651,717.6785751334762,0
57.0017476301465,0.6745084205566165,673.7050806510651,719.0393987325589,0
57.02813158398205,0.6914384017187488,673.9302369157722,711.9999125653443,0
57.05451553781761,0.6772348738743765,674.1553931804792,717.9057394430343,0
57.081145513262825,0.6772348738743765,674.3826489525994,717.9057394430343,0
57.081145513262825,0.6663241662632621,674.3826489525994,722.4424116677357,0
57.10752946709839,0.6690506195810221,674.6078052173065,721.3087523782111,0
57.1341519873433,0.6635977129455021,674.8349973679899,723.5760709572603,0
57.160535941178864,0.6755960346900504,675.0601536326968,718.5871687758771,0
57.160535941178864,0.6690506195810221,675.0601536326968,721.3087523782111,0
57.18691989501442,0.6898044568744971,675.2853098974039,712.6793068315842,0
57.21354987045964,0.6701431280545304,675.5125656695241,720.8544873549263,0
57.23993382429519,0.6838003251880849,675.7377219342311,715.1758247867944,0
57.23993382429519,0.6706894587653482,675.7377219342311,720.6273230453683,0
57.2665637997404,0.6777812045851943,675.9649777063513,717.6785751334762,0
57.29270173196631,0.6821665332919605,676.1880344636452,715.8551554572028,0
57.319085685801866,0.6821665332919605,676.4131907283521,715.8551554572028,0
57.34595422765645,0.6821665332919605,676.6424823864488,715.8551554572028,0
57.34595422765645,0.6635977129455021,676.6424823864488,723.5760709572603,0
57.372338181492005,0.6821665332919605,676.8676386511559,715.8551554572028,0
57.398968156937215,0.6881656176901709,677.0948944232761,713.360736164427,0
57.425106089163116,0.6898044568744971,677.3179511805698,712.6793068315842,0
57.425106089163116,0.6777812045851943,677.3179511805698,717.6785751334762,0
57.45149004299868,0.6788688187186281,677.5431074452769,717.2263451767944,0
57.47812001844389,0.697442533405161,677.7703632173971,709.5033946101341,0
57.504503972279444,0.6898044568744971,677.9955194821041,712.6793068315842,0
57.504503972279444,0.671235789476166,677.9955194821041,720.4001587358102,0
57.53137251413402,0.6799613271921364,678.2248111402007,716.7720801535097,0
57.55775646796958,0.6887119484009888,678.4499674049077,713.1335718548689,0
57.58389440019548,0.6848929866097205,678.6730241622015,714.7214961676783,0
57.58389440019548,0.6777812045851943,678.6730241622015,717.6785751334762,0
57.61052437564069,0.6761472597409427,678.9002799343217,718.3579693997161,0
57.63690832947625,0.671235789476166,679.1254361990287,720.4001587358102,0
57.663538304921474,0.6794149964813186,679.3526919711489,716.9992444630677,0
57.663538304921474,0.6777812045851943,679.3526919711489,717.6785751334762,0
57.68992225875703,0.668509336158406,679.577848235856,721.5338180253348,0
57.71606019098292,0.6755960346900504,679.8009049931497,718.5871687758771,0
57.742928732837505,0.6783275352960122,680.0301966512465,717.4514108239182,0
57.742928732837505,0.6674168276848977,680.0301966512465,721.9880830486196,0
57.76931268667306,0.6761472597409427,680.2553529159535,718.3579693997161,0
57.79594266211828,0.6739571955057242,680.4826086880737,719.26859810872,0
57.822326615953834,0.6881656176901709,680.7077649527806,713.360736164427,0
57.822326615953834,0.6832541474253944,680.7077649527806,715.4029255005211,0
57.848464548179734,0.6761472597409427,680.9308217100745,718.3579693997161,0
57.87509452362495,0.6843466558989026,681.1580774821947,714.9486604772363,0
57.90147847746051,0.6832541474253944,681.3832337469017,715.4029255005211,0
57.90147847746051,0.6794149964813186,681.3832337469017,716.9992444630677,0
57.92810099770543,0.6701431280545304,681.6104258975852,720.8544873549263,0
57.954730973150646,0.6717770728987821,681.8376816697054,720.1750930886865,0
57.9811149269862,0.6766885431635586,682.0628379344124,718.1329037525924,0
57.9811149269862,0.6761472597409427,682.0628379344124,718.3579693997161,0
58.00749888082176,0.6614126959984854,682.2879941991193,724.4846010038298,0
58.03388283465732,0.6848929866097205,682.5131504638264,714.7214961676783,0
58.06051281010253,0.6843466558989026,682.7404062359466,714.9486604772363,0
58.06051281010253,0.6755960346900504,682.7404062359466,718.5871687758771,0
58.086896763938086,0.6701431280545304,682.9655625006536,720.8544873549263,0
58.11351928418301,0.6815951190882608,683.192754651337,716.0927494831012,0
58.13990323801857,0.6805076579029543,683.4179109160441,716.5449158439517,0
58.13990323801857,0.6799613271921364,683.4179109160441,716.7720801535097,0
58.166287191854124,0.6914384017187488,683.6430671807511,711.9999125653443,0
58.192917167299335,0.6761472597409427,683.8703229528713,718.3579693997161,0
58.2193011211349,0.6788688187186281,684.0954792175784,717.2263451767944,0
58.2193011211349,0.671235789476166,684.0954792175784,720.4001587358102,0
58.24568507497045,0.6728695813722904,684.3206354822853,719.7208280654017,0
58.27230759521538,0.6805076579029543,684.5478276329687,716.5449158439517,0
58.298452982641564,0.6772348738743765,684.7709480116994,717.9057394430343,0
58.298452982641564,0.6745084205566165,684.7709480116994,719.0393987325589,0
58.32532152449615,0.6745084205566165,685.000239669796,719.0393987325589,0
58.3517054783317,0.6663241662632621,685.225395934503,722.4424116677357,0
58.37808943216726,0.671235789476166,685.45055219921,720.4001587358102,0
58.37808943216726,0.6701431280545304,685.45055219921,720.8544873549263,0
58.404719407612475,0.6717770728987821,685.6778079713303,720.1750930886865,0
58.430857339838376,0.6805076579029543,685.900864728624,716.5449158439517,0
58.45748731528359,0.6701431280545304,686.1281205007442,720.8544873549263,0
58.48387126911915,0.671235789476166,686.3532767654513,720.4001587358102,0
58.48387126911915,0.668509336158406,686.3532767654513,721.5338180253348,0
58.51049378936407,0.6614126959984854,686.5804689161347,724.4846010038298,0
58.53712376480929,0.6750547512674343,686.8077246882549,718.8122344230009,0
58.563992306663856,0.6646853270789359,687.0370163463516,723.1238410005785,0
58.563992306663856,0.6630515351828116,687.0370163463516,723.803171670987,0
58.590622282109074,0.6783275352960122,687.2642721184718,717.4514108239182,0
58.617006235944636,0.6717770728987821,687.4894283831788,720.1750930886865,0
58.64339018978019,0.6695969502918399,687.7145846478859,721.081588068653,0
58.66977414361575,0.6783275352960122,687.9397409125928,717.4514108239182,0
58.69640411906096,0.6701431280545304,688.166996684713,720.8544873549263,0
58.723026639305886,0.6745084205566165,688.3941888353966,719.0393987325589,0
58.723026639305886,0.6690506195810221,688.3941888353966,721.3087523782111,0
58.74941059314144,0.6788688187186281,688.6193451001035,717.2263451767944,0
58.775794546977004,0.6646853270789359,688.8445013648105,723.1238410005785,0
58.80217850081256,0.6734159120831081,689.0696576295176,719.4936637558437,0
58.80217850081256,0.6701431280545304,689.0696576295176,720.8544873549263,0
58.828562454648115,0.6745084205566165,689.2948138942246,719.0393987325589,0
58.85543845170299,0.6548672808894571,689.524169173758,727.2061846061638,0
58.88182240553854,0.6777812045851943,689.749325438465,717.6785751334762,0
58.88182240553854,0.6603250818650516,689.749325438465,724.9368309605115,0
58.9082063593741,0.6772348738743765,689.974481703172,717.9057394430343,0
58.93482887961902,0.668509336158406,690.2016738538555,721.5338180253348,0
58.960966811844926,0.6701431280545304,690.4247306111492,720.8544873549263,0
58.960966811844926,0.6652316577897538,690.4247306111492,722.8966766910205,0
58.98759678729014,0.6728695813722904,690.6519863832694,719.7208280654017,0
59.01398074112569,0.6652316577897538,690.8771426479765,722.8966766910205,0
59.040364694961255,0.6695969502918399,691.1022989126835,721.081588068653,0
59.040364694961255,0.668509336158406,691.1022989126835,721.5338180253348,0
59.06724069201612,0.6777812045851943,691.3316541922169,717.6785751334762,0
59.09337862424202,0.66414404365632,691.5547109495108,723.3489066477023,0
59.12000114448694,0.6717770728987821,691.7819031001942,720.1750930886865,0
59.12000114448694,0.6668704969740799,691.7819031001942,722.2152473581776,0
59.1463850983225,0.6761472597409427,692.0070593649011,718.3579693997161,0
59.17276905215806,0.6701431280545304,692.2322156296082,720.8544873549263,0
59.19939902760328,0.6706894587653482,692.4594714017284,720.6273230453683,0
59.19939902760328,0.668509336158406,692.4594714017284,721.5338180253348,0
59.22578298143883,0.6706894587653482,692.6846276664354,720.6273230453683,0
59.25216693527439,0.6701431280545304,692.9097839311424,720.8544873549263,0
59.2787969107196,0.6706894587653482,693.1370397032626,720.6273230453683,0
59.2787969107196,0.6679630054475882,693.1370397032626,721.7609823348929,0
59.30518086455516,0.6821665332919605,693.3621959679697,715.8551554572028,0
59.33180338480008,0.6723234036095999,693.5893881186531,719.9479287791285,0
59.358187338635645,0.6821665332919605,693.81454438336,715.8551554572028,0
59.358187338635645,0.6674168276848977,693.81454438336,721.9880830486196,0
59.3845712924712,0.6761472597409427,694.0397006480671,718.3579693997161,0
59.410955246306756,0.6810538356656448,694.2648569127741,716.317815130225,0
59.43733920014231,0.6810538356656448,694.4900131774812,716.317815130225,0
59.43733920014231,0.6805076579029543,694.4900131774812,716.5449158439517,0
59.464215197197184,0.6772348738743765,694.7193684570145,717.9057394430343,0
59.49059169583245,0.685439164372411,694.9444611002848,714.4943954539516,0
59.516975649668005,0.694716080087401,695.1696173649918,710.6370538996587,0
59.516975649668005,0.6914384017187488,695.1696173649918,711.9999125653443,0
59.54335960350357,0.6892582791118066,695.3947736296988,712.9064075453109,0
59.56974355733912,0.6717770728987821,695.6199298944058,720.1750930886865,0
59.596373532784334,0.6914384017187488,695.847185666526,711.9999125653443,0
59.62275748661989,0.6810538356656448,696.072341931233,716.317815130225,0
59.62275748661989,0.6739571955057242,696.072341931233,719.26859810872,0
59.64938746206511,0.6821665332919605,696.2995977033532,715.8551554572028,0
59.67577141590067,0.6706894587653482,696.5247539680603,720.6273230453683,0
59.702155369736225,0.6892582791118066,696.7499102327673,712.9064075453109,0
59.702155369736225,0.6734159120831081,696.7499102327673,719.4936637558437,0
59.72877788998114,0.6908971182961328,696.9771023834508,712.224978212468,0
59.7551618438167,0.6603250818650516,697.2022586481578,724.9368309605115,0
59.78179181926192,0.6794149964813186,697.429514420278,716.9992444630677,0
59.78179181926192,0.6788688187186281,697.429514420278,717.2263451767944,0
59.80792975148782,0.6783275352960122,697.6525711775718,717.4514108239182,0
59.83431370532338,0.6859854950832288,697.8777274422788,714.2672311443936,0
59.86118970237824,0.6952573635100171,698.1070827218122,710.4119882525349,0
59.86118970237824,0.6908971182961328,698.1070827218122,712.224978212468,0
59.887566201013506,0.6788688187186281,698.3321753650824,717.2263451767944,0
59.914196176458724,0.668509336158406,698.5594311372026,721.5338180253348,0
59.940334108684624,0.6766885431635586,698.7824878944965,718.1329037525924,0
59.96671806252019,0.6865318257940467,699.0076441592034,714.0400668348354,0
59.9933480379654,0.6843466558989026,699.2348999313236,714.9486604772363,0
60.01973199180095,0.6777812045851943,699.4600561960307,717.6785751334762,0
60.01973199180095,0.6734159120831081,699.4600561960307,719.4936637558437,0
60.046600533655536,0.6717770728987821,699.6893478541274,720.1750930886865,0
60.07298448749109,0.6695969502918399,699.9145041188343,721.081588068653,0
60.09912987491729,0.6821665332919605,700.137624497565,715.8551554572028,0
60.09912987491729,0.6810538356656448,700.137624497565,716.317815130225,0
60.12575239516221,0.6734159120831081,700.3648166482484,719.4936637558437,0
60.152136348997765,0.6815951190882608,700.5899729129554,716.0927494831012,0
60.178766324442975,0.6838003251880849,700.8172286850756,715.1758247867944,0
60.178766324442975,0.6679630054475882,700.8172286850756,721.7609823348929,0
60.20515027827854,0.6755960346900504,701.0423849497827,718.5871687758771,0
60.2315342321141,0.6772348738743765,701.2675412144896,717.9057394430343,0
60.25816420755931,0.6827128640027783,701.4947969866098,715.6279911476448,0
60.25816420755931,0.6635977129455021,701.4947969866098,723.5760709572603,0
60.284540706194576,0.6652316577897538,701.7198896298801,722.8966766910205,0
60.31117068163979,0.6734159120831081,701.9471454020003,719.4936637558437,0
60.33755463547534,0.6701431280545304,702.1723016667073,720.8544873549263,0
60.33755463547534,0.6663241662632621,702.1723016667073,722.4424116677357,0
60.36369256770124,0.6679630054475882,702.3953584240011,721.7609823348929,0
60.39032254314646,0.6734159120831081,702.6226141961214,719.4936637558437,0
60.41670649698202,0.6827128640027783,702.8477704608283,715.6279911476448,0
60.41670649698202,0.6679630054475882,702.8477704608283,721.7609823348929,0
60.44357503883659,0.6838003251880849,703.077062118925,715.1758247867944,0
60.46995899267215,0.6772348738743765,703.3022183836321,717.9057394430343,0
60.49634294650771,0.6739571955057242,703.527374648339,719.26859810872,0
60.49634294650771,0.6717770728987821,703.527374648339,720.1750930886865,0
60.52272690034327,0.6799613271921364,703.752530913046,716.7720801535097,0
60.54911085417883,0.687624334267555,703.9776871777531,713.5858018115507,0
60.57574082962404,0.6865318257940467,704.2049429498733,714.0400668348354,0
60.57574082962404,0.6674168276848977,704.2049429498733,721.9880830486196,0
60.602124783459594,0.6794149964813186,704.4300992145803,716.9992444630677,0
60.628747303704515,0.6717770728987821,704.6572913652637,720.1750930886865,0
60.65513871274037,0.6838003251880849,704.8825112514075,715.1758247867944,0
60.65513871274037,0.6777812045851943,704.8825112514075,717.6785751334762,0
60.68151521137564,0.6674168276848977,705.1076038946777,721.9880830486196,0
60.70814518682085,0.6815951190882608,705.3348596667979,716.0927494831012,0
60.734529140656406,0.6799613271921364,705.560015931505,716.7720801535097,0
60.734529140656406,0.6761472597409427,705.560015931505,718.3579693997161,0
60.76091309449196,0.6706894587653482,705.785172196212,720.6273230453683,0
60.78754306993717,0.6674168276848977,706.0124279683322,721.9880830486196,0
60.81368100216308,0.6772348738743765,706.235484725626,717.9057394430343,0
60.840549544017655,0.6815951190882608,706.4647763837227,716.0927494831012,0
60.840549544017655,0.6783275352960122,706.4647763837227,717.4514108239182,0
60.86693349785322,0.6565061200737833,706.6899326484297,726.5247552733209,0
60.89331745168877,0.6575935812590898,706.9150889131366,726.0725889124706,0
60.919947427133984,0.6755960346900504,707.142344685257,718.5871687758771,0
60.919947427133984,0.6739571955057242,707.142344685257,719.26859810872,0
60.946085359359884,0.6652316577897538,707.3654014425507,722.8966766910205,0
60.9727153348051,0.6668704969740799,707.5926572146709,722.2152473581776,0
60.99934531025031,0.6745084205566165,707.8199129867911,719.0393987325589,0
60.99934531025031,0.6728695813722904,707.8199129867911,719.7208280654017,0
61.02572180888558,0.6848929866097205,708.0450056300614,714.7214961676783,0
61.05235178433079,0.6668704969740799,708.2722614021816,722.2152473581776,0
61.078489716556696,0.6832541474253944,708.4953181594753,715.4029255005211,0
61.078489716556696,0.6783275352960122,708.4953181594753,717.4514108239182,0
61.10511969200191,0.6838003251880849,708.7225739315957,715.1758247867944,0
61.13150364583747,0.668509336158406,708.9477301963026,721.5338180253348,0
61.157887599673025,0.6794149964813186,709.1728864610096,716.9992444630677,0
61.157887599673025,0.6777812045851943,709.1728864610096,717.6785751334762,0
61.18451757511824,0.6690506195810221,709.4001422331298,721.3087523782111,0
61.21065550734414,0.6821665332919605,709.6231989904237,715.8551554572028,0
61.23752404919871,0.671235789476166,709.8524906485203,720.4001587358102,0
61.23752404919871,0.6701431280545304,709.8524906485203,720.8544873549263,0
61.263908003034274,0.6706894587653482,710.0776469132273,720.6273230453683,0
61.29029195686984,0.6788688187186281,710.3028031779344,717.2263451767944,0
61.31692193231505,0.6799613271921364,710.5300589500546,716.7720801535097,0
61.31692193231505,0.6625052044719938,710.5300589500546,724.030335980545,0
61.3433058861506,0.6695969502918399,710.7552152147615,721.081588068653,0
61.369689839986165,0.6668704969740799,710.9803714794685,722.2152473581776,0
61.39607379382172,0.6810538356656448,711.2055277441756,716.317815130225,0
61.39607379382172,0.6734159120831081,711.2055277441756,719.4936637558437,0
61.42269631406664,0.6728695813722904,711.432719894859,719.7208280654017,0
61.44932628951186,0.6745084205566165,711.6599756669792,719.0393987325589,0
61.475710243347415,0.671235789476166,711.8851319316863,720.4001587358102,0
61.475710243347415,0.6690506195810221,711.8851319316863,721.3087523782111,0
61.50209419718297,0.6635977129455021,712.1102881963933,723.5760709572603,0
61.528478151018525,0.6668704969740799,712.3354444611002,722.2152473581776,0
61.55486210485409,0.6706894587653482,712.5606007258073,720.6273230453683,0
61.55486210485409,0.66414404365632,712.5606007258073,723.3489066477023,0
61.581492080299306,0.6706894587653482,712.7878564979275,720.6273230453683,0
61.608122055744516,0.6695969502918399,713.0151122700477,721.081588068653,0
61.63449855437978,0.6761472597409427,713.2402049133179,718.3579693997161,0
61.63449855437978,0.6630515351828116,713.2402049133179,723.803171670987,0
61.66088250821534,0.6739571955057242,713.465361178025,719.26859810872,0
61.68726646205089,0.6832541474253944,713.690517442732,715.4029255005211,0
61.71389643749611,0.6777812045851943,713.9177732148522,717.6785751334762,0
61.71389643749611,0.6734159120831081,713.9177732148522,719.4936637558437,0
61.74028039133167,0.6663241662632621,714.1429294795591,722.4424116677357,0
61.76666434516723,0.6690506195810221,714.3680857442662,721.3087523782111,0
61.79329432061244,0.6755960346900504,714.5953415163864,718.5871687758771,0
61.79329432061244,0.659232420443416,714.5953415163864,725.3911595796277,0
61.819670819247705,0.659232420443416,714.8204341596567,725.3911595796277,0
61.84630079469292,0.6674168276848977,715.0476899317769,721.9880830486196,0
61.87268474852848,0.6799613271921364,715.2728461964839,716.7720801535097,0
61.87268474852848,0.6668704969740799,715.2728461964839,722.2152473581776,0
61.89906870236403,0.6745084205566165,715.4980024611909,719.0393987325589,0
61.925452656199596,0.6717770728987821,715.7231587258979,720.1750930886865,0
61.95183661003515,0.6717770728987821,715.9483149906049,720.1750930886865,0
61.97846658548036,0.6766885431635586,716.1755707627251,718.1329037525924,0
61.97846658548036,0.6723234036095999,716.1755707627251,719.9479287791285,0
62.00509656092558,0.671235789476166,716.4028265348453,720.4001587358102,0
62.031473059560845,0.6723234036095999,716.6279191781156,719.9479287791285,0
62.058103035006056,0.6706894587653482,716.8551749502358,720.6273230453683,0
62.058103035006056,0.66414404365632,716.8551749502358,723.3489066477023,0
62.084240967231956,0.6750547512674343,717.0782317075297,718.8122344230009,0
62.11087094267717,0.6766885431635586,717.3054874796499,718.1329037525924,0
62.13725489651273,0.6755960346900504,717.5306437443569,718.5871687758771,0
62.13725489651273,0.6734159120831081,717.5306437443569,719.4936637558437,0
62.163638850348285,0.6728695813722904,717.7558000090638,719.7208280654017,0
62.19050739220286,0.6701431280545304,717.9850916671605,720.8544873549263,0
62.21664532442877,0.6865318257940467,718.2081484244543,714.0400668348354,0
62.21664532442877,0.6657778355524443,718.2081484244543,722.6695759772938,0
62.24327529987398,0.6646853270789359,718.4354041965745,723.1238410005785,0
62.269659253709534,0.668509336158406,718.6605604612815,721.5338180253348,0
62.2960432075451,0.6745084205566165,718.8857167259886,719.0393987325589,0
62.2960432075451,0.6679630054475882,718.8857167259886,721.7609823348929,0
62.322673182990314,0.6788688187186281,719.1129724981088,717.2263451767944,0
62.34905713682587,0.668509336158406,719.3381287628158,721.5338180253348,0
62.37567965707079,0.6859854950832288,719.5653209134992,714.2672311443936,0
62.37567965707079,0.6646853270789359,719.5653209134992,723.1238410005785,0
62.402071066106636,0.6723234036095999,719.790540799643,719.9479287791285,0
62.4284475647419,0.66414404365632,720.0156334429132,723.3489066477023,0
62.45507754018712,0.6783275352960122,720.2428892150334,717.4514108239182,0
62.45507754018712,0.6701431280545304,720.2428892150334,720.8544873549263,0
62.481461494022675,0.6674168276848977,720.4680454797405,721.9880830486196,0
62.50784544785824,0.6783275352960122,720.6932017444475,717.4514108239182,0
62.53422940169379,0.6914384017187488,720.9183580091545,711.9999125653443,0
62.53422940169379,0.6821665332919605,720.9183580091545,715.8551554572028,0
62.56061335552935,0.6815951190882608,721.1435142738615,716.0927494831012,0
62.587481897383924,0.6772348738743765,721.3728059319582,717.9057394430343,0
62.61386585121949,0.6919845794814393,721.5979621966652,711.7728118516176,0
62.61386585121949,0.6810538356656448,721.5979621966652,716.317815130225,0
62.64024980505504,0.6728695813722904,721.8231184613721,719.7208280654017,0
62.6666337588906,0.6930772409030749,722.0482747260792,711.3184832325015,0
62.69301771272616,0.685439164372411,722.2734309907862,714.4943954539516,0
62.69301771272616,0.6799613271921364,722.2734309907862,716.7720801535097,0
62.7206243194097,0.6848929866097205,722.5090211711225,714.7214961676783,0
62.7467622516356,0.6788688187186281,722.7320779284163,717.2263451767944,0
62.77339222708082,0.6717770728987821,722.9593337005365,720.1750930886865,0
62.77339222708082,0.668509336158406,722.9593337005365,721.5338180253348,0
62.799776180916375,0.6772348738743765,723.1844899652435,717.9057394430343,0
62.82616013475194,0.6783275352960122,723.4096462299506,717.4514108239182,0
62.85278265499685,0.6717770728987821,723.636838380634,720.1750930886865,0
62.85278265499685,0.671235789476166,723.636838380634,720.4001587358102,0
62.87892804242305,0.6832541474253944,723.8599587593645,715.4029255005211,0
62.90555056266797,0.6865318257940467,724.087150910048,714.0400668348354,0
62.93218053811319,0.6930772409030749,724.3144066821682,711.3184832325015,0
62.93218053811319,0.6723234036095999,724.3144066821682,719.9479287791285,0
62.95856449194874,0.6859854950832288,724.5395629468752,714.2672311443936,0
62.98519446739395,0.6805076579029543,724.7668187189954,716.5449158439517,0
63.01157842122951,0.690350787585315,724.9919749837024,712.4521425220261,0
63.01157842122951,0.687624334267555,724.9919749837024,713.5858018115507,0
63.037954919864774,0.6821665332919605,725.2170676269727,715.8551554572028,0
63.064346328900626,0.6766885431635586,725.4422875131164,718.1329037525924,0
63.09072282753589,0.6799613271921364,725.6673801563867,716.7720801535097,0
63.117598824590765,0.6887119484009888,725.8967354359202,713.1335718548689,0
63.117598824590765,0.6815951190882608,725.8967354359202,716.0927494831012,0
63.14398277842632,0.6761472597409427,726.1218917006271,718.3579693997161,0
63.170366732261876,0.6723234036095999,726.3470479653341,719.9479287791285,0
63.19675068609744,0.6761472597409427,726.5722042300412,718.3579693997161,0
63.19675068609744,0.6717770728987821,726.5722042300412,720.1750930886865,0
63.223134639932994,0.6794149964813186,726.7973604947482,716.9992444630677,0
63.249757160177914,0.6772348738743765,727.0245526454316,717.9057394430343,0
63.27614111401348,0.6766885431635586,727.2497089101387,718.1329037525924,0
63.27614111401348,0.671235789476166,727.2497089101387,720.4001587358102,0
63.30277108945869,0.6810538356656448,727.4769646822589,716.317815130225,0
63.32915504329424,0.690350787585315,727.7021209469658,712.4521425220261,0
63.3555389971298,0.6805076579029543,727.9272772116728,716.5449158439517,0
63.3555389971298,0.6772348738743765,727.9272772116728,717.9057394430343,0
63.382168972575016,0.687624334267555,728.154532983793,713.5858018115507,0
63.40855292641058,0.6646853270789359,728.3796892485001,723.1238410005785,0
63.43517544665549,0.6832541474253944,728.6068813991835,715.4029255005211,0
63.43517544665549,0.6766885431635586,728.6068813991835,718.1329037525924,0
63.46132083408169,0.6783275352960122,728.830001777914,717.4514108239182,0
63.487697332716955,0.671235789476166,729.0550944211843,720.4001587358102,0
63.51457332977183,0.6821665332919605,729.2844497007178,715.8551554572028,0
63.51457332977183,0.6625052044719938,729.2844497007178,724.030335980545,0
63.54095728360738,0.6745084205566165,729.5096059654247,719.0393987325589,0
63.567587259052594,0.6788688187186281,729.736861737545,717.2263451767944,0
63.5937251912785,0.685439164372411,729.9599184948388,714.4943954539516,0
63.5937251912785,0.6766885431635586,729.9599184948388,718.1329037525924,0
63.62010914511406,0.6827128640027783,730.1850747595458,715.6279911476448,0
63.64673166535898,0.6821665332919605,730.4122669102293,715.8551554572028,0
63.67311561919453,0.690350787585315,730.6374231749363,712.4521425220261,0
63.67311561919453,0.6717770728987821,730.6374231749363,720.1750930886865,0
63.699991616249406,0.6810538356656448,730.8667784544697,716.317815130225,0
63.72637557008496,0.6843466558989026,731.0919347191767,714.9486604772363,0
63.75251350231087,0.6919845794814393,731.3149914764705,711.7728118516176,0
63.75251350231087,0.6815951190882608,731.3149914764705,716.0927494831012,0
63.77914347775608,0.6728695813722904,731.5422472485907,719.7208280654017,0
63.805527431591635,0.685439164372411,731.7674035132977,714.4943954539516,0
63.83214995183656,0.6821665332919605,731.9945956639812,715.8551554572028,0
63.83214995183656,0.6777812045851943,731.9945956639812,717.6785751334762,0
63.85853390567212,0.6794149964813186,732.2197519286882,716.9992444630677,0
63.88467183789801,0.6799613271921364,732.442808685982,716.7720801535097,0
63.911547834952884,0.6794149964813186,732.6721639655154,716.9992444630677,0
63.911547834952884,0.6630515351828116,732.6721639655154,723.803171670987,0
63.93793178878844,0.6821665332919605,732.8973202302225,715.8551554572028,0
63.96456176423366,0.6843466558989026,733.1245760023427,714.9486604772363,0
63.99093826286892,0.6827128640027783,733.3496686456128,715.6279911476448,0
63.99093826286892,0.6783275352960122,733.3496686456128,717.4514108239182,0
64.01732967190478,0.6815951190882608,733.5748885317566,716.0927494831012,0
64.04370617054005,0.6908971182961328,733.7999811750269,712.224978212468,0
64.0700901243756,0.6838003251880849,734.025137439734,715.1758247867944,0
64.0700901243756,0.6663241662632621,734.025137439734,722.4424116677357,0
64.09696612143047,0.6652316577897538,734.2544927192673,722.8966766910205,0
64.12335007526602,0.6728695813722904,734.4796489839744,719.7208280654017,0
64.14973402910158,0.6734159120831081,734.7048052486814,719.4936637558437,0
64.14973402910158,0.6706894587653482,734.7048052486814,720.6273230453683,0
64.17611798293714,0.6728695813722904,734.9299615133883,719.7208280654017,0
64.2025019367727,0.6701431280545304,735.1551177780954,720.8544873549263,0
64.22912445701762,0.6827128640027783,735.3823099287788,715.6279911476448,0
64.25550841085317,0.6755960346900504,735.6074661934858,718.5871687758771,0
64.25550841085317,0.6728695813722904,735.6074661934858,719.7208280654017,0
64.28189236468873,0.6766885431635586,735.8326224581929,718.1329037525924,0
64.30852234013395,0.6745084205566165,736.0598782303131,719.0393987325589,0
64.33490629396951,0.6695969502918399,736.2850344950201,721.081588068653,0
64.33490629396951,0.6646853270789359,736.2850344950201,723.1238410005785,0
64.36153626941473,0.6761472597409427,736.5122902671403,718.3579693997161,0
64.38791276804999,0.6717770728987821,736.7373829104106,720.1750930886865,0
64.41430417708582,0.6766885431635586,736.9626027965543,718.1329037525924,0
64.41430417708582,0.6706894587653482,736.9626027965543,720.6273230453683,0
64.4406806757211,0.6761472597409427,737.1876954398246,718.3579693997161,0
64.46706462955666,0.6777812045851943,737.4128517045316,717.6785751334762,0
64.49394062661153,0.6838003251880849,737.642206984065,715.1758247867944,0
64.49394062661153,0.6805076579029543,737.642206984065,716.5449158439517,0
64.52032458044708,0.6783275352960122,737.867363248772,717.4514108239182,0
64.54670853428264,0.6821665332919605,738.092519513479,715.8551554572028,0
64.57333105452756,0.6810538356656448,738.3197116641625,716.317815130225,0
64.57333105452756,0.6739571955057242,738.3197116641625,719.26859810872,0
64.59947644195375,0.6794149964813186,738.542832042893,716.9992444630677,0
64.62609896219868,0.6908971182961328,738.7700241935764,712.224978212468,0
64.65248291603424,0.6859854950832288,738.9951804582835,714.2672311443936,0
64.65248291603424,0.6848929866097205,738.9951804582835,714.7214961676783,0
64.6788668698698,0.6761472597409427,739.2203367229905,718.3579693997161,0
64.70574286692467,0.6848929866097205,739.4496920025239,714.7214961676783,0
64.73188079915056,0.6766885431635586,739.6727487598178,718.1329037525924,0
64.73188079915056,0.6755960346900504,739.6727487598178,718.5871687758771,0
64.75851077459578,0.6739571955057242,739.900004531938,719.26859810872,0
64.78488727323105,0.6625052044719938,740.1250971752082,724.030335980545,0
64.8112786822669,0.6919845794814393,740.3503170613519,711.7728118516176,0
64.8112786822669,0.6657778355524443,740.3503170613519,722.6695759772938,0
64.83790120251182,0.671235789476166,740.5775092120355,720.4001587358102,0
64.86428515634736,0.6734159120831081,740.8026654767424,719.4936637558437,0
64.89091513179258,0.6657778355524443,741.0299212488626,722.6695759772938,0
64.89091513179258,0.6646853270789359,741.0299212488626,723.1238410005785,0
64.91729908562814,0.6838003251880849,741.2550775135696,715.1758247867944,0
64.9436830394637,0.6695969502918399,741.4802337782767,721.081588068653,0
64.97030555970863,0.6887119484009888,741.7074259289601,713.1335718548689,0
64.97030555970863,0.6581399119699076,741.7074259289601,725.8454246029124,0
64.99668951354418,0.6772348738743765,741.9325821936671,717.9057394430343,0
65.02307346737973,0.6766885431635586,742.1577384583742,718.1329037525924,0
65.0494574212153,0.6657778355524443,742.3828947230811,722.6695759772938,0
65.0494574212153,0.6586862426807255,742.3828947230811,725.6182602933544,0
65.07608739666051,0.6794149964813186,742.6101504952013,716.9992444630677,0
65.10271737210573,0.6827128640027783,742.8374062673216,715.6279911476448,0
65.12910132594129,0.6745084205566165,743.0625625320286,719.0393987325589,0
65.12910132594129,0.6674168276848977,743.0625625320286,721.9880830486196,0
65.15548527977684,0.6695969502918399,743.2877187967356,721.081588068653,0
65.1818617784121,0.6777812045851943,743.5128114400059,717.6785751334762,0
65.20825318744797,0.6761472597409427,743.7380313261497,718.3579693997161,0
65.23487570769288,0.6717770728987821,743.9652234768331,720.1750930886865,0
65.26125966152844,0.6810538356656448,744.19037974154,716.317815130225,0
65.28813565858331,0.6739571955057242,744.4197350210735,719.26859810872,0
65.28813565858331,0.6668704969740799,744.4197350210735,722.2152473581776,0
65.31427359080921,0.6788688187186281,744.6427917783673,717.2263451767944,0
65.34065754464477,0.668509336158406,744.8679480430743,721.5338180253348,0
65.36728006488968,0.6783275352960122,745.0951401937577,717.4514108239182,0
65.39366401872525,0.6766885431635586,745.3202964584648,718.1329037525924,0
65.39366401872525,0.6750547512674343,745.3202964584648,718.8122344230009,0
65.42029399417046,0.6777812045851943,745.547552230585,717.6785751334762,0
65.44643192639637,0.6843466558989026,745.7706089878787,714.9486604772363,0
65.47306190184158,0.6772348738743765,745.9978647599991,717.9057394430343,0
65.47306190184158,0.6755960346900504,745.9978647599991,718.5871687758771,0
65.49969187728679,0.6745084205566165,746.2251205321193,719.0393987325589,0
65.52607583112234,0.6755960346900504,746.4502767968262,718.5871687758771,0
65.55269835136727,0.6734159120831081,746.6774689475097,719.4936637558437,0
65.55269835136727,0.6728695813722904,746.6774689475097,719.7208280654017,0
65.57908230520283,0.6755960346900504,746.9026252122167,718.5871687758771,0
65.60522769262903,0.6690506195810221,747.1257455909473,721.3087523782111,0
65.63185021287394,0.6717770728987821,747.3529377416307,720.1750930886865,0
65.63185021287394,0.6701431280545304,747.3529377416307,720.8544873549263,0
65.6582341667095,0.6635977129455021,747.5780940063378,723.5760709572603,0
65.68511016376436,0.6674168276848977,747.8074492858711,721.9880830486196,0
65.71149411759993,0.6865318257940467,748.0326055505782,714.0400668348354,0
65.71149411759993,0.6745084205566165,748.0326055505782,719.0393987325589,0
65.73763204982583,0.6783275352960122,748.255662307872,717.4514108239182,0
65.76425457007075,0.6663241662632621,748.4828544585554,722.4424116677357,0
65.79063852390631,0.6695969502918399,748.7080107232624,721.081588068653,0
65.79063852390631,0.6646853270789359,748.7080107232624,723.1238410005785,0
65.81726849935151,0.6619588737611759,748.9352664953826,724.257500290103,0
65.84365245318708,0.6717770728987821,749.1604227600897,720.1750930886865,0
65.87003640702264,0.6706894587653482,749.3855790247967,720.6273230453683,0
65.89666638246786,0.6772348738743765,749.6128347969169,717.9057394430343,0
65.9230503363034,0.6750547512674343,749.8379910616238,718.8122344230009,0
65.94967285654833,0.671235789476166,750.0651832123074,720.4001587358102,0
65.94967285654833,0.6619588737611759,750.0651832123074,724.257500290103,0
65.97605681038388,0.6745084205566165,750.2903394770143,719.0393987325589,0
66.00220219781008,0.6810538356656448,750.5134598557449,716.317815130225,0
66.028824718055,0.6750547512674343,750.7406520064284,718.8122344230009,0
66.028824718055,0.6728695813722904,750.7406520064284,719.7208280654017,0
66.05545469350022,0.6810538356656448,750.9679077785486,716.317815130225,0
66.08208466894544,0.6794149964813186,751.1951635506688,716.9992444630677,0
66.10846862278099,0.6777812045851943,751.4203198153758,717.6785751334762,0
66.10846862278099,0.668509336158406,751.4203198153758,721.5338180253348,0
66.13484512141625,0.6821665332919605,751.6454124586461,715.8551554572028,0
66.16122907525181,0.6794149964813186,751.870568723353,716.9992444630677,0
66.18761302908737,0.6745084205566165,752.09572498806,719.0393987325589,0
66.18761302908737,0.6663241662632621,752.09572498806,722.4424116677357,0
66.21424300453258,0.6625052044719938,752.3229807601803,724.030335980545,0
66.24061950316785,0.6783253940222296,752.5480734034505,717.4523011655571,0
66.24062695836814,0.6783275352960122,752.5481370248873,717.4514108239182,0
66.26724947861305,0.6848958926241397,752.7753291755707,714.7202878468828,0
66.26724947861305,0.6777790633114117,752.7753291755707,717.6794654751151,0
66.29363343244862,0.6788717247330474,753.0004854402778,717.2251368559989,0
66.32001738628418,0.6641420553306646,753.2256417049848,723.3497333935097,0
66.3466399065291,0.6870760152310819,753.4528338556682,713.8137928669162,0
66.3466399065291,0.6750526099936518,753.4528338556682,718.8131247646397,0
66.37302386036465,0.6794179024957379,753.6779901203752,716.9980361422722,0
66.39940781420022,0.6723263096240191,753.9031463850822,719.946720458333,0
66.42603778964542,0.6755989407044696,754.1304021572024,718.5859604550816,0
66.42603778964542,0.6625030631982112,754.1304021572024,724.0312263221839,0
66.45217572187133,0.6701411397288751,754.3534589144963,720.8553141007338,0
66.4790517189262,0.6728724873867096,754.5828141940297,719.7196197446062,0
66.50543567276176,0.667961017121933,754.8079704587367,721.7618090807003,0
66.53181217139702,0.6799642332065557,755.033063102007,716.7708718327142,0
66.53181217139702,0.6674146864111151,755.033063102007,721.9889733902584,0
66.55844214684224,0.6766865548379034,755.2603188741272,718.1337304983998,0
66.58458007906813,0.6723263096240191,755.4833756314209,719.946720458333,0
66.61121005451335,0.6734188180975275,755.7106314035411,719.4924554350482,0
66.61121005451335,0.663049393909029,755.7106314035411,723.8040620126258,0
66.63759400834891,0.6750526099936518,755.9357876682482,718.8131247646397,0
66.66422398379413,0.6766865548379034,756.1630434403684,718.1337304983998,0
66.69084650403904,0.6761452714152874,756.3902355910518,718.3587961455236,0
66.69084650403904,0.6690484783072395,756.3902355910518,721.3096427198499,0
66.71699189146524,0.6619617797755952,756.6133559697824,724.2562919693075,0
66.74361441171015,0.6663221779376068,756.8405481204659,722.4432384135431,0
66.76999836554572,0.6723263096240191,757.0657043851729,719.946720458333,0
66.76999836554572,0.6646833387532807,757.0657043851729,723.124667746386,0
66.79638231938128,0.6728724873867096,757.2908606498798,719.7196197446062,0
66.82301229482648,0.6690484783072395,757.518116422,721.3096427198499,0
66.84964227027172,0.6750526099936518,757.7453721941204,718.8131247646397,0
66.84964227027172,0.6745064322309613,757.7453721941204,719.0402254783663,0
66.87675683373594,0.6723263096240191,757.9767633596301,719.946720458333,0
66.90338680918116,0.6712336482023834,758.2040191317504,720.401049077449,0
66.9297707630167,0.6772377798887957,758.4291753964574,717.9045311222388,0
66.9297707630167,0.6690484783072395,758.4291753964574,721.3096427198499,0
66.95639328326163,0.6625030631982112,758.6563675471408,724.0312263221839,0
66.98302325870685,0.667961017121933,758.8836233192611,721.7618090807003,0
67.0094072125424,0.6668683557002973,759.108779583968,722.2161376998165,0
67.0094072125424,0.6663221779376068,759.108779583968,722.4432384135431,0
67.03579116637796,0.6788717247330474,759.3339358486751,717.2251368559989,0
67.06217512021352,0.667961017121933,759.5590921133821,721.7618090807003,0
67.08879764045844,0.6745064322309613,759.7862842640656,719.0402254783663,0
67.08879764045844,0.6690484783072395,759.7862842640656,721.3096427198499,0
67.115181594294,0.6554163646665669,760.0114405287726,726.9778755716416,0
67.14156554812956,0.6701411397288751,760.2365967934795,720.8553141007338,0
67.16819552357477,0.6783253940222296,760.4638525655998,717.4523011655571,0
67.16819552357477,0.6712336482023834,760.4638525655998,720.401049077449,0
67.19457947741033,0.6586891486951447,760.6890088303068,725.6170519725589,0
67.22120945285553,0.667961017121933,760.916264602427,721.7618090807003,0
67.2475934066911,0.6635957246198468,761.141420867134,723.5768977030677,0
67.2475934066911,0.6619617797755952,761.141420867134,724.2562919693075,0
67.27397736052666,0.667961017121933,761.366577131841,721.7618090807003,0
67.30036131436222,0.6739601015201434,761.5917333965481,719.2673897879245,0
67.32674526819777,0.6690484783072395,761.816889661255,721.3096427198499,0
67.32674526819777,0.6625030631982112,761.816889661255,724.0312263221839,0
67.3533677884427,0.6717799789132013,762.0440818119386,720.173884767891,0
67.3799977638879,0.6766865548379034,762.2713375840588,718.1337304983998,0
67.40638171772346,0.6745064322309613,762.4964938487657,719.0402254783663,0
67.40638171772346,0.6712336482023834,762.4964938487657,720.401049077449,0
67.43301169316868,0.6745064322309613,762.7237496208859,719.0402254783663,0
67.45914962539459,0.6734188180975275,762.9468063781798,719.4924554350482,0
67.4857721456395,0.6772377798887957,763.1739985288632,717.9045311222388,0
67.4857721456395,0.6766865548379034,763.1739985288632,718.1337304983998,0
67.51215609947506,0.6723263096240191,763.3991547935702,719.946720458333,0
67.53854005331061,0.6815981780508074,763.6243110582773,716.0914775664744,0
67.56541605036549,0.6723263096240191,763.8536663378106,719.946720458333,0
67.56541605036549,0.6717799789132013,763.8536663378106,720.173884767891,0
67.59155398259139,0.6761452714152874,764.0767230951044,718.3587961455236,0
67.6181839580366,0.6821643920181779,764.3039788672246,715.8560457988417,0
67.64456791187216,0.6832570534398136,764.5291351319316,715.4017171797256,0
67.64456791187216,0.6706874704396929,764.5291351319316,720.6281497911757,0
67.67095186570772,0.6739601015201434,764.7542913966387,719.2673897879245,0
67.69757438595263,0.6761452714152874,764.9814835473221,718.3587961455236,0
67.7239583397882,0.6734188180975275,765.2066398120292,719.4924554350482,0
67.75034229362376,0.685988401097648,765.4317960767362,714.266022823598,0
67.75034229362376,0.6745064322309613,765.4317960767362,719.0402254783663,0
67.77697226906896,0.6777790633114117,765.6590518488564,717.6794654751151,0
67.80335622290453,0.6892611851262259,765.8842081135633,712.9051992245154,0
67.82998619834973,0.6723263096240191,766.1114638856836,719.946720458333,0
67.82998619834973,0.6641420553306646,766.1114638856836,723.3497333935097,0
67.85637015218529,0.6554163646665669,766.3366201503906,726.9778755716416,0
67.88274665082056,0.6635957246198468,766.5617127936608,723.5768977030677,0
67.90913060465613,0.6805055166291717,766.7868690583679,716.5458061855904,0
67.90913060465613,0.6723263096240191,766.7868690583679,719.946720458333,0
67.93551455849168,0.6788717247330474,767.0120253230749,717.2251368559989,0
67.9621445339369,0.6685071948846235,767.2392810951951,721.5347083669736,0
67.9887745093821,0.6668683557002973,767.4665368673153,722.2161376998165,0
67.9887745093821,0.663049393909029,767.4665368673153,723.8040620126258,0
68.01515846321766,0.6745064322309613,767.6916931320224,719.0402254783663,0
68.04154241705322,0.6745064322309613,767.9168493967293,719.0402254783663,0
68.06792637088878,0.6794179024957379,768.1420056614363,716.9980361422722,0
68.06792637088878,0.6761452714152874,768.1420056614363,718.3587961455236,0
68.0945488911337,0.6717799789132013,768.3691978121198,720.173884767891,0
68.12093284496926,0.6717799789132013,768.5943540768268,720.173884767891,0
68.14780884202412,0.6728724873867096,768.8237093563602,719.7196197446062,0
68.14780884202412,0.667961017121933,768.8237093563602,721.7618090807003,0
68.17394677425003,0.6848958926241397,769.046766113654,714.7202878468828,0
68.20033072808559,0.6750526099936518,769.2719223783611,718.8131247646397,0
68.2269607035308,0.6755989407044696,769.4991781504813,718.5859604550816,0
68.2269607035308,0.6701411397288751,769.4991781504813,720.8553141007338,0
68.25334465736637,0.6625030631982112,769.7243344151882,724.0312263221839,0
68.27996717761128,0.6761452714152874,769.9515265658717,718.3587961455236,0
68.30610510983718,0.685988401097648,770.1745833231655,714.266022823598,0
68.30610510983718,0.6739601015201434,770.1745833231655,719.2673897879245,0
68.33248906367274,0.6870760152310819,770.3997395878725,713.8137928669162,0
68.35936506072761,0.6663221779376068,770.6290948674059,722.4432384135431,0
68.38574901456317,0.6810518473399896,770.854251132113,716.3186418760324,0
68.38574901456317,0.6657808945149908,770.854251132113,722.6683040606669,0
68.41237899000839,0.6668683557002973,771.0815069042332,722.2161376998165,0
68.43851692223429,0.665234563804173,771.3045636615269,722.895468370225,0
68.46490087606983,0.6674146864111151,771.529719926234,721.9889733902584,0
68.46490087606983,0.663049393909029,771.529719926234,723.8040620126258,0
68.49152339631476,0.6712336482023834,771.7569120769174,720.401049077449,0
68.51790735015032,0.6766865548379034,771.9820683416244,718.1337304983998,0
68.54453732559554,0.6766865548379034,772.2093241137446,718.1337304983998,0
68.54453732559554,0.6625030631982112,772.2093241137446,724.0312263221839,0
68.57116730104075,0.6712336482023834,772.4365798858648,720.401049077449,0
68.59730523326665,0.6674146864111151,772.6596366431587,721.9889733902584,0
68.62393520871186,0.6701411397288751,772.8868924152789,720.8553141007338,0
68.62393520871186,0.6635957246198468,772.8868924152789,723.5768977030677,0
68.65031916254742,0.665234563804173,773.112048679986,722.895468370225,0
68.67694168279235,0.6641420553306646,773.3392408306694,723.3497333935097,0
68.70332563662791,0.6777790633114117,773.5643970953763,717.6794654751151,0
68.70332563662791,0.6734188180975275,773.5643970953763,719.4924554350482,0
68.7294635688538,0.6685071948846235,773.7874538526702,721.5347083669736,0
68.75633956590866,0.6772377798887957,774.0168091322035,717.9045311222388,0
68.78272351974422,0.6777790633114117,774.2419653969106,717.6794654751151,0
68.78272351974422,0.6472272160331379,774.2419653969106,730.3829235734213,0
68.80935349518944,0.6728724873867096,774.4692211690308,719.7196197446062,0
68.83572999382471,0.6657808945149908,774.6943138123011,722.6683040606669,0
68.86187538125091,0.6761452714152874,774.9174341910316,718.3587961455236,0
68.88849790149582,0.6717799789132013,775.144626341715,720.173884767891,0
68.88849790149582,0.6712336482023834,775.144626341715,720.401049077449,0
68.91488185533137,0.6805055166291717,775.3697826064221,716.5458061855904,0
68.94175785238625,0.6701411397288751,775.5991378859555,720.8553141007338,0
68.96814180622181,0.6761452714152874,775.8242941506625,718.3587961455236,0
68.96814180622181,0.6597767628285786,775.8242941506625,725.1648220158771,0
68.99452576005737,0.6619617797755952,776.0494504153695,724.2562919693075,0
69.02090971389293,0.6728724873867096,776.2746066800765,719.7196197446062,0
69.04729366772848,0.6766865548379034,776.4997629447836,718.1337304983998,0
69.04729366772848,0.6706874704396929,776.4997629447836,720.6281497911757,0
69.0739161879734,0.6750526099936518,776.726955095467,718.8131247646397,0
69.10030014180896,0.6575966402216363,776.9521113601741,726.0713169958436,0
69.12668409564452,0.6783253940222296,777.177267624881,717.4523011655571,0
69.12668409564452,0.6712336482023834,777.177267624881,720.401049077449,0
69.15331407108974,0.663049393909029,777.4045233970012,723.8040620126258,0
69.1796980249253,0.6668683557002973,777.6296796617082,722.2161376998165,0
69.2063280003705,0.6832570534398136,777.8569354338284,715.4017171797256,0
69.2063280003705,0.6745064322309613,777.8569354338284,719.0402254783663,0
69.23270449900576,0.6805055166291717,778.0820280770987,716.5458061855904,0
69.25908845284133,0.6646833387532807,778.3071843418057,723.124667746386,0
69.28571842828654,0.6685071948846235,778.5344401139259,721.5347083669736,0
69.31185636051245,0.6712336482023834,778.7574968712197,720.401049077449,0
69.33873235756731,0.6794179024957379,778.9868521507532,716.9980361422722,0
69.36511631140287,0.6788717247330474,779.2120084154602,717.2251368559989,0
69.36511631140287,0.6712336482023834,779.2120084154602,720.401049077449,0
69.39150026523842,0.6706874704396929,779.4371646801671,720.6281497911757,0
69.41812278548335,0.6728724873867096,779.6643568308506,719.7196197446062,0
69.44426817290955,0.6848958926241397,779.8874772095812,714.7202878468828,0
69.44426817290955,0.6745064322309613,779.8874772095812,719.0402254783663,0
69.47089069315447,0.6603229405912691,780.1146693602647,724.9377213021504,0
69.49727464699004,0.6674146864111151,780.3398256249717,721.9889733902584,0
69.52390462243524,0.6728724873867096,780.5670813970919,719.7196197446062,0
69.52390462243524,0.6614105547247028,780.5670813970919,724.4854913454686,0
69.55053459788046,0.6772377798887957,780.7943371692121,717.9045311222388,0
69.57667253010635,0.6723263096240191,781.0173939265059,719.946720458333,0
69.60330250555157,0.6657808945149908,781.2446496986261,722.6683040606669,0
69.60330250555157,0.6614105547247028,781.2446496986261,724.4854913454686,0
69.62967900418684,0.6723263096240191,781.4697423418963,719.946720458333,0
69.65606295802239,0.6625030631982112,781.6948986066034,724.0312263221839,0
69.68269293346759,0.6717799789132013,781.9221543787236,720.173884767891,0
69.68269293346759,0.667961017121933,781.9221543787236,721.7618090807003,0
69.70932290891281,0.6603229405912691,782.1494101508438,724.9377213021504,0
69.73570686274837,0.6750526099936518,782.3745664155508,718.8131247646397,0
69.76209081658394,0.6701411397288751,782.5997226802579,720.8553141007338,0
69.76209081658394,0.6646833387532807,782.5997226802579,723.124667746386,0
69.7884747704195,0.6701411397288751,782.8248789449648,720.8553141007338,0
69.81509729066441,0.6701411397288751,783.0520710956483,720.8553141007338,0
69.84148124449996,0.6755989407044696,783.2772273603553,718.5859604550816,0
69.84148124449996,0.6657808945149908,783.2772273603553,722.6683040606669,0
69.86786519833552,0.6586891486951447,783.5023836250623,725.6170519725589,0
69.89449517378074,0.6706874704396929,783.7296393971825,720.6281497911757,0
69.92063310600665,0.6701411397288751,783.9526961544764,720.8553141007338,0
69.92063310600665,0.6657808945149908,783.9526961544764,722.6683040606669,0
69.94750910306152,0.6690484783072395,784.1820514340097,721.3096427198499,0
69.97389305689707,0.663049393909029,784.4072076987168,723.8040620126258,0
70.00027701073263,0.6674146864111151,784.6323639634237,721.9889733902584,0
